{
  "uid_a": "WSe2-1cfbe6183886",
  "uid_b": "MoS2-b3b4685fb6e1",
  "cell_a_original": [
    [
      3.3190066244679373,
      0.0,
      0.0
    ],
    [
      -1.6595033122339686,
      2.874344052118072,
      0.0
    ],
    [
      0.0,
      -0.0,
      1.0
    ]
  ],
  "cell_b_original": [
    [
      3.1840664646845926,
      0.0,
      0.0
    ],
    [
      -1.5920332323422963,
      2.757482445754964,
      0.0
    ],
    [
      0.0,
      0.0,
      1.0
    ]
  ],
  "coeffs_a": [
    [
      -25,
      -15
    ],
    [
      14,
      -11
    ]
  ],
  "coeffs_b": [
    [
      -26,
      -16
    ],
    [
      15,
      -11
    ]
  ],
  "twist_angle": 1.0479539323794353,
  "stacking": null,
  "supercell_a": [
    [
      -58.0826159281889,
      -43.11516078177108,
      0.0
    ],
    [
      64.72062917712478,
      -31.617784573298792,
      0.0
    ],
    [
      0.0,
      0.0,
      1.0
    ]
  ],
  "supercell_b": [
    [
      -57.313196364322664,
      -44.119719132079425,
      0.0
    ],
    [
      65.27336252603415,
      -30.332306903304605,
      0.0
    ],
    [
      0.0,
      0.0,
      1.0
    ]
  ],
  "final_supercell": [
    [
      72.32995559326807,
      -1.9752672188902257e-14,
      0.0
    ],
    [
      -33.170884105193274,
      63.90537303459119,
      0.0
    ],
    [
      0.0,
      0.0,
      1.0
    ]
  ],
  "strain_a": [
    [
      6.094042612092565e-06,
      0.0002794652351077694
    ],
    [
      0.0002794652351077694,
      -0.001002034293136722
    ]
  ],
  "strain_b": [
    [
      -5.355457317368639e-05,
      -0.0002917899527754281
    ],
    [
      -0.0002917899527754281,
      0.0009179175708715626
    ]
  ],
  "maxstrain": 0.107432201687781
}