{
  "uid_a": "WSe2-1cfbe6183886",
  "uid_b": "MoS2-b3b4685fb6e1",
  "cell_a_original": [
    [
      3.3190066244679373,
      0.0,
      0.0
    ],
    [
      -1.6595033122339686,
      2.874344052118072,
      0.0
    ],
    [
      0.0,
      -0.0,
      1.0
    ]
  ],
  "cell_b_original": [
    [
      3.1840664646845926,
      0.0,
      0.0
    ],
    [
      -1.5920332323422963,
      2.757482445754964,
      0.0
    ],
    [
      0.0,
      0.0,
      1.0
    ]
  ],
  "coeffs_a": [
    [
      -14,
      10
    ],
    [
      -11,
      -26
    ]
  ],
  "coeffs_b": [
    [
      -15,
      10
    ],
    [
      -11,
      -27
    ]
  ],
  "twist_angle": 1.004342479841234,
  "stacking": null,
  "supercell_a": [
    [
      -63.061125864890805,
      28.74344052118072,
      0.0
    ],
    [
      6.638013248935874,
      -74.73294535506987,
      0.0
    ],
    [
      0.0,
      0.0,
      1.0
    ]
  ],
  "supercell_b": [
    [
      -63.68132929369185,
      27.57482445754964,
      0.0
    ],
    [
      7.96016616171148,
      -74.45202603538402,
      0.0
    ],
    [
      0.0,
      0.0,
      1.0
    ]
  ],
  "final_supercell": [
    [
      69.3489986349446,
      -5.128433093248872e-15,
      0.0
    ],
    [
      -36.96171703062539,
      65.20346925433199,
      0.0
    ],
    [
      0.0,
      0.0,
      1.0
    ]
  ],
  "strain_a": [
    [
      0.0010021513155125117,
      -1.780361513225746e-05
    ],
    [
      -1.780361513225746e-05,
      -0.0010330375603520014
    ]
  ],
  "strain_b": [
    [
      -0.0009949371949229402,
      -1.7601533040354975e-05
    ],
    [
      -1.7601533040354975e-05,
      0.0010171974807802187
    ]
  ],
  "maxstrain": 0.10331932925609455
}