  0.75980894167455E-04  0.52005790582797E-04 -0.13455968111097E-02
  0.10539398637990E-03  0.70659341099501E-04 -0.14427914023523E-02
  0.10361094236039E-03  0.53492691830276E-04 -0.14477465379995E-02
  0.97894413176432E-04  0.35542826226008E-04 -0.14454786337530E-02
  0.89622266104767E-04  0.17657022547352E-04 -0.14408394678242E-02
  0.77008062719611E-04  0.17539521652233E-05 -0.14373688141382E-02
  0.62530722249017E-04 -0.13115966476796E-04 -0.14379336637017E-02
  0.46528584078955E-04 -0.28277645745058E-04 -0.14431238603182E-02
  0.28124821051094E-04 -0.41217464055093E-04 -0.14522130774462E-02
  0.73699282789528E-05 -0.48805297019825E-04 -0.14621072435602E-02
  0.10287374804631E-03  0.80895935141366E-04 -0.14276735579945E-02
 -0.14645053230427E-04 -0.52752999463232E-04 -0.14680034876948E-02
 -0.60598046044233E-04 -0.38167727559229E-04 -0.14437485968482E-02
 -0.79253183571250E-04 -0.19518158041184E-04 -0.14096154831647E-02
 -0.91974042594366E-04  0.73609660489878E-06 -0.13716162485803E-02
 -0.10092521153383E-03  0.18019026065858E-04 -0.13422039737695E-02
  0.73859171663286E-04  0.44617952921538E-04 -0.13786098370499E-02
  0.81807663195991E-04  0.68572525056587E-04 -0.13941258454130E-02
  0.89417540707511E-04  0.80938027523260E-04 -0.14177720528087E-02
  0.95075372002630E-04  0.83234386553758E-04 -0.14414935839931E-02
  0.99559189449096E-04  0.75767230050427E-04 -0.14580943159945E-02
 -0.38433879426536E-04 -0.49861671340421E-04 -0.14636731493911E-02
  0.99794787671779E-04  0.59270913923427E-04 -0.14648516282083E-02
  0.94333434040391E-04  0.82541603212542E-04 -0.14023005396997E-02
 -0.11489235968015E-03  0.36292687398346E-04 -0.13768542390799E-02
 -0.11342172436124E-03  0.39609462749864E-04 -0.14149160853402E-02
  0.64444963861449E-04  0.33940609949604E-04 -0.12876401871749E-02
  0.76103590672767E-04  0.58712955132870E-04 -0.13150558251998E-02
  0.87495813954024E-04  0.75059017652310E-04 -0.13503567481588E-02
  0.98118222442684E-04  0.81902630934475E-04 -0.13858137283078E-02
  0.10482020366345E-03  0.78301946121939E-04 -0.14135454795110E-02
  0.10541366314405E-03  0.66168043609790E-04 -0.14300467783567E-02
  0.10138199420127E-03  0.51116441340586E-04 -0.14366970844164E-02
  0.91056403651951E-04  0.35241951393815E-04 -0.14387603954181E-02
  0.86044685295275E-04  0.73121604009841E-04 -0.13722896254865E-02
  0.79165969725861E-04  0.20580613440273E-04 -0.14399601650704E-02
  0.44761472989040E-04 -0.79548421227685E-05 -0.14535699384498E-02
  0.25546731525337E-04 -0.20253064146328E-04 -0.14672737079471E-02
  0.47682697336739E-05 -0.31028122498594E-04 -0.14822488648203E-02
 -0.17475705411124E-04 -0.37051249123042E-04 -0.14945078193043E-02
 -0.41046785373365E-04 -0.38122398849458E-04 -0.14989975166002E-02
 -0.64248083294137E-04 -0.31172416692421E-04 -0.14895962526566E-02
 -0.83666830295864E-04 -0.15418220675814E-04 -0.14641564247816E-02
 -0.98089401362347E-04  0.32096917427617E-05 -0.14288232549484E-02
 -0.10794007597077E-03  0.22075091950851E-04 -0.13964582221969E-02
  0.63272380628817E-04  0.61920377810462E-05 -0.14442141008966E-02
 -0.10497678686557E-03  0.23755060080740E-04 -0.14394565472323E-02
  0.96744123314678E-04  0.39054833460144E-04 -0.14627200324558E-02
  0.83226521844428E-04 -0.11207510616402E-06 -0.14466367237030E-02
  0.13099951335026E-04 -0.83361389308547E-04 -0.14279168629111E-02
 -0.59742277341341E-05 -0.79296868360393E-04 -0.14093278180666E-02
 -0.23066359013655E-04 -0.65561162208282E-04 -0.13750506333001E-02
 -0.39174088410010E-04 -0.46057194924462E-04 -0.13294115514510E-02
 -0.52018986925368E-04 -0.24636018281161E-04 -0.12825527101014E-02
 -0.60638380626289E-04 -0.41535964239570E-05 -0.12469921051036E-02
 -0.66571845832485E-04  0.11888915174072E-04 -0.12290793388751E-02
  0.63268605218119E-04  0.53205718234753E-04 -0.14287019755044E-02
  0.67121343170213E-04  0.73007677961775E-04 -0.14321700080808E-02
  0.30095204962094E-04 -0.79137137563036E-04 -0.14350732476166E-02
  0.71383365238957E-04  0.83834465301682E-04 -0.14470863914701E-02
  0.74135134895305E-04  0.72224959512660E-04 -0.14831829261932E-02
  0.73616229372797E-04  0.53568638346209E-04 -0.14921423102647E-02
  0.73745165081950E-04  0.30219428401024E-04 -0.14929799463874E-02
  0.72750996784473E-04  0.74007814456570E-05 -0.14867918806316E-02
  0.71649160628803E-04 -0.16421003080049E-04 -0.14766517391631E-02
  0.67127895888472E-04 -0.37436717992751E-04 -0.14656013835078E-02
  0.60575665365645E-04 -0.56628303571978E-04 -0.14559510891185E-02
  0.51612076599516E-04 -0.74418639221978E-04 -0.14483743476112E-02
  0.40885057571991E-04 -0.87782553751842E-04 -0.14417009482282E-02
  0.73124624777024E-04  0.83588279343241E-04 -0.14664767065593E-02
  0.91651310080593E-04  0.18327022448796E-04 -0.14552695567791E-02
  0.44117197674960E-04 -0.69163661384826E-04 -0.14376185916983E-02
  0.68324087993998E-04 -0.38375396221728E-04 -0.14463779651214E-02
  0.73863351324958E-04 -0.17643169153204E-04 -0.14398212319216E-02
  0.61343189887876E-04 -0.34768309776925E-04 -0.14366524087488E-02
  0.46307102996241E-04 -0.49722858291397E-04 -0.14376488777697E-02
  0.28975087626516E-04 -0.60154409809202E-04 -0.14414504178009E-02
  0.10173796816701E-04 -0.67205595624561E-04 -0.14439646559276E-02
 -0.10747035797257E-04 -0.67549167005010E-04 -0.14396193077877E-02
 -0.32514883848614E-04 -0.59575643320203E-04 -0.14215565648267E-02
 -0.52381268225891E-04 -0.42925911255498E-04 -0.13881845736369E-02
 -0.66306049420975E-04 -0.22083571175867E-04 -0.13463673210328E-02
  0.57360508689464E-04 -0.55295385717222E-04 -0.14403915139425E-02
 -0.79181992642549E-04 -0.18443981224596E-05 -0.13079460637660E-02
  0.73912775224878E-04  0.61694949830838E-04 -0.14129479909045E-02
  0.79922708644126E-04  0.79342484270323E-04 -0.14275685861140E-02
  0.85117358928810E-04  0.84147389800285E-04 -0.14483410825892E-02
  0.87763894862885E-04  0.79906579963215E-04 -0.14674646598941E-02
  0.89617123598726E-04  0.65947112643578E-04 -0.14787823899457E-02
  0.88245706774378E-04  0.45096503223410E-04 -0.14811106183083E-02
  0.86362834483547E-04  0.22225634631367E-04 -0.14756660756621E-02
  0.82072180300659E-04  0.13882709263672E-05 -0.14662096868674E-02
  0.76052301721448E-04 -0.18899099602240E-04 -0.14555284494236E-02
 -0.85748908755314E-04  0.14031232142333E-04 -0.12838185839513E-02
 -0.94289493365619E-04  0.46651874969392E-05 -0.14733895042109E-02
 -0.80057107717319E-04 -0.12765583817215E-04 -0.15047539795424E-02
 -0.61545694338236E-04 -0.23506663055318E-04 -0.15233642642503E-02
  0.53220791045705E-04  0.82928290435749E-04 -0.14312289388101E-02
  0.50786987434487E-04  0.79825335957284E-04 -0.14749690570750E-02
  0.45245808698088E-04  0.71409536368518E-04 -0.15048443988363E-02
  0.35123866231413E-04  0.59352640679595E-04 -0.15245615752724E-02
  0.21678044140792E-04  0.46371190649442E-04 -0.15398984399020E-02
  0.79568979014413E-05  0.33167476335370E-04 -0.15533315513434E-02
 -0.66344992275356E-05  0.19673972092573E-04 -0.15640997582138E-02
 -0.20073503752242E-04  0.57579201806652E-05 -0.15703822548325E-02
 -0.32909856417441E-04 -0.58042124119698E-05 -0.15707328078179E-02
  0.47273424759218E-04  0.79966060651294E-04 -0.13743341774170E-02
 -0.42861677272366E-04 -0.98890022530440E-05 -0.15615341064356E-02
 -0.60112569485836E-04  0.10317682458619E-04 -0.15068913431410E-02
 -0.66372733871367E-04  0.28282775642163E-04 -0.14722370051700E-02
 -0.72095685245293E-04  0.47369453647986E-04 -0.14475736038238E-02
  0.20576120787528E-04  0.87446273689102E-05 -0.11653153024904E-02
  0.32797781837683E-04  0.33558572596209E-04 -0.11892265326276E-02
  0.44183721293829E-04  0.51570020307117E-04 -0.12317599677817E-02
  0.56245516441255E-04  0.67451297477744E-04 -0.12866613667897E-02
  0.66628511799498E-04  0.79144255655665E-04 -0.13449284567884E-02
  0.73947065490265E-04  0.81826448106093E-04 -0.13988142150269E-02
 -0.51491510235928E-04 -0.47583950608543E-05 -0.15396624474863E-02
  0.72672241970735E-04  0.79142829511095E-04 -0.14410097379570E-02
  0.38218620779291E-04  0.69247289026775E-04 -0.13108658560870E-02
  0.17395278065674E-04  0.39856030978598E-04 -0.11989571227485E-02
 -0.44768534119798E-05  0.44125136325340E-04 -0.12291667760948E-02
  0.63328692121644E-05  0.57754621558422E-04 -0.12851093500219E-02
  0.14861867911701E-04  0.70500638497977E-04 -0.13489134625677E-02
  0.22399511376040E-04  0.77250128153967E-04 -0.14122144482188E-02
  0.29337570724916E-04  0.80550777020946E-04 -0.14662012478162E-02
  0.29258220568338E-04  0.76297162157859E-04 -0.15061637972638E-02
  0.26495344487900E-04  0.67611632316853E-04 -0.15324217501030E-02
  0.19871300415826E-04  0.55237406638976E-04 -0.15496122865555E-02
  0.12251932032708E-04  0.40681508900767E-04 -0.15617650864346E-02
  0.27977936821552E-04  0.56592311719712E-04 -0.12493572333388E-02
  0.32250299673956E-05  0.27020410864751E-04 -0.15703919522065E-02
 -0.16457295509721E-04 -0.19055433122979E-05 -0.15759757652612E-02
 -0.25590665473033E-04 -0.10347381558891E-04 -0.15703426242457E-02
 -0.34265766957452E-04 -0.98828671692900E-05 -0.15531308438481E-02
 -0.41702818892137E-04  0.21921272416741E-05 -0.15230661099146E-02
 -0.46813306274092E-04  0.20334882420538E-04 -0.14863240778470E-02
 -0.52837244362269E-04  0.40468314382045E-04 -0.14556193657687E-02
 -0.57912175053752E-04  0.57810911214529E-04 -0.14399936213630E-02
 -0.13490024382322E-05 -0.24297532617295E-06 -0.11518650016161E-02
  0.69979473718032E-05  0.21707920348426E-04 -0.11648040181460E-02
 -0.62840129344774E-05  0.11323912514328E-04 -0.15751212149254E-02
  0.65981652016814E-04  0.70090623309198E-04 -0.14708099279654E-02
  0.54074742411121E-04  0.58629301998213E-04 -0.14909805055340E-02
  0.38651046051486E-04  0.46220911311160E-04 -0.15072397834490E-02
 -0.70159981537412E-04 -0.11287065163590E-04 -0.15317506275839E-02
 -0.83704820624338E-04  0.40460055588532E-05 -0.15040995335984E-02
 -0.94035261217955E-04  0.21879208233078E-04 -0.14699638288427E-02
 -0.10171330768050E-03  0.40029546495999E-04 -0.14415322376490E-02
 -0.10847392477903E-03  0.53374542283754E-04 -0.14273100251483E-02
  0.48662081787339E-04  0.14345941384219E-04 -0.12316349158299E-02
  0.60283050719566E-04  0.41758137941202E-04 -0.12540802389874E-02
  0.74544132090825E-04  0.63103004651359E-04 -0.12911635990223E-02
  0.86036032106413E-04  0.76555593289906E-04 -0.13348437288957E-02
 -0.55497939400787E-04 -0.17031668696972E-04 -0.15462095082465E-02
  0.96308702935196E-04  0.80337538986376E-04 -0.13759428029728E-02
  0.99683203547664E-04  0.65328250809488E-04 -0.14281894761750E-02
  0.91122500049248E-04  0.51778680747694E-04 -0.14397639031537E-02
  0.76732772460713E-04  0.38680807707120E-04 -0.14475438755556E-02
  0.61835861618064E-04  0.25120445938007E-04 -0.14558683714370E-02
  0.43330626670032E-04  0.11704605399861E-04 -0.14682431394753E-02
  0.22844021180782E-04 -0.13927278773785E-05 -0.14851274825654E-02
  0.21407212982826E-05 -0.11626159290556E-04 -0.15032526612581E-02
 -0.18609923843637E-04 -0.20608862730765E-04 -0.15184372526517E-02
 -0.40859981090522E-04 -0.25749624482942E-04 -0.15267825523793E-02
  0.10090863728259E-03  0.76755819518454E-04 -0.14077658165521E-02
 -0.38027377313224E-04 -0.13833300076438E-04 -0.15473627345833E-02
 -0.18952161973933E-04 -0.62336688593853E-05 -0.15385348586288E-02
  0.20484316872673E-05  0.48023324411424E-05 -0.15229955813792E-02
  0.21680525823616E-04  0.34103915561915E-04 -0.15234390556889E-02
  0.37332631963800E-05  0.21146697270751E-04 -0.15399342578628E-02
 -0.14110797917015E-04  0.78147670013888E-05 -0.15535114772699E-02
 -0.31479898214208E-04 -0.37621593682441E-05 -0.15615816230575E-02
 -0.45936969366368E-04 -0.10822290053553E-04 -0.15612849783543E-02
 -0.57427040820549E-04 -0.99178668738163E-05 -0.15492760186990E-02
 -0.68762396205538E-04 -0.36527778957114E-07 -0.15242354650211E-02
 -0.77705686651747E-04  0.16975889290892E-04 -0.14905646146679E-02
 -0.85273176072212E-04  0.36224623852043E-04 -0.14589296239795E-02
 -0.92312623426148E-04  0.52775286341758E-04 -0.14395220234487E-02
  0.41932422263970E-04  0.24523971803494E-04 -0.12012145672924E-02
  0.54500403842395E-04  0.47581501853334E-04 -0.12338214485769E-02
  0.67708823155763E-04  0.65431849611006E-04 -0.12803321329686E-02
  0.79453849405375E-04  0.76776113067162E-04 -0.13318475889329E-02
  0.88697599198958E-04  0.80260804633505E-04 -0.13792346882132E-02
  0.90853878502665E-04  0.77487023397511E-04 -0.14164617029812E-02
  0.85250668483699E-04  0.67200400164955E-04 -0.14421940963120E-02
  0.73632229782471E-04  0.54900367068554E-04 -0.14592394767825E-02
  0.58274818007463E-04  0.43137122972343E-04 -0.14724308078651E-02
  0.41042333229721E-04  0.30244583943184E-04 -0.14868451092102E-02
  0.22313852314419E-04  0.16877983552976E-04 -0.15044086658264E-02
  0.29737992509735E-04 -0.95391147082272E-04 -0.14315930111770E-02
  0.15268662848750E-04 -0.95742906404792E-04 -0.14118020736922E-02
  0.12581321577917E-05 -0.86464595364991E-04 -0.13767961639807E-02
 -0.13215718970524E-04 -0.70309857632422E-04 -0.13278329649988E-02
 -0.17327721859304E-04 -0.10149563007395E-03 -0.14450627849427E-02
 -0.60200325562412E-05 -0.11457010704523E-03 -0.14362627439871E-02
 -0.77103270973481E-04  0.62382551598719E-04 -0.14387524722072E-02
 -0.80140640390400E-04  0.67295226845136E-04 -0.14457300925959E-02
 -0.82787992719589E-04  0.63777520733628E-04 -0.14628982211707E-02
 -0.84327616887307E-04  0.53888909127662E-04 -0.14809834784616E-02
 -0.83850552789501E-04  0.36624032317239E-04 -0.14918177254039E-02
 -0.83344506081603E-04  0.17709181862205E-04 -0.14925147298951E-02
 -0.80878101276702E-04 -0.31616137944069E-05 -0.14857870388504E-02
 -0.28796000234740E-04 -0.88745591949439E-04 -0.14545641473750E-02
 -0.73893768671495E-04 -0.21974283193100E-04 -0.14757379069132E-02
 -0.55409418783845E-04 -0.57411911776883E-04 -0.14547027826163E-02
 -0.41891086709530E-04 -0.72553389318866E-04 -0.14460425541931E-02
 -0.28303706789593E-04 -0.86198044998454E-04 -0.14405750353143E-02
 -0.13668742051661E-04 -0.96884825078327E-04 -0.14387725334691E-02
 -0.95289975003567E-04  0.61698745966211E-04 -0.14367419310410E-02
 -0.98612728589278E-04  0.63267438818478E-04 -0.14476389151208E-02
 -0.10230383673136E-03  0.55432522120892E-04 -0.14645623010016E-02
 -0.10160692797488E-03  0.43691845499039E-04 -0.14784153089425E-02
 -0.99899240176457E-04  0.27433562439366E-04 -0.14825241981896E-02
 -0.66142034859741E-04 -0.39728554322902E-04 -0.14649278449103E-02
 -0.96498608518084E-04  0.86452562015313E-05 -0.14770704810107E-02
 -0.40803392531415E-04 -0.72171440711283E-04 -0.14653822359153E-02
 -0.57279273388566E-04 -0.36377511205381E-04 -0.14853255260495E-02
 -0.43270562998674E-04  0.69800520378627E-04 -0.14664015054939E-02
 -0.43823704954143E-04  0.60467193140629E-04 -0.14869175473560E-02
 -0.43391922006515E-04  0.42195461501028E-04 -0.15007155317973E-02
 -0.43489639665630E-04  0.19088404026635E-04 -0.15054350723937E-02
 -0.44006799526438E-04 -0.29716262205870E-05 -0.15040480388289E-02
 -0.40173126191117E-04 -0.26352841899121E-04 -0.15000126397996E-02
 -0.37317710732423E-04 -0.47992060936898E-04 -0.14942869234584E-02
 -0.31445622859835E-04 -0.68576483578878E-04 -0.14860956752126E-02
 -0.23704609124951E-04 -0.85540600680857E-04 -0.14749860854739E-02
 -0.49802975703004E-04 -0.54833630213056E-04 -0.14759526016118E-02
 -0.15209401969627E-04 -0.10303244831916E-03 -0.14619265993725E-02
  0.52354741496902E-05 -0.12572793425652E-03 -0.14290940420129E-02
  0.15318623149235E-04 -0.12702398907650E-03 -0.14066621747780E-02
 -0.61001626577227E-04  0.68348691162894E-04 -0.14411020714754E-02
 -0.62675782254984E-04  0.70032297399540E-04 -0.14555255063787E-02
 -0.64525728913263E-04  0.63232932714789E-04 -0.14758199708110E-02
 -0.64057996233389E-04  0.48417577147542E-04 -0.14929093165974E-02
 -0.64260231990728E-04  0.28297021426205E-04 -0.15005159786374E-02
 -0.64738428023358E-04  0.71067746411092E-05 -0.14993406954396E-02
 -0.61784337232014E-04 -0.15033701302366E-04 -0.14933486746729E-02
 -0.47448162361740E-05 -0.11695507371667E-03 -0.14468268164494E-02
 -0.88888038545458E-04 -0.67731369604478E-05 -0.14666645878158E-02
 -0.79929491859103E-04 -0.23748675252322E-04 -0.14553425337585E-02
 -0.66417596026848E-04 -0.39979814878118E-04 -0.14457984926872E-02
 -0.76520021845813E-04  0.29118691726634E-04 -0.14286320604315E-02
 -0.12230677195354E-03  0.46462260423328E-04 -0.14263125702986E-02
 -0.91228099263889E-04  0.33529711447355E-04 -0.14122723908413E-02
 -0.99229531032565E-04  0.37272578984043E-04 -0.13929842729140E-02
 -0.12007001987317E-03  0.39907132149062E-04 -0.14402418196858E-02
 -0.10595461862972E-03  0.37639298325396E-04 -0.13705120590383E-02
 -0.11524702514819E-03  0.31806389955020E-04 -0.14473133585838E-02
 -0.10796733568042E-03  0.37940750340253E-04 -0.13481550772035E-02
 -0.10760931312449E-03  0.36046989785132E-04 -0.13323176733786E-02
 -0.11982364884887E-03  0.51214783436642E-04 -0.14122300067068E-02
 -0.10774806248126E-03  0.19762554001014E-04 -0.14463755008539E-02
 -0.95840450941888E-04  0.87853627591890E-05 -0.14415499043601E-02
 -0.81694050773875E-04  0.12189103769971E-04 -0.14354833766425E-02
 -0.96956285513069E-04  0.22119088566595E-04 -0.14316921385906E-02
 -0.81638268485361E-04 -0.38781478909727E-05 -0.14376288543541E-02
 -0.10760559415745E-03  0.30061255960636E-04 -0.14266717507190E-02
 -0.64502137647411E-04 -0.15621866864727E-04 -0.14377906708094E-02
 -0.11501981506578E-03  0.36329543303214E-04 -0.14163803798656E-02
 -0.11873211609480E-03  0.40491600281729E-04 -0.14005454048909E-02
 -0.11771914184579E-03  0.42483397046612E-04 -0.13737610499205E-02
 -0.10638986450220E-03  0.29752986461594E-04 -0.13289420501949E-02
 -0.89296968430573E-04  0.26320154082039E-04 -0.12775271806302E-02
 -0.89784704100789E-04  0.32527435229415E-04 -0.12888549660647E-02
 -0.11824949226669E-03  0.49025900522364E-04 -0.14062187404054E-02
 -0.52375298078892E-04 -0.55048950968559E-04 -0.14393639468889E-02
 -0.36038298849134E-04 -0.69086725379894E-04 -0.14371162331052E-02
 -0.11143195908439E-03  0.57589369748163E-04 -0.14292718142944E-02
 -0.11397012054408E-03  0.55293073996897E-04 -0.14421213902420E-02
 -0.11595076988184E-03  0.47218049912626E-04 -0.14573548561228E-02
 -0.18723084211062E-04  0.12882523614780E-04 -0.11645124431307E-02
 -0.11284185388487E-03  0.34763888964593E-04 -0.14666084195764E-02
 -0.36091574453813E-04  0.34947956737881E-04 -0.12304694810213E-02
 -0.40811444118406E-04  0.24032492710835E-04 -0.11998374111194E-02
 -0.10811000713311E-03  0.21606083404755E-04 -0.14657059075904E-02
 -0.42567869129959E-04  0.11228301998307E-04 -0.11875189859682E-02
 -0.10115034696312E-03  0.71428321470388E-05 -0.14577166805396E-02
 -0.61997359457768E-04  0.38433154970526E-04 -0.12860993139557E-02
 -0.64158756485399E-04  0.32275345945012E-04 -0.12522551604333E-02
 -0.89989947854160E-04 -0.72921628650422E-05 -0.14479631329803E-02
 -0.66035847100350E-04  0.22614359214894E-04 -0.12316362352500E-02
 -0.75276247830753E-04 -0.21122001206333E-04 -0.14401419636438E-02
 -0.75310663447752E-04  0.42627051199353E-04 -0.13777374666965E-02
 -0.83078554650947E-04  0.40186044111403E-04 -0.13439638195119E-02
 -0.60497480508883E-04 -0.35817054802411E-04 -0.14364667796407E-02
 -0.87065494904504E-04  0.36274458337509E-04 -0.13130625832359E-02
 -0.43041225783619E-04  0.72617232135245E-04 -0.14467588752588E-02
 -0.11633097416510E-04  0.31572141056493E-04 -0.11879789939276E-02
 -0.41320052714076E-04  0.65436719956761E-04 -0.14372336009936E-02
  0.21316749028912E-04 -0.12360795877050E-03 -0.13740862527364E-02
  0.38718550278329E-04  0.81612910578424E-04 -0.14483762916537E-02
  0.37809038941384E-04  0.79946175893175E-04 -0.14672810455651E-02
  0.37809525222678E-04  0.70554483073097E-04 -0.14865307984267E-02
  0.37846043802329E-04  0.51447806881657E-04 -0.14998680662943E-02
  0.37759134283867E-04  0.27519136819601E-04 -0.15057747057345E-02
  0.40116201618806E-04  0.19692123818811E-05 -0.15050115504014E-02
  0.42091664068131E-04 -0.22948852110692E-04 -0.15003163494278E-02
  0.42866963040736E-04 -0.46773248091272E-04 -0.14937021309877E-02
  0.42018528749256E-04 -0.69325396338141E-04 -0.14863792340299E-02
  0.36985602890343E-04  0.73212447971556E-04 -0.14376555549676E-02
  0.39641173783813E-04 -0.88420607068243E-04 -0.14776670138525E-02
  0.30105348485543E-04 -0.11560415049464E-03 -0.14475233459982E-02
  0.25507780488072E-04 -0.11852306348248E-03 -0.14161815874666E-02
  0.19615556548065E-04 -0.10982630247235E-03 -0.13700197944357E-02
  0.12679787901983E-04 -0.93650807879722E-04 -0.13123568408591E-02
  0.57677586901938E-05 -0.72054189343339E-04 -0.12514372252943E-02
  0.11027148051539E-05 -0.46770767443097E-04 -0.11993666240922E-02
 -0.33311850280490E-05 -0.24123991942200E-04 -0.11643766086709E-02
  0.19098915152614E-04  0.65320681548627E-04 -0.14374275391682E-02
  0.18809215645293E-04  0.76579285407790E-04 -0.14402175831934E-02
  0.35972660653179E-04 -0.10495640368147E-03 -0.14661870414542E-02
  0.18832687900718E-04  0.79189145499032E-04 -0.14559492353176E-02
 -0.22482247382880E-04 -0.51267839302653E-05 -0.11637601464060E-02
 -0.11883920403412E-04 -0.49545052141045E-04 -0.12290527892456E-02
 -0.25228330970455E-04 -0.48011405452751E-04 -0.12738908129479E-02
 -0.34601929806776E-04 -0.25720143323639E-04 -0.12271989855807E-02
 -0.42214728824974E-04 -0.65830309465368E-05 -0.11970596002668E-02
  0.52293808498285E-04  0.66055570043144E-04 -0.14354533746844E-02
  0.54348706606338E-04  0.80273743914269E-04 -0.14419093834851E-02
  0.57051109679961E-04  0.83624369300406E-04 -0.14584308604285E-02
  0.57135239099179E-04  0.78456024707237E-04 -0.14777385705452E-02
  0.56264664467989E-04  0.62796377868366E-04 -0.14930712642376E-02
  0.56309614754245E-04  0.40335586373026E-04 -0.15009338185722E-02
 -0.18369571015837E-04 -0.26024310537443E-04 -0.11868407912290E-02
  0.57131938775189E-04  0.15718116271415E-04 -0.15007776052171E-02
  0.58444518745965E-04 -0.32279384585650E-04 -0.14858158915500E-02
  0.54741203759383E-04 -0.54299541746861E-04 -0.14762976428951E-02
  0.51052810188837E-04 -0.74065275949699E-04 -0.14672319905428E-02
  0.44464667003385E-04 -0.91512507387714E-04 -0.14582669272031E-02
  0.36564062542878E-04 -0.10367599861577E-03 -0.14466880697379E-02
  0.27753402770064E-04 -0.10814000370139E-03 -0.14266910473196E-02
  0.17901928209628E-04 -0.10519932212296E-03 -0.13925009026196E-02
  0.70441663789909E-05 -0.92305318906768E-04 -0.13431247608289E-02
 -0.34287653439613E-05 -0.71080156975465E-04 -0.12849638028714E-02
  0.59067476417636E-04 -0.91391300304990E-05 -0.14947910575492E-02
  0.17487208867068E-04  0.74834858703853E-04 -0.14764207441672E-02
  0.17622436027809E-04  0.59815285148535E-04 -0.14939833670413E-02
  0.18169850636469E-04  0.38659066839971E-04 -0.15044788136311E-02
  0.16776285312165E-04 -0.12391381027965E-03 -0.14569082491033E-02
  0.18944363532392E-04 -0.12928659163284E-03 -0.14259449441627E-02
  0.21848090126180E-04 -0.12593859079671E-03 -0.13836174222307E-02
  0.23126577891352E-04 -0.11233573675567E-03 -0.13325495713018E-02
  0.21780096726021E-04 -0.91305507471710E-04 -0.12782178633903E-02
 -0.20782714743532E-04  0.61230114496769E-04 -0.14375455646618E-02
 -0.22032309602406E-04  0.71909855609116E-04 -0.14396957251246E-02
 -0.22411783674294E-04  0.74806796353357E-04 -0.14555791856639E-02
 -0.23086214493458E-04  0.69856943477641E-04 -0.14769050013566E-02
  0.12107034006224E-04 -0.11005666340063E-03 -0.14782060087565E-02
 -0.23150350111289E-04  0.55555979033321E-04 -0.14949934539927E-02
 -0.21542387822996E-04  0.98464517650059E-05 -0.15080011863387E-02
 -0.21421095058007E-04 -0.13111817258398E-04 -0.15072971016818E-02
 -0.18268981702581E-04 -0.36843589159075E-04 -0.15047333695465E-02
 -0.15367896994444E-04 -0.58621362950175E-04 -0.15003083828467E-02
 -0.10839088061804E-04 -0.80173618708481E-04 -0.14923968691830E-02
 -0.47514975816964E-05 -0.99573355532149E-04 -0.14804432723436E-02
  0.14158456811420E-05 -0.11577381075669E-03 -0.14639765704068E-02
  0.83838214261637E-05 -0.12700524778575E-03 -0.14415079977266E-02
  0.15767286501837E-04 -0.12969738110977E-03 -0.14119803025297E-02
 -0.22529450038843E-04  0.33776607012529E-04 -0.15050331611554E-02
  0.98273700334924E-05 -0.91092217007142E-04 -0.14918264656147E-02
  0.63558481905625E-05 -0.69376705403509E-04 -0.15006660150714E-02
  0.44361650332447E-05 -0.48101496718493E-04 -0.15054120127161E-02
  0.19491814230090E-04  0.13614730088608E-04 -0.15081595338022E-02
  0.21535368992464E-04 -0.11595894133673E-04 -0.15073690097313E-02
  0.23469130548358E-04 -0.36521761335431E-04 -0.15041972626791E-02
  0.26076918289840E-04 -0.59569703191843E-04 -0.14996607345279E-02
  0.25733441537026E-04 -0.80513002685766E-04 -0.14929169466844E-02
  0.27101196019853E-04 -0.99927682668419E-04 -0.14828899268697E-02
  0.25051046995752E-04 -0.11555913372276E-03 -0.14667694986813E-02
  0.24593528442941E-04 -0.12500045176346E-03 -0.14400289607709E-02
  0.23340575205128E-04 -0.12305464414264E-03 -0.14002442552782E-02
  0.21307735073539E-04 -0.11296007435361E-03 -0.13478539390627E-02
  0.17786415095613E-04 -0.94054234203097E-04 -0.12887011709679E-02
  0.13206137445360E-04 -0.69462747937875E-04 -0.12316529763296E-02
  0.12745385016030E-04 -0.43002510082664E-04 -0.11879464796483E-02
 -0.10593451923112E-05  0.69456129171411E-04 -0.14364749683186E-02
 -0.11893238858412E-05  0.77959122599093E-04 -0.14463310889631E-02
 -0.27077702545190E-05  0.76069377822001E-04 -0.14657561322602E-02
 -0.25764987328750E-05  0.66189918040839E-04 -0.14861184083161E-02
 -0.25633004403682E-05  0.48157847326680E-04 -0.15005349674554E-02
 -0.15004183644844E-05  0.23926308561724E-04 -0.15075099253483E-02
  0.19195036735422E-06 -0.59917707519162E-06 -0.15090016450666E-02
  0.15104660970498E-05 -0.24644007555689E-04 -0.15080073107178E-02
  0.27163166980072E-04 -0.10697660591805E-03 -0.13300318111148E-02
 -0.37540072324207E-04  0.51111034387731E-04 -0.14438902458749E-02
 -0.11981112029713E-03  0.43491334330895E-04 -0.13838552532433E-02
  0.78420134818277E-05 -0.11961721421483E-03 -0.14279201501950E-02
  0.12175845566682E-04 -0.90798230421284E-04 -0.14603110213995E-02
 -0.12447414616239E-04  0.33641506129732E-05 -0.15045108033920E-02
 -0.52080371345434E-04  0.42132104465606E-04 -0.14410231874232E-02
  0.21466546828168E-04  0.44604699165015E-04 -0.14521240999833E-02
 -0.44322869287230E-04  0.53489207267526E-04 -0.13765974305557E-02
  0.62186944379088E-05  0.71460033703470E-04 -0.14913999697407E-02
  0.45503183496746E-04 -0.78612762011879E-04 -0.13740654862114E-02
  0.62998036802662E-04 -0.33983125789672E-04 -0.14454008022356E-02
 -0.65174957698755E-04  0.55811642750872E-05 -0.14420674967673E-02
  0.45629042223639E-04 -0.86269054912341E-04 -0.14313195008105E-02
 -0.27324856289382E-04  0.12625461822788E-04 -0.14834629717471E-02
  0.39073212154518E-05  0.18858594510772E-04 -0.15397107416608E-02
  0.11188905110381E-04  0.66367788700529E-04 -0.15246958151754E-02
  0.58135827347745E-04 -0.39999539533785E-04 -0.14908013221487E-02
  0.87628907957271E-05 -0.70528525271115E-04 -0.14739059030259E-02
  0.35468088801970E-04 -0.10433050820625E-03 -0.13984700109004E-02
  0.67346639962217E-05  0.40218102498523E-04 -0.15483406175453E-02
 -0.53015992494055E-04  0.46885339715782E-04 -0.13292338833411E-02
 -0.48304420974719E-04 -0.34109470634297E-05 -0.14530180859766E-02
  0.30970071578026E-04 -0.25413272667168E-04 -0.15473878907275E-02
 -0.44525868124480E-04  0.18283775667902E-04 -0.14631798057127E-02
  0.13811824459350E-04  0.56625541617077E-04 -0.15470992153489E-02
  0.67722352113298E-04  0.21697114771921E-05 -0.14230102965878E-02
  0.20876231688221E-04 -0.11754463385622E-03 -0.14162731390306E-02
  0.34550011671873E-04 -0.58934017654033E-04 -0.15257007300563E-02
 -0.29027799354786E-04 -0.35416840092295E-04 -0.14541928198020E-02
  0.14455132069399E-04  0.75210463876392E-05 -0.15544133450361E-02
  0.51491275058700E-04 -0.41396181470066E-04 -0.15241298187453E-02
  0.13175209435855E-04  0.45056527061192E-04 -0.15617104056196E-02
 -0.30211713335930E-04 -0.11713323946546E-04 -0.14681294761149E-02
 -0.11513961208705E-05 -0.15805417267030E-04 -0.15532714220176E-02
 -0.87283198256632E-05  0.26116912383681E-04 -0.15198161919696E-02
 -0.22589652874504E-05  0.71550440053079E-04 -0.14457896846219E-02
  0.53103640528131E-04 -0.46708492083086E-04 -0.13487385811336E-02
  0.28244018052397E-04 -0.90470630314572E-04 -0.14718051970574E-02
 -0.36289071864345E-04  0.39401507973625E-04 -0.14693300396962E-02
 -0.16755970598715E-04  0.42030533743724E-04 -0.14530034984457E-02
  0.29670432260671E-04 -0.30792920294562E-04 -0.15620849462074E-02
 -0.12007996025869E-04  0.54323049450955E-04 -0.15007083836974E-02
 -0.46637738031760E-04 -0.25591040170262E-04 -0.14435431595681E-02
  0.48586095734993E-06 -0.10387437422202E-03 -0.14402695662313E-02
  0.25790493695683E-04 -0.24428191575369E-04 -0.15541218484896E-02
 -0.11910149993136E-04  0.20347422265482E-04 -0.14844243355940E-02
 -0.29396097537275E-04  0.47552335553310E-04 -0.12757236659871E-02
  0.53032762391204E-04 -0.15836838702310E-04 -0.14995759015282E-02
  0.63282808728587E-04  0.24690299283047E-04 -0.14405244672104E-02
  0.43138042614373E-04 -0.84110977981718E-04 -0.14753674863599E-02
 -0.43994483475563E-06  0.48647427832742E-04 -0.15280816302379E-02
  0.66519254740729E-04  0.24654450439317E-04 -0.13303354676429E-02
 -0.23180906756421E-04  0.58777528738588E-04 -0.14653762123596E-02
  0.16929400680863E-04 -0.14593384622776E-04 -0.15410574824324E-02
  0.51966503196428E-04  0.42496322073628E-04 -0.14444636990280E-02
  0.61988512395896E-04 -0.78638874098292E-05 -0.14646423605882E-02
 -0.34587690676881E-04  0.57676500495429E-04 -0.14232019202485E-02
  0.55161090730065E-04 -0.63279317881732E-04 -0.14662250055228E-02
  0.34858710680075E-05 -0.47950420343511E-05 -0.15242404533571E-02
 -0.69811136930246E-05 -0.26125147733088E-06 -0.15224998338509E-02
 -0.62132956595689E-04  0.25441838405967E-04 -0.14450006040155E-02
 -0.10521619545483E-04  0.67676682361806E-04 -0.13902327982084E-02
  0.61369099628942E-04 -0.99384230902585E-05 -0.13319306359023E-02
  0.45721126589984E-04 -0.55811515110712E-04 -0.15327205257379E-02
  0.32951049486823E-04 -0.10123621937904E-03 -0.14414296999063E-02
  0.52775251862640E-04  0.14186979955997E-04 -0.14684621160721E-02
 -0.22550757066622E-04  0.34262930253830E-04 -0.14959372479541E-02
 -0.19717947005723E-04  0.57021077235433E-04 -0.13314912062716E-02
  0.32396804711910E-04 -0.33305281016114E-04 -0.15614570448887E-02
  0.39407581935930E-06  0.54974712765805E-04 -0.14427581349757E-02
  0.15755881971258E-04 -0.10780958818232E-03 -0.14427729411870E-02
  0.51844773317511E-04 -0.62517636274736E-04 -0.15061940208923E-02
  0.98647332834740E-05 -0.13189107115782E-04 -0.15760037277176E-02
  0.64395979218970E-04 -0.22443635552012E-04 -0.13903428979135E-02
  0.55072495095809E-04  0.18728438317996E-05 -0.12766450408874E-02
  0.35262395088778E-04 -0.51397822764410E-04 -0.12488030697181E-02
 -0.25271393463079E-04 -0.57333189280064E-04 -0.14446784353245E-02
  0.19345157307146E-04 -0.36560774050172E-04 -0.15248116682709E-02
 -0.14879008356045E-04 -0.14808080364161E-04 -0.15640034084199E-02
 -0.10124562264578E-04 -0.42442629049401E-04 -0.14692608524306E-02
  0.28991712282988E-04 -0.80813192706139E-04 -0.12854104611019E-02
  0.21494068473565E-04 -0.15836664868173E-04 -0.15706278017140E-02
  0.12676540205707E-04 -0.11558279499192E-04 -0.15383555677232E-02
  0.24149848640105E-04 -0.75989339696399E-04 -0.14923476819244E-02
  0.41292685011608E-04 -0.21895617577996E-04 -0.15270849268593E-02
  0.32440546854310E-04 -0.35286824843969E-05 -0.11885852583503E-02
 -0.21613523570524E-04 -0.65293734070570E-05 -0.15395999592804E-02
  0.23832857968728E-04  0.19963697340214E-04 -0.14821007212532E-02
 -0.20098791027900E-04 -0.77732668455393E-04 -0.14403724182132E-02
 -0.32668690075531E-04  0.31339023494889E-04 -0.14676953728953E-02
  0.15122861804807E-04 -0.15924488264091E-04 -0.11646214648140E-02
  0.15592464446407E-04  0.14631466410111E-04 -0.15707398259811E-02
  0.20722951339330E-04 -0.24876215126439E-04 -0.15708058471815E-02
  0.18180135709956E-04 -0.24545645258870E-04 -0.15614580458105E-02
  0.23119258445796E-04 -0.62588251071512E-04 -0.12302399009418E-02
 -0.74097077686985E-05 -0.11216494755143E-04 -0.15751573357958E-02
  0.43442862149914E-04 -0.39170017301435E-04 -0.15466267460334E-02
 -0.27356689081261E-04  0.10631055886766E-04 -0.15037403566897E-02
  0.55600440730375E-05 -0.50190345917723E-04 -0.14882771791033E-02
 -0.74801750290867E-05 -0.65356949585642E-04 -0.14568609111984E-02
  0.26837068655431E-04 -0.32902492807992E-04 -0.11986055269555E-02
  0.12801468754532E-04 -0.33226796945831E-06 -0.15753145507338E-02
  0.29975467247815E-04 -0.42409536442327E-04 -0.15409424851964E-02
  0.69124196238567E-04  0.12421245655649E-04 -0.13770475470458E-02
  0.42476655529076E-04 -0.16931302525263E-04 -0.12295458933612E-02
  0.40329545200126E-04  0.31554888762593E-05 -0.14945962873750E-02
  0.78698028837387E-05  0.82686771147484E-05 -0.15028123078369E-02
  0.56138590025892E-04 -0.58259876458019E-04 -0.14119569771067E-02
  0.69818612705928E-04  0.35317731077259E-04 -0.14106794546738E-02
  0.11429126744270E-04  0.30236575319747E-04 -0.15708964419054E-02
  0.37866370009985E-04 -0.44822054539406E-04 -0.15499880825661E-02
  0.48141171532938E-04 -0.31579112261804E-04 -0.12851673267564E-02
  0.39996260475754E-05 -0.19669065582899E-04 -0.15702914628941E-02
 -0.41037445885621E-05 -0.86360583984884E-04 -0.14483353791789E-02
  0.36271519150952E-04  0.56188846011501E-04 -0.14415144930133E-02
  0.42224151972376E-04 -0.66639677369170E-04 -0.13100976118485E-02
 -0.12045684948326E-04 -0.19559433290684E-04 -0.14861761121464E-02
  0.65128175763680E-05  0.14958758298765E-04 -0.15759973172561E-02
 -0.64759303509087E-04  0.43259105247535E-04 -0.14104731910892E-02
  0.26592633553809E-04 -0.51108170754279E-05 -0.15183633167034E-02
  0.34133422916139E-04 -0.96214777972756E-04 -0.13441365552627E-02
  0.21975366558155E-04 -0.56914986662144E-04 -0.15086953673986E-02
  0.46125150813118E-05  0.32600509997828E-04 -0.14667906467355E-02
  0.39622503705474E-04 -0.73454543938939E-04 -0.15057044956030E-02
  0.12628457662799E-04  0.28009395271221E-04 -0.15622112293922E-02
  0.36974542419472E-05 -0.28015594274813E-04 -0.15057677229884E-02
 -0.20669184143395E-06 -0.20947739544220E-06 -0.15775821016868E-02
  0.39189656415020E-04  0.31662460635711E-04 -0.14622359965062E-02
  0.26289248657107E-04 -0.11641320600457E-03 -0.13782078283749E-02
 -0.42592164025094E-04 -0.47604058697168E-04 -0.14379655587858E-02
  0.20881383300023E-04 -0.48060733577493E-05 -0.15646600353105E-02
  0.17533690070213E-05  0.15925795643170E-05  0.83470232082853E-05
  0.55359310707374E-04  0.85447023087479E-04 -0.14365885785096E-03
  0.40615320484087E-04 -0.58649333054315E-05 -0.98613141232975E-03
  0.48388228561819E-04 -0.11914142526599E-04 -0.98671173815010E-03
 -0.72782333547112E-05 -0.53518534799254E-04 -0.98131962906248E-03
  0.38782512455884E-05  0.11202114966674E-05  0.28996411684145E-05
 -0.43204820891928E-05 -0.23017241337295E-04 -0.98277220723201E-03
  0.14083226430037E-04 -0.41118453608174E-05 -0.30257999603368E-04
  0.87737988102262E-05 -0.54657725318527E-05 -0.98293991055002E-03
 -0.95139159144372E-05 -0.46717007772451E-04 -0.98282896320395E-03
  0.80962267676231E-05 -0.49694997791577E-06 -0.10428316684019E-04
  0.21350202606189E-04 -0.87558455326153E-05 -0.55246097594039E-04
 -0.10448288131022E-04 -0.39363842568734E-04 -0.98313383410337E-03
  0.15383626940922E-04  0.25428604828099E-05 -0.98286579074343E-03
 -0.86735827329469E-05 -0.31265544601908E-04 -0.98301581910138E-03
  0.38490270934766E-04  0.71120729254758E-04 -0.15434617417425E-03
  0.31720587235905E-04  0.11218455666907E-05 -0.98534837599458E-03
  0.27951524516954E-04 -0.14961282677514E-04 -0.84829979248333E-04
  0.17464865757277E-05 -0.14641391289560E-04 -0.98284893884151E-03
  0.33751849127700E-04 -0.25216945635284E-04 -0.12443664461488E-03
  0.41138411279675E-04 -0.66078898517059E-04 -0.15543680151371E-03
 -0.98344405073999E-06  0.34540145013160E-04 -0.16004609148875E-03
  0.18046588700485E-04  0.49470424665592E-04 -0.16048628844225E-03
  0.51027353121673E-05 -0.13627132499341E-05 -0.98336956821905E-03
  0.41079240222732E-06  0.71668518561803E-06  0.11124040757476E-04
  0.73556976009187E-04  0.44812128859114E-04 -0.83553377326321E-04
  0.83892829622125E-06 -0.11489838242077E-04 -0.98306035449275E-03
  0.22150639515726E-05  0.14954547908411E-06  0.78343152946552E-05
  0.66273722752621E-04 -0.33398707055536E-04 -0.98516692386822E-03
 -0.35902365271147E-05 -0.21484798949262E-04 -0.98258284902019E-03
  0.37633538955836E-05 -0.16907445392201E-05  0.37040848681849E-06
 -0.61403356614310E-05 -0.30372668904076E-04 -0.98259745353500E-03
  0.70662722288752E-05 -0.45746615085689E-05 -0.14075544889247E-04
  0.73175106680461E-04  0.74477520099904E-04 -0.93294660198162E-04
 -0.10030704654573E-05  0.14981702316538E-05  0.84357356710728E-05
 -0.66416778843536E-05 -0.38879714129105E-04 -0.98243617055886E-03
  0.65721631475629E-04 -0.32441608800940E-04 -0.98561153888984E-03
 -0.42076065121660E-05 -0.46144368883193E-04 -0.98189085214157E-03
  0.13817792561021E-04 -0.17424792555393E-04 -0.74556934846465E-04
  0.57966971194640E-06 -0.53718897228639E-04 -0.98100222511732E-03
  0.18443302695270E-04 -0.34248104910839E-04 -0.13200922993096E-03
  0.72264662371842E-04  0.86230961587369E-04 -0.11821203568600E-03
  0.55249021152024E-05 -0.59644181454853E-04 -0.97970734853759E-03
  0.22928312463814E-04 -0.62885423499959E-04 -0.21307455237808E-03
  0.60816839783999E-04 -0.29213479477347E-04 -0.98556544550922E-03
  0.11158667838076E-04 -0.62832862300191E-04 -0.97787650215734E-03
  0.30407971197400E-04 -0.97623189408745E-04 -0.29927506499143E-03
  0.10411901345053E-04 -0.91281773554105E-05 -0.37608325194969E-04
  0.37173659955425E-04 -0.44105998842879E-04 -0.18168327546996E-03
  0.92308953288593E-05  0.63966924415674E-05 -0.98325682050014E-03
 -0.36167517988722E-05  0.69466696140592E-05 -0.97291491597697E-05
 -0.49606983447092E-05 -0.58420522007906E-04 -0.97895088680495E-03
  0.34584805941092E-04 -0.76713740573283E-04 -0.25688578182459E-03
  0.21118664065074E-04  0.69108513103266E-05 -0.98416450906767E-03
 -0.16934089169679E-05 -0.59594968813119E-04 -0.97676385724608E-03
  0.26021595167722E-04 -0.11093486891503E-03 -0.32392509416878E-03
  0.91761495800210E-06 -0.55953891929933E-04 -0.97400308811874E-03
  0.15889366996155E-04 -0.11334852736311E-03 -0.33728100247123E-03
  0.96071822094579E-04 -0.76431693715617E-04 -0.18440385930131E-03
  0.26798705342152E-05 -0.45938695777646E-04 -0.97258220041038E-03
  0.94113269962050E-05 -0.77092512096375E-04 -0.29811363403964E-03
  0.54057410820650E-04 -0.20861840845935E-04 -0.98395735141248E-03
  0.64235719548546E-04 -0.31619829331834E-04 -0.98486579477756E-03
  0.43219160407260E-05 -0.30829331059286E-04 -0.97230129614921E-03
  0.66631486638021E-05 -0.14526938580037E-04 -0.98418247829667E-03
  0.21883024166792E-04 -0.76197288708673E-05 -0.16496016641122E-03
  0.98494083419335E-04 -0.58588018167046E-04 -0.15682727580352E-03
  0.65420562789189E-05 -0.57527101470398E-05 -0.98414827494301E-03
  0.58761285852708E-04 -0.27235584322930E-04 -0.98453425573673E-03
  0.85686189849414E-05  0.16404238370598E-05 -0.98399095762804E-03
 -0.93349705335650E-05  0.41709813445708E-04 -0.11950493554256E-03
  0.11038515148226E-04  0.64663230120100E-05 -0.98334211663943E-03
 -0.68514881832893E-05  0.23012015569749E-04 -0.56105445562963E-04
  0.83753411147888E-04 -0.43684355676781E-05 -0.10737559410163E-03
  0.11306597358337E-04  0.88791960635854E-05 -0.98292175087337E-03
  0.83972975740398E-05 -0.33518187597628E-04 -0.26211349207482E-03
 -0.45837410874495E-06  0.40756105487653E-05  0.10147293543596E-05
  0.38518911248249E-05 -0.85054601894476E-04 -0.26890941493349E-03
  0.65511889104637E-04  0.90409700139144E-04 -0.12266976406807E-03
  0.40184831011219E-04 -0.12988274442989E-04 -0.12019329616108E-03
 -0.10530974879910E-04 -0.17034406152505E-04 -0.98453406090486E-03
  0.39043919588881E-04 -0.17883734048413E-04 -0.14276658368796E-03
  0.57993771637194E-04  0.96476182030782E-04 -0.12686131197449E-03
 -0.16717740191315E-04 -0.25454247710213E-04 -0.98434844723919E-03
  0.30737424801153E-04 -0.21776089037025E-04 -0.15613988933559E-03
  0.34832929580484E-04  0.77103814935609E-05 -0.98712465018093E-03
 -0.22044449255470E-04 -0.33983085266836E-04 -0.98379862192485E-03
  0.15239005612811E-04 -0.27209098848103E-04 -0.16660842571702E-03
 -0.25521486756422E-04 -0.41535733511003E-04 -0.98288309774161E-03
 -0.66173955427423E-05 -0.36774723908252E-04 -0.18279296152159E-03
  0.47888915082020E-04  0.92147560539104E-04 -0.14485251201716E-03
 -0.27500932858163E-04 -0.46645857190990E-04 -0.98109497274820E-03
 -0.32461746853251E-04 -0.57470853556269E-04 -0.21754661706354E-03
  0.27145600454407E-04  0.14690499915755E-04 -0.98629448654282E-03
 -0.29101217046296E-04 -0.48521804060841E-04 -0.97841222379646E-03
 -0.54529336376702E-04 -0.93746609861669E-04 -0.27450835751092E-03
 -0.30929823770530E-04 -0.46519999137143E-04 -0.97532985633915E-03
 -0.64113007283724E-04 -0.11983324753207E-03 -0.31737103401897E-03
  0.31337054623859E-04  0.76459590189436E-04 -0.15445466342989E-03
 -0.32241031718609E-04 -0.38224704055090E-04 -0.97366169681683E-03
 -0.57915825247185E-04 -0.10288361932152E-03 -0.30901880738659E-03
  0.17024069507200E-04  0.20390324478248E-04 -0.98547198070170E-03
 -0.32612088485576E-04 -0.24839287008284E-04 -0.97287469498236E-03
 -0.43217678794216E-04 -0.60100451545161E-04 -0.27786332524843E-03
 -0.31751870299383E-04 -0.76428188095012E-05 -0.97212326499675E-03
 -0.32406933576528E-04 -0.21691093834098E-04 -0.26180358996310E-03
 -0.34981731277502E-05 -0.86008871034814E-05 -0.98399310747943E-03
  0.10996632483881E-04  0.52431259370310E-04 -0.16053909006620E-03
  0.41679732420000E-04  0.13474840450872E-05 -0.98798618058881E-03
  0.44897497815864E-05 -0.67977367296886E-06 -0.98362680836490E-03
 -0.48563393678942E-04 -0.29923014204137E-04 -0.97300455912461E-03
 -0.79361081767068E-04 -0.10286561925411E-03 -0.32095677453395E-03
  0.36238162842931E-04  0.35817368171145E-04  0.18810232427157E-04
 -0.48659682399888E-04 -0.14369405493633E-04 -0.97235541795081E-03
 -0.67123064718945E-04 -0.56502441579435E-04 -0.29490597982568E-03
  0.53181258901637E-04 -0.19184152329767E-04 -0.98987346186167E-03
  0.41808797309422E-04 -0.11339098754742E-04 -0.98455927182025E-03
  0.45433268277946E-04 -0.24416746179052E-04 -0.16783069232943E-03
  0.39692715868324E-04 -0.23815204142536E-05 -0.98407717027281E-03
  0.15448058061631E-04  0.26911059829248E-04 -0.16610218159393E-03
  0.45357175457465E-04  0.57421582166374E-04 -0.14024639700071E-04
  0.38955277499756E-04  0.55267203635848E-05 -0.98363833605558E-03
 -0.25385009990070E-06  0.44961861010307E-04 -0.13833271207649E-03
  0.50706052401848E-04 -0.11640071680706E-04 -0.98941637838677E-03
  0.38289486386407E-04  0.10466685207448E-04 -0.98316693729752E-03
 -0.18106561975253E-05  0.31296414379995E-04 -0.83966414959911E-04
  0.35905796845693E-04  0.13433855944522E-04 -0.98230138467179E-03
  0.18239807444963E-05  0.13788455668423E-04 -0.37349732558020E-04
  0.55423777721041E-04  0.76151198545941E-04 -0.56625273663581E-04
  0.30723507247201E-04  0.13959488319051E-04 -0.98198639955883E-03
  0.78702629651666E-05  0.47328157415909E-05 -0.20681032562875E-04
  0.46987400539500E-04 -0.50129481511677E-05 -0.98875428104635E-03
  0.22661903703643E-04  0.11192679928981E-04 -0.98246046168370E-03
  0.15767937551804E-04  0.17102249913795E-05 -0.29468373369430E-04
  0.13733478081833E-04  0.60427061765159E-05 -0.98311854120345E-03
  0.25364400411715E-04 -0.22410376392347E-05 -0.54659994920765E-04
  0.60800337710152E-04  0.90821807902861E-04 -0.96623663999434E-04
  0.34731851903991E-04 -0.72890790818193E-05 -0.88470999887470E-04
  0.30390552458882E-04 -0.10238287716084E-04 -0.98492691079882E-03
  0.26528519284217E-04 -0.13194939618987E-05 -0.16484243546511E-03
  0.59588507859170E-05  0.25767299967579E-04 -0.98522782425975E-03
 -0.16923582293167E-04 -0.50562756450219E-04 -0.98114950856068E-03
  0.22868524628023E-04 -0.52168715547179E-04 -0.21100009491819E-03
 -0.16375548990728E-04 -0.54324853735268E-04 -0.97857394152599E-03
  0.51172583615409E-04  0.42893085501813E-04 -0.21676445481949E-04
 -0.15900844071253E-04 -0.53458495701991E-04 -0.97580670211064E-03
 -0.16213905405088E-04 -0.11443297991108E-03 -0.31559748489368E-03
  0.61058570308625E-04 -0.27068310376431E-04 -0.98794571736978E-03
 -0.15024637605579E-04 -0.47200466031021E-04 -0.97388771444386E-03
 -0.24901231478542E-04 -0.10621799667584E-03 -0.31170842440867E-03
 -0.15176712808546E-04 -0.35796215321079E-04 -0.97310640166057E-03
 -0.21675163980755E-04 -0.64838331578661E-04 -0.27660687604714E-03
  0.58925258423762E-04  0.68534441888124E-04 -0.50318426196128E-04
 -0.14083775616019E-04 -0.19160752814382E-04 -0.97229059417824E-03
 -0.12129225495116E-04 -0.25043772684822E-04 -0.25546812101087E-03
  0.59578108114621E-04 -0.22700564443416E-04 -0.98771515499541E-03
  0.19406237689620E-04 -0.17902798763351E-04 -0.98516222112047E-03
  0.38748808544253E-04 -0.33802961818382E-04 -0.16074906895230E-03
  0.17958422002172E-04 -0.83496029201990E-05 -0.98461620770363E-03
  0.11005088506676E-04  0.19511002498395E-04 -0.16504872609152E-03
  0.66566804224116E-04  0.84579299832034E-04 -0.89643711455440E-04
  0.19156202841215E-04 -0.27630704553617E-06 -0.98437795525176E-03
 -0.45843840295547E-05  0.43563090701003E-04 -0.14269472635758E-03
  0.55361271898490E-04 -0.17334850016247E-04 -0.98732424309599E-03
  0.20666760239020E-04  0.46707940436872E-05 -0.98356495132227E-03
 -0.65863877184412E-05  0.33138170668634E-04 -0.87296883117914E-04
  0.21488797801374E-04  0.78805579050770E-05 -0.98291045120658E-03
 -0.34295103292043E-05  0.14226164620643E-04 -0.29600531497911E-04
  0.59885939812803E-04 -0.29574013348193E-04 -0.98726139199633E-03
  0.34430973221101E-04 -0.33324404339650E-04 -0.16864334024222E-03
 -0.16724404192412E-04 -0.44859244973872E-04 -0.98296766924090E-03
  0.53442704327713E-04  0.57125121501741E-05 -0.27423816447875E-04
  0.29714631722758E-04 -0.20697147388164E-05 -0.98452775704748E-03
  0.31505123439665E-05  0.37689685297586E-04 -0.15599588537688E-03
  0.30029003527450E-04  0.47193681621323E-05 -0.98376183458886E-03
 -0.53639195158422E-05  0.40979915956638E-04 -0.11426711445225E-03
  0.74029035596145E-04 -0.74636178005128E-04 -0.16322705752046E-03
  0.30610778979634E-04  0.79490026189596E-05 -0.98293922294100E-03
 -0.34458482952165E-05  0.22742731660925E-04 -0.55137269766808E-04
  0.44581794472854E-04 -0.20085877630100E-04 -0.98533533345536E-03
  0.28774702165990E-04  0.96289895559858E-05 -0.98232305125954E-03
  0.21662673100615E-06  0.83839785306460E-05 -0.13760115813801E-04
  0.23818245655979E-04  0.77456669409464E-05 -0.98246397890396E-03
  0.43271327357931E-05  0.33902896261969E-05 -0.90733127400456E-06
  0.83455455508317E-04 -0.84506850030301E-04 -0.13759029820698E-03
  0.19922617789557E-04  0.78064762780201E-05 -0.98269969189172E-03
  0.16216478336347E-04  0.22392266518387E-05 -0.98257305190469E-03
  0.49241296586022E-04 -0.26626341505689E-04 -0.98650530840944E-03
  0.75091072273381E-05 -0.48713063322404E-05 -0.98301097842157E-03
  0.14759192885190E-04 -0.11681350475078E-05 -0.28251590598666E-04
 -0.24667681062229E-07 -0.12835579033791E-04 -0.98341616422714E-03
  0.23953185989757E-04 -0.54937451102607E-05 -0.57032552811397E-04
  0.69221256193562E-04 -0.45903590655172E-04 -0.77934380298807E-04
 -0.65462236628962E-05 -0.20722850353835E-04 -0.98375355439601E-03
  0.32111024847867E-04 -0.11111771669765E-04 -0.87858653269326E-04
  0.55522193656895E-04 -0.29574209000552E-04 -0.98680682883567E-03
 -0.11603870902711E-04 -0.29314277825066E-04 -0.98393752470448E-03
  0.37604203270773E-04 -0.16426813484229E-04 -0.11463597390487E-03
 -0.14954962726098E-04 -0.37296634041285E-04 -0.98367480598649E-03
  0.38811139784165E-04 -0.22866513002153E-04 -0.13916001244322E-03
  0.84147500496645E-05  0.15440966863456E-05 -0.78629390476256E-05
  0.15461811137886E-04 -0.61969121120825E-04 -0.97499163133392E-03
  0.63943605931673E-06 -0.55223208845156E-05 -0.17573346226355E-05
  0.63745788435381E-04  0.81735301722209E-04 -0.13980661826517E-03
 -0.22552348808424E-04  0.40704421233344E-04 -0.15607686919113E-03
  0.55765905075939E-04 -0.36754629683582E-05 -0.97573943939232E-03
 -0.44351606171783E-04  0.11579390034538E-04 -0.98198402716983E-03
 -0.20078295385057E-04  0.31701665983103E-04 -0.10415355846692E-03
 -0.37300053315651E-04  0.20339351466300E-04 -0.98165227071106E-03
 -0.13652182768036E-04  0.90187969694047E-05 -0.53154733820464E-04
  0.15770558466612E-03 -0.17431698446268E-04 -0.33411775239823E-03
 -0.30324756071068E-04  0.24779867424352E-04 -0.98241933119211E-03
 -0.13743289738167E-04 -0.53347773224935E-05 -0.39011613775629E-04
  0.57955277405345E-04 -0.19868446913983E-04 -0.97562588230898E-03
 -0.22307038636429E-04  0.22981391465986E-04 -0.98311360855198E-03
 -0.18578633524766E-04 -0.14306854933681E-04 -0.57193499003329E-04
 -0.14690004529022E-04  0.15623038991650E-04 -0.98338397347389E-03
 -0.50525851635480E-04  0.34406831077680E-07 -0.98284711043978E-03
 -0.26319945115713E-04 -0.22626451687303E-04 -0.89743549495898E-04
 -0.52778848691887E-05  0.70698601001843E-05 -0.98405379326986E-03
 -0.31461817421586E-04 -0.28616821201742E-04 -0.12150526791317E-03
  0.59207022639619E-04 -0.33922883776088E-04 -0.97548718369793E-03
  0.50359954661132E-05 -0.24241931545998E-05 -0.98417847130119E-03
 -0.31245428423212E-04 -0.29025352133462E-04 -0.14655284903181E-03
  0.15191564570826E-04 -0.11644281710089E-04 -0.98399783493152E-03
 -0.24356161595072E-04 -0.21298137472349E-04 -0.16156139909152E-03
  0.12944920504250E-03  0.36279669964711E-05 -0.29342916904377E-03
  0.25872129054619E-04 -0.19439394028301E-04 -0.98402337949306E-03
 -0.10151064064939E-04 -0.56139454325320E-05 -0.16641192403193E-03
  0.59435725911132E-04 -0.46394008544222E-04 -0.97591145913180E-03
 -0.62001322060222E-04 -0.42147249895120E-05 -0.98193299377477E-03
 -0.21865652696130E-04  0.29566282249064E-04 -0.17874803017587E-03
  0.15804916520870E-03 -0.13763193660991E-04 -0.33222255001807E-03
 -0.55496321004416E-04  0.82879561611998E-05 -0.98168904404256E-03
  0.13551318561839E-03  0.35365117338966E-05 -0.31636771171839E-03
 -0.52974000155520E-04 -0.11894029262951E-04 -0.98326912802399E-03
 -0.19801849629364E-04  0.40622117306487E-04 -0.12459898096917E-03
  0.65259143970215E-04 -0.45086068977800E-04 -0.97926953428381E-03
 -0.32687386225820E-04  0.13399912372365E-04 -0.98233437656158E-03
 -0.13549002701005E-04  0.21189620170438E-04 -0.62029509495656E-04
 -0.28180323943563E-04  0.19843208452421E-04 -0.98208745722390E-03
 -0.84811700932399E-05  0.42272544473964E-05 -0.21287343225856E-04
  0.75088006536664E-04  0.54195801047811E-04 -0.18610734296588E-03
 -0.23192039004036E-04  0.20002046556500E-04 -0.98265105956364E-03
 -0.78368947536841E-05 -0.44041430892481E-05 -0.15032932534644E-04
  0.62864159413203E-04 -0.49218074884601E-04 -0.98081678648189E-03
 -0.17715685491310E-04  0.15084410378817E-04 -0.98293010934901E-03
 -0.11021184019052E-04 -0.10259412985727E-04 -0.31638505249961E-04
 -0.10844959277548E-04  0.65752564458857E-05 -0.98322420214808E-03
 -0.74102519978779E-05  0.10924494576059E-04 -0.17049903213013E-03
 -0.17098976434658E-04 -0.17774182507900E-04 -0.58883377024531E-04
 -0.22577367959357E-05 -0.38992924863268E-05 -0.98355901519645E-03
 -0.23967871447793E-04 -0.26982311460606E-04 -0.90487289263539E-04
  0.56777470889243E-04 -0.48409108980618E-04 -0.98181400277549E-03
  0.68483299072330E-05 -0.13997901129614E-04 -0.98384983427386E-03
 -0.28257987319667E-04 -0.33454013402754E-04 -0.12203038805249E-03
  0.16454966560092E-04 -0.24120953092658E-04 -0.98405907676619E-03
 -0.27684371453423E-04 -0.34613959258571E-04 -0.14775060035076E-03
  0.17494898031123E-04  0.14545209215160E-04 -0.17164369153709E-03
  0.25987193971238E-04 -0.32329000900770E-04 -0.98344202176597E-03
 -0.20723513465227E-04 -0.26913112906287E-04 -0.16438124244747E-03
  0.47358406413426E-04 -0.45611937782679E-04 -0.98266713468196E-03
  0.37188436953286E-04 -0.39648909113724E-04 -0.98310065096973E-03
 -0.45742122149288E-05 -0.99552798335035E-05 -0.17055880747395E-03
  0.45013740454129E-04  0.40630740733891E-04 -0.17373494315919E-03
 -0.37722599547136E-04  0.44348041673312E-05 -0.98313084944709E-03
 -0.28969344503238E-04  0.39072648257330E-04 -0.15161944387372E-03
 -0.46855711471875E-04  0.19457443721257E-04 -0.98137542020051E-03
  0.44091061663774E-04 -0.61350321459397E-04 -0.97638407928246E-03
 -0.42295585540615E-04  0.27701850995351E-04 -0.16691164615053E-03
  0.76185180937588E-04 -0.69832191400439E-05 -0.27972218506443E-03
 -0.45746107123159E-04  0.26898912363911E-04 -0.98129326211442E-03
 -0.38306841993504E-04  0.25500398423470E-06 -0.13186418665963E-03
  0.38552927857518E-04 -0.15945202271716E-04 -0.97263724121535E-03
 -0.35424221311517E-04  0.31589431399968E-04 -0.98256476636386E-03
  0.85260389778387E-04 -0.28939595085260E-04 -0.29590734950119E-03
 -0.39039939589546E-04 -0.17443398426513E-04 -0.12594490180062E-03
  0.37977310796313E-04 -0.34401585442403E-04 -0.97272400783870E-03
 -0.24160741088794E-04  0.31564640724361E-04 -0.98376816748763E-03
 -0.39148829632893E-04 -0.22277421053285E-04 -0.14042454855098E-03
  0.83465315943195E-04 -0.56665314715791E-04 -0.31971240123541E-03
 -0.56444896830310E-04  0.17493412832069E-04 -0.98074076052562E-03
  0.37068018499407E-04 -0.50262326452222E-04 -0.97283792765090E-03
 -0.33881754449560E-04 -0.15262963702577E-04 -0.15679641375467E-03
  0.30509083647926E-04  0.29619094477655E-05 -0.25532777208493E-03
  0.25371741816869E-04 -0.21457238823380E-05 -0.97267121499870E-03
 -0.18201031321488E-05  0.20165116285904E-04 -0.98463011097238E-03
 -0.21618674796310E-04  0.18491417044882E-05 -0.16475110837615E-03
  0.36344988166105E-04 -0.16774444981888E-04 -0.26205096394826E-03
  0.98402848111916E-05  0.13512991860370E-04 -0.98428077182610E-03
  0.23087898257543E-04 -0.23677329208956E-04 -0.97232662959750E-03
 -0.26232628670172E-05  0.25108014569436E-04 -0.16427485260141E-03
  0.44864124370981E-04 -0.48988877198000E-04 -0.28896753976088E-03
 -0.73021146589167E-04 -0.33713238540598E-06 -0.97885690482422E-03
 -0.50976530828920E-04  0.18888608025556E-04 -0.23886331961051E-03
  0.21799546382120E-04 -0.41569668099888E-04 -0.97206506735003E-03
 -0.12927960038707E-04  0.26801933403888E-04 -0.98461168340053E-03
  0.83177751885900E-04  0.13163801014388E-04 -0.24314243057049E-03
  0.48594423025888E-04 -0.44086298381119E-04 -0.27199960916948E-03
 -0.66059922845418E-04  0.43977957228696E-05 -0.98065879048357E-03
 -0.24035264784710E-04  0.17261387466803E-04 -0.10105628752426E-03
  0.57653283135811E-04 -0.53659255601829E-04 -0.97766776085611E-03
 -0.37830481731906E-04  0.26986409627661E-04 -0.98201925304648E-03
 -0.22543302578909E-04 -0.40559354113020E-05 -0.75437015023322E-04
  0.38753353983781E-04  0.32789954712322E-05 -0.21012522387376E-03
  0.52423138841310E-04 -0.57006195039847E-04 -0.97907889769509E-03
 -0.28345906670951E-04  0.28268756384268E-04 -0.98308828744434E-03
 -0.27094585414951E-04 -0.17476087417054E-04 -0.86851724787919E-04
  0.67780617555244E-05 -0.15823620576270E-04 -0.19313432060824E-03
 -0.19353319946266E-04  0.24431346113372E-04 -0.98375516221214E-03
  0.44577432280470E-04 -0.55778970731295E-04 -0.98062584450638E-03
 -0.33661228631287E-04 -0.24772306800752E-04 -0.11652539426793E-03
  0.12024396376686E-03  0.19231684525997E-05 -0.31108716549378E-03
 -0.39887069199730E-04  0.37203015231305E-04 -0.19790440176955E-03
 -0.86569913939061E-05  0.17315033852325E-04 -0.98459250068074E-03
  0.49805263756546E-04 -0.82931469362687E-05 -0.97344773332581E-03
  0.17783909000622E-05  0.85807976376073E-05 -0.98436821515368E-03
  0.13007025898017E-03 -0.17466275161608E-04 -0.32259434943324E-03
 -0.28900227332685E-04 -0.17014677014675E-04 -0.16019208675477E-03
  0.49712773581889E-04 -0.27013093511656E-04 -0.97337791316300E-03
  0.12559826150494E-04  0.11284529435871E-05 -0.98377038782351E-03
 -0.15323852728476E-04 -0.19223375383481E-06 -0.16611073656577E-03
  0.12591932562476E-03 -0.27467568530494E-04 -0.32362598589706E-03
  0.51017750554743E-04 -0.42738408399878E-04 -0.97375653227107E-03
 -0.70309336246603E-04 -0.97503702622900E-05 -0.98061550428766E-03
 -0.18250413743381E-04  0.45010390363102E-05 -0.19421586692177E-03
  0.94740925949048E-04 -0.34185403305342E-04 -0.30396236965927E-03
  0.48852046372461E-04 -0.53943918308483E-04 -0.97476821388572E-03
 -0.34876877091256E-04 -0.24755852197617E-04 -0.14380448104640E-03
  0.39962970602399E-04 -0.11200715584950E-03 -0.34734742828029E-03
  0.10943603873000E-03  0.45631022754941E-04 -0.22001368271793E-03
 -0.41405704765086E-04 -0.64869521685346E-05 -0.98354218635283E-03
 -0.21872857748029E-05 -0.16681541313803E-04 -0.53874724369520E-04
  0.56596564759494E-04 -0.12304313288566E-04 -0.98091353076505E-03
  0.71929410446550E-05 -0.50811859621838E-04 -0.98113718006385E-03
 -0.39676596450724E-05 -0.30323765137212E-04 -0.10250094272155E-03
  0.14159634898804E-04 -0.57493217245032E-04 -0.98081003193486E-03
 -0.32186502744330E-05 -0.50564034116333E-04 -0.16790874861759E-03
  0.12735397218306E-03 -0.57090576697272E-04 -0.23610443099539E-03
  0.21602953481341E-04 -0.63201018032179E-04 -0.97925254197233E-03
  0.64846049824550E-05 -0.74330354421654E-04 -0.24245035694367E-03
  0.59857188738067E-04 -0.22721960053193E-04 -0.98173419533392E-03
  0.27651028342051E-04 -0.64212058491275E-04 -0.97662810036934E-03
  0.29718481200946E-04 -0.88627292310450E-04 -0.30356793056338E-03
  0.33392474914037E-04 -0.60113529790578E-04 -0.97409499386429E-03
  0.14248615315537E-05 -0.42502171705777E-04 -0.98153038744767E-03
  0.61659744884955E-04 -0.81233961156408E-04 -0.32961010335475E-03
 -0.17508368258835E-04 -0.16742369976578E-04 -0.98395435026466E-03
  0.15560452183559E-04 -0.10083899221277E-04 -0.16497485704663E-03
  0.64537742404513E-04 -0.30701685801659E-04 -0.98175236340961E-03
 -0.17847759540865E-04 -0.65406749719187E-05 -0.98401171583442E-03
 -0.68891350657492E-05  0.33385830860079E-04 -0.16053693593245E-03
 -0.15530156280060E-04  0.20809923450713E-05 -0.98372330012510E-03
 -0.14586453590066E-04  0.41303887105965E-04 -0.11907938034526E-03
  0.10566484152114E-03  0.34701072231652E-04 -0.17024311662686E-03
 -0.12201550301598E-04  0.85979366757556E-05 -0.98296718847503E-03
 -0.10422341050521E-04  0.22052970249666E-04 -0.53751557303748E-04
  0.67729476169033E-04 -0.37431830545514E-04 -0.98180744800888E-03
 -0.10387513951605E-04  0.12874764757448E-04 -0.98263458669520E-03
 -0.52905737247085E-05  0.59684681387149E-05 -0.79083250734187E-05
  0.12375214135893E-03 -0.19446184464269E-04 -0.21108829487539E-03
 -0.10596060133298E-04  0.11910883548173E-04 -0.98287253047318E-03
  0.10337850596814E-03 -0.47207387405523E-04 -0.22774060312679E-03
 -0.29675548046030E-05 -0.34136914853730E-04 -0.98215976300832E-03
  0.19694873884638E-04 -0.54702259421769E-04 -0.97254536279228E-03
  0.47035952888824E-04 -0.88868196448733E-04 -0.33258334867042E-03
  0.53307860890866E-04 -0.25198398392382E-04 -0.98552890117507E-03
 -0.44257618632879E-05 -0.21494153258708E-04 -0.98423564981753E-03
  0.33021018066036E-04 -0.38224690053605E-04 -0.16088340467177E-03
 -0.60254833145555E-05 -0.10796531713905E-04 -0.98376515614049E-03
  0.62121000779484E-05  0.15810811578518E-04 -0.16637582469714E-03
  0.46862065776859E-04  0.66940251131371E-04 -0.15297673667891E-03
 -0.44382571915936E-05 -0.21038800446080E-05 -0.98414887437789E-03
 -0.95684962516121E-05  0.42627389469099E-04 -0.14507205578142E-03
  0.44676258472102E-04 -0.19239003809669E-04 -0.98519348352850E-03
 -0.19497745792888E-05  0.43433874206307E-05 -0.98354744367355E-03
 -0.10983534359076E-04  0.33385515718971E-04 -0.87436640008314E-04
 -0.38875442213113E-07 -0.96453275627802E-05 -0.21785978632555E-04
  0.36145564314283E-07  0.92847890740684E-05 -0.98288802330562E-03
  0.24764279747417E-04  0.44751061132224E-04 -0.16027013034727E-03
 -0.12456681065036E-07  0.10396776541655E-04 -0.98299870508212E-03
 -0.27320876659900E-05  0.25438327750073E-05  0.30043805100145E-05
  0.34532377954911E-04 -0.12778422574366E-04 -0.98449020476440E-03
 -0.22142733168898E-05  0.52719350552693E-05 -0.98340064811686E-03
 -0.99516867234632E-06  0.79927279938381E-07  0.11151658412316E-04
 -0.42107750360379E-05 -0.44006315228248E-05 -0.98330460228720E-03
  0.21408146343440E-06 -0.93600924398358E-06  0.10994174465007E-04
  0.33850289131472E-05  0.20933762790433E-04 -0.16472992307576E-03
 -0.54489883306471E-05 -0.15001294512436E-04 -0.98279113206862E-03
  0.76767358858342E-06 -0.25065484462810E-05  0.77406740963547E-05
  0.23935415360574E-04 -0.63056639818817E-05 -0.98395452490603E-03
 -0.52558288672572E-05 -0.24615408712309E-04 -0.98257622041427E-03
 -0.63547156976198E-05  0.12926548650432E-04 -0.27509650641402E-04
 -0.14119893749615E-04  0.32161076462148E-04 -0.16336807545770E-03
 -0.24763675758304E-05  0.36659798213692E-06  0.78548794031294E-05
 -0.10446855740023E-04  0.46870504707348E-05 -0.98303613416183E-03
 -0.91293740170850E-05  0.12352096383853E-04 -0.29323069790769E-04
  0.36383889042032E-04 -0.26984699058999E-04 -0.98385376834142E-03
 -0.19091182605659E-04  0.16726932588772E-04 -0.98248735730098E-03
 -0.50303535059078E-05  0.17933825671184E-05 -0.16547809804344E-05
 -0.16814685096562E-04  0.13364618788227E-04 -0.98272474075901E-03
 -0.34398745811660E-05 -0.29378425307653E-05 -0.26509345469100E-06
  0.14317144970071E-03 -0.32360984018178E-04 -0.29351303379254E-03
 -0.13525674177563E-04  0.53886173220845E-05 -0.98292274759138E-03
 -0.47589027723564E-05 -0.70250031234038E-05 -0.11471897817142E-04
  0.59243468988548E-04 -0.14618669222695E-04 -0.97848204806988E-03
 -0.79495772151557E-05 -0.40495704829147E-05 -0.98304054010370E-03
 -0.89821205215233E-05 -0.12198838424370E-04 -0.29639877213153E-04
 -0.65360793953498E-06 -0.15006802133991E-04 -0.98287677564844E-03
 -0.21295262997525E-04  0.14079086931532E-04 -0.98259581822850E-03
 -0.14542788855860E-04 -0.21225253266412E-04 -0.56721904288284E-04
  0.67421926088957E-05 -0.25397888286687E-04 -0.98300757517891E-03
 -0.21260627858706E-04 -0.30666599461636E-04 -0.91619887518337E-04
  0.62105870540732E-04 -0.27171949875941E-04 -0.97857576825954E-03
  0.16052294042882E-04 -0.34891940363715E-04 -0.98322720499760E-03
 -0.25280006785138E-04 -0.37725071207711E-04 -0.12722033297556E-03
  0.25220506686303E-04 -0.43856733491860E-04 -0.98278909456943E-03
 -0.24231092735793E-04 -0.39646210083943E-04 -0.15776380926743E-03
  0.14282254132850E-03  0.97246849849912E-05 -0.26960771612194E-03
  0.35054653850749E-04 -0.50588492627532E-04 -0.98217301906179E-03
 -0.13966321838744E-04 -0.31753293653516E-04 -0.17890449208090E-03
  0.65367430744530E-04 -0.37481907490347E-04 -0.97839228956130E-03
 -0.41618471970412E-04 -0.18277796625691E-04 -0.98389938322757E-03
  0.80347422936117E-05 -0.14701899312189E-04 -0.16515531833693E-03
  0.15743886110832E-03 -0.27870428638821E-04 -0.30227983205286E-03
  0.89210086363524E-04  0.69735150072299E-04 -0.14862523176119E-03
  0.94626153056567E-05  0.16105739408498E-04 -0.16511483146758E-03
 -0.25132743100196E-04  0.72626486771661E-05 -0.98323802831208E-03
 -0.10673457427274E-05 -0.21235833032845E-05  0.76031712181863E-05
  0.67778711086681E-04 -0.40002268538607E-04 -0.98297781439917E-03
 -0.91008131354961E-05 -0.55531094067792E-05 -0.98287092537084E-03
 -0.10315404018606E-05 -0.42897762286248E-05  0.22113418867390E-05
 -0.60359960297811E-05 -0.15248642173920E-04 -0.98269574316721E-03
 -0.31732430863155E-05 -0.81222585212752E-05 -0.87796062946130E-05
  0.73825452244878E-04  0.77402758812860E-04 -0.14789101021786E-03
 -0.11828839606641E-05 -0.25154039297266E-04 -0.98230277938528E-03
 -0.67610267758466E-05 -0.14610789244471E-04 -0.31329203107415E-04
  0.63533824793134E-04 -0.40606992735681E-04 -0.98336857555152E-03
  0.49155778721969E-05 -0.35471059577471E-04 -0.98217991743152E-03
 -0.12772589929909E-04 -0.23452412720472E-04 -0.64691047560623E-04
  0.12764249512799E-04 -0.43983268845758E-04 -0.98217480352456E-03
 -0.15595520294810E-04  0.32746846036030E-04 -0.88048275803218E-04
 -0.17994346017208E-04 -0.33760289916971E-04 -0.10676784564922E-03
  0.21391059099528E-04 -0.52403381062145E-04 -0.98198704151236E-03
 -0.19543770210398E-04 -0.44929257103576E-04 -0.15307450238567E-03
  0.56897715919128E-04 -0.37645435297360E-04 -0.98402751523563E-03
  0.29784712904033E-04 -0.59252741570314E-04 -0.98062336709757E-03
 -0.12243424077314E-04 -0.52164313843535E-04 -0.19805954268762E-03
  0.37803566817327E-04 -0.62559018283941E-04 -0.97847227624473E-03
  0.99151602538176E-05 -0.50996322240177E-04 -0.23736520490369E-03
  0.33089864931135E-04  0.42501628759180E-04 -0.16060516074647E-03
 -0.29920430509068E-04 -0.11729344504456E-04 -0.98372813117217E-03
 -0.10232036588618E-05  0.14155326182443E-04 -0.16628959155395E-03
  0.46970613777191E-04 -0.32522785884890E-04 -0.98409622522260E-03
 -0.28587037161369E-04 -0.18246919500830E-05 -0.98378317984219E-03
 -0.15985323545161E-04  0.41570488016361E-04 -0.14595230485657E-03
  0.56036880244692E-04  0.65756890896296E-04 -0.15431559797322E-03
 -0.92665639899307E-04 -0.12776770057651E-03 -0.33435128290943E-03
  0.25670564912717E-04  0.73242611919632E-06 -0.62695181213105E-04
  0.52438117692935E-04 -0.25593774965955E-04 -0.98954340674708E-03
  0.88143644633593E-05  0.10006223184212E-03 -0.32039094865271E-03
  0.18631772046859E-04 -0.18337880356693E-04 -0.99187862130635E-03
  0.23381186140236E-04  0.69256707734320E-04 -0.97490387965846E-03
 -0.15370643487313E-04  0.97729513773096E-04 -0.30309794094589E-03
  0.18559917283368E-04  0.76659046250708E-04 -0.97754097104690E-03
 -0.50459309361259E-04  0.63962021998806E-04 -0.24203570239787E-03
  0.86309316974356E-05  0.54856757234589E-05  0.88201976983891E-04
  0.11417869480883E-04  0.78471640787340E-04 -0.98058762023080E-03
 -0.82953057338916E-04  0.36560138908790E-04 -0.18599962594719E-03
  0.19306451666171E-04 -0.68824338907928E-05 -0.99200950310158E-03
  0.33562849457084E-05  0.74986952807161E-04 -0.98330422328409E-03
 -0.10338078182823E-03  0.24470617901637E-04 -0.14852115909461E-03
 -0.51586853723892E-05  0.67245513803205E-04 -0.98570954849651E-03
  0.25769769678431E-04  0.56837100159979E-04 -0.97291228193702E-03
 -0.11096499385903E-03  0.19378218062043E-04 -0.11978133185824E-03
 -0.12768651881257E-04  0.56046805492367E-04 -0.98730639594239E-03
 -0.10744368852862E-03  0.14737887770876E-04 -0.92375032263939E-04
  0.18443614848892E-04  0.55694456028601E-05 -0.99221894271427E-03
 -0.19368842602972E-04  0.42802034855415E-04 -0.98872598196473E-03
 -0.95163022357711E-04  0.97524513412407E-05 -0.60026906645340E-04
 -0.24462562946933E-04  0.28391916041932E-04 -0.99016348188578E-03
 -0.76539713355994E-04  0.40469371514473E-05 -0.20789088889916E-04
  0.72768806021913E-05  0.21134419152381E-04  0.71698423114679E-04
 -0.28852054829017E-04  0.13271649365217E-04 -0.99069103149096E-03
 -0.55451208501437E-04 -0.14836084542592E-05  0.18325826435468E-04
  0.16681993885311E-04  0.17430878448347E-04 -0.99159711357698E-03
 -0.32139734787869E-04 -0.92445406087312E-06 -0.99115403381863E-03
 -0.35509540577963E-04 -0.66614774500194E-05  0.47100877098869E-04
  0.68818934925060E-05  0.12759369642364E-04  0.84209876055322E-04
  0.13088776086046E-04 -0.55595564395843E-05  0.80162803385406E-04
  0.21113104004049E-04  0.63468628076221E-04 -0.29029516272087E-03
  0.25417547164357E-04  0.39438670606215E-04 -0.97235743399497E-03
 -0.19247257074229E-04  0.35219902831180E-04 -0.99058718358799E-03
 -0.55178548313011E-04  0.55829747318833E-05  0.17764031879541E-04
 -0.12187696337954E-05 -0.30186512706350E-04 -0.98602428800076E-03
 -0.22027910008792E-04  0.20323434198684E-04 -0.99143423726815E-03
 -0.37578438050896E-04  0.37879025104774E-06  0.48601567069390E-04
 -0.24079340146766E-04  0.57612248875018E-05 -0.99159622353084E-03
 -0.22916762142944E-04 -0.41733986717322E-05  0.70788477566096E-04
  0.58035561892350E-04 -0.95598162214310E-04 -0.10207952712358E-03
 -0.25196373054150E-04 -0.77693410465435E-05 -0.99170619836993E-03
 -0.10876157469277E-04 -0.90047160631653E-05  0.80287044350661E-04
  0.44821294533746E-05 -0.33848088624589E-04 -0.98834308096960E-03
 -0.27250227023180E-04 -0.21465508221578E-04 -0.99143889774435E-03
 -0.36844424156070E-06 -0.17223711532482E-04  0.74499268208949E-04
 -0.30830933477962E-04 -0.32285389219066E-04 -0.99097944626117E-03
  0.11573338399005E-04 -0.36241327694686E-04  0.45425412747182E-04
  0.42391342428113E-04 -0.65502944720860E-04 -0.22980945413947E-04
 -0.36567919698500E-04 -0.38036304591444E-04 -0.98942807909964E-03
  0.27284293722540E-04 -0.69366733433336E-04 -0.17501483834927E-04
  0.11856416157701E-04 -0.33223416446592E-04 -0.98999004782194E-03
 -0.43027242909019E-04 -0.38749678748783E-04 -0.98732787280491E-03
  0.40720632193803E-04 -0.10042419640815E-03 -0.92689086969630E-04
 -0.48954232552365E-04 -0.33587532470996E-04 -0.98538549229404E-03
  0.38617288326875E-04 -0.95525126770683E-04 -0.14140938402348E-03
  0.23753752136922E-04 -0.28058014623440E-04  0.46632436699482E-04
 -0.52240825696665E-04 -0.24164174838436E-04 -0.98398710495104E-03
  0.18852718772062E-04 -0.47787059270163E-04 -0.16126438064760E-03
  0.16398059270337E-04 -0.27699617909948E-04 -0.99113124710566E-03
  0.25099052332245E-04  0.19422162985199E-04 -0.97249950495654E-03
  0.26690120673295E-04  0.24366873653435E-04 -0.26292579178182E-03
 -0.35387367595033E-04 -0.15323027030216E-04 -0.99134669747359E-03
 -0.18045458185162E-04 -0.12953791833065E-04  0.60331227882698E-04
  0.11637768102564E-04  0.33441758652255E-04  0.49459425315654E-04
 -0.39176367395574E-04 -0.27978807117982E-04 -0.99100392996305E-03
 -0.20184323153288E-05  0.56372245528674E-04 -0.98619268811220E-03
  0.45547013074246E-05  0.67534923797799E-04 -0.98390797356710E-03
 -0.82948713283745E-04  0.15294537031601E-04 -0.15515370798139E-03
 -0.51249535621075E-05  0.58107184043143E-04 -0.98538327020080E-03
 -0.10206170199438E-03  0.13874332117317E-04 -0.14109626560698E-03
  0.18229070002392E-04  0.12293187791748E-03 -0.18457880429119E-03
 -0.14383580015332E-04  0.47421916438233E-04 -0.98667410551698E-03
 -0.11126798297900E-03  0.11024054274925E-04 -0.12454197358042E-03
 -0.86031157154297E-05  0.57968685253729E-04 -0.98416698934281E-03
 -0.22225509934375E-04  0.34947787177405E-04 -0.98826652276255E-03
 -0.10966893961200E-03  0.68361142764959E-05 -0.98875856533133E-04
 -0.28921321523377E-04  0.20950361607696E-04 -0.98921762154742E-03
 -0.97733850422282E-04  0.18035713242500E-05 -0.62828362018999E-04
 -0.10423577332341E-04  0.11541881957482E-03 -0.22897010183734E-03
 -0.34429791693707E-04  0.59141054582690E-05 -0.99006729305049E-03
 -0.77191602330540E-04 -0.39446110653223E-05 -0.22423963857918E-04
 -0.17233087625974E-04  0.55685489456610E-04 -0.98094888930305E-03
 -0.39815312143483E-04 -0.84990252929476E-05 -0.99072585895006E-03
 -0.53052005393620E-04 -0.98659596510364E-05  0.11632124255904E-04
 -0.44512833514912E-04 -0.22247581982692E-04 -0.99054888466910E-03
 -0.29680280577265E-04 -0.17809587111057E-04  0.30348645470768E-04
 -0.51592148613508E-04  0.95947668851981E-04 -0.27332881264446E-03
 -0.49183302759954E-04 -0.33437187569902E-04 -0.98941926461077E-03
 -0.89090056832804E-05 -0.35676671937287E-04  0.22333716017262E-04
 -0.26857688215683E-04  0.49980620211548E-04 -0.97810852129873E-03
 -0.55072156068397E-04 -0.39670136362169E-04 -0.98744365305661E-03
  0.11741944065458E-04 -0.67570231664284E-04 -0.24725577653580E-04
 -0.61167818341579E-04 -0.40435795043523E-04 -0.98534528573802E-03
  0.28408934166949E-04 -0.10172692100355E-03 -0.96647567407310E-04
 -0.54570434757411E-04  0.18042910763715E-04 -0.17373870018138E-03
  0.55044855101214E-04 -0.85491398760313E-04 -0.14607201994108E-03
  0.14709911592513E-04  0.73196410888153E-04 -0.98184019430377E-03
 -0.19652002582998E-04  0.31055221776793E-04 -0.20973451381840E-03
 -0.27679254807292E-05 -0.24937582740602E-04  0.53913178734611E-04
  0.15478288110905E-04  0.28293228767001E-04 -0.99137355071462E-03
 -0.43985646854101E-04 -0.36573174093116E-04 -0.98968392030789E-03
  0.13363294679924E-04 -0.50578140762594E-04  0.16144780532889E-04
 -0.50219452207631E-04 -0.40657140990424E-04 -0.98753044019335E-03
  0.30296874454310E-04 -0.87082145401477E-04 -0.53430730317210E-04
  0.17692647271900E-04  0.49621594106127E-04  0.14396477304494E-04
 -0.56437947669429E-04 -0.37729362061021E-04 -0.98560893110348E-03
  0.38176449639947E-04 -0.10583135042022E-03 -0.12042110029473E-03
  0.12916675342660E-04  0.38435382588326E-04 -0.99065941695986E-03
 -0.60857329624189E-04 -0.29857210460832E-04 -0.98397493214160E-03
  0.28390868048831E-04 -0.79152871181330E-04 -0.15546294510582E-03
 -0.63110120664186E-04 -0.18148166467504E-04 -0.98263075678447E-03
  0.28765285471356E-05 -0.20418100447954E-04 -0.17219207340842E-03
  0.25228566259616E-04  0.70435248174072E-04 -0.30843143484554E-04
  0.38968275029397E-04  0.50129319827963E-05 -0.97276030670474E-03
  0.69137331720624E-04  0.14562970868407E-04 -0.27838896710776E-03
  0.94145865470946E-05  0.46795718428965E-04 -0.98946943711941E-03
  0.38460199996125E-04  0.25478864612151E-04 -0.97268194104622E-03
  0.63786120640860E-04  0.47612740439619E-04 -0.30007694363585E-03
  0.38024676675185E-04  0.44069280386632E-04 -0.97288720845892E-03
  0.55412027780684E-04  0.85460538874415E-04 -0.33385126333093E-03
  0.31050085390463E-04  0.94303126768728E-04 -0.82963466740308E-04
  0.36174541536301E-04  0.58684000684049E-04 -0.97456858114682E-03
  0.41711743586675E-04  0.93087161372364E-04 -0.32930875047424E-03
  0.42811575088108E-05  0.53250416801659E-04 -0.98810601364992E-03
  0.31226587265001E-04  0.68584892658858E-04 -0.97647582013224E-03
  0.15657678134137E-04  0.62938961239941E-04 -0.27149406222128E-03
  0.23835395851369E-04  0.73725173712393E-04 -0.97907799141963E-03
  0.30352318776156E-04  0.11421213531758E-03 -0.13628519668326E-03
  0.48993731171347E-04 -0.63866792187167E-04 -0.15512673287924E-03
 -0.74083578084166E-04  0.11095982482293E-04 -0.16958403912952E-04
 -0.90825916540475E-04  0.16606026801540E-04 -0.52857569628768E-04
  0.12791196899819E-05 -0.41741445427470E-05  0.94508871870365E-04
  0.69908690666120E-05 -0.36804714724792E-05  0.91007986970166E-04
 -0.46311661094547E-05 -0.19539592944642E-04 -0.99207165119590E-03
  0.80275566878335E-05 -0.13190427773183E-04  0.83405470097623E-04
  0.74536781447020E-05 -0.13076371444270E-04 -0.99195266508349E-03
 -0.70363882972525E-05 -0.29463801091574E-04 -0.99145004637336E-03
  0.18624176105764E-04 -0.33283759651769E-04  0.48169480275193E-04
 -0.12628816488949E-04 -0.35606668164997E-04 -0.98979947374654E-03
  0.35075199283858E-04 -0.68867653586850E-04 -0.22029689863824E-04
  0.25685386398927E-05  0.28689802984616E-05  0.94780635135373E-04
 -0.19924084809041E-04 -0.36389971577824E-04 -0.98806013675832E-03
  0.48685607926163E-04 -0.98496949597325E-04 -0.10010344131892E-03
  0.74401095028682E-05 -0.33816438047974E-06 -0.99218698534313E-03
 -0.43959412565661E-05 -0.70797122319992E-05 -0.99197333607518E-03
 -0.25771160009212E-04 -0.32307791598126E-04 -0.98623892704765E-03
 -0.29001454234033E-04 -0.23124038960675E-04 -0.98457598263055E-03
  0.24710105031635E-04 -0.41136021348379E-04 -0.16046318191470E-03
 -0.76377823648676E-06  0.77297542105145E-05  0.91477896926363E-04
 -0.11876361581716E-04  0.15112371637463E-05 -0.97198534648098E-03
 -0.91261314390025E-05 -0.12290979658231E-05 -0.25111329550305E-03
  0.68813995563809E-05  0.13078535872151E-04 -0.99205772972681E-03
 -0.92953847956259E-05  0.23077048201132E-04 -0.97239276683946E-03
 -0.16268109210873E-04  0.24984867924917E-04 -0.25577013141298E-03
 -0.44921219964216E-05  0.41495704437139E-04 -0.97292945068517E-03
 -0.30772632261261E-04  0.70036588957906E-04 -0.27929970855180E-03
 -0.27757507569731E-05  0.13574734799794E-04  0.80802403465473E-04
 -0.12744521395389E-05  0.57024334191800E-04 -0.97326596866313E-03
 -0.49651369330991E-04  0.12132304910323E-03 -0.32236138006706E-03
  0.45515369071135E-04 -0.89271051407137E-04 -0.14500031451686E-03
 -0.42054879261295E-05  0.66943684191758E-06  0.94550036398767E-04
 -0.41425910514053E-05  0.64966861672266E-05 -0.99207010895115E-03
  0.65127787779702E-05 -0.24186001806144E-04 -0.99168649788704E-03
 -0.23016981872314E-04  0.30880272315144E-04 -0.97272768317240E-03
 -0.45667757117080E-04  0.52044900387525E-04 -0.27769396073187E-03
  0.54421070777177E-04 -0.97880780482497E-04 -0.12899687340404E-03
 -0.16416060406281E-04  0.48033096192371E-04 -0.97353909995731E-03
 -0.60477108669725E-04  0.10406859433494E-03 -0.31082024597434E-03
 -0.10908769563699E-04 -0.33879111876495E-04 -0.98730512561751E-03
 -0.10937387630934E-04  0.60543536764709E-04 -0.97592089507347E-03
 -0.63596155002887E-04  0.14549711887247E-03 -0.33452203627251E-03
 -0.77862263802862E-05  0.67967990497414E-04 -0.97852690584079E-03
 -0.56787737736220E-04  0.15001778407910E-03 -0.30293157571739E-03
  0.47372675483156E-04 -0.85691592133265E-04 -0.64124874012510E-04
 -0.47003537771669E-05  0.72019727380357E-04 -0.98165454178154E-03
 -0.46722422340609E-04  0.11599813481389E-03 -0.21074748412843E-03
 -0.40306791823837E-05 -0.35093696925936E-04 -0.98916726607662E-03
 -0.43155331250120E-05  0.71356872488741E-04 -0.98463842839656E-03
 -0.40223264999469E-04  0.73128027813845E-04 -0.10666151029676E-03
 -0.43648632749179E-05  0.66827353025495E-04 -0.98750537216719E-03
 -0.33331497496758E-04  0.42304100426543E-04 -0.26003012016983E-04
  0.29093669271388E-04 -0.47769816625712E-04  0.17443793324542E-04
 -0.47179315076559E-05  0.58214710635638E-04 -0.98971558276339E-03
 -0.26568386401261E-04  0.23971078790517E-04  0.24409604568128E-04
  0.23666140004175E-05 -0.31720889865017E-04 -0.99049091369395E-03
 -0.51543932262842E-05  0.47046997449338E-04 -0.99093673264000E-03
 -0.20230495307070E-04  0.14136238264024E-04  0.54768738107557E-04
 -0.47451660055896E-05  0.33877583460203E-04 -0.99156655242432E-03
 -0.14513398157440E-04  0.88247425148078E-05  0.75178063634276E-04
  0.15090229766194E-04 -0.18420883144155E-04  0.70722604601202E-04
 -0.45272608898583E-05  0.20119002035183E-04 -0.99191703152015E-03
 -0.98709987213195E-05  0.45394671166064E-05  0.88077455109008E-04
  0.55237597177627E-05  0.25372171405287E-04 -0.99158048793339E-03
  0.16814408936803E-06  0.68978616784925E-04 -0.97526275499216E-03
 -0.67226717579102E-04  0.14291376969510E-03 -0.33176778245495E-03
  0.80061283284447E-06  0.75114144259718E-04 -0.97838205088674E-03
 -0.27780971022040E-07  0.11372857516002E-03 -0.15557384519267E-03
 -0.35011219819715E-04 -0.35538539428294E-04 -0.98676578081562E-03
  0.45399699699193E-04 -0.10155532113455E-03 -0.12502080811438E-03
 -0.55847448776684E-05  0.65039513471054E-04 -0.98438578458521E-03
 -0.39327293115384E-04 -0.28723233442861E-04 -0.98491447157550E-03
  0.33457017235220E-04 -0.71907120708019E-04 -0.15400812919814E-03
  0.84939876268370E-05  0.11822101303030E-04 -0.97248552519725E-03
  0.46067271964760E-05  0.10564542016315E-04 -0.25079985275279E-03
 -0.15591590549175E-04  0.13929629661086E-03 -0.23709985475779E-03
  0.96313610792633E-05  0.32015188167789E-04 -0.97272632158215E-03
 -0.29379129922673E-05  0.40454150566286E-04 -0.26233078426364E-03
 -0.10172784368474E-04  0.63667567965803E-04 -0.98166311638793E-03
  0.11798524337158E-04  0.50242369482209E-04 -0.97233073283442E-03
 -0.16438325443386E-04  0.88894647597808E-04 -0.29670731757021E-03
  0.12749997368604E-04  0.65038007575612E-04 -0.97344243231668E-03
 -0.37316963614997E-04  0.12115644553821E-03 -0.32321465851769E-03
 -0.43797509834927E-04  0.14237514907369E-03 -0.29499462101892E-03
  0.10426283516189E-04  0.74332807406385E-04 -0.97591836986232E-03
 -0.67356367375554E-04  0.10812913467559E-03 -0.29206926709752E-03
 -0.16377863929988E-04  0.59700460367575E-04 -0.97859736166139E-03
  0.66696298233469E-05  0.79342214113001E-04 -0.97956414421726E-03
 -0.93747100675897E-04  0.70411071900657E-04 -0.21851707656172E-03
  0.12741087997732E-05  0.78725145907787E-04 -0.98281730400981E-03
 -0.10495355208777E-03  0.41446565875794E-04 -0.14926912216567E-03
 -0.70365910319833E-04  0.11666208279675E-03 -0.31716379675686E-03
 -0.45679260697711E-05  0.72450317714649E-04 -0.98537801396725E-03
 -0.10222340668271E-03  0.25066723839333E-04 -0.95523948330218E-04
 -0.23625585414045E-04  0.50172274670407E-04 -0.97566387863458E-03
 -0.10453085054252E-04  0.62842247581471E-04 -0.98778730924338E-03
  0.39061607711936E-04 -0.87582938378926E-04 -0.60660279373782E-04
 -0.15474328305456E-04  0.50129244232810E-04 -0.98923551256394E-03
 -0.28122846258756E-04 -0.38155203813046E-04 -0.98875063437701E-03
 -0.21363070059589E-04 -0.34516357109377E-04 -0.99049007316448E-03
 -0.80163223271721E-04  0.11676464970428E-03 -0.26914367055271E-03
 -0.19312953544516E-05  0.21423275405630E-04  0.61698135026937E-04
 -0.14517733733969E-05  0.77525489833232E-04 -0.98206866450259E-03
 -0.84812822975675E-04  0.72637111065692E-04 -0.16985310060351E-03
  0.48502246899336E-05  0.37559152584282E-04 -0.99146790570587E-03
 -0.41757333082978E-05  0.74518385501459E-04 -0.98545614498334E-03
 -0.77636206094281E-04  0.40717495405649E-04 -0.83673675441880E-04
 -0.72398440513326E-05  0.66233711736086E-04 -0.98777387938980E-03
 -0.64850059917268E-04  0.22249628585934E-04 -0.22981226253985E-04
 -0.10327768339188E-05  0.33618534452328E-04  0.32495454625886E-04
 -0.10287360401907E-04  0.55419194476558E-04 -0.98962474163036E-03
 -0.50693471727517E-04  0.13003002563680E-04  0.17164502227371E-04
  0.28007092796628E-05  0.49426427428086E-04 -0.99051467024692E-03
 -0.12587694395942E-04  0.41993268872218E-04 -0.99082210171908E-03
 -0.36673094219591E-04  0.78138266413333E-05  0.46107666021745E-04
 -0.14038197526899E-04  0.27822091711022E-04 -0.99158312682605E-03
 -0.25011634879835E-04  0.36616159911770E-05  0.67951605793717E-04
  0.11837267104299E-05  0.52716849726908E-04 -0.11497935166602E-04
 -0.14665833152810E-04  0.12932832560925E-04 -0.99201195930441E-03
 -0.15073932724343E-04 -0.62644268840181E-06  0.83322462418386E-04
  0.41468279121612E-06  0.57636457256395E-04 -0.98890853648414E-03
 -0.15524207277900E-04 -0.81240776823597E-06 -0.99195246544799E-03
 -0.67801013686129E-05 -0.46151963037464E-05  0.91171490758525E-04
 -0.15911418003196E-04 -0.13908666299273E-04 -0.99193771064954E-03
  0.68056509115449E-06 -0.10611043934176E-04  0.88109445865084E-04
  0.34635231360575E-05  0.81044143577330E-04 -0.75584572513474E-04
 -0.17323475052475E-04 -0.26160525726731E-04 -0.99168817404524E-03
  0.96118156399539E-05 -0.23742980532667E-04  0.67746017731504E-04
 -0.20015033726353E-05  0.63084636189741E-04 -0.98682937421408E-03
  0.23086258142835E-04 -0.51015530096245E-04  0.16843184736298E-04
 -0.45810565082969E-04 -0.40264019679206E-04 -0.97530118224274E-03
 -0.67404790793625E-04 -0.34800441108971E-04 -0.98328868071176E-03
  0.82956595047383E-05 -0.24840870867144E-04 -0.98522297014453E-03
  0.32590131923018E-04  0.45532734136795E-04 -0.20850017495157E-03
  0.50016699782142E-04  0.20139295557378E-04 -0.98138832122837E-03
  0.18598616946088E-04  0.53740655869268E-04 -0.17887511507368E-03
  0.31565621589566E-04  0.44304869567240E-04  0.20396729146680E-04
  0.45914120841461E-04  0.26547608263334E-04 -0.98133797490190E-03
  0.19366992699438E-04  0.32249140051414E-04 -0.12925680080810E-03
  0.40180519889437E-04 -0.79626931716849E-06 -0.99075738137478E-03
  0.39744115322415E-04  0.30800280775223E-04 -0.98151776940921E-03
  0.26959907475967E-04  0.11340659235045E-04 -0.99801876081729E-04
  0.31636613128691E-04  0.32478893605180E-04 -0.98215280935808E-03
  0.37358396513080E-04  0.11941403620587E-05 -0.10419047600055E-03
  0.40916492063226E-04  0.63174123959992E-04 -0.17787191323235E-04
  0.22258551797306E-04  0.30340050308775E-04 -0.98288492366402E-03
  0.52135469336168E-04  0.10248169022357E-04 -0.98149349308871E-03
  0.44880718496238E-04 -0.32588098911346E-05 -0.12524243723388E-03
  0.12610737114893E-04  0.25184738657630E-04 -0.98346967845274E-03
  0.43767327779181E-04 -0.70820480248424E-05 -0.14653590950640E-03
  0.26394867838513E-05  0.17952154755806E-04 -0.98394986064503E-03
  0.31822433818665E-04 -0.11088115323905E-04 -0.16050916331402E-03
  0.49984114336188E-04  0.82730498909286E-04 -0.60165958428108E-04
 -0.74003851912954E-05  0.99826576423662E-05 -0.98401456123310E-03
  0.95328362567867E-05 -0.13221059124099E-04 -0.16563666830164E-03
  0.32851001722515E-04  0.14527778157776E-04 -0.98917698503012E-03
 -0.16663782435808E-04  0.12844516393830E-05 -0.98425708267760E-03
 -0.18527562410782E-04 -0.15088663305495E-04 -0.16449028600106E-03
 -0.25431626263454E-04 -0.83167805185661E-05 -0.98509583855337E-03
 -0.49252272794606E-04 -0.16935925356322E-04 -0.16100039985801E-03
  0.53928656458652E-04  0.97552106996311E-04 -0.99502432950345E-04
  0.37042259366682E-04  0.70866750068306E-05 -0.99006176238626E-03
  0.42703852327070E-04 -0.10525456046077E-04 -0.99078345780357E-03
  0.64956281472862E-04  0.32270015198634E-06 -0.21532365423230E-03
  0.54314321308730E-04 -0.47021414457420E-06 -0.98101313975724E-03
 -0.65412139068578E-05  0.22990046795415E-04 -0.98389670599130E-03
 -0.17615771254567E-04 -0.85121117146785E-05 -0.16494499926772E-03
 -0.16612219571597E-04  0.14112105211437E-04 -0.98456529802129E-03
 -0.50037377023887E-04 -0.95742740543150E-05 -0.16042055203284E-03
  0.50051312724127E-04 -0.59171809617365E-04 -0.34016497416456E-04
 -0.26012789988350E-04  0.44780400903926E-05 -0.98557542965124E-03
 -0.80399776052222E-04 -0.10894107909734E-04 -0.15469217019069E-03
  0.36098824216123E-04 -0.31652279557195E-04 -0.98933743267229E-03
 -0.34526875249985E-04 -0.70639658697734E-05 -0.98648168888278E-03
 -0.10407428548730E-03 -0.13486082801570E-04 -0.14804808267622E-03
 -0.42002794673306E-04 -0.19131824874007E-04 -0.98686140157600E-03
 -0.11628100881526E-03 -0.18802829763846E-04 -0.14059273537113E-03
  0.30274785583476E-04 -0.17396336891513E-04  0.30580682983577E-04
 -0.48108095326255E-04 -0.30039322777138E-04 -0.98601039903603E-03
 -0.11482186311329E-03 -0.30855118643954E-04 -0.13871896107611E-03
  0.40914188109729E-04 -0.27258066388723E-04 -0.99044016627829E-03
 -0.53552980918722E-04 -0.37464839173402E-04 -0.98426101835819E-03
 -0.99760759837003E-04 -0.57622051484114E-04 -0.15935725209189E-03
 -0.59398687056773E-04 -0.40272949273117E-04 -0.98136314669487E-03
 -0.78705046245140E-04 -0.99278150098470E-04 -0.21532707379449E-03
  0.22377790337866E-04  0.89981571191812E-05  0.54939450386728E-04
 -0.65074313230772E-04 -0.37137834988481E-04 -0.97846237023421E-03
 -0.63193204978143E-04 -0.12894769135521E-03 -0.27294831151179E-03
  0.42821657132944E-04 -0.19960611815302E-04 -0.99110418983679E-03
 -0.69607437141283E-04 -0.27973494636634E-04 -0.97628436072871E-03
 -0.62245094309883E-04 -0.11236710500462E-03 -0.29467506400501E-03
 -0.70932245538760E-04 -0.14008134138060E-04 -0.97457607211253E-03
 -0.78329349005164E-04 -0.61750725080332E-04 -0.30567440346818E-03
  0.24889176686238E-04  0.27037122827952E-04  0.47356545181340E-04
 -0.33216731022076E-04 -0.18774624626058E-04 -0.98587106350104E-03
 -0.78759203041134E-04 -0.19874539880332E-04 -0.15889915207675E-03
  0.27487228906891E-04  0.21258375234718E-04 -0.98821943439118E-03
 -0.39963533455024E-04 -0.28701017956938E-04 -0.98534108047256E-03
  0.27787741036101E-04  0.21232388963688E-04 -0.98223265737031E-03
 -0.15268174148510E-04 -0.27381400569992E-04 -0.98506409495424E-03
  0.73804053445957E-04 -0.91635078240607E-04 -0.14010964391878E-03
  0.18438198074048E-04  0.17699031238791E-04 -0.98309190532370E-03
  0.36250238925542E-04 -0.32451614516509E-05 -0.89085535588804E-04
  0.36697847260968E-04 -0.27203101413917E-04 -0.98704766513376E-03
  0.93876779533974E-05  0.12248998008524E-04 -0.98381971190963E-03
  0.43174721238674E-04 -0.80174473419112E-05 -0.11986437630861E-03
 -0.78341603031195E-07  0.45240027238478E-05 -0.98396952746343E-03
  0.41307851753756E-04 -0.13000925529709E-04 -0.14534310279137E-03
  0.66740050973567E-04 -0.75688184365028E-04 -0.85824610435637E-04
 -0.89116417807466E-05 -0.39098883527716E-05 -0.98401162999881E-03
  0.29538340404637E-04 -0.16989477932364E-04 -0.15993255486331E-03
  0.43277997942930E-04 -0.29938621530806E-04 -0.98818091969214E-03
 -0.16854562419448E-04 -0.12236470808114E-04 -0.98447188902636E-03
  0.10454415519200E-04 -0.19581538895355E-04 -0.16472231189890E-03
 -0.24413535633877E-04 -0.21413980866676E-04 -0.98477774583191E-03
 -0.15127804048292E-04 -0.22266964175548E-04 -0.16503115472958E-03
  0.46067436642280E-04 -0.29874112963116E-04 -0.14205140586137E-04
 -0.30741193101344E-04 -0.30493357220540E-04 -0.98455561629054E-03
 -0.44231636248784E-04 -0.26961167167439E-04 -0.16843843197093E-03
  0.49565616220254E-04 -0.29575387474076E-04 -0.98873987727031E-03
 -0.35036094518973E-04 -0.38115472860156E-04 -0.98327404582828E-03
 -0.71913390375046E-04 -0.38752387746476E-04 -0.18566131242901E-03
 -0.38871777389457E-04 -0.43133880138704E-04 -0.98129072112757E-03
 -0.92532289236258E-04 -0.67696632448007E-04 -0.23006045668560E-03
  0.34266387556520E-04  0.91611196668837E-05  0.23678696854726E-04
 -0.42492371885740E-04 -0.43715224186970E-04 -0.97851628808778E-03
 -0.99684443066009E-04 -0.10900677277665E-03 -0.29620243526475E-03
  0.14797057209615E-04  0.66238966263333E-05 -0.52482436410517E-04
  0.28097208222607E-04 -0.31360338083742E-04 -0.98826965710207E-03
  0.35686990045728E-04  0.21916664109162E-04 -0.98176430158439E-03
  0.72813461903289E-05  0.20663680117986E-04 -0.72954205871055E-04
 -0.10229922523259E-03 -0.26898409898990E-04 -0.16402731363788E-03
 -0.44905768928494E-04 -0.36513875023876E-04 -0.98380261351237E-03
 -0.11417067138285E-03 -0.45824996748985E-04 -0.18626859850525E-03
  0.51056593195354E-04  0.10324474758232E-03 -0.12916455294760E-03
 -0.49722302905334E-04 -0.40876605589078E-04 -0.98145815482926E-03
 -0.11269996805574E-03 -0.83730956544344E-04 -0.23943449821333E-03
  0.20528760196568E-04  0.27198267330263E-04 -0.98733572726360E-03
 -0.54947929137288E-04 -0.40642065992937E-04 -0.97846364082615E-03
 -0.10250599283084E-03 -0.12437437976744E-03 -0.30493689733186E-03
 -0.59431229269471E-04 -0.33751995774905E-04 -0.97535528736633E-03
 -0.90773998338723E-04 -0.12901611407691E-03 -0.33271836465979E-03
  0.41180908777815E-04  0.97687745616738E-04 -0.14699090170888E-03
 -0.62029385287016E-04 -0.21999282447809E-04 -0.97333179391081E-03
 -0.86142850265896E-04 -0.92860719363334E-04 -0.32341660023488E-03
  0.11699716704205E-04  0.33325151284222E-04 -0.98683964782659E-03
 -0.61778577385439E-04 -0.58736480664025E-05 -0.97281229289440E-03
 -0.90954151054229E-04 -0.41615862485196E-04 -0.31973161682603E-03
  0.50925978667173E-04 -0.11386740127146E-04 -0.98335445364442E-03
  0.69141912645322E-04 -0.42964086350815E-04 -0.18410955503931E-03
  0.22861470725266E-04  0.79565233618087E-04 -0.15832397653256E-03
  0.48471756971882E-04 -0.13913103751798E-05 -0.98301327251727E-03
  0.34636242103666E-04  0.12889707707959E-04 -0.18176240016898E-03
  0.43665311038149E-06  0.38124720933892E-04 -0.98578147463333E-03
  0.46749291604299E-04  0.73789819152512E-05 -0.98289630838729E-03
  0.10982295338878E-04  0.46186572548541E-04 -0.16757741374770E-03
  0.44581737502999E-04  0.14703078008689E-04 -0.98269577426686E-03
  0.41569108735816E-05  0.41333995451753E-04 -0.12298708381697E-03
  0.55985789641530E-04 -0.58047607020960E-04 -0.15854765682664E-03
  0.41264897411081E-04  0.19281129841993E-04 -0.98227162556039E-03
  0.32191990820274E-04 -0.19625054960541E-04 -0.98570928948342E-03
  0.29715739072079E-04 -0.10221517631934E-03 -0.14961032347133E-03
  0.11884677842035E-04 -0.63958757449773E-05 -0.16614805413475E-03
  0.67020697646293E-04 -0.92831441704644E-04 -0.10868403051730E-03
 -0.11171696247268E-03 -0.28418168577113E-05 -0.10143847538768E-03
 -0.39021874469881E-04 -0.13988139757489E-05 -0.98943291951240E-03
 -0.98344398437431E-04 -0.76711162028501E-05 -0.67029166408835E-04
  0.14909857142422E-04  0.74843925663122E-05  0.75073549094324E-04
 -0.45542577300937E-04 -0.15643223856236E-04 -0.98963679214537E-03
 -0.75482314676620E-04 -0.13879129826633E-04 -0.33899063054710E-04
  0.31584430448638E-04 -0.13242821023768E-04 -0.99156992943299E-03
 -0.50892043862760E-04 -0.28593305989109E-04 -0.98872767393503E-03
 -0.48655244000084E-04 -0.25695244824610E-04 -0.14835985305387E-04
 -0.56267196746724E-04 -0.37237848477044E-04 -0.98739944391837E-03
 -0.21771215411395E-04 -0.50301137532867E-04 -0.29409425692642E-04
  0.15171199152154E-04  0.19035742276833E-04  0.68941679255326E-04
 -0.62711045510108E-04 -0.40973250701115E-04 -0.98507852375921E-03
 -0.32061724688599E-04  0.12423100394018E-04 -0.98811443889730E-03
  0.20490661021329E-05 -0.87971069656220E-04 -0.86680985587584E-04
 -0.69090951800793E-04 -0.38031434458782E-04 -0.98247696345331E-03
  0.15427976084033E-04 -0.11207539955925E-03 -0.15183031828575E-03
 -0.73825386852499E-04 -0.29382212458791E-04 -0.98038112948755E-03
  0.86991304574630E-05 -0.90384385730567E-04 -0.18814929552915E-03
  0.18446078334076E-04  0.31629034384782E-04  0.50339644411509E-04
 -0.75446462794257E-04 -0.16039984702018E-04 -0.97888678864869E-03
 -0.18219285019957E-04 -0.32413242058418E-04 -0.21188963628630E-03
  0.28546519024891E-04  0.88162559378657E-05 -0.99159501130892E-03
  0.54458421453452E-04  0.13155406303880E-04 -0.97622083278702E-03
  0.10648466246907E-03  0.43026838675589E-04 -0.31389131681762E-03
 -0.65043172485180E-04  0.13858244784339E-04 -0.97927810684060E-03
  0.52585224612857E-04  0.27531653090753E-04 -0.97664055989830E-03
  0.81738694652620E-04  0.77256519046004E-04 -0.32175592492628E-03
  0.30782591890465E-04 -0.23260856587569E-05 -0.99155928824141E-03
  0.30142555474023E-04 -0.23402437242550E-04 -0.99158828982293E-03
 -0.11220348094724E-03  0.17008730630714E-05 -0.12818136276990E-03
 -0.24225981161413E-04  0.25835679106578E-04 -0.98701597857938E-03
 -0.70590584501644E-04 -0.23808467323065E-04 -0.98159212350717E-03
  0.11331925087802E-04 -0.55823291898415E-04 -0.17500529927401E-03
  0.49324113209828E-04  0.10459177696736E-04 -0.97370080209012E-03
  0.10637400372303E-03  0.31655602918453E-04 -0.31327564137012E-03
  0.63986245725199E-04 -0.95931477339274E-04 -0.13034003906456E-03
  0.47853102973505E-04  0.28316534142310E-04 -0.97419655574273E-03
  0.90624144469158E-04  0.70835438241403E-04 -0.33786737728939E-03
  0.12933814998611E-04 -0.31582169747686E-04 -0.98745833194519E-03
  0.46015257399027E-04  0.44133902112683E-04 -0.97489553249117E-03
  0.77301449583725E-04  0.90628647987438E-04 -0.34657692691916E-03
  0.42125277586590E-04  0.55635725676708E-04 -0.97646149179621E-03
  0.62941779650525E-04  0.68846959629949E-04 -0.30204951929962E-03
  0.56029851715154E-04 -0.81980888264124E-04 -0.67555960392577E-04
  0.35701558905138E-04  0.63733438196834E-04 -0.97867836378745E-03
  0.40995870587827E-04  0.33361316795459E-04 -0.23616188008711E-03
  0.20214960921282E-04 -0.33017750615200E-04 -0.98921908245519E-03
  0.26715211855737E-04  0.66403102669127E-04 -0.98098015035719E-03
  0.12965255999963E-04  0.13492682811871E-04 -0.19257593238282E-03
  0.15540268388547E-04  0.63631137061091E-04 -0.98270370585711E-03
 -0.19531585209714E-04  0.77769974626211E-05 -0.17196953443895E-03
  0.35112770149412E-04 -0.41971392474123E-04  0.11195708324774E-04
  0.50906698028944E-05  0.56743046795422E-04 -0.98410243584075E-03
 -0.51058632223172E-04  0.73873695637543E-05 -0.16113212492981E-03
  0.26516617087470E-04 -0.30871389759027E-04 -0.99041503623102E-03
 -0.55824869618302E-05  0.47667492658217E-04 -0.98510001797634E-03
 -0.79644337472693E-04  0.65413431170301E-05 -0.15369000932681E-03
 -0.15883248898475E-04  0.37689586378098E-04 -0.98599493103618E-03
 -0.10109661238398E-03  0.49839107378573E-05 -0.14464497867019E-03
  0.20141769400249E-04 -0.10065802588662E-04  0.60549346302010E-04
  0.49341120299121E-04  0.40167446040571E-04 -0.97750436232317E-03
  0.68414387508855E-04  0.73846961570100E-04 -0.29600468838262E-03
  0.25563564738545E-04  0.47923877314583E-04  0.20952779401334E-04
  0.43965148920063E-04  0.49802644387749E-04 -0.97921466243674E-03
  0.50059579839112E-05  0.45521385878192E-04 -0.98713060165792E-03
 -0.66145577716278E-04 -0.39751410633695E-04 -0.98179713506658E-03
 -0.22700790932300E-04 -0.11015375771432E-03 -0.17418781396646E-03
 -0.71818839987101E-04 -0.33506971317430E-04 -0.97928969181331E-03
 -0.16248191075741E-04 -0.11685547526194E-03 -0.22249448528754E-03
  0.28510104516219E-04  0.10376976751550E-03 -0.16311199359788E-03
 -0.75136349698175E-04 -0.22011510632249E-04 -0.97742536078063E-03
 -0.32010778604315E-04 -0.75521144715696E-04 -0.24531601618504E-03
 -0.45947512798525E-05  0.49636146494491E-04 -0.98543112326355E-03
  0.57348940665993E-04 -0.10664282065251E-05 -0.97828821599484E-03
  0.10778088173102E-03 -0.16506966252921E-05 -0.27175816414395E-03
  0.54874952723843E-04  0.12453540138938E-04 -0.97877886218907E-03
  0.69985653570613E-04  0.44821326099701E-04 -0.26596879761794E-03
  0.39888850383443E-05  0.83784035957659E-04 -0.18486652849934E-03
  0.53232625604839E-04  0.24626064902421E-04 -0.97926462078026E-03
  0.47605981268141E-04  0.67810921572157E-04 -0.25301776633724E-03
 -0.14920173589610E-04  0.49844862754002E-04 -0.98330283980235E-03
  0.49194016489449E-04  0.34323468448910E-04 -0.97999084741597E-03
  0.41754737805267E-04  0.50376488918310E-04 -0.20868748320857E-03
  0.42672118895448E-04  0.40650937733936E-04 -0.98085300677454E-03
  0.44414422480525E-04  0.22229023594149E-04 -0.16477040837154E-03
  0.62978722207955E-04 -0.82848832815619E-04 -0.14790800551760E-03
  0.34837226390382E-04  0.43870561466322E-04 -0.98173970618605E-03
  0.48233583185994E-04  0.51619418352829E-05 -0.15055862566656E-03
  0.22570047698511E-04 -0.26448340504764E-04 -0.98650859403741E-03
  0.24848041675557E-04  0.43076696738078E-04 -0.98282089994397E-03
  0.46254430108045E-04 -0.13376763323260E-05 -0.15596013898443E-03
  0.14418734395088E-04  0.38402569095358E-04 -0.98358823303304E-03
  0.34296595614577E-04 -0.42259789498162E-05 -0.16330585052982E-03
 -0.45611378541910E-04 -0.71808530589332E-04 -0.11120533826581E-03
  0.39842014202203E-05  0.31440226880008E-04 -0.98383270278677E-03
 -0.59886374425435E-04 -0.39433585811620E-04 -0.98466406095434E-03
 -0.73866127225175E-04 -0.38178985391648E-04 -0.79340890316039E-04
  0.60615040645446E-04  0.41625846984206E-04 -0.23912810715198E-03
  0.25925306063098E-04  0.18523845943073E-04 -0.99085455941020E-03
  0.36643523385725E-04  0.55000010788929E-04 -0.98073529799461E-03
  0.51816731146474E-04  0.15267475766562E-04 -0.19591877852148E-03
  0.26548924474217E-04  0.55591278226332E-04 -0.98204176490884E-03
  0.35930444398085E-04  0.38720910378212E-05 -0.17794949188172E-03
  0.34934812892115E-04  0.67524641030598E-04 -0.19266264291206E-04
  0.15692236479702E-04  0.51558622646858E-04 -0.98340268942248E-03
  0.12762465914710E-04  0.77862852473574E-06 -0.17029952425790E-03
  0.22980370011779E-04  0.26780269942054E-04 -0.99019057960623E-03
  0.46482843053210E-05  0.44472990684353E-04 -0.98419659954526E-03
 -0.17209002028115E-04 -0.94500361077603E-07 -0.16506198909886E-03
 -0.64298894538590E-05  0.36116725854031E-04 -0.98449502424358E-03
 -0.49310187694449E-04 -0.11060574795017E-05 -0.16059801678075E-03
  0.42752219799872E-04  0.88068614853837E-04 -0.64524725868967E-04
 -0.16497543639778E-04  0.26050120783221E-04 -0.98496046746620E-03
 -0.78808526611532E-04 -0.28404366305788E-05 -0.15519725041794E-03
  0.18706038766940E-04  0.34569128550884E-04 -0.98919180613939E-03
 -0.25860623651767E-04  0.15522266040436E-04 -0.98607389547061E-03
 -0.10215548053351E-03 -0.50244785187014E-05 -0.14553884079357E-03
 -0.34052966869845E-04  0.38508230922991E-05 -0.98741170469548E-03
 -0.11478464887504E-03 -0.76969846661347E-05 -0.12996274760705E-03
  0.45560372405699E-04  0.10349939685084E-03 -0.10648169925220E-03
 -0.41748675306924E-04 -0.96770523348123E-05 -0.98811285542675E-03
 -0.11375461232470E-03 -0.12471277780191E-04 -0.10846919869695E-03
  0.12226877903110E-04  0.40414934478503E-04 -0.98825479068967E-03
 -0.48261640079340E-04 -0.23067926104389E-04 -0.98785726563920E-03
 -0.98806271266749E-04 -0.20585481422670E-04 -0.86150662525256E-04
 -0.53719600141942E-04 -0.33514168973116E-04 -0.98677326152671E-03
  0.42459815543090E-04  0.11010186910146E-03 -0.13899800542156E-03
 -0.30260273012758E-04  0.14136975440545E-05 -0.16670817651008E-03
  0.65850378413073E-05 -0.11344220917034E-04 -0.97187930648074E-03
 -0.53814329325070E-04  0.25720553358244E-04 -0.97975875948495E-03
 -0.11785603006071E-03  0.22247563492056E-04 -0.34748049832692E-03
 -0.49732479828750E-04  0.32073246710081E-04 -0.97668797175677E-03
 -0.10781930957488E-03  0.33649347942667E-04 -0.32224967698023E-03
 -0.38055670657637E-04  0.41525113092688E-04 -0.97873140922129E-03
 -0.73411072005707E-04  0.40236098647028E-04 -0.26662402311774E-03
 -0.26009524487245E-04  0.47564088959303E-04 -0.98098879923296E-03
 -0.31256958627912E-04  0.58893624194493E-04 -0.21647870599068E-03
 -0.56818332125097E-04  0.11641937717934E-04 -0.97317120629792E-03
 -0.10076944140224E-03  0.60705644227562E-05 -0.33213914972511E-03
 -0.48471051792934E-04  0.27387372976421E-04 -0.97414920310337E-03
 -0.10617291898265E-03  0.44287915965972E-04 -0.33673737405227E-03
 -0.37592593299426E-04  0.41020865002341E-04 -0.97583194513525E-03
 -0.89281858297403E-04  0.73018023326186E-04 -0.31407019643037E-03
 -0.63968713599788E-04 -0.12773058408289E-04 -0.28820933108141E-03
 -0.41355944227049E-04  0.21022520397607E-04 -0.97265468863815E-03
 -0.72079705576138E-04  0.31979579666784E-04 -0.29815787707462E-03
 -0.32270574827882E-04  0.37664306949917E-04 -0.97359827530366E-03
 -0.78744251850583E-04  0.77270309840239E-04 -0.31238032418311E-03
 -0.28297492839974E-04  0.12777852638838E-04 -0.97223864509800E-03
 -0.32699375989730E-04  0.11654039618683E-04 -0.26204028281226E-03
 -0.68031462708057E-04  0.31893551550168E-04 -0.24244655648733E-03
 -0.61261160372664E-04  0.18242887929885E-04 -0.97486986554314E-03
 -0.10231594598276E-03 -0.10965503222311E-04 -0.33103601132392E-03
 -0.46203444457318E-04  0.25685266788240E-05 -0.97243423452820E-03
  0.14915212603884E-06  0.53601055055160E-04 -0.16784111212205E-03
 -0.65614008720571E-04  0.10677396645763E-04 -0.21202272991351E-03
 -0.68499038667410E-04  0.21012365792257E-05 -0.97416735316269E-03
 -0.42008148454157E-04  0.33783205307550E-04 -0.98145722081987E-03
 -0.56257809134691E-04 -0.10584384117516E-04 -0.18134925777596E-03
 -0.29599421512371E-04  0.36848264316283E-04 -0.98308493715093E-03
 -0.17874829332293E-04  0.35618688832182E-04 -0.98411942204803E-03
  0.76617741454261E-05 -0.74451515584749E-05 -0.25134597161844E-03
 -0.58767059648472E-05  0.31964706474979E-04 -0.98471104852101E-03
 -0.10371706048051E-04  0.26146700178296E-04 -0.16480091022039E-03
 -0.74528418958076E-04 -0.67559024947582E-05 -0.97642461788855E-03
 -0.64123014223664E-04 -0.17846336027867E-04 -0.27451980253822E-03
 -0.45280416191566E-04 -0.12850706117625E-04 -0.16909951105593E-03
 -0.92993065956923E-04  0.19613906682161E-04 -0.30516950474041E-03
 -0.26819039411820E-04  0.26107354195348E-04 -0.18235011246771E-03
 -0.69358202950405E-04  0.89036099565300E-05 -0.97649160860496E-03
 -0.22421675431488E-04  0.42955833024578E-04 -0.98298157513438E-03
 -0.10674449692248E-04  0.41788547061117E-04 -0.98452071647366E-03
 -0.34737626869925E-04  0.40263344674646E-04 -0.98148936090082E-03
 -0.55361833304711E-04  0.72134084216717E-05 -0.20970005278193E-03
 -0.82693012677188E-04  0.81325634784378E-05 -0.25470900949919E-03
 -0.47198337228892E-04  0.34337282391499E-04 -0.97947263432505E-03
 -0.99639182114808E-04  0.22291591441652E-04 -0.29879288251913E-03
 -0.59390533865444E-04  0.22702367633726E-04 -0.97743646647247E-03
 -0.75455791764801E-04  0.26165842471165E-04  0.35243698779759E-03
  0.71576252864629E-04  0.78705735336295E-05  0.12708171002536E-02
 -0.50346564668549E-04 -0.19272996162468E-04  0.32598273064576E-03
  0.14726790453166E-03  0.29188289835990E-04  0.43632887677180E-03
 -0.58387634655716E-04  0.13497747285889E-04  0.13156078664223E-02
  0.71830519103779E-04  0.24913925607270E-04  0.12756131753779E-02
  0.68663635503122E-04  0.44436996547508E-04  0.12955518253878E-02
  0.70822585167605E-04  0.38925433134690E-04  0.12851275795277E-02
  0.11215172545442E-03  0.11898339145758E-03  0.40392771658443E-03
  0.10915762988185E-03  0.95119382100276E-04  0.35522266486519E-03
  0.62737250593699E-04  0.42903722456851E-04  0.13061420655237E-02
 -0.56505742360239E-04 -0.48856916114517E-05  0.13195046658017E-02
  0.10662749255380E-03  0.65931186384441E-04  0.32704339146385E-03
  0.12418910617264E-03  0.96185119308627E-04  0.43126994573210E-03
 -0.33204993916219E-04 -0.32019297585636E-04  0.26056646416732E-03
 -0.23018201900405E-04 -0.23397255204667E-04  0.13387058899575E-02
 -0.24137018253060E-04 -0.21671024299961E-04  0.19595567379066E-03
 -0.50698786202387E-04 -0.32743614121169E-04  0.13335422667533E-02
 -0.16140480624023E-04 -0.91365735427259E-05  0.16444614437975E-03
 -0.47341408669162E-04 -0.39324261881992E-04  0.13396009870204E-02
 -0.10828802954486E-04  0.67048100590151E-06  0.16335205799409E-03
 -0.41821035334985E-04 -0.39212221603979E-04  0.13421110426115E-02
 -0.96412969209017E-05  0.96088815074354E-05  0.18058801275220E-03
 -0.33341832514505E-04 -0.33059313071222E-04  0.13415721034095E-02
 -0.12200801390760E-04  0.16218440916462E-04  0.20907584387363E-03
 -0.14888429980299E-04  0.20365017271044E-04  0.24589425621824E-03
 -0.11657502633590E-04 -0.10559757329450E-04  0.13351428425217E-02
 -0.13462971875661E-04  0.24660376836491E-04  0.28229823437951E-03
 -0.51175247244900E-06  0.18217689307442E-05  0.13320255965692E-02
  0.55681952418879E-04  0.37153815184078E-04  0.13152681138690E-02
 -0.53653513868387E-04 -0.21288883794543E-04  0.13261105280263E-02
  0.10127531802034E-03  0.46568854991430E-04  0.32999322179695E-03
 -0.49942649526102E-04 -0.39150175364687E-04  0.30090605941748E-03
  0.86875577699670E-04  0.34988091893973E-04  0.34183125900999E-03
 -0.58825917334677E-04 -0.37608028525865E-04  0.13234825536419E-02
 -0.35130913838256E-04 -0.31624443071552E-04  0.23196346817395E-03
 -0.63108484278662E-04 -0.22127937585851E-04  0.13157736309458E-02
 -0.47098998150610E-05  0.29941657613888E-04  0.31095305062357E-03
 -0.65533155413272E-04 -0.25640144618187E-05  0.13092323735548E-02
 -0.74868536608261E-04 -0.12090508140958E-04  0.35224118186464E-03
 -0.25699118339641E-04 -0.16255842038072E-04  0.19015022169832E-03
  0.81561599511786E-04  0.18124438336941E-04  0.12859203092234E-02
  0.79856475357617E-04  0.32258712030454E-04  0.12920032930427E-02
  0.80077763975709E-04  0.97400409367027E-04  0.37942874418306E-03
  0.77093220465142E-04  0.39223288462945E-04  0.13008557630571E-02
  0.75204241680132E-04  0.93551194304510E-04  0.32556696598889E-03
  0.72111879170412E-04  0.38565339356842E-04  0.13099525313056E-02
  0.81405411662776E-04  0.65392628954102E-04  0.27940904094512E-03
  0.10147387412410E-03  0.49675056492718E-04  0.40451751475575E-03
  0.46789617240838E-04  0.29103554936102E-04  0.13204818260816E-02
 -0.54103517152689E-04 -0.47557746703752E-04  0.13301744353741E-02
 -0.47526698641092E-04 -0.51249061858060E-04  0.13341787921482E-02
  0.36154414668476E-04  0.17997428233600E-04  0.13228950621065E-02
  0.64443666778906E-04  0.28485371801158E-04  0.34868522396039E-03
  0.23864099560322E-04  0.60134911028935E-05  0.13252919146277E-02
  0.38169698070776E-04  0.24854439671518E-04  0.34675961978725E-03
  0.11199526511897E-04 -0.49784120508495E-05  0.13272590668290E-02
  0.13451504041820E-04  0.22161794604503E-04  0.33599490557137E-03
 -0.18918049728793E-04 -0.45983010852403E-05  0.18813527549484E-03
 -0.12133246888808E-05 -0.16166810562654E-04  0.13290177676429E-02
 -0.13743825641458E-04 -0.28689130090685E-04  0.13311742063262E-02
 -0.15652225278982E-04  0.17087057559185E-04  0.28275851713436E-03
 -0.26339712348547E-04 -0.39969823944247E-04  0.13336018005973E-02
 -0.17755408257096E-04  0.12459344848806E-04  0.24653634517806E-03
 -0.38079079148313E-04 -0.48302421311387E-04  0.13349202681453E-02
 -0.16930214078944E-04  0.47076138394372E-05  0.21188793865017E-03
 -0.53361722887661E-05  0.19639752793751E-04  0.31439553265667E-03
  0.10943466972087E-04  0.13231599538361E-04  0.13293614060548E-02
 -0.40625212857963E-04 -0.27753055572939E-04  0.13412570374928E-02
  0.21995746787862E-04  0.24127508674898E-04  0.13258298142179E-02
  0.38379110998499E-04  0.30051090228525E-04  0.12530281219327E-02
  0.10041218935011E-03  0.10979257371008E-03  0.40856411807642E-03
  0.38048294860721E-04  0.47620834347152E-04  0.12658577275792E-02
  0.96031677449003E-04  0.14697316729240E-03  0.43855272691359E-03
  0.37995807835247E-04  0.58825575032208E-04  0.12806433549221E-02
  0.76255803897584E-04  0.13258590866189E-03  0.42239121767931E-03
  0.98713636410638E-04  0.38141741088570E-04  0.36882677402673E-03
  0.36097937405046E-04  0.60968130265835E-04  0.12950233114519E-02
  0.30179562816266E-04  0.58350386127058E-04  0.13086608468684E-02
  0.27146112340139E-04  0.71794894248270E-04  0.35295207150779E-03
  0.23780858181601E-04  0.51867242656793E-04  0.13191622332316E-02
  0.87640325080822E-05  0.53958863309350E-04  0.32635576030473E-03
  0.16467268195687E-04  0.41690623157802E-04  0.13263725862682E-02
 -0.47124351012796E-05  0.42973779592339E-04  0.30042553132389E-03
  0.50368418231675E-04  0.98211783978236E-04  0.38420973554885E-03
  0.87958608626489E-05  0.30628758880618E-04  0.13317309353879E-02
  0.37072090946589E-04  0.91630578410128E-05  0.12455622776068E-02
 -0.32856419618332E-04  0.22580773905890E-04  0.13229088772822E-02
 -0.17357812829907E-04 -0.36023154412506E-05  0.13510745305706E-02
 -0.69668520125508E-05  0.87208600632128E-05  0.15074348160414E-03
 -0.24203567168661E-04 -0.13526408056607E-04  0.13522330990589E-02
 -0.64831178825134E-05  0.13031174589219E-05  0.14385554247452E-03
 -0.28793465867198E-04 -0.20663624347797E-04  0.13509698977062E-02
 -0.84780409558241E-05 -0.63366221687395E-05  0.14383064751011E-03
 -0.56413207629171E-04  0.41502599263128E-04  0.34847247132339E-03
 -0.29980988305635E-04 -0.22660712964684E-04  0.13466918222950E-02
 -0.29816141811839E-04 -0.17857650138696E-04  0.13395507757301E-02
 -0.17959332780384E-04 -0.22765724016928E-04  0.20455447518972E-03
 -0.30138288743020E-04 -0.77333474918502E-05  0.13321279052793E-02
 -0.23573828881447E-04 -0.27867228626264E-04  0.27349259403157E-03
 -0.31369119863704E-04  0.72728328809066E-05  0.13259767022655E-02
 -0.36452559869369E-04 -0.75653673193564E-05  0.33124296833494E-03
 -0.12653416384940E-04 -0.13541338610355E-04  0.15972386246913E-03
  0.12017005215620E-04  0.35529331695665E-04  0.33116171129529E-03
 -0.12017641894386E-04  0.34776994586335E-04  0.27405755077496E-03
 -0.14387686463380E-04  0.27283164964366E-04  0.24373837654613E-03
  0.57676005310838E-04  0.17475751070409E-04  0.12589202160544E-02
  0.13853563570287E-03  0.76189169646802E-04  0.43071783076265E-03
  0.57783821016281E-04  0.35193900648324E-04  0.12683248264719E-02
  0.13068752321692E-03  0.12959830330202E-03  0.44319148866811E-03
  0.56841869628941E-04  0.48450267445681E-04  0.12807751553139E-02
  0.12099489284454E-03  0.12881593307762E-03  0.42230529415422E-03
 -0.53553878910596E-04  0.87086381458583E-05  0.34449276706024E-03
  0.54640622069405E-04  0.52136957009644E-04  0.12931473108567E-02
  0.48202170047234E-04  0.49986478134528E-04  0.13054002741405E-02
  0.84526571108304E-04  0.70131444308154E-04  0.36026530978307E-03
  0.40836061313561E-04  0.44102408610323E-04  0.13153565435773E-02
  0.60793737618486E-04  0.52974067987645E-04  0.35288207982366E-03
  0.31816838852173E-04  0.35356066938392E-04  0.13214703738084E-02
  0.34720051427073E-04  0.42470973395014E-04  0.34472003654890E-03
  0.10554658094671E-03  0.96398560739908E-04  0.38230051719808E-03
  0.38254497680767E-06  0.18999621608438E-04  0.13357790917198E-02
 -0.45935622438393E-04  0.10426307997140E-04  0.13215345142610E-02
 -0.43756748913178E-04 -0.62678208670316E-05  0.13265257790137E-02
 -0.81079746585654E-05  0.63039823540512E-05  0.13394571102275E-02
 -0.12663604096321E-04  0.21537418910851E-04  0.21050445903330E-03
 -0.16893965725220E-04 -0.67015631264612E-05  0.13436035878762E-02
 -0.94827757133566E-05  0.16242098882153E-04  0.18074414406744E-03
 -0.26329880659316E-04 -0.18012114306067E-04  0.13468332211981E-02
 -0.72064761472633E-05  0.10334890011097E-04  0.15989090160299E-03
 -0.34480193836880E-04 -0.25485011475500E-04  0.30002172202415E-03
 -0.33983066118523E-04 -0.26112165450139E-04  0.13480453694201E-02
 -0.38553653364057E-04 -0.30043163781735E-04  0.13463279819115E-02
 -0.11163348233793E-04 -0.66735421294253E-05  0.15024097038577E-03
  0.65422913672484E-04  0.33072213725736E-04  0.13181673080187E-02
 -0.17408646600635E-04 -0.16313586388148E-04  0.17413192564855E-03
 -0.41761231625039E-04 -0.19585178014426E-04  0.13336820240378E-02
 -0.24318945908030E-04 -0.27239339570341E-04  0.22998220121627E-03
 -0.75452810214117E-05  0.18794824125030E-05  0.14893123053256E-03
  0.92473044974378E-04  0.42354193219779E-04  0.27243412373136E-03
 -0.67775621929717E-04 -0.19934597899582E-04  0.13019178600181E-02
  0.10134489505906E-03  0.28364265925375E-04  0.29207012202135E-03
  0.74736987780610E-05  0.58506350725465E-04  0.34828397043882E-03
  0.81737475745571E-04  0.27702766618053E-04  0.13177804724786E-02
 -0.15049642882490E-03 -0.55626914690303E-04  0.43813977598277E-03
 -0.60191517172331E-04 -0.14369909652050E-04  0.12692033728622E-02
 -0.12395336290665E-03 -0.10253831538848E-03  0.43024463146071E-03
 -0.59293535598677E-04 -0.37062626518687E-04  0.12769189527433E-02
 -0.99777215386317E-04 -0.95210014852146E-04  0.38929030159180E-03
 -0.54799735358933E-04 -0.56786107530106E-04  0.12882382228911E-02
 -0.72225101686338E-04 -0.63825638381049E-04  0.34658980276829E-03
 -0.46586772748784E-04 -0.70895963606484E-04  0.12995875163659E-02
 -0.39586732288341E-04 -0.40425242667560E-04  0.33558572149943E-03
 -0.38127719812306E-04 -0.78171958681340E-04  0.13097473004333E-02
 -0.52229001242921E-05 -0.26152771350035E-04  0.34417926070268E-03
 -0.29276162450010E-04 -0.79874197938112E-04  0.13167388877474E-02
  0.28209861206824E-04 -0.18132098204925E-04  0.35089402227786E-03
 -0.18106735409503E-04 -0.75806586364355E-04  0.13204971429962E-02
  0.58608048640144E-04 -0.13299943395428E-04  0.34818430943364E-03
  0.41575543991259E-04  0.31106202670301E-04  0.19150919757714E-03
  0.56370819759900E-04  0.16150031155733E-04  0.13378788700031E-02
  0.58587945947512E-04  0.16067951185416E-04  0.19662664251909E-03
  0.48644630521118E-04  0.32568884794143E-05  0.13367808459430E-02
  0.74763960532788E-04  0.67808300331962E-05  0.21886597561584E-03
  0.40081692969274E-04 -0.11683422025104E-04  0.13340385354529E-02
  0.76860791174363E-04  0.35941236702906E-04  0.13227625233448E-02
  0.87692140655472E-04  0.78215925458860E-06  0.24969162962359E-03
  0.96082267663757E-04 -0.31037219518221E-05  0.28397556198462E-03
  0.18304790897007E-04 -0.40737751212642E-04  0.13291342528825E-02
  0.95367345985319E-04 -0.65996721991321E-05  0.31489360974721E-03
  0.58811370753790E-05 -0.52895842210326E-04  0.13261328908677E-02
  0.81828932951510E-04 -0.10184505621117E-04  0.33661888318307E-03
 -0.62630823974797E-05 -0.65639702202775E-04  0.13232982472018E-02
  0.29990904952171E-04 -0.27276074936620E-04  0.13314953417046E-02
 -0.24426772963676E-05  0.82174307430125E-04  0.30324091427878E-03
  0.71013029486345E-04  0.36089051702932E-04  0.13301072895532E-02
  0.29855767894770E-05  0.68544254414318E-04  0.23602494971403E-03
 -0.16616482328336E-04 -0.84354315861478E-04  0.13180623615032E-02
  0.47729023914761E-04 -0.35127736005744E-04  0.34804200454637E-03
 -0.25106946995842E-04 -0.84887927815781E-04  0.13100920622311E-02
  0.12829204404902E-04 -0.49394383331324E-04  0.35759247701386E-03
 -0.32465612010881E-04 -0.81027634229419E-04  0.12984091552602E-02
 -0.29687009305694E-04 -0.70955371276094E-04  0.37176498553226E-03
  0.72833907560119E-04 -0.26471083268551E-04  0.33226227291899E-03
 -0.39509124225005E-04 -0.71217940245518E-04  0.12851564413159E-02
 -0.44842071325259E-04 -0.53775686321712E-04  0.12718046243974E-02
 -0.10678925629364E-03 -0.12698065123562E-03  0.43921663934513E-03
 -0.45896226390716E-04 -0.31342984479971E-04  0.12603013812519E-02
 -0.12497394214962E-03 -0.10193396947967E-03  0.43396581700883E-03
 -0.45744319086653E-04 -0.69356522393839E-05  0.12541970013009E-02
 -0.13829222285058E-03 -0.34544037544630E-04  0.40896978074698E-03
 -0.73063535403879E-04 -0.10283391365608E-03  0.40483569061204E-03
  0.64371015905647E-04  0.26904908490393E-04  0.13350108076751E-02
 -0.67918178328016E-05 -0.77355981112865E-04  0.13233923878188E-02
  0.27246431163195E-05 -0.65480552540201E-04  0.13280194688582E-02
  0.63611832954136E-04  0.30909163451282E-04  0.13380286645163E-02
  0.16209030476358E-04  0.43510638836513E-04  0.18995055101572E-03
  0.55140324654970E-04  0.21810105562484E-04  0.13436887620622E-02
  0.30277343617417E-04  0.23123039420310E-04  0.17380699894062E-03
  0.47010370972310E-04  0.94366620375493E-05  0.13451190746469E-02
  0.44787152352984E-04  0.90206303510818E-05  0.17667613491876E-03
  0.87656497180171E-04 -0.19240364245334E-04  0.30997974253450E-03
  0.39144532289302E-04 -0.53566599467600E-05  0.13425695512826E-02
  0.31060450585305E-04 -0.22513578274047E-04  0.13386881809240E-02
  0.71591841333753E-04 -0.47991466432504E-05  0.21574648003772E-03
  0.22085501410306E-04 -0.38873854665423E-04  0.13353244889102E-02
  0.84006522437365E-04 -0.85462435594641E-05  0.24808127886799E-03
  0.12536811775294E-04 -0.52801477710065E-04  0.13320368004486E-02
  0.90761305099283E-04 -0.13514313755706E-04  0.28131874983244E-03
  0.58260629788040E-04  0.80908640406367E-07  0.19141783287507E-03
  0.26331755123401E-04  0.53726367795895E-04  0.21439803197220E-03
  0.72567841694257E-04  0.34186838695081E-04  0.13285303175053E-02
  0.16086853547849E-04  0.78026817126664E-04  0.27201529626981E-03
 -0.57998657255706E-04 -0.53877461864974E-04  0.13184992869797E-02
 -0.42944304771784E-04 -0.31239287094931E-04  0.23533656706443E-03
 -0.63746736975327E-04 -0.40076547805609E-04  0.13102272985202E-02
 -0.56639128070193E-04 -0.50781861051440E-04  0.28779462293818E-03
 -0.78029060514849E-05  0.15456386146436E-04  0.16263966134441E-03
 -0.77484856365737E-04 -0.48475354760558E-04  0.35053053660715E-03
 -0.33984241011252E-04 -0.15178503316328E-04  0.22646555392099E-03
 -0.70814059729810E-04  0.12746603898465E-05  0.12957227896413E-02
  0.84462720332591E-04  0.26416576949320E-04  0.13012116386818E-02
  0.53701362057979E-04  0.67039906415525E-04  0.36605961361731E-03
  0.81607673349296E-04  0.35676747607293E-04  0.13079934208224E-02
  0.41075608403118E-04  0.89122293561788E-04  0.32032561706421E-03
  0.77288555999895E-04  0.37173924660361E-04  0.13159892742480E-02
  0.44691890500245E-04  0.70133078968147E-04  0.25815863694068E-03
 -0.10904974140994E-03 -0.48013157946737E-05  0.38243476606279E-03
  0.70651637597590E-04  0.32330045117112E-04  0.13234684329774E-02
 -0.51051616767824E-04 -0.60678371284830E-04  0.13245153771699E-02
 -0.40750408102158E-04 -0.61363567249171E-04  0.13275415128250E-02
  0.47682468822767E-04  0.14499863018896E-04  0.13250545371130E-02
  0.10149070272363E-03  0.19962782237411E-04  0.31804959834466E-03
  0.36285992213396E-04  0.13937044585939E-05  0.13252639637430E-02
  0.88852789180422E-04  0.15669055307658E-04  0.33809587804725E-03
  0.23909516203084E-04 -0.11328463586057E-04  0.13256958545601E-02
  0.66218701817733E-04  0.13463537599555E-04  0.34858669083223E-03
 -0.27679611112261E-04 -0.43308342509802E-05  0.25037221935876E-03
  0.10810641289048E-04 -0.22638042976704E-04  0.13260111689301E-02
 -0.24911183847672E-05 -0.34223345530988E-04  0.13260526662717E-02
  0.10792425061487E-04  0.11565849071623E-04  0.33730518247431E-03
 -0.15024570512104E-04 -0.46156622013700E-04  0.13269387624172E-02
 -0.98496413881430E-05  0.96881666252448E-05  0.31533780918357E-03
 -0.28231151354321E-04 -0.56233317796238E-04  0.13278227075533E-02
 -0.21437040450597E-04  0.45474350116754E-05  0.28459517701363E-03
  0.38501529868998E-04  0.12318209474311E-04  0.34852707686660E-03
  0.57391729276560E-04  0.25483908948961E-04  0.13235972032618E-02
  0.57803217827844E-04  0.43898647499439E-04  0.22438436958728E-03
  0.74566365507770E-04  0.26378387172505E-04  0.22750893605644E-03
 -0.50492826561934E-04 -0.67401865277359E-04  0.13131589542765E-02
 -0.53761397545829E-04 -0.34246302878089E-04  0.28157177868253E-03
 -0.58895630077347E-04 -0.56712289453700E-04  0.13042849717412E-02
 -0.70787457172863E-04 -0.58552474576562E-04  0.30669513995285E-03
 -0.65333877296559E-04 -0.39466175688655E-04  0.12945630384505E-02
 -0.89433799792960E-04 -0.78367694898027E-04  0.36348992115628E-03
 -0.36933990514735E-04 -0.18278289572522E-04  0.29354608135859E-03
 -0.68702148866264E-04 -0.18329899790342E-04  0.12857807598618E-02
 -0.15131047160923E-03  0.62309030974789E-06  0.42042021798524E-03
  0.86140340292496E-04  0.20436123598420E-04  0.13097334883023E-02
  0.37580564833941E-04  0.35265390856484E-04  0.35826756567292E-03
  0.83322577624342E-04  0.31921139912619E-04  0.13138451275983E-02
  0.18975213831671E-04  0.77939382537310E-04  0.33418183473550E-03
  0.79189323625406E-04  0.36772844645562E-04  0.13208243980272E-02
 -0.11721127700177E-03 -0.58008371099113E-04  0.40666919833095E-03
  0.62798847907317E-04  0.24370481096757E-04  0.13289726618099E-02
 -0.41731421176505E-04 -0.71619530130202E-04  0.13193000570177E-02
 -0.29994508521661E-04 -0.69998058051787E-04  0.13222649313752E-02
  0.54406819736756E-04  0.13660237355843E-04  0.13306782133679E-02
  0.90847256547056E-04  0.15768176370946E-04  0.25299066005502E-03
  0.45112399680959E-04  0.56271729157674E-06  0.13297826047069E-02
  0.10022071500913E-03  0.90949552442307E-05  0.28582182657723E-03
  0.34630061752126E-04 -0.13664145410162E-04  0.13283974142397E-02
  0.99392469252812E-04  0.48946770906368E-05  0.31567156184306E-03
 -0.17738858468179E-04 -0.85310630929958E-05  0.31875311332842E-03
  0.22270480536945E-04 -0.26779363375418E-04  0.13271158293225E-02
  0.87528362006216E-05 -0.38749996032209E-04  0.13253766904268E-02
  0.63777298030665E-04  0.94833104292880E-06  0.34937345217014E-03
 -0.41341207385414E-05 -0.50502369913114E-04  0.13238341664583E-02
  0.34480716493908E-04 -0.10474947904923E-06  0.34940718658067E-03
 -0.17188425890522E-04 -0.62411988098883E-04  0.13231459798678E-02
  0.60827787747554E-05 -0.22796750198479E-05  0.33880040599923E-03
  0.87147913841936E-04  0.26558083573269E-05  0.33788734867613E-03
 -0.10766858794092E-04  0.88247879178696E-05  0.13479552442613E-02
 -0.16161933864161E-04  0.27029393229980E-05  0.13295736995367E-02
 -0.53125434075940E-05  0.22401226227828E-04  0.13438312524585E-02
  0.45868568025519E-04 -0.18500649319755E-04  0.13460217514350E-02
  0.18319362780911E-04 -0.41426929492707E-05  0.16064471038446E-03
  0.34676218687773E-04 -0.14845723932188E-04  0.13462809240781E-02
  0.23273271189651E-04 -0.22567024552246E-05  0.18258411603188E-03
  0.21914509075051E-04 -0.62213432224705E-05  0.13436221045600E-02
  0.25299448854234E-04 -0.55495984536552E-07  0.21218776020209E-03
  0.92221871328501E-05  0.39799403546344E-05  0.13393769880055E-02
  0.24761646085715E-04  0.22781196824709E-05  0.24826003657802E-03
 -0.42279199688045E-05  0.15370783979595E-04  0.13349406386396E-02
  0.21872250349723E-04  0.45350905428976E-05  0.28596069524272E-03
 -0.18872602936801E-04  0.26164365596546E-04  0.13307765830253E-02
  0.12428778608061E-04  0.32223649880622E-05  0.31731462380499E-03
 -0.33289003758560E-04  0.35940498253403E-04  0.13266207043306E-02
  0.16797623310969E-04 -0.11193509946361E-04  0.31839821411237E-03
  0.75994268834155E-04  0.91208568082474E-05  0.13219827988626E-02
  0.17763964694311E-04 -0.21710656623684E-04  0.24968367379924E-03
  0.73528995525868E-04 -0.48008844583296E-05  0.13274845845952E-02
 -0.14349103686046E-04  0.91633274648771E-05  0.13288014787538E-02
  0.18646646857279E-04 -0.59986001075887E-05  0.31705593916919E-03
  0.13841344047778E-05 -0.38850850175886E-06  0.13318953399582E-02
  0.27655180438212E-04 -0.12959791726677E-05  0.28456558719790E-03
  0.15971212847321E-04 -0.94818166440608E-05  0.13356620717281E-02
  0.31039270273101E-04 -0.12989539136169E-05  0.24543013843139E-03
  0.12093544204181E-04 -0.62159066714402E-05  0.15117221046991E-03
  0.30302622157842E-04 -0.17361757462001E-04  0.13392486490300E-02
  0.44737246856263E-04 -0.21763547356174E-04  0.13408720862332E-02
  0.23590539815283E-04 -0.70274466179072E-05  0.17573945134208E-03
  0.58109508638886E-04 -0.21739286008524E-04  0.13391591963410E-02
  0.16762689439829E-04 -0.97378529609504E-05  0.16547066835250E-03
  0.68360978116207E-04 -0.15691529462840E-04  0.13340317970000E-02
  0.13841929653033E-04 -0.14069065896031E-04  0.18797494016138E-03
  0.29053386364120E-04 -0.42196480072244E-05  0.20683819704753E-03
  0.55157501720782E-04 -0.16645293640637E-04  0.13418744911464E-02
  0.50923936338059E-05 -0.95860288036722E-05  0.16322954073556E-03
  0.61269287458455E-04 -0.90068497431962E-05  0.13350046621169E-02
  0.14791636425798E-04 -0.22561819212921E-05  0.15144490997261E-03
  0.32648370150719E-04 -0.14265942988015E-04  0.13507751168574E-02
  0.10080719598237E-04 -0.37254989222624E-05  0.14466069025223E-03
  0.40051038658585E-04 -0.16162597369212E-04  0.13479217368256E-02
  0.25358280863307E-05 -0.70523443452247E-05  0.14943849986473E-03
  0.46101289999966E-04 -0.12030031822973E-04  0.13415519630517E-02
  0.23719591644017E-04 -0.59675953050221E-05  0.13502661803071E-02
 -0.33479694844449E-05 -0.12761681024120E-04  0.17993390056218E-03
 -0.18976427862722E-05 -0.21289917697335E-04  0.24554085945203E-03
  0.47951680007047E-04  0.10260158983258E-04  0.13268471771024E-02
 -0.32366467858324E-05 -0.13588179564862E-04  0.31491180223225E-03
  0.46778843947403E-04  0.21544521339461E-04  0.13237320054823E-02
 -0.16555056190423E-04  0.29358993001846E-04  0.34902840142167E-03
 -0.48867548906399E-04  0.71713223190729E-04  0.13094014630142E-02
  0.48390236586253E-04 -0.26945784311615E-05  0.13337048182752E-02
  0.32754041352243E-05 -0.16221109999456E-04  0.33890875898887E-03
  0.17780137469153E-04 -0.10472946540921E-05  0.16322651688967E-03
  0.19036084794202E-04 -0.37255146923888E-06  0.18196793571294E-03
  0.46679664917948E-05 -0.17007016291014E-04  0.21116794106763E-03
  0.63226239498615E-04  0.35964236646138E-05  0.13277922564170E-02
  0.71765201814718E-05 -0.20924327855878E-04  0.28384851121661E-03
  0.63100197532276E-04  0.16491398853850E-04  0.13229807239292E-02
 -0.63522532973970E-06  0.62486162451386E-05  0.33829648878605E-03
 -0.46473249023710E-04  0.60876945054858E-04  0.13219442009592E-02
  0.13061598052270E-04  0.52040896180250E-05  0.13476834296353E-02
  0.50996485746328E-06  0.19131321721434E-04  0.32068556092615E-03
  0.14288599222007E-04  0.16631071342516E-04  0.28746227588105E-03
 -0.22339282561011E-04  0.42803777502074E-04  0.13332032478057E-02
  0.19341742544186E-04  0.92486702113304E-05  0.24927666281060E-03
 -0.96257701332016E-05  0.31610264200987E-04  0.13383728544528E-02
  0.20093216391417E-04  0.22259365089208E-05  0.21142117850885E-03
  0.18999580609085E-05  0.18123226820324E-04  0.13433729815682E-02
 -0.35120702000087E-04  0.52747105864868E-04  0.13275315460680E-02
 -0.29477896712772E-04  0.19309941383773E-04  0.13257823917371E-02
  0.26113260957695E-04  0.82166325945526E-05  0.34400254838057E-03
  0.84091144588917E-04  0.14511534070489E-04  0.13163628132296E-02
  0.66439951034308E-04 -0.37376389325506E-04  0.12938784730700E-02
  0.11363772121668E-03 -0.39061264112381E-04  0.36650064163172E-03
  0.76238337715772E-04 -0.19271650815625E-04  0.12874495654415E-02
  0.13440070699604E-03 -0.38907393354464E-04  0.39254021752346E-03
  0.80841527775775E-04  0.13937911262491E-05  0.12844559068712E-02
  0.12763636777620E-03 -0.11942221246909E-04  0.40700677636161E-03
  0.80952066976140E-04 -0.44488471781888E-04  0.35311389824844E-03
  0.13521117159175E-04 -0.45521359247714E-04  0.13213864607802E-02
  0.32359172240606E-04 -0.46973859481225E-04  0.13191559870105E-02
  0.41554016202612E-04 -0.35765145538282E-04  0.32823350940024E-03
  0.50359871800530E-04 -0.44039377755524E-04  0.13150383210056E-02
  0.59524177991787E-04 -0.24727019361762E-04  0.30454671388419E-03
  0.66114474406895E-04 -0.35816775375043E-04  0.13096596301609E-02
  0.73436784026575E-04 -0.24276611464095E-04  0.29094482005806E-03
  0.17965451356032E-04 -0.52718755965257E-04  0.34511149760657E-03
  0.78107886056800E-04 -0.23223432479499E-04  0.13038567803528E-02
  0.50791746107298E-04 -0.49194545736686E-04  0.13013063146321E-02
  0.34692188440319E-04 -0.55688146616081E-04  0.13086968156262E-02
  0.33039846877993E-04 -0.13434124622559E-04  0.12462097642829E-02
  0.99725361888629E-04 -0.33766014007504E-04  0.36909863959179E-03
  0.41825483686144E-04 -0.44952532542245E-04  0.12688771205651E-02
  0.12218746953525E-03 -0.10469895849025E-03  0.43783194368242E-03
  0.49276369885830E-04 -0.24224540689630E-04  0.12595377725682E-02
  0.14944742813244E-03 -0.58230400048244E-04  0.43270327694087E-03
  0.47366962189764E-04 -0.60836185747142E-04  0.35396549286137E-03
  0.55055388092163E-04 -0.27936591183887E-05  0.12559810112937E-02
  0.49624010735338E-04 -0.50297977479085E-04  0.12855131814655E-02
  0.10837050159112E-03 -0.74559962158347E-04  0.40784852929494E-03
  0.60962199964317E-04 -0.32940701462171E-04  0.12762490999654E-02
  0.15103239896955E-03 -0.57352014911336E-04  0.43173033226064E-03
  0.68356950505292E-04 -0.11990378353809E-04  0.12708246282116E-02
  0.16432014365435E-03 -0.29108416661608E-04  0.44038692837768E-03
  0.14919828239704E-03  0.17542557220911E-05  0.42192858227377E-03
 -0.16632929315187E-04  0.54209060641964E-04  0.33762420329510E-03
  0.87839615098448E-04 -0.32014552113741E-04  0.30984588144683E-03
  0.93101425617694E-04 -0.30674599065952E-04  0.34897910148177E-03
  0.53475596325118E-05 -0.15978404333552E-04  0.13292051149396E-02
  0.27542561627037E-04 -0.11613434544966E-04  0.31300224381816E-03
  0.21461215206598E-04 -0.22885108216717E-04  0.13316566785246E-02
  0.35710291399879E-04 -0.72215942780053E-05  0.27632749487282E-03
  0.37720331556641E-04 -0.27003681317677E-04  0.13333712004627E-02
  0.36404993491631E-04 -0.77348462764137E-05  0.23273103440195E-03
  0.11323403421277E-04 -0.23850460744249E-04  0.33704473333254E-03
  0.53746831062796E-04 -0.27939710274499E-04  0.13333214711860E-02
  0.68218130010829E-04 -0.23449398284179E-04  0.13298613596521E-02
  0.27722432552643E-04 -0.14291462419813E-04  0.19130449813017E-03
  0.78082124646454E-04 -0.13987570088839E-04  0.13243445604407E-02
  0.30954982949462E-04 -0.21772776645715E-04  0.22684668901863E-03
  0.82781431545192E-04 -0.29003525163921E-06  0.13189269513870E-02
  0.35179419049014E-04 -0.22727669972893E-04  0.29380872349444E-03
  0.32076347636149E-04 -0.10120632935767E-04  0.19873070795427E-03
  0.84162507739197E-04 -0.51179774298624E-05  0.12989383518438E-02
 -0.11002140809494E-04 -0.70458886470274E-05  0.13271018338448E-02
  0.86566404755835E-04  0.61089991618972E-05  0.13092009853181E-02
  0.86231139523599E-04  0.12320751743185E-04  0.12978506587349E-02
  0.78151747794786E-04  0.94567650209870E-05  0.37282249059662E-03
  0.89335670510646E-05 -0.31418881506172E-04  0.13256424660749E-02
  0.23669408189688E-04 -0.29350097043890E-04  0.33258978110947E-03
  0.27085607621148E-04 -0.35239956054402E-04  0.13262283518320E-02
  0.39025088002494E-04 -0.18254373315112E-04  0.30272929836204E-03
  0.56050840745553E-04 -0.14022919384812E-04  0.33643523630001E-03
  0.45234330423342E-04 -0.36599348790039E-04  0.13256686308480E-02
  0.61863223403222E-04 -0.32634195651591E-04  0.13230117663188E-02
  0.46177283028486E-04 -0.14860312538429E-04  0.23497576108384E-03
  0.75275726887066E-04 -0.23760306319121E-04  0.13181622142315E-02
  0.49727699673249E-04 -0.21891290515307E-04  0.23729099007881E-03
  0.83330606619715E-04 -0.10392597323266E-04  0.13126882746953E-02
  0.57755364599643E-04 -0.29654898255279E-04  0.28268969054566E-03
  0.45127243491733E-04 -0.13483727569037E-04  0.26371166460171E-03
 -0.92310318734653E-05  0.20831054458965E-04  0.18107758079058E-03
 -0.41681272908566E-04  0.71541185246557E-04  0.13190239876016E-02
 -0.33252996947706E-04  0.66158054240698E-04  0.13272459255920E-02
 -0.53329689518640E-05  0.17596442307594E-04  0.15947589946430E-03
 -0.43387903351662E-05  0.37673905913952E-04  0.13464844610229E-02
 -0.48904179215801E-05  0.23555094492690E-04  0.17419500404910E-03
 -0.34766453357127E-05  0.50007217684756E-04  0.13409078323950E-02
 -0.61756865253330E-05  0.32158111882739E-04  0.19651349982922E-03
 -0.29186736735292E-05  0.61071866177442E-04  0.13333288494346E-02
 -0.10028883544710E-04  0.46947329384108E-04  0.23330941034495E-03
 -0.35887738382486E-05  0.70414292154073E-04  0.13227906490090E-02
 -0.16101965208918E-04  0.75915681522656E-04  0.29040033115852E-03
 -0.27444738957354E-05  0.75415065792419E-04  0.13096247428471E-02
 -0.23886613397115E-04  0.11866835496023E-03  0.36693227962319E-03
 -0.18142826350454E-05  0.76181097994826E-04  0.12936949237250E-02
 -0.27188821182175E-04  0.16006643008311E-03  0.43216722477474E-03
 -0.29917806811277E-05  0.69138366903493E-04  0.12761286200350E-02
 -0.26783075937966E-04  0.15809455272770E-03  0.43241899359362E-03
 -0.48901575378170E-05  0.54881828839601E-04  0.12594746380555E-02
 -0.23449465920814E-04  0.10267835857468E-03  0.36900421277835E-03
 -0.11565145777441E-05  0.28035494536992E-05  0.14416671665190E-03
 -0.30741990226104E-05 -0.57075468499946E-05  0.13559800207965E-02
 -0.16908935409646E-05 -0.25859595852538E-05  0.14414749129235E-03
 -0.28262498174824E-05 -0.12954226271421E-04  0.13537136553936E-02
 -0.50246221094807E-05 -0.83058446623456E-05  0.14620187677018E-03
 -0.18173703141992E-05 -0.13725415930633E-04  0.13478966253415E-02
 -0.62974557498337E-05  0.23713726961893E-04  0.13505989552453E-02
 -0.95843675689241E-05 -0.14392256213407E-04  0.16206845892007E-03
 -0.12672128806195E-04 -0.21506012254091E-04  0.20916629763571E-03
 -0.94207858660583E-06 -0.17587414290656E-05  0.13321824077252E-02
 -0.14679571459836E-04 -0.23841341075611E-04  0.28160359612924E-03
 -0.38469650932520E-06  0.12196197019195E-04  0.13271713176981E-02
 -0.25473546953486E-04  0.12151377952135E-06  0.33622894525500E-03
 -0.52633969512629E-05  0.35566435532910E-04  0.12463348983055E-02
 -0.10341734821533E-05 -0.10165504727309E-04  0.13396046655736E-02
 -0.51467125998172E-05  0.13718073177645E-04  0.15055570843629E-03
 -0.95229134749711E-05  0.94782677928832E-05  0.13537465359390E-02
 -0.47872716661494E-05  0.84270327007690E-05  0.14659925585663E-03
  0.17197696969569E-04  0.58756760496497E-04  0.12683874752506E-02
  0.26725780698957E-04  0.15903268415196E-03  0.43828891217508E-03
  0.17913710255262E-04  0.68360499070659E-04  0.12851670073644E-02
  0.80563718561821E-05  0.13211813828406E-03  0.40853365821584E-03
  0.16222963313248E-04  0.69136901055694E-04  0.13012216884951E-02
 -0.37983973712765E-05  0.92907606918267E-04  0.35235025865142E-03
  0.38816829702029E-04  0.13492157722200E-03  0.40623056512871E-03
  0.12041617868685E-04  0.65814813614594E-04  0.13150753445220E-02
  0.83874125495989E-05  0.57888508754949E-04  0.13256581864091E-02
 -0.11029471985485E-04  0.45470384155951E-04  0.26146643335535E-03
  0.42699415837491E-05  0.46661073828816E-04  0.13334868882398E-02
 -0.11020324914523E-04  0.34994962281175E-04  0.23065474418901E-03
 -0.25830772108567E-06  0.35643652057759E-04  0.13392663366311E-02
 -0.10154599372512E-04  0.27043670508635E-04  0.20479078266748E-03
 -0.92984561508103E-05  0.63637518986286E-04  0.30227088831263E-03
 -0.31069115021074E-05  0.59439198557522E-05  0.13561082836600E-02
  0.16712776916590E-04  0.42683264939710E-04  0.12534012957541E-02
  0.16390633473687E-04  0.21702050810869E-04  0.12423719478729E-02
 -0.13075330045056E-04 -0.29839350717124E-05  0.13550360131093E-02
 -0.47991875542607E-05  0.16430118625266E-05  0.14432652203954E-03
 -0.16056060754781E-04 -0.12524498467292E-04  0.13541708931252E-02
 -0.62576037581325E-05 -0.52369110462101E-05  0.14287746346211E-03
 -0.16933006993700E-04 -0.17364071703419E-04  0.13506769793258E-02
 -0.92930677730624E-05 -0.11368760074368E-04  0.15034308945697E-03
  0.39925459565144E-04  0.69630385582444E-04  0.34115763123749E-03
 -0.16643280256406E-04 -0.15811478675054E-04  0.13439359299358E-02
 -0.16166549457854E-04 -0.95930389923872E-05  0.13360821105194E-02
 -0.16256530099504E-04 -0.26412436879671E-04  0.24306640909027E-03
  0.75262643661592E-04  0.22168147966062E-04  0.13204159691060E-02
 -0.23036014372107E-04 -0.19233365789057E-04  0.31079192019836E-03
 -0.16278345560401E-04  0.17899182372884E-04  0.13252295012322E-02
 -0.40119690424534E-04  0.20254825175259E-04  0.34659706980885E-03
 -0.13583860743663E-04 -0.18567480603771E-04  0.18061172739469E-03
 -0.16185270013822E-05  0.75105465450354E-05  0.14304505448768E-03
 -0.30399431419679E-05  0.20692351459480E-04  0.13542847374580E-02
 -0.11358488402884E-05  0.10093838380613E-04  0.14431656695952E-03
 -0.80477064459440E-05 -0.18218337344133E-04  0.20827899231579E-03
  0.32332869586663E-04  0.26640011156672E-05  0.13311302621488E-02
 -0.69064156019932E-05 -0.21911606952283E-04  0.28230323173447E-03
  0.31706634689195E-04  0.15094110869923E-04  0.13259175159557E-02
 -0.14990158744256E-04  0.30643991192564E-05  0.33711136031566E-03
 -0.38435296955347E-04  0.75342699526549E-04  0.12990507372307E-02
  0.32418759618389E-04 -0.80470369231254E-05  0.13386612493968E-02
 -0.20068555078607E-04  0.94789043609089E-04  0.34961147819395E-03
 -0.31450221206212E-05  0.64978868794020E-04  0.28478703019979E-03
 -0.27278636136643E-04  0.74582940410346E-04  0.13242309617250E-02
  0.35383347007354E-05  0.37978470823066E-04  0.22897667125911E-03
 -0.20769014419125E-04  0.67432971971593E-04  0.13339063651060E-02
  0.55173981069816E-05  0.19385548329447E-04  0.18982651666894E-03
 -0.13498830806451E-04  0.56514499954697E-04  0.13417113048451E-02
 -0.33210360694845E-04  0.77231630431467E-04  0.13126265753874E-02
  0.61202116058745E-05  0.92535183602193E-05  0.16426343087789E-03
 -0.52095077212043E-05 -0.10936535662018E-04  0.15963940961947E-03
  0.24826612010562E-05 -0.56070376071991E-05  0.14387216643551E-03
  0.99486526063119E-05  0.26655636155208E-04  0.25349410560704E-03
 -0.23296907697902E-04  0.57573348288841E-04  0.13345487110713E-02
  0.12831300586602E-04  0.12867710235966E-04  0.21403153133125E-03
 -0.12803012784323E-04  0.45809761748102E-04  0.13412283816281E-02
  0.13115010777024E-04  0.37543731858616E-05  0.18230975187103E-03
 -0.31263739753774E-05  0.32006374141866E-04  0.13465512710023E-02
  0.29503369727857E-04 -0.13363258992427E-04  0.13467468083078E-02
  0.12611326588673E-04  0.53446901581165E-06  0.16058365400018E-03
  0.11292078274683E-04  0.11257169095753E-05  0.15096253727406E-03
  0.12874830905367E-04  0.40587943130977E-05  0.13534866033768E-02
  0.99819415570512E-05  0.93343560755555E-07  0.14693516261506E-03
  0.19349168277735E-04 -0.74652635521627E-05  0.13541510612853E-02
  0.77124002033702E-05 -0.23165164972964E-05  0.14317461942039E-03
  0.24667015679470E-04 -0.14014048504707E-04  0.13522926722015E-02
  0.53441763373719E-05  0.17170997727309E-04  0.13509162425182E-02
  0.18477966751196E-05  0.41544454822315E-04  0.29657034304415E-03
 -0.59271364359209E-05  0.42657991891396E-04  0.13476649949271E-02
  0.24851708632203E-07  0.28016834808180E-04  0.13521087459095E-02
 -0.58204050168194E-04  0.15551564515979E-03  0.43998108349269E-03
 -0.22324320708808E-04  0.75307673387384E-04  0.12874917376289E-02
 -0.33560242170818E-04  0.13542185428281E-03  0.39296233745453E-03
 -0.19893170132450E-04  0.79153293557282E-04  0.13036696368364E-02
 -0.15913663141491E-04  0.92214119366710E-04  0.31085754882148E-03
 -0.17837186565865E-04  0.77476772186955E-04  0.13179477329639E-02
 -0.24670208875365E-04  0.64801123959293E-04  0.12709678701905E-02
 -0.55707556729539E-05  0.54216268504357E-04  0.23784905857890E-03
 -0.12706846222243E-05  0.31053669834694E-04  0.19131483476259E-03
 -0.10299290737595E-04  0.61546583744947E-04  0.13392088978164E-02
  0.80065433632101E-06  0.19027932784691E-04  0.16444082244187E-03
 -0.67010484414446E-05  0.48952970488530E-04  0.13459235121898E-02
 -0.50563666659851E-07  0.12937405446945E-04  0.15060712598174E-03
 -0.35345866924934E-05  0.35419070185829E-04  0.13507548227094E-02
 -0.14365643051867E-04  0.71286697529497E-04  0.13298709304810E-02
  0.55526162659103E-05  0.51494522320985E-05  0.14979636203865E-03
 -0.29318165238164E-04  0.26716816820302E-04  0.34855282041624E-03
 -0.13827079524428E-04 -0.14675840925852E-04  0.31461247305475E-03
  0.44499411802544E-05  0.43224260257435E-05  0.14410542828644E-03
  0.38870843996936E-05  0.13293320095616E-04  0.13551125013231E-02
  0.38315751994789E-05  0.32307860920156E-05  0.14404055380306E-03
  0.68601882947692E-05  0.31667314957079E-06  0.13559766838526E-02
  0.34491831464191E-05 -0.99891861833509E-07  0.14414701839964E-03
  0.98316644157827E-05 -0.98713509503605E-05  0.13551408745107E-02
  0.15219358653862E-04  0.20541320741900E-04  0.13259265422036E-02
  0.13062824657411E-05 -0.46570513990285E-05  0.14386051827622E-03
 -0.39967574025589E-05 -0.98884573042034E-05  0.15052364853361E-03
  0.14891873875132E-04 -0.10962685570763E-04  0.13434632947504E-02
 -0.96387370471668E-05 -0.16001855337453E-04  0.17964005090052E-03
  0.15637236918024E-04 -0.47236763083810E-05  0.13352670221507E-02
 -0.10348199735559E-04 -0.22724132274048E-04  0.24511033183783E-03
  0.15271132241944E-04  0.70446839113212E-05  0.13289796385614E-02
  0.12606391392309E-04 -0.13163379012919E-04  0.13510960404166E-02
  0.23378806081383E-05  0.33190832014997E-04  0.35066560175664E-03
 -0.70269255336330E-04  0.36749612219486E-05  0.12813716904426E-02
  0.70810665946745E-04  0.32764618533951E-04  0.13231362954900E-02
 -0.58804216706100E-04 -0.30902783552891E-05  0.21283689678042E-03
 -0.45713763119537E-04  0.85028571481941E-04  0.28522164212385E-03
  0.92356812256012E-05  0.39982992958728E-04  0.13315668308904E-02
 -0.66192755406979E-04  0.43284013881406E-04  0.13304497336040E-02
 -0.45410290035191E-04  0.73727786922950E-04  0.33873921121540E-03
  0.13158711547810E-04  0.32111743623424E-04  0.13271466436589E-02
 -0.59840383569086E-04 -0.31117579931911E-04  0.23353888220286E-03
  0.96315095817670E-04 -0.10382073764582E-03  0.40746211672719E-03
  0.28344058584398E-04 -0.36536928553137E-04  0.12538639208308E-02
 -0.64493674753383E-04  0.37486448368926E-04  0.13297576494846E-02
  0.77803456104666E-04 -0.15846351587962E-03  0.43910902024278E-03
  0.43863843681811E-05  0.38457867182474E-04  0.13388479625120E-02
 -0.62885683696773E-04 -0.52903950740854E-04  0.27022964022413E-03
  0.49605498004569E-04 -0.16908502524341E-03  0.42044815008586E-03
  0.12815186644047E-04 -0.74311248980535E-04  0.12814354417232E-02
 -0.58393348654596E-04  0.30404052459562E-04  0.13282541135800E-02
  0.27461972285314E-04 -0.14028035128792E-03  0.35234729889743E-03
 -0.60730708875250E-04 -0.65973188581039E-04  0.30768585126271E-03
  0.34446432017928E-05 -0.81885018896434E-04  0.12960885305811E-02
  0.16211664696525E-04 -0.10139354027610E-03  0.27614528294176E-03
 -0.30691238246979E-05 -0.81769048456431E-04  0.13106643493887E-02
 -0.48926604738672E-04  0.21798406993271E-04  0.13263491421276E-02
 -0.50671512344316E-04 -0.66293463502676E-04  0.33513435424611E-03
  0.96811331359523E-05 -0.70595355249950E-04  0.22206934763567E-03
  0.21621817566918E-04 -0.57307828892963E-04  0.12664701771205E-02
 -0.73874152059608E-05 -0.76942314539065E-04  0.13240786550848E-02
 -0.65229223540929E-04  0.45427779518496E-04  0.13289060920812E-02
 -0.16821698022912E-05  0.30890093645393E-04  0.13481728783760E-02
 -0.22661894348800E-04 -0.65239884738531E-04  0.34820107577068E-03
 -0.15130722447748E-04 -0.57613810002801E-04  0.19479441351102E-03
 -0.13853858895075E-04 -0.56375832479490E-04  0.13382401107584E-02
 -0.76756790417671E-05 -0.23559901011181E-04  0.13251543548987E-02
 -0.14494188187506E-04 -0.42608876098092E-04  0.17540292717475E-03
 -0.15030342407406E-04 -0.45106512162336E-04  0.13454055312218E-02
  0.12100779777826E-05 -0.46792959060150E-04  0.34699076708330E-03
 -0.13185241813679E-04 -0.29810310761668E-04  0.16368440256265E-03
 -0.14845725627243E-04 -0.32024766513715E-04  0.13510025429407E-02
 -0.59680862339696E-04  0.29612081393457E-04  0.13157634851530E-02
 -0.11003405153662E-04 -0.18934260953718E-04  0.15754001127680E-03
 -0.32167729019830E-04  0.65134460921873E-04  0.21605983982437E-03
 -0.14917151255606E-04 -0.17357461008428E-04  0.13553814342413E-02
 -0.87535706242262E-05 -0.77627418956050E-05  0.15427552720159E-03
 -0.13697638439939E-04 -0.29063652914710E-05  0.13581276731161E-02
 -0.61205167798364E-04  0.40492920329769E-04  0.13187061917304E-02
 -0.82547969745613E-04  0.59883733881369E-04  0.27208562643884E-03
 -0.82294733172064E-05  0.41295666978135E-05  0.15357928372221E-03
 -0.10508564220685E-04  0.10606685623389E-04  0.13581816763920E-02
 -0.10739658270205E-04  0.19939239705149E-04  0.15767257952810E-03
 -0.63067481079159E-04  0.44839285876719E-04  0.13238378027059E-02
 -0.69578898488731E-05  0.21983291228068E-04  0.13551107096844E-02
 -0.66583140293843E-04  0.29172790719816E-04  0.22307943632202E-03
 -0.18652481392697E-04  0.40691168802892E-04  0.17330403864392E-03
 -0.90102364829128E-04  0.64844165651863E-04  0.32993847021651E-03
 -0.10369824398136E-04 -0.66632569060829E-04  0.13293226311016E-02
 -0.38442809626902E-04  0.12278007735979E-04  0.13254294003091E-02
 -0.86024952275076E-05 -0.68537899299314E-04  0.13356243607864E-02
  0.23023668689403E-04  0.38676466286617E-04  0.13353414330801E-02
 -0.81855675143606E-04  0.46953745134663E-05  0.25545009869888E-03
 -0.41819817054837E-04  0.85807719658049E-04  0.31592310081334E-03
  0.26649393255723E-04  0.35909561214879E-04  0.13291033593789E-02
 -0.71081522094332E-04  0.49803622919110E-04  0.13211934725432E-02
 -0.32007818415782E-04  0.54273451583358E-04  0.34936186281915E-03
  0.30177256597191E-04  0.26397417081489E-04  0.13254613506720E-02
 -0.74762959959813E-04 -0.24969132618234E-04  0.26924716730604E-03
  0.37890712298624E-04 -0.55168869973520E-06  0.31060894311059E-03
  0.13790796293841E-04 -0.94655128676811E-06  0.12378972163442E-02
 -0.69299844135078E-04  0.48288863475225E-04  0.13230458382781E-02
 -0.70690493125736E-04  0.48073905941004E-04  0.13164248415289E-02
  0.40085599394048E-04 -0.71993801026944E-04  0.34347198208253E-03
  0.10650957859564E-04 -0.25296688968054E-04  0.12426186109255E-02
  0.44634230710959E-04 -0.14395595492516E-03  0.41119163376753E-03
  0.67150280994744E-05 -0.49009509603785E-04  0.12536778783636E-02
 -0.63842796892707E-04  0.44206971600781E-04  0.13235018838151E-02
  0.46744666255959E-04 -0.17816796337773E-03  0.44288872255078E-03
 -0.60219784587335E-04 -0.50303042678738E-04  0.33040629391234E-03
  0.11516623746771E-05 -0.68368107699553E-04  0.12690338945439E-02
  0.46903654463395E-04 -0.15476212871525E-03  0.40120980723428E-03
 -0.21084854620895E-05 -0.81412013753565E-04  0.12857808600191E-02
 -0.53912545120549E-04  0.38410219178457E-04  0.13233837366973E-02
 -0.42041060373835E-04 -0.45263873361976E-04  0.34741924273401E-03
 -0.69753549283520E-04 -0.43410765034978E-04  0.30045330309146E-03
  0.65683369104452E-05 -0.50357426456409E-04  0.19006899970876E-03
 -0.35341253849004E-04  0.77367352064567E-04  0.24892161861987E-03
 -0.21142559827961E-04  0.52882103032918E-04  0.19054412986704E-03
 -0.32474206173319E-04 -0.56751693299003E-04  0.34888935886189E-03
  0.50967576554041E-05 -0.37171109052982E-04  0.17302673280615E-03
 -0.83085109390855E-05 -0.57993273658237E-04  0.13441996174070E-02
 -0.26033492923913E-04  0.23733905610969E-05  0.13259099114348E-02
  0.38812532652664E-05 -0.26487698739499E-04  0.16274197704415E-03
 -0.69751119002356E-05 -0.45664889537656E-04  0.13506189388859E-02
 -0.99502777620349E-05 -0.40780492495250E-04  0.34936461172296E-03
  0.19243750294848E-05 -0.17139795620720E-04  0.15690667898860E-03
 -0.55576451763581E-05 -0.30576356084445E-04  0.13549815576911E-02
 -0.66902627708949E-04  0.17000059437253E-04  0.13060208825250E-02
  0.11328470403427E-05 -0.89445431504733E-05  0.15381747599919E-03
  0.17460916241060E-04  0.33546725037737E-04  0.13441669356094E-02
 -0.32961586491509E-05 -0.14628201520817E-04  0.13581345471324E-02
  0.12955555735980E-06  0.25092475821594E-06  0.15260122944130E-03
  0.35127023389926E-06  0.15798669175609E-06  0.13594437819947E-02
 -0.68280882908311E-04  0.33083793496074E-04  0.13067772385175E-02
 -0.10940545293953E-03  0.60119533543469E-04  0.32609075807018E-03
 -0.23492054757531E-05  0.12327821904812E-04  0.15425024617859E-03
  0.46782170223633E-05  0.13745156970875E-04  0.13578716696864E-02
 -0.58984633747166E-04  0.71170965739074E-04  0.25365228480222E-03
 -0.91053656607818E-05  0.29966554696773E-04  0.16317969862931E-03
 -0.69465022071768E-04  0.43288133023916E-04  0.13104131274894E-02
  0.10260299182694E-04  0.24985089068968E-04  0.13527580967193E-02
 -0.96290534954508E-04  0.38436246900836E-04  0.27754291079983E-03
 -0.10192347234082E-03  0.38478524440574E-04  0.35955498685655E-03
 -0.14109621751452E-04 -0.76779710908497E-04  0.22531066737391E-03
 -0.22520495560485E-04 -0.14524597310503E-04  0.13257211963515E-02
 -0.43231900423350E-05 -0.73253409690089E-04  0.13189242200922E-02
 -0.37735568027721E-04  0.10034420053475E-04  0.13489193465439E-02
 -0.48976719239622E-04 -0.67963532091053E-04  0.24556048633346E-03
 -0.24237031141308E-04 -0.90651570164383E-05  0.16398924876130E-03
 -0.37231737690812E-04  0.20612662187688E-04  0.13512976601479E-02
 -0.39315690620707E-04 -0.12589625926410E-04  0.13318239392330E-02
 -0.24293434032784E-04  0.11195483887107E-04  0.16319957357111E-03
 -0.35187349287364E-04  0.29320959755800E-04  0.13504433820265E-02
 -0.50860819852649E-04 -0.81626931408963E-04  0.28208116591917E-03
 -0.29773875242800E-04  0.35029522363064E-04  0.17681600408008E-03
 -0.30783668094618E-04  0.35982871033753E-04  0.13451626321938E-02
 -0.29754291062249E-04 -0.23044753506172E-04  0.13286537131842E-02
 -0.44969799293086E-04  0.39046828166621E-06  0.13355877542870E-02
 -0.43170720268834E-04  0.61945239911584E-04  0.21905116687394E-03
 -0.26378908467925E-04  0.40609646338650E-04  0.13366948688601E-02
 -0.57621808223125E-04  0.82523937716216E-04  0.28645419076782E-03
 -0.22282831932231E-04  0.39058245858874E-04  0.13297355112472E-02
 -0.17399786154035E-04 -0.31976018358354E-04  0.13254045354560E-02
 -0.57358464791101E-04  0.69066023551548E-04  0.33828851525634E-03
 -0.32153719650323E-04 -0.85639098375968E-04  0.33679870696244E-03
 -0.18529572684734E-04  0.30633885281788E-04  0.13252962364785E-02
  0.57726021935479E-04 -0.94704633063834E-04  0.38335598804517E-03
  0.33834756484521E-04 -0.62249449785134E-04  0.12954987706013E-02
 -0.33211727446645E-05 -0.40183758027293E-04  0.13229092606227E-02
 -0.90115498953315E-05 -0.71361153414004E-04  0.34838297284691E-03
 -0.46092818271790E-04 -0.88782695691752E-04  0.31417157868949E-03
  0.16971757083430E-04 -0.10909202955666E-03  0.35915346954404E-03
 -0.28492237979422E-04 -0.26787891067944E-04  0.17318572353140E-03
 -0.34560154284469E-04 -0.43378567208912E-04  0.18897102561231E-03
 -0.38699541292081E-04  0.40473374352971E-04  0.13305855993414E-02
 -0.42941578150155E-04  0.43590607657164E-04  0.19657810356641E-03
 -0.67461486231876E-04  0.77982174107377E-04  0.31855779195184E-03
 -0.35511094464051E-04  0.34022768897602E-04  0.13251268155698E-02
 -0.45569510711656E-04  0.36630248992497E-04  0.13440519541678E-02
  0.14170803403846E-04 -0.80453896926285E-04  0.35262335213712E-03
  0.17253642231440E-04 -0.57684804614810E-04  0.13154228247785E-02
 -0.34370527420463E-04  0.15591542421734E-04  0.17349915953990E-03
 -0.14387650833290E-04 -0.93548235696024E-04  0.34048643501965E-03
  0.13970854605003E-05 -0.54867744978354E-04  0.13206989085342E-02
 -0.48421986848000E-04  0.30798566417029E-04  0.13458125458277E-02
 -0.37099535211781E-04 -0.16591503711861E-05  0.13443564807590E-02
 -0.34367448987989E-04 -0.97981107022906E-04  0.31636402645107E-03
 -0.34079534266592E-04 -0.90858043714728E-05  0.17415662858689E-03
 -0.42332622672404E-04 -0.90841200284325E-04  0.28362876100231E-03
 -0.22569004067738E-04 -0.39403706868115E-04  0.13301489866613E-02
 -0.49060235293757E-04  0.22681840657206E-04  0.13441416014085E-02
 -0.37863088712701E-04 -0.31455777295640E-04  0.18845412025412E-03
 -0.42959351874616E-04 -0.75769736868098E-04  0.24735546976352E-03
 -0.30936515021718E-04 -0.29009126088544E-04  0.13343635864377E-02
 -0.39834765412354E-04 -0.59270018447928E-04  0.21362810504247E-03
 -0.47881881765636E-04  0.12673231344458E-04  0.13402457342604E-02
 -0.35457076693297E-04 -0.15614968157943E-04  0.13390007013768E-02
 -0.43637525399475E-04 -0.51163278772243E-04  0.21301686597840E-03
 -0.11820958211320E-04 -0.48472128036229E-04  0.13252376440399E-02
  0.18628530564818E-04 -0.66790258512676E-04  0.13058360949963E-02
 -0.47979647177095E-04  0.26012020673913E-04  0.13206839012487E-02
 -0.11362619849935E-04 -0.11122865084625E-03  0.32809050995111E-03
 -0.48584225164877E-04 -0.32703865356712E-04  0.20853633274891E-03
 -0.29076143166615E-04  0.51100514785542E-04  0.19159359846043E-03
 -0.14102565491195E-04  0.36896662990159E-04  0.13426022309963E-02
 -0.57018859242560E-04  0.25688893804690E-04  0.13355482937897E-02
 -0.44788616659622E-04  0.75874061855029E-04  0.25032193704012E-03
 -0.92330618472028E-05  0.40973684779689E-04  0.13341232416893E-02
 -0.53822881061264E-04 -0.55343478970681E-04  0.24123025932746E-03
 -0.53683416767004E-04  0.83650555278835E-04  0.31639945976288E-03
 -0.45147907429766E-05  0.36769763568223E-04  0.13284744079360E-02
 -0.52088071067041E-04  0.15596708464301E-04  0.13323530556839E-02
 -0.44306495755369E-04  0.50101275762461E-04  0.34859961405955E-03
 -0.19550401558211E-04  0.29420572993298E-04  0.13507399755465E-02
 -0.56823629648102E-04 -0.71489527492156E-04  0.27883317787558E-03
  0.74226005369925E-04 -0.13399625782409E-03  0.42128050900970E-03
  0.31275238305899E-04 -0.62940474082563E-04  0.12811219654585E-02
 -0.44680344672578E-04  0.47117010137501E-05  0.13294210455880E-02
  0.29466098421221E-04 -0.13974188276228E-03  0.38008124982427E-03
 -0.53990450258481E-04 -0.79374238674429E-04  0.31309701724195E-03
  0.17461563195623E-04 -0.73808575199527E-04  0.12936841800535E-02
  0.33761597050877E-05 -0.12485455062454E-03  0.32458613333732E-03
  0.54582763817573E-05 -0.76041476391759E-04  0.13067657609235E-02
 -0.34975839590573E-04 -0.56197619164947E-05  0.13272475113365E-02
 -0.42482813719000E-04 -0.77594277749955E-04  0.33707500283848E-03
 -0.94981700484338E-05 -0.10012738538111E-03  0.26974673881815E-03
 -0.78417057793701E-06  0.26067058151729E-04  0.13256292786754E-02
 -0.58624478797226E-04  0.33700872138131E-04  0.13379032778117E-02
 -0.18911685282576E-04  0.27271434977223E-04  0.16453278356515E-03
 -0.23104776058525E-04  0.20618516212067E-04  0.13549317041984E-02
  0.42644760333837E-05 -0.66944720032782E-04  0.13157836977362E-02
 -0.73047370197415E-04  0.57710980409288E-04  0.34179567686747E-03
 -0.26418920433276E-04 -0.10135841814224E-03  0.29012003973068E-03
 -0.68820276815966E-05 -0.62436400258208E-04  0.13238647071686E-02
 -0.50379837824478E-04  0.36953178114891E-04  0.13238245451898E-02
 -0.31387266572806E-04 -0.85667135921438E-04  0.25087101905156E-03
 -0.15574128729363E-04 -0.54203043360840E-04  0.13307995636292E-02
 -0.74884123772285E-04  0.74270077381681E-04  0.29253763181099E-03
 -0.31144304755698E-04 -0.67194979717430E-04  0.21644194749650E-03
 -0.21684804981908E-04 -0.43464478328520E-04  0.13370533951672E-02
 -0.52208616690965E-04  0.42298178982047E-04  0.13292650879833E-02
 -0.28774124928624E-04 -0.49698472470659E-04  0.18954513034721E-03
 -0.24467175805758E-04 -0.31003336129265E-04  0.13428387705211E-02
 -0.60196500397700E-04  0.52553524813598E-04  0.22752893060426E-03
 -0.25284890038268E-04 -0.35944691518012E-04  0.17235888931459E-03
 -0.25188463550945E-04 -0.17127820700364E-04  0.13483918755519E-02
 -0.54869299806299E-04  0.42044636081021E-04  0.13354053824194E-02
 -0.47116661820938E-04  0.21270046447507E-04  0.19092963093201E-03
 -0.20634417281651E-04 -0.22099401338369E-04  0.16289166780334E-03
 -0.25873023025580E-04 -0.36071185325607E-05  0.13530627090067E-02
 -0.16659288988817E-04 -0.76446683770289E-05  0.15750903759090E-03
 -0.57641338785121E-04  0.39319601194224E-04  0.13383627494402E-02
 -0.25243656963828E-04  0.89211765334687E-05  0.13554567170614E-02
 -0.44561235808685E-04 -0.73467752328172E-05  0.18891858215995E-03
 -0.15403470293199E-04  0.78080382757434E-05  0.15691046547953E-03
  0.43211996321086E-04 -0.10992338990651E-03  0.32228575294197E-03
 -0.50107968200610E-05 -0.86881888985884E-04  0.13014412042595E-02
 -0.41843899106583E-04  0.40571474239743E-04  0.13379870955768E-02
 -0.42209953828835E-04  0.29275885112920E-04  0.13237202739161E-02
  0.59505141721284E-04 -0.52005025527684E-04  0.27124297838539E-03
 -0.43542490005454E-04  0.57763627241830E-04  0.12710007833922E-02
 -0.30359885873812E-06 -0.74611723911290E-04  0.13295931579058E-02
 -0.79667640627727E-05 -0.86673956859850E-04  0.13211089641668E-02
 -0.68063522848001E-04  0.53033267492975E-04  0.12926185960624E-02
  0.77952411431905E-04 -0.27954594820947E-04  0.27307797231163E-03
  0.57945152715378E-04 -0.36264043670243E-04  0.23564186163913E-03
 -0.41750340751895E-05 -0.79139776832714E-04  0.13303496406253E-02
 -0.15816643601395E-03  0.37322553824067E-04  0.40099213213776E-03
 -0.12421043698221E-03  0.19372835849444E-04  0.37659392034121E-03
 -0.13741903941462E-03  0.79876280717611E-04  0.43189831972895E-03
  0.49221248711311E-06 -0.67811682461318E-04  0.13378415926813E-02
 -0.65530496473056E-04  0.59751444073093E-04  0.13015852601485E-02
 -0.73743577273277E-05 -0.84288011999021E-04  0.13229499616391E-02
  0.72592702636381E-04 -0.38453098886270E-04  0.30273736469606E-03
  0.47340810259109E-04 -0.17057659367796E-04  0.18964799982068E-03
  0.54042653666428E-05 -0.54391368076597E-04  0.13439817495073E-02
 -0.44720034548043E-04  0.41004632673509E-04  0.12593610297235E-02
  0.53956053650987E-04 -0.25593115493569E-04  0.21025898937796E-03
 -0.99418352028941E-05 -0.88750313873880E-04  0.13087234358660E-02
  0.56832475193903E-04 -0.78718782397701E-04  0.31826977540813E-03
 -0.69297438985683E-04  0.42013887532676E-04  0.12858745808067E-02
 -0.10483576783687E-04 -0.37348002942426E-04  0.12460947506184E-02
  0.55596521036685E-04 -0.82999215080143E-05  0.19049718917414E-03
 -0.46087690458234E-04  0.46161356593394E-04  0.13230185597287E-02
 -0.54649016511340E-04  0.11403032380671E-03  0.40668312983179E-03
 -0.28487037652277E-05 -0.15881635370842E-03  0.43215199890503E-03
 -0.42421850423869E-04  0.69077654501007E-04  0.12847083680187E-02
 -0.61622538401250E-05 -0.50503369111249E-05  0.33975844359557E-03
 -0.13591241611369E-04 -0.59474516220950E-04  0.12597983457181E-02
  0.13297801619643E-04 -0.47877893954735E-04  0.13400224917223E-02
  0.21720779654995E-04 -0.15421534963639E-03  0.42927236386144E-03
 -0.28561721912938E-04 -0.22189456394625E-04  0.12467130878759E-02
  0.67247356649327E-04 -0.12357643746341E-04  0.21516453379578E-03
 -0.70495489569862E-04  0.25130301076967E-04  0.12816676477134E-02
 -0.17055867539530E-03  0.41026374380631E-04  0.42005507483086E-03
  0.44749765394376E-04 -0.11570814110405E-03  0.37656635548183E-03
 -0.10108376086990E-03  0.11034572822067E-03  0.43612024193207E-03
 -0.12320811879150E-04 -0.85520916133524E-04  0.12926629413936E-02
  0.62920368580962E-05 -0.62281595107351E-04  0.13353233032475E-02
  0.75751889482404E-04 -0.18847289611679E-04  0.24379044715433E-03
 -0.85786163713289E-04  0.10819052310728E-04  0.36441268947480E-03
 -0.16259341349349E-04 -0.10706072702618E-03  0.37245331836203E-03
  0.38525677516798E-04 -0.11590914195490E-04  0.17411993838227E-03
  0.10537708407193E-04 -0.38015064399411E-04  0.13487030422935E-02
 -0.48646635629272E-04  0.60310361906944E-04  0.37317085311821E-03
 -0.59662678736355E-04  0.32526869758000E-04  0.12690174423570E-02
 -0.54172539097087E-04  0.68411329704190E-04  0.12980463499988E-02
 -0.21502182890202E-04  0.75586624276119E-04  0.24439114784101E-03
 -0.28962647617161E-04 -0.66534305510649E-04  0.12716640661391E-02
  0.51232473591451E-04  0.36489154547009E-04  0.13351691766752E-02
 -0.17811363305690E-03  0.47705270563741E-04  0.44303038779082E-03
 -0.47462441805259E-04 -0.14095636711676E-03  0.43533434423181E-03
  0.44867976922751E-04  0.31724997135925E-04  0.13437559471388E-02
 -0.26458929876987E-04  0.85346580390486E-04  0.31051780148995E-03
 -0.58066667706531E-04  0.49767085327228E-04  0.12760886892714E-02
 -0.17010710963403E-04  0.56829290996810E-04  0.34832421570494E-03
 -0.29936572478278E-04 -0.47028053757906E-04  0.12569974659722E-02
 -0.14655065919808E-03  0.57545252103968E-04  0.43010401485085E-03
  0.60664358423275E-04  0.27042411525634E-04  0.13231966559079E-02
 -0.95104453447834E-04  0.59952425717696E-04  0.40333030058862E-03
 -0.73039615696789E-04 -0.13115213587901E-03  0.42394861532758E-03
 -0.79977081416133E-04 -0.72356529217112E-04  0.37224654729785E-03
  0.56037745871989E-04  0.35180271411933E-04  0.13277502066566E-02
 -0.88376110379253E-05  0.49806601364073E-04  0.19055026791236E-03
 -0.63244972832508E-05 -0.11092454689147E-03  0.40246175715415E-03
 -0.17552282772665E-03  0.95553310171963E-05  0.43904155238251E-03
 -0.61063147281309E-04  0.63978038564796E-04  0.13099099452292E-02
 -0.50821110713661E-04  0.12408421456379E-04  0.35823641836432E-03
  0.30528541393743E-04 -0.70641655251429E-05  0.16338029500504E-03
  0.58588123063900E-04 -0.54642658441390E-04  0.33320015051594E-03
  0.16418348150658E-04 -0.20758357529937E-04  0.13528340189322E-02
 -0.14758830586415E-03  0.31145092962795E-04  0.41121346079342E-03
  0.22530404477965E-04 -0.39914984016919E-06  0.15765346693908E-03
 -0.19583889839602E-04 -0.86490461432330E-04  0.13017960252602E-02
 -0.54953593858986E-04  0.65023191284774E-04  0.13164233368157E-02
  0.22919536971830E-04 -0.42117623535347E-05  0.13553208477762E-02
 -0.21433964471939E-04  0.16595695324566E-04  0.34542259894302E-03
  0.13789804456230E-04  0.10132318068485E-04  0.15690962568360E-03
  0.32104863337459E-04 -0.78670656763499E-04  0.36467832476634E-03
  0.29612108080217E-04  0.10354179651141E-04  0.13548407128126E-02
 -0.45830227648829E-04  0.17924092450718E-04  0.12536232766405E-02
 -0.25188659938070E-04 -0.80443945202811E-04  0.12866241826977E-02
  0.36525424627446E-05  0.26748283775710E-04  0.16472513704036E-03
 -0.60621639346442E-04  0.90431574318886E-05  0.12667105151705E-02
  0.36938976679983E-04  0.22777024134619E-04  0.13508472992038E-02
 -0.14048938288494E-04 -0.88166791466284E-04  0.13143796494894E-02
  0.20206174338167E-04 -0.31450789391895E-04  0.13440909116308E-02
 -0.14541578867451E-04 -0.75450426008554E-04  0.12764995955123E-02
  0.88784228939358E-05  0.35142700366790E-04  0.17526032924243E-03
 -0.41205391186586E-05  0.59874531551079E-04  0.21081857926379E-03
  0.15946035327626E-04 -0.10729603072822E-04  0.15804929062118E-03
 -0.25980543640594E-04  0.48892734821166E-04  0.12563553186114E-02
  0.53786624664275E-05 -0.26445435827254E-04  0.13551937865769E-02
 -0.72756363540998E-04  0.47285853090058E-04  0.13014514441849E-02
 -0.11745690745522E-03  0.18817086358424E-04  0.32204448387412E-03
  0.51616859307730E-04  0.27309212482918E-04  0.13454387382025E-02
  0.11813218366548E-04 -0.37460509274426E-05  0.15455577534147E-03
  0.99818491658053E-05 -0.10394389886114E-04  0.13579807561406E-02
  0.75072248076165E-05  0.54362000398110E-05  0.15359770516976E-03
 -0.71730853524246E-04  0.52594995133954E-04  0.13086017203383E-02
  0.14935958923033E-04  0.42582331233532E-05  0.13581908252328E-02
 -0.85486253835927E-04  0.65139842321701E-04  0.37084037428538E-03
  0.43172102296380E-04  0.16658811984909E-04  0.13501724924563E-02
 -0.97076247981251E-04 -0.94630754311253E-05  0.31712597840554E-03
  0.98890826845940E-06  0.19275742245679E-04  0.15779609127996E-03
  0.20729156653697E-04  0.18066994660101E-04  0.13550876599799E-02
 -0.13517262078647E-03  0.47699395753690E-04  0.35268621537734E-03
  0.14149119866536E-05 -0.42991574405133E-04  0.13512322410104E-02
  0.21336654105496E-04 -0.16743457446474E-04  0.16426463664786E-03
  0.59342147102866E-04  0.34265863825909E-04  0.13376026583968E-02
 -0.21219463954564E-04  0.32244706779042E-04  0.31115702653157E-03
  0.38262493896265E-04 -0.72063060799271E-04  0.25571679310258E-03
 -0.65150863489063E-05 -0.85199898852742E-04  0.13166127359740E-02
 -0.18702104305569E-04 -0.30784808390339E-04  0.34968221263969E-03
  0.33461500870149E-04 -0.48583275680438E-04  0.21327607137312E-03
 -0.12778881507564E-04  0.76090151474809E-04  0.33256932720837E-03
 -0.63549548957136E-05  0.12042791683408E-04  0.12380218196873E-02
 -0.66722577991048E-05 -0.79461197282699E-04  0.13288926485172E-02
 -0.27395892425470E-04  0.27131884820553E-04  0.12459398714722E-02
 -0.72389942592918E-04  0.21247712529957E-04  0.12938435305221E-02
 -0.47909331579607E-05 -0.69728396000259E-04  0.13384813788022E-02
  0.65403303827920E-04  0.36960098718545E-04  0.13292989803889E-02
 -0.14265688089637E-04  0.81423634582326E-04  0.27354479026086E-03
 -0.13459242153511E-03  0.43554985340240E-04  0.38035101510114E-03
  0.26363661746329E-04 -0.24831582208335E-04  0.17456034473664E-03
 -0.78665668459814E-04  0.12643971805674E-03  0.42231917375248E-03
 -0.19285907881440E-05 -0.57832417603279E-04  0.13458578329948E-02
 -0.72538739974991E-04  0.37425163969256E-04  0.12962795377185E-02
  0.30117188925122E-04 -0.34721646550089E-04  0.18941244772650E-03
  0.21282624542923E-04  0.16409204788711E-04  0.16314345892985E-03
 -0.57136802852858E-04  0.61295939653675E-04  0.12862400494987E-02
  0.39708328066376E-04  0.37045418020766E-04  0.13319127398751E-02
  0.35116670764392E-04  0.35374691874754E-04  0.13398706787677E-02
  0.43556145129898E-04  0.31120657958982E-04  0.13261407289547E-02
 -0.23218460369427E-04  0.64852458917537E-04  0.21580884929869E-03
 -0.27453369205719E-04  0.28603274026310E-05  0.12428719877339E-02
  0.32764753718593E-04  0.33537819533293E-05  0.16407200741219E-03
 -0.64952733488430E-04  0.56506633615446E-04  0.13178893378831E-02
  0.44334609485082E-04 -0.39859682652630E-05  0.17327865205485E-03
  0.27761326806985E-04 -0.13199949675165E-04  0.13482105771481E-02
 -0.33604484908564E-04  0.85385998061325E-04  0.28228749121010E-03
 -0.83009472400744E-04 -0.13453183590398E-05  0.34401269159873E-03
  0.35263896290423E-04  0.31031099930869E-05  0.13508148593494E-02
 -0.31399848254354E-04  0.75545386963857E-04  0.33695873224194E-03
 -0.77217993092405E-04 -0.23557632253133E-04  0.33203300761567E-03
 -0.19921954811163E-04 -0.35133764591221E-04  0.31258341634057E-03
  0.28083055440586E-04  0.28518035403193E-04  0.13485459367997E-02
 -0.55442814466588E-04 -0.24700630740745E-04  0.34713281378551E-03
 -0.69414846001861E-04  0.56005827579266E-04  0.13142543249818E-02
 -0.31398076158049E-04 -0.16507412531459E-04  0.35103243987434E-03
 -0.78881521464229E-05 -0.11557483100861E-04  0.12380741073386E-02
 -0.94314615281035E-05  0.39340438024174E-04  0.17436975242407E-03
 -0.57258572772509E-04  0.53541502114438E-04  0.13204016761610E-02
  0.24165475591412E-04 -0.69307966700401E-04  0.12382922451678E-02
  0.24914903383119E-04 -0.94768303100390E-07  0.11980940076371E-02
 -0.48352853387049E-04  0.50395382931703E-05  0.12108672655859E-02
  0.78129658721172E-04 -0.50993585489112E-04  0.11384915087997E-02
 -0.20302567026269E-04  0.11952076728228E-03  0.11093356004758E-02
  0.94787650137272E-06  0.11953312453943E-03  0.11753873348055E-02
 -0.28897142716797E-04  0.20281630696314E-04  0.93883726358377E-03
 -0.21282824646888E-04  0.15254457588032E-04  0.12327586970275E-02
 -0.77599072213011E-05  0.12388759913200E-03  0.11550852318537E-02
  0.73201760823859E-04 -0.24594903713719E-04  0.11722610087476E-02
  0.85002583124134E-04 -0.33562603236685E-04  0.11662089274600E-02
 -0.50341520290205E-04  0.22993766217264E-04  0.12279058405875E-02
 -0.37853864317793E-04  0.20340781183722E-04  0.12410464091962E-02
 -0.33920421794642E-04  0.10710475530522E-03  0.11437187357991E-02
  0.21455559512423E-04 -0.23827629620132E-04  0.12620377707595E-02
 -0.58069513175158E-04  0.30678341305355E-05  0.96535517672122E-03
  0.43658685845607E-04 -0.68986296516962E-04  0.11839353363646E-02
  0.24985936862296E-05  0.11885744089587E-03  0.11909103499015E-02
  0.96388817411233E-04 -0.42411723189346E-04  0.11569555328619E-02
  0.21494085401525E-04 -0.48136691391291E-04  0.12553192613153E-02
 -0.17541908780808E-04  0.11988081316849E-03  0.11434292302448E-02
  0.50705464659517E-04 -0.62066949706597E-04  0.10093061203861E-02
  0.57828880090802E-04 -0.39433708698796E-04  0.97631394644049E-03
  0.24966637218985E-04 -0.72181340215831E-06  0.12624170634805E-02
  0.96278367899706E-04 -0.54197316028332E-04  0.10899634668199E-02
  0.59414791225382E-04 -0.15808052804031E-04  0.11786581269655E-02
  0.31523680902391E-04  0.65355958484699E-04  0.12463802618506E-02
 -0.55947437958687E-04  0.88354613174841E-04  0.10650935943192E-02
  0.31571910677398E-04  0.43633410853312E-04  0.12547862978680E-02
  0.73088071191352E-04 -0.63862960178312E-04  0.10635511522280E-02
 -0.51806858054811E-04  0.39985825795575E-04  0.97716811812885E-03
  0.60497944096800E-04 -0.94241689951003E-05  0.96397286658191E-03
  0.10135796191860E-03 -0.43256549786259E-04  0.10683995968074E-02
  0.30457078836272E-04  0.84712850162368E-04  0.12347237172455E-02
  0.25535245304686E-04 -0.62606062595082E-04  0.11788324878806E-02
  0.85071670334146E-04 -0.29096946682849E-04  0.10106948136662E-02
  0.89401229618277E-04 -0.55289799750164E-04  0.11150235233757E-02
 -0.42781170788533E-04 -0.44815012195562E-04  0.11784165721253E-02
 -0.72479443683154E-05  0.10840313541143E-04  0.12214295761119E-02
  0.42245923777534E-04 -0.75575969597862E-05  0.11874489657240E-02
 -0.31264942162429E-04  0.19631228758680E-04  0.12415595471243E-02
  0.29099637062635E-04  0.21240583622123E-04  0.12601641779665E-02
  0.26836742106963E-04 -0.80732401170627E-04  0.12146356615444E-02
  0.25226651068431E-04  0.10106483264195E-03  0.12191605103077E-02
  0.10542794613339E-03 -0.23077936263993E-04  0.10578053766348E-02
 -0.44552606822868E-04  0.74967541567391E-04  0.10106704389565E-02
 -0.33591976111554E-04  0.10257218778649E-03  0.10584484633445E-02
 -0.44633880814234E-04 -0.19302249663388E-04  0.11912326046071E-02
 -0.36996385230604E-04  0.11059295702117E-03  0.11053622960204E-02
  0.15755292256049E-04  0.11318826091024E-03  0.11996264964505E-02
  0.27398226393810E-04 -0.77320599636981E-04  0.11914604274287E-02
  0.80004737866904E-04 -0.51075656376319E-04  0.10308479210407E-02
 -0.74575867008729E-04  0.21643529958652E-04  0.10100996646704E-02
 -0.36726423882640E-04  0.22244089728648E-04  0.12455846365293E-02
 -0.67683541752214E-04  0.56711809674729E-04  0.10303655619568E-02
  0.87148790293776E-05  0.61551658100920E-05  0.12094981622213E-02
  0.43973364063126E-04  0.13500322867195E-04  0.11823225194886E-02
 -0.48006036517937E-04  0.31148933883010E-04  0.12356565798896E-02
  0.10233139222981E-03 -0.47399146005203E-04  0.11658637010450E-02
 -0.73070528115412E-04 -0.76672428558251E-05  0.11651547201790E-02
  0.75581086376287E-04 -0.72505869288295E-04  0.12199573374693E-02
  0.10314969475457E-03 -0.61575952851798E-04  0.11757171269079E-02
 -0.71571857655440E-04 -0.36212271341822E-04  0.11589982420778E-02
  0.76368248293610E-04 -0.74865357912275E-04  0.11989189828738E-02
 -0.23191774189382E-04  0.82847035832950E-04  0.11838803045865E-02
  0.75044510966760E-04 -0.63017708765864E-04  0.11830766319672E-02
  0.10213128912604E-03 -0.61878225160631E-04  0.11913425541630E-02
  0.43609005552568E-04  0.34124095612652E-04  0.11791211478818E-02
  0.16415298608698E-04  0.95419650037780E-04  0.11826903665847E-02
  0.74460327819519E-04 -0.56075837050145E-04  0.12363066153895E-02
 -0.38641671614632E-06  0.82450728540411E-04  0.11814518214769E-02
  0.10083293497979E-03 -0.50277190105126E-04  0.12041229799934E-02
  0.33204250361227E-04  0.88992890403985E-04  0.11908288380475E-02
  0.98793688139938E-04 -0.32446535924738E-04  0.12077197334126E-02
  0.47153435670516E-04  0.78348439262525E-04  0.12016661448861E-02
  0.33732008592769E-05  0.46040080504907E-04  0.11906284287367E-02
  0.19895595535076E-04  0.78419557576033E-04  0.11799339024758E-02
  0.57293445561919E-04  0.63658427666716E-04  0.12132563199171E-02
  0.93975260589148E-04 -0.14266167285472E-04  0.12029040130380E-02
 -0.15421981029242E-04  0.48451068475063E-04  0.12017493222698E-02
  0.62951551447859E-04  0.45765154417888E-04  0.12250105100537E-02
 -0.88929025873112E-04  0.88949309882613E-05  0.11013028165631E-02
  0.24416860081250E-04  0.41260530750293E-04  0.11829329744104E-02
  0.86540698867005E-04  0.16060708008678E-05  0.11941747455097E-02
 -0.45683223931312E-04  0.78531333480121E-04  0.11843204147646E-02
  0.75703521519588E-04 -0.32873537846957E-04  0.12412732757872E-02
  0.89096496165916E-04 -0.61542278060444E-04  0.12177582695310E-02
  0.89924341905448E-04 -0.42541130245083E-04  0.12269714967093E-02
  0.90606897321744E-04 -0.70603548611048E-04  0.12002430110566E-02
  0.16613304204064E-05  0.64787095281058E-04  0.11848630870080E-02
 -0.82987951086205E-04 -0.15323771003499E-04  0.11344186357169E-02
  0.89529773472390E-04 -0.20196073671595E-04  0.12247808865470E-02
  0.90228490442487E-04 -0.64236214429098E-04  0.11834057578075E-02
 -0.18775281526641E-04  0.66580462224961E-04  0.11935413051651E-02
  0.37820520504489E-04  0.71773084110677E-04  0.11832611247729E-02
  0.87532433133163E-04  0.11748418337712E-05  0.12151531529018E-02
 -0.83121241616059E-04  0.16911476982044E-04  0.11443422296032E-02
  0.41392054741004E-04  0.53038806249973E-04  0.11788035099033E-02
  0.53462839476186E-04  0.62100368543224E-04  0.11907243008327E-02
  0.80684430229619E-04  0.18280950003343E-04  0.12027343920570E-02
  0.65518202897481E-04  0.49225207779375E-04  0.12012103513878E-02
 -0.56515133765058E-04  0.57660140137639E-04  0.12039594580128E-02
 -0.77782041778247E-04  0.46648779563373E-04  0.11619088122994E-02
  0.72683695611069E-04  0.32941409148578E-04  0.12127816989135E-02
  0.70324472295532E-04  0.32204529401697E-04  0.11917056147059E-02
  0.76530504101725E-04  0.14273655211914E-04  0.12250623343892E-02
 -0.68612714175466E-04  0.44199400028870E-04  0.11964718299732E-02
  0.58005093106939E-04  0.44191374657182E-04  0.11834361180322E-02
  0.76824369482692E-04 -0.80666355838781E-05  0.12362681017463E-02
 -0.64375067854228E-04  0.67385605121219E-04  0.11776259394272E-02
 -0.39409385497226E-04  0.64455630157323E-04  0.12012969733163E-02
  0.44662244063586E-04 -0.80106981933233E-04  0.12027607750323E-02
  0.63131842811839E-04  0.25226148560391E-04  0.12360230955792E-02
  0.61579811596723E-04  0.27696132164498E-05  0.12454807805172E-02
  0.38122189883161E-04  0.91382334937303E-04  0.12125294632766E-02
  0.87680012585325E-04 -0.16128779803621E-04  0.11830909629540E-02
  0.45514415360853E-04  0.75174884332467E-04  0.12257760814840E-02
  0.25691491231742E-04  0.21444793260347E-04  0.11897508355336E-02
 -0.88018236304198E-04 -0.59641541224190E-06  0.10549122590667E-02
  0.76514555306366E-04 -0.48360998434933E-05  0.11795541084775E-02
  0.48849622703184E-04  0.56263184546274E-04  0.12372922713708E-02
  0.62847961798686E-05  0.26606227146616E-04  0.11995041300479E-02
  0.48867994991725E-04  0.34466828579632E-04  0.12469854661739E-02
  0.11442825820301E-03 -0.24340081564377E-04  0.11044312993076E-02
  0.45431652725590E-04  0.12492655528222E-04  0.12538093275582E-02
  0.22126427878892E-04  0.59833843426930E-04  0.11795274112043E-02
 -0.83566330288476E-04  0.34532205285791E-04  0.10641241023156E-02
  0.11335186672771E-03 -0.42660920966165E-04  0.11092425383778E-02
  0.41597308791420E-04 -0.10766711761231E-04  0.12580502061196E-02
 -0.27723144038738E-04  0.32181410198308E-04  0.12234244627233E-02
 -0.73833568018358E-04  0.67954943068961E-04  0.10871828622499E-02
  0.39392003007161E-04 -0.35516202062015E-04  0.12572710672867E-02
  0.10905650111623E-03 -0.51681674342256E-04  0.11241629130447E-02
  0.40366846105016E-04 -0.59172690569748E-04  0.12469754537388E-02
 -0.39864311458251E-04  0.33215781609314E-04  0.12331893526506E-02
  0.10446647907844E-03 -0.50107275599006E-04  0.11419067368632E-02
  0.42360272627134E-04 -0.76322209197436E-04  0.12268026271651E-02
 -0.55759966310243E-04  0.93770216935931E-04  0.11160293798834E-02
 -0.12247578555695E-04  0.29703943275339E-04  0.12109199008388E-02
 -0.33294359127682E-04  0.48746228121559E-04  0.12136910897492E-02
 -0.47785090754433E-05  0.98403912180666E-04  0.11766043314625E-02
  0.26239608925846E-04  0.10311272330288E-03  0.11980275691720E-02
  0.74299583502383E-04  0.13826500146416E-04  0.11850196620462E-02
 -0.48661005662505E-04  0.45944098350070E-04  0.12213689545744E-02
 -0.83620447421182E-04  0.43340137832765E-04  0.11164256206008E-02
  0.58879257307997E-04 -0.21987468840315E-04  0.12511350817338E-02
  0.60165853315399E-04  0.24159568361934E-04  0.11797583414777E-02
  0.57908657828938E-04 -0.46892720528374E-04  0.12488328744122E-02
 -0.58771968149733E-04  0.38857745361737E-04  0.12202689896094E-02
 -0.70516604412928E-04  0.71576720809086E-04  0.11380660970251E-02
  0.58598380038390E-04 -0.68185344691140E-04  0.12354929203984E-02
  0.11257633548945E-03 -0.46078007638965E-04  0.11433618361419E-02
 -0.63097218954173E-04  0.23747990164123E-04  0.12083260830596E-02
  0.96964587927493E-04 -0.29001899565806E-04  0.11851643938175E-02
  0.60194710288791E-04 -0.78514151301900E-04  0.12137088250222E-02
  0.60872374984785E-04 -0.73931827604435E-04  0.11916797483594E-02
 -0.51708049817702E-04  0.89203307704604E-04  0.11571272546661E-02
 -0.61220074395952E-04 -0.57420014305154E-06  0.11905145233680E-02
  0.10830694800995E-03 -0.53588383071899E-04  0.11703241677383E-02
  0.58511790302859E-04 -0.57577800218453E-04  0.11802535359443E-02
 -0.58677698722008E-04 -0.27949487747222E-04  0.11756122133715E-02
 -0.11186258151091E-04  0.11155413739948E-03  0.11659782920283E-02
 -0.28579292681065E-04  0.96750079002414E-04  0.11695265559124E-02
  0.10384875461078E-03 -0.42542729982887E-04  0.11817876321360E-02
  0.10084735080298E-04  0.10995162575518E-03  0.11828663838861E-02
  0.61034703760223E-04  0.42287883375505E-05  0.11785961235862E-02
  0.11116254478791E-03 -0.55877121178144E-04  0.11553828491909E-02
 -0.74094477374853E-04  0.21766324570777E-04  0.11806696389947E-02
 -0.32607810533271E-04  0.33920125954389E-04  0.12544004090965E-02
  0.90427035251754E-05  0.10773394999976E-03  0.12174175049359E-02
  0.42573824850589E-04  0.72147774159678E-05  0.12223020797958E-02
 -0.83115242832865E-04 -0.43629180840817E-04  0.11394297928230E-02
 -0.84690966520693E-04 -0.63292075493697E-04  0.11584300921085E-02
  0.33324679959413E-04  0.16564420938011E-04  0.12407738440465E-02
 -0.89222168368303E-04 -0.68658943785218E-04  0.11832013692547E-02
  0.24992159852195E-04  0.15929892871533E-04  0.12515947612639E-02
 -0.93804110369595E-04 -0.61607493766280E-04  0.12051183091995E-02
 -0.97338588560436E-04 -0.45700083016559E-04  0.12183146164038E-02
  0.17641725193036E-04  0.72449346338368E-05  0.12549269060396E-02
 -0.99791260939394E-04 -0.27737500018212E-04  0.12201416230861E-02
  0.11033518958767E-04 -0.58856420831207E-05  0.12529691133426E-02
 -0.97655769597851E-04 -0.12111767367908E-04  0.12134852117679E-02
 -0.90684098430923E-04  0.21742128312351E-05  0.12025014030673E-02
  0.55845813974179E-05 -0.20671621995638E-04  0.12479875946299E-02
 -0.80272805453133E-04  0.15893509823135E-04  0.11914389823572E-02
  0.10922090417269E-03  0.11115997557617E-07  0.11147058058160E-02
 -0.17331334221891E-05 -0.35898955878104E-04  0.12409274991466E-02
  0.50647704640117E-04 -0.11519746877073E-04  0.12005483485100E-02
  0.80334207127992E-04  0.43679245400047E-04  0.11603859774226E-02
 -0.93938334951978E-04 -0.14840337539198E-04  0.11915217151546E-02
 -0.81246675994605E-04 -0.26775271546262E-05  0.11838100431249E-02
 -0.54489079719636E-04 -0.94455981568381E-04  0.11169293704585E-02
 -0.67039001657991E-04  0.97681696884648E-05  0.11790588076567E-02
 -0.50467343017136E-04 -0.92474642490478E-04  0.10662329610101E-02
 -0.51589047750548E-04  0.21216713385145E-04  0.11791401437178E-02
 -0.33774884328380E-04  0.31994360306382E-04  0.11822091562606E-02
 -0.44549203099111E-04 -0.76225306841990E-04  0.10120065221575E-02
 -0.14623209339613E-04  0.41182096438339E-04  0.11868313137239E-02
 -0.40004085788200E-04 -0.49533854610972E-04  0.96592832503900E-03
  0.68349527964965E-05  0.48942492394947E-04  0.11909981158875E-02
  0.32014731483372E-04  0.54074121103339E-04  0.11899476461447E-02
 -0.34939773913363E-04 -0.16646897398149E-04  0.93906675862805E-03
  0.57409891882582E-04  0.53714835670365E-04  0.11797261624653E-02
  0.55634973715074E-04 -0.35046312416757E-04  0.11842804465338E-02
  0.97902129051656E-04  0.24447532066142E-04  0.11363246715223E-02
 -0.52360987283558E-04 -0.88026974994668E-04  0.11575185163053E-02
 -0.67145095245823E-04  0.28864102884681E-04  0.11839512955165E-02
 -0.98973297651937E-05 -0.50476000141371E-04  0.12326557442029E-02
 -0.57323711932137E-05 -0.35392534799890E-04  0.93900796287320E-03
 -0.85866753910061E-04 -0.35757333099438E-04  0.12366687785487E-02
 -0.13069093139640E-05 -0.98280890373676E-06  0.92391069863791E-03
 -0.87662014744292E-04 -0.15882237930627E-04  0.12353436518763E-02
 -0.86568922309447E-04  0.18589131383780E-05  0.12266052381327E-02
  0.41296230717100E-04 -0.49843522150069E-04  0.11794029580513E-02
 -0.81990252850475E-04  0.18258087791355E-04  0.12143249867442E-02
  0.38448249754512E-04 -0.27055833979122E-04  0.11897193167868E-02
 -0.74285471150625E-04  0.32810028287794E-04  0.12020603104701E-02
 -0.63044143480713E-04  0.45949636033107E-04  0.11921441232175E-02
  0.32942868919479E-04 -0.49816765439617E-05  0.12098513573040E-02
 -0.49352711128003E-04  0.58576941366463E-04  0.11853810118362E-02
  0.24785162914330E-04  0.98369544409084E-05  0.12319609255475E-02
 -0.33503135014689E-04  0.69555581358172E-04  0.11797315233719E-02
 -0.15664312640016E-04  0.76708866270119E-04  0.11721252286233E-02
 -0.82097527663684E-04 -0.56033176012637E-04  0.12277463820174E-02
 -0.51491557159944E-04  0.40947491213887E-04  0.11800830763237E-02
 -0.77871026797814E-04 -0.69437258758835E-04  0.12088181657941E-02
 -0.73857188603771E-04 -0.69887309524170E-04  0.11862374127528E-02
 -0.34391447605028E-04  0.51658544880743E-04  0.11785625640072E-02
 -0.16594871588304E-04 -0.64667979675246E-04  0.12209809660077E-02
 -0.16093594953691E-04  0.60002138753082E-04  0.11781466321272E-02
  0.64284296763348E-05  0.65074263655822E-04  0.11750583331692E-02
 -0.22515900249120E-04 -0.77088073660376E-04  0.12037551935090E-02
  0.31695788359634E-04  0.67166603415560E-04  0.11640570124095E-02
 -0.27020666179721E-04 -0.89026202954416E-04  0.11776717341256E-02
  0.57780318602255E-04  0.63297309345882E-04  0.11428472086985E-02
  0.80255891914865E-04  0.50128677882235E-04  0.11145558373342E-02
 -0.28091150466764E-04 -0.96419046465406E-04  0.11384341772998E-02
  0.96562066864495E-04  0.28500919851430E-04  0.10851930884332E-02
 -0.23691257668825E-04 -0.98022027674609E-04  0.10876381957055E-02
  0.10463545567817E-03  0.29484842791621E-05  0.10635291314954E-02
 -0.71300613643197E-04 -0.58253684618844E-04  0.11670535137473E-02
 -0.17450988399469E-04 -0.87283410687026E-04  0.10311684576518E-02
 -0.11161435417810E-04 -0.65279877198422E-04  0.97761899117904E-03
 -0.10255576718148E-03 -0.27636369049614E-04  0.11989439202300E-02
 -0.45872427025577E-04 -0.77549146386503E-04  0.11841939026834E-02
 -0.10524555149596E-03 -0.42061028355446E-04  0.12007124974373E-02
 -0.19918476635290E-04 -0.24445540471328E-04  0.12099946020830E-02
 -0.85263594640835E-05  0.53154443550825E-05  0.12088349956597E-02
 -0.35018896810906E-04 -0.36891401150423E-04  0.12008194887077E-02
  0.89760034285974E-05  0.16348680650260E-04  0.12186865566785E-02
  0.27205963476588E-04  0.26297595827862E-04  0.12263677655841E-02
 -0.48763231565877E-04 -0.48662587921974E-04  0.11929208284812E-02
  0.45821518026260E-04  0.32702648200225E-04  0.12275037297333E-02
 -0.60707681826990E-04 -0.60459614176161E-04  0.11837256690946E-02
  0.63320123149202E-04  0.30892405967250E-04  0.12194610396503E-02
  0.78386094139871E-04  0.19275155414925E-04  0.12028250566912E-02
 -0.70618283356866E-04 -0.71996575491010E-04  0.11696225518630E-02
  0.91046485454873E-04 -0.10497565344614E-05  0.11832650857694E-02
 -0.77033728703740E-04 -0.82070800711248E-04  0.11443909297660E-02
  0.98293003018978E-04 -0.25306583366984E-04  0.11687761546119E-02
 -0.91549922792885E-04 -0.33411301786231E-04  0.10649539222352E-02
 -0.25874581997563E-04 -0.66780621386955E-05  0.11988448351354E-02
 -0.78329464508184E-04 -0.86629833618340E-04  0.11066774876663E-02
 -0.42194726535391E-04 -0.18892987875303E-04  0.11899483402927E-02
 -0.57664730302208E-04 -0.30105950599576E-04  0.11843009204143E-02
  0.87990684582692E-04 -0.46206451397951E-04  0.11765452231153E-02
  0.75804693222333E-04  0.89103593922867E-06  0.12003626639873E-02
 -0.79540334379452E-04 -0.14389744088914E-04  0.10105795913074E-02
 -0.84461802209806E-04 -0.45430450110249E-04  0.10328524646338E-02
  0.64265400038198E-04  0.18208340937905E-04  0.12205968859426E-02
 -0.88524527106445E-04 -0.67021465730700E-04  0.10708005657273E-02
  0.51143079866190E-04  0.25793032186757E-04  0.12352691268456E-02
 -0.93987112323211E-04 -0.76514489417972E-04  0.11115376168963E-02
 -0.95740489420430E-04 -0.73746120802168E-04  0.11450704888041E-02
  0.37589416119243E-04  0.22840241564694E-04  0.12408542639123E-02
 -0.91996293871194E-04 -0.63897288243739E-04  0.11667575590019E-02
  0.23050374519772E-04  0.13225692339365E-04  0.12383530173719E-02
 -0.83360266630301E-04 -0.52392559400333E-04  0.11767638232543E-02
 -0.71676197369130E-04 -0.40689663835246E-04  0.11811275068237E-02
  0.89271079019650E-05  0.14751869518815E-05  0.12306700387275E-02
 -0.52991546105896E-05 -0.10622895966602E-04  0.12207034910354E-02
 -0.94970270336227E-04 -0.57484013538796E-04  0.10918209159014E-02
 -0.73470276679979E-04 -0.80553226128318E-04  0.10604292734480E-02
 -0.99174120991631E-04 -0.69177486239051E-04  0.11261865515927E-02
  0.73234877704656E-04  0.37284452334047E-04  0.11954172411503E-02
  0.17607428730461E-04  0.24283949630667E-05  0.12473709412001E-02
  0.91024811411559E-04  0.21427332398246E-04  0.11762385740220E-02
  0.76673553827704E-05 -0.10453128429593E-04  0.12406166557768E-02
  0.10315593746124E-03 -0.12302241741676E-05  0.11559203897199E-02
  0.11011341204799E-03 -0.25501605604090E-04  0.11429192403222E-02
 -0.27372380174094E-05 -0.25018634174115E-04  0.12319831119007E-02
 -0.90290440213490E-04 -0.24238910008728E-04  0.11003897148945E-02
 -0.14648776627199E-04 -0.39232663059004E-04  0.12224428954662E-02
 -0.92350896326260E-04 -0.50994554338975E-04  0.11165068345989E-02
 -0.95713159942385E-04 -0.65943742812683E-04  0.11436863895550E-02
 -0.26378030506649E-04 -0.52551057712456E-04  0.12129827670067E-02
 -0.10059332819001E-03 -0.66387474798484E-04  0.11720200456723E-02
 -0.36882120282639E-04 -0.65288829385674E-04  0.12008222167078E-02
 -0.10408007400650E-03 -0.56608300274929E-04  0.11923474571713E-02
  0.53102144798293E-04  0.43326639604914E-04  0.12075909014506E-02
  0.28334201381650E-04  0.14282962167279E-04  0.12498561896199E-02
  0.30038688827740E-04  0.40453722200156E-04  0.12105174916336E-02
  0.38544910057307E-04  0.20510828915255E-04  0.12451834755857E-02
 -0.10399699008110E-03 -0.67734233335761E-04  0.11570966558623E-02
 -0.68600977262471E-04 -0.61020395006853E-04  0.10131478904367E-02
 -0.10435138494701E-03 -0.57614785598474E-04  0.11768398227255E-02
 -0.64305302952833E-04 -0.32068845033053E-04  0.97808718379742E-03
 -0.10024977549309E-03 -0.45224911733588E-04  0.11836190895304E-02
 -0.91371560039289E-04 -0.32657521904114E-04  0.11830357245706E-02
  0.72013794811903E-04 -0.42061278476536E-04  0.11810606462076E-02
  0.16435470213217E-04  0.14988751802927E-04  0.12477770676286E-02
 -0.78472529232879E-04 -0.20977445047937E-04  0.11801195836625E-02
 -0.63613951631894E-04 -0.10221448269918E-04  0.11794909778985E-02
 -0.48145719524531E-04  0.97572823915307E-06  0.11825217820276E-02
  0.59328622678809E-04  0.38111415106455E-05  0.12126697751990E-02
 -0.30992847606666E-04  0.12348303638688E-04  0.11892230861990E-02
  0.48913002427180E-04  0.17418167929235E-04  0.12325249839882E-02
 -0.11867384612182E-04  0.22634349663288E-04  0.11975229268652E-02
  0.82806320186837E-05  0.32106846082114E-04  0.12058313061756E-02
  0.67365830557648E-04 -0.18063097965825E-04  0.11926642378193E-02
  0.57132716145345E-05  0.80294133513378E-04  0.11579566214208E-02
  0.10807529364799E-04  0.11003392961516E-04  0.12553669560561E-02
  0.29444109103822E-04  0.79652412600812E-04  0.11330566694983E-02
  0.84531435925550E-05 -0.36542171621122E-04  0.12270243976718E-02
  0.25156278722584E-05  0.94916519304301E-04  0.10302502444616E-02
  0.19207561431455E-04 -0.45986004820431E-04  0.12114521042026E-02
  0.32447778034346E-05  0.69476405716847E-04  0.97578846501860E-03
  0.12825243575387E-05  0.35755130883261E-04  0.93780380872279E-03
  0.29725730664701E-04 -0.54210229050963E-04  0.11911072629598E-02
 -0.89808667756419E-05 -0.64838303610384E-04  0.11798488593593E-02
  0.41673301219708E-04 -0.60713035647570E-04  0.11653495470428E-02
 -0.69500396374626E-05 -0.77385145517686E-04  0.11922252836456E-02
 -0.70857594134102E-05 -0.79234962493629E-04  0.12135133034244E-02
  0.52759559468972E-04 -0.65114505865830E-04  0.11342113521487E-02
 -0.93150899305464E-05 -0.66916309406828E-04  0.12368136872142E-02
  0.64741473094513E-04 -0.66772628424455E-04  0.10996240222185E-02
 -0.11440016330096E-04 -0.45044965134730E-04  0.12546414520145E-02
 -0.12177198102708E-04 -0.20016752143002E-04  0.12628686208373E-02
 -0.18382969581685E-05  0.11102087594315E-03  0.10894457141798E-02
 -0.99908030213081E-05 -0.45572386082073E-04  0.11819334593797E-02
 -0.84048983496479E-05  0.11612186740768E-03  0.11416961606328E-02
 -0.14262805710258E-04  0.11224872953570E-03  0.11818418753949E-02
 -0.28113706351935E-04 -0.53835206351265E-04  0.12463167014341E-02
 -0.45084931578813E-05  0.62660414834885E-05  0.12304903796859E-02
 -0.29139316042015E-04 -0.29728003506581E-04  0.12585436955507E-02
 -0.30535407477587E-04 -0.58456481029050E-05  0.12623897849503E-02
 -0.10285914296980E-04  0.13616375623098E-04  0.12471112509297E-02
 -0.32096990340793E-04  0.15108735313034E-04  0.12605092355900E-02
 -0.14372138437378E-04  0.11444540789774E-04  0.12547313466317E-02
  0.83555663168311E-04 -0.22526993434027E-04  0.11831899861229E-02
 -0.32313383229054E-04  0.52689772351138E-04  0.12459620093099E-02
 -0.14300951936205E-04  0.34960313708770E-05  0.12555797893961E-02
 -0.30524393221031E-04  0.71364302895051E-04  0.12367909718488E-02
 -0.11235233615810E-04 -0.62983685877673E-05  0.12532654831691E-02
 -0.27112119617954E-04  0.88598649152909E-04  0.12252259780893E-02
 -0.20280847068477E-04  0.10243777750807E-03  0.12080824476117E-02
 -0.69577438606017E-05 -0.15530969919951E-04  0.12477925502899E-02
 -0.10887381391449E-06 -0.25927767674590E-04  0.12390012507030E-02
 -0.12462148102430E-04  0.24438273285026E-05  0.12642425234455E-02
 -0.12188708001990E-04 -0.22583581095599E-04  0.11973217289493E-02
 -0.10712453145567E-04  0.21954046644195E-04  0.12625761243826E-02
  0.89564665505298E-05 -0.76431929307477E-04  0.12261308156087E-02
  0.22841221120024E-04 -0.22962003303263E-04  0.12064579462890E-02
  0.57526662751332E-05 -0.58944893892562E-04  0.12479356845512E-02
  0.38009701596329E-04 -0.30138551280973E-04  0.11919326306698E-02
  0.38047392831118E-05 -0.35219267983354E-04  0.12605722792306E-02
  0.51532181425543E-05 -0.11094421735341E-04  0.12641903760960E-02
  0.52674013454453E-04 -0.37984313188280E-04  0.11758399068448E-02
  0.82095419403469E-05  0.10455551812606E-04  0.12642065028399E-02
  0.65601903202749E-04 -0.44734011918540E-04  0.11585448874255E-02
  0.10854702878388E-04  0.31275165638658E-04  0.12621084390883E-02
  0.11340001734026E-04  0.53115717191265E-04  0.12571374126082E-02
 -0.27140382936768E-04 -0.34042209197742E-04  0.11870354679861E-02
  0.12207727201290E-04  0.74322745634169E-04  0.12486694243760E-02
 -0.30550344496477E-04 -0.93927064576249E-05  0.12056440972249E-02
  0.11915802378167E-04  0.92575334013002E-04  0.12360972248612E-02
  0.10370247627626E-04 -0.81019637852383E-04  0.12021235530335E-02
  0.92541784595211E-05 -0.15129449871106E-04  0.12194133670474E-02
  0.93339969520260E-05 -0.72284230532277E-04  0.11838217783327E-02
 -0.31097013797763E-05 -0.74458448174461E-05  0.12313836698913E-02
 -0.10596140082034E-04  0.42048255739575E-04  0.12584553301960E-02
 -0.17262342122675E-04 -0.11431802936597E-05  0.12185677583203E-02
 -0.10198782756506E-04  0.63071036995449E-04  0.12515227808484E-02
 -0.22257907870776E-04  0.12423389676888E-04  0.12383884031878E-02
 -0.89898153220310E-05  0.82772732474061E-04  0.12415527464904E-02
 -0.74095678960973E-05  0.99016692530717E-04  0.12270626626750E-02
 -0.25697730650985E-04  0.16272594090608E-04  0.12496944127645E-02
  0.15334509351599E-05 -0.10771733669521E-04  0.12084879786210E-02
 -0.61589783466024E-05  0.11257738746032E-03  0.12041013168856E-02
 -0.74082174897837E-05  0.12059280264317E-03  0.11702860612712E-02
 -0.10022331950216E-04  0.12059596528984E-03  0.11239572035077E-02
 -0.21332577361754E-04  0.58938324216615E-05  0.12483553531364E-02
 -0.14504223835651E-04  0.10990731099568E-03  0.10681996574999E-02
 -0.13800432550086E-04 -0.79659560047288E-06  0.12413258517532E-02
 -0.19039830736925E-04  0.88411452640319E-04  0.10107384122404E-02
 -0.24259267951575E-04  0.56931773800133E-04  0.96466962815104E-03
 -0.25642909864279E-04  0.12714536765826E-04  0.12517480599009E-02
 -0.35074795652738E-04  0.99119214605010E-05  0.12262504720334E-02
 -0.25609947961413E-04 -0.72830326634381E-04  0.12259868716173E-02
  0.58472904178099E-05 -0.33430575793952E-04  0.11890584019363E-02
 -0.70909729545045E-04  0.14293592913556E-04  0.12379523324141E-02
 -0.69291323431605E-04  0.31972197384356E-04  0.12258677112706E-02
  0.26869866246269E-05 -0.94510597265408E-04  0.11165756229413E-02
 -0.64136427585652E-04  0.47669605182353E-04  0.12134179520113E-02
  0.96000541031911E-05 -0.89641358884241E-04  0.10641750391970E-02
 -0.55675849745016E-04  0.61714365512593E-04  0.12034598716464E-02
 -0.43878831672115E-04  0.74800486648822E-04  0.11946213221084E-02
  0.16478341969686E-04 -0.75734888152206E-04  0.10099226779001E-02
 -0.29710966521993E-04  0.85126405768562E-04  0.11833542694097E-02
  0.24351151709281E-04 -0.51937123788628E-04  0.96503390556104E-03
 -0.13819774519324E-04  0.91469038700284E-04  0.11662181454949E-02
  0.48681272667376E-05  0.93978074662428E-04  0.11379377970452E-02
  0.23836179109617E-04 -0.42140951579169E-04  0.11823436809648E-02
  0.25187713849580E-04  0.90317431393929E-04  0.10983634173417E-02
  0.20404363283749E-04 -0.19366580348499E-04  0.11984108029802E-02
 -0.28714940322622E-05 -0.91134565065757E-04  0.11620116654862E-02
  0.44273843095552E-04  0.75557744249534E-04  0.10524672277019E-02
 -0.70687965463082E-04 -0.51735934227116E-05  0.12469417537323E-02
 -0.69226806957085E-04 -0.26434463031468E-04  0.12491248023549E-02
  0.53375466129224E-04  0.71970028169706E-04  0.10993450298832E-02
  0.67163728023965E-05  0.32276379583756E-06  0.12571928123514E-02
  0.72720712005271E-04  0.53700132866030E-04  0.10618440387961E-02
  0.44733422221214E-05 -0.13903050574980E-04  0.12555837845910E-02
  0.83197314088554E-04  0.28729513396684E-04  0.10286576732574E-02
  0.86661122474203E-04 -0.30023216300975E-06  0.10095329988333E-02
  0.16724124819490E-05 -0.27947352483973E-04  0.12517973682228E-02
 -0.57648593203236E-04 -0.52175665531689E-04  0.11725411918672E-02
 -0.16376293795611E-05 -0.42276623910299E-04  0.12454285804777E-02
 -0.57534317182431E-04 -0.68571000937959E-04  0.11837860754514E-02
 -0.59476128113894E-04 -0.74477252584074E-04  0.12039490578230E-02
 -0.40165864784807E-05 -0.57092566615481E-04  0.12357698028364E-02
 -0.62976906472372E-04 -0.67319237103705E-04  0.12255720427540E-02
 -0.54149240117804E-05 -0.70687455181268E-04  0.12203793474621E-02
 -0.66776244724766E-04 -0.48819272351131E-04  0.12418826559238E-02
 -0.51576115233367E-05 -0.81916083673707E-04  0.11967500624002E-02
  0.55830857796369E-04  0.51896513994923E-04  0.10079919374387E-02
  0.13989871397806E-04  0.46907616235942E-06  0.12202935477703E-02
  0.59769443977124E-04  0.22745708015345E-04  0.97554488273439E-03
  0.97447733516231E-05 -0.67714021789251E-04  0.12088456749585E-02
 -0.22634716484110E-04  0.99602446122729E-04  0.11854215065305E-02
 -0.11161332820487E-04  0.10554472437540E-03  0.11567695729861E-02
  0.16853278592030E-04 -0.76488348701018E-04  0.11811690717742E-02
  0.28368228950421E-05  0.10614679278702E-03  0.11144527327021E-02
  0.25129547662576E-04 -0.81445029974901E-04  0.11445658253073E-02
  0.17603628000258E-04  0.95777104441261E-04  0.10625492154195E-02
  0.26768898730825E-04  0.74901228864645E-04  0.10079296482476E-02
  0.34957310372735E-04 -0.81772432979511E-04  0.11010341847474E-02
  0.30315016532118E-04  0.46499182310630E-04  0.96339037914683E-03
  0.42741577020883E-04 -0.76323403239696E-04  0.10543218532145E-02
  0.30495795205213E-04  0.12439927999744E-04  0.93765926295453E-03
 -0.26630702892007E-04 -0.55926313685923E-04  0.11786058685025E-02
  0.80213054323228E-05 -0.55197414258418E-04  0.11790038124807E-02
 -0.25155487788313E-04 -0.71867059420796E-04  0.11853757681016E-02
 -0.33960870627191E-04  0.89620373611052E-04  0.12035197288129E-02
  0.45052227762699E-05 -0.56170208698371E-04  0.12283606302531E-02
 -0.44011154806867E-04  0.75645513307736E-04  0.12159587871163E-02
 -0.49530807247106E-04  0.60017156527263E-04  0.12257032555086E-02
  0.65319070722455E-05  0.11692361569337E-04  0.12406524478988E-02
 -0.42464874146480E-04 -0.64583716967756E-04  0.11799475257775E-02
 -0.41779393374768E-04 -0.75974373987447E-04  0.11948408131827E-02
  0.18988517709118E-06  0.12738376033327E-04  0.12528897385120E-02
 -0.43039759192365E-04 -0.75769323222283E-04  0.12159682323600E-02
 -0.30868566768256E-05  0.60119808224747E-05  0.12572778950721E-02
 -0.45794685755822E-04 -0.62051142913874E-04  0.12370246758912E-02
 -0.24511959536343E-04 -0.78827642293704E-04  0.12035413821454E-02
 -0.48205886149389E-04 -0.39824656564028E-04  0.12518078296495E-02
 -0.49490598082723E-04 -0.15710268464829E-04  0.12575593931570E-02
 -0.26543685856870E-05 -0.17735345915238E-04  0.12549777930881E-02
 -0.51571541308773E-04  0.59353568408388E-05  0.12552524985315E-02
 -0.52810018459473E-04  0.25551227717096E-04  0.12475994645936E-02
 -0.17300005194399E-05 -0.30033680672178E-04  0.12500966448443E-02
 -0.52631944498778E-04  0.43283432118566E-04  0.12365804626678E-02
  0.56469687666224E-06 -0.43251635688013E-04  0.12414733590759E-02
 -0.30825486077647E-05 -0.56931465686550E-05  0.12571786788995E-02
  0.29105475534301E-04 -0.22099182376396E-04  0.93827461083961E-03
