{
  "uid_a": "WSe2-1cfbe6183886",
  "uid_b": "MoS2-b3b4685fb6e1",
  "cell_a_original": [
    [
      3.3190066244679373,
      0.0,
      0.0
    ],
    [
      -1.6595033122339686,
      2.874344052118072,
      0.0
    ],
    [
      0.0,
      -0.0,
      1.0
    ]
  ],
  "cell_b_original": [
    [
      3.1840664646845926,
      0.0,
      0.0
    ],
    [
      -1.5920332323422963,
      2.757482445754964,
      0.0
    ],
    [
      0.0,
      0.0,
      1.0
    ]
  ],
  "coeffs_a": [
    [
      -14,
      13
    ],
    [
      -10,
      -25
    ]
  ],
  "coeffs_b": [
    [
      -15,
      13
    ],
    [
      -10,
      -26
    ]
  ],
  "twist_angle": 1.1587913767463274,
  "stacking": null,
  "supercell_a": [
    [
      -68.03963580159271,
      37.36647267753494,
      0.0
    ],
    [
      8.297516561169845,
      -71.8586013029518,
      0.0
    ],
    [
      0.0,
      0.0,
      1.0
    ]
  ],
  "supercell_b": [
    [
      -68.45742899071874,
      35.84727179481453,
      0.0
    ],
    [
      9.552199394053778,
      -71.69454358962906,
      0.0
    ],
    [
      0.0,
      0.0,
      1.0
    ]
  ],
  "final_supercell": [
    [
      77.44396716462329,
      6.056364679211262e-15,
      0.0
    ],
    [
      -41.78894703183865,
      59.03438412257878,
      0.0
    ],
    [
      0.0,
      0.0,
      1.0
    ]
  ],
  "strain_a": [
    [
      -0.0017839195848996514,
      0.0011885375504763665
    ],
    [
      0.0011885375504763665,
      0.00018858083347517152
    ]
  ],
  "strain_b": [
    [
      0.0017012451218185731,
      -0.0011223117349143156
    ],
    [
      -0.0011223117349143156,
      -0.00032707175868318394
    ]
  ],
  "maxstrain": 0.23421145783706493
}