 -0.81458149439548E-04 -0.21888351439348E-04 -0.13370128595481E-02
 -0.12681378019526E-03 -0.34199371906967E-04 -0.14357986050015E-02
 -0.11709527276424E-03 -0.41097946286574E-04 -0.14402040144875E-02
 -0.99522373607714E-04 -0.45529322636873E-04 -0.14392854953653E-02
 -0.79640972854833E-04 -0.46177096565820E-04 -0.14390493331836E-02
 -0.58737740332235E-04 -0.42191596945802E-04 -0.14428278895368E-02
 -0.38540926912180E-04 -0.37930655235747E-04 -0.14514143920525E-02
 -0.17074310216680E-04 -0.27984443744221E-04 -0.14636572857730E-02
  0.49805497446906E-05 -0.16694706640473E-04 -0.14787067758841E-02
  0.26711690700191E-04 -0.14751534256599E-05 -0.14938006763090E-02
  0.46168737152233E-04  0.17269174541544E-04 -0.15040485261944E-02
  0.57857510146187E-04  0.42646368364528E-04 -0.15006010983753E-02
  0.59606940726698E-04  0.68056423183852E-04 -0.14792686987047E-02
  0.52330835869760E-04  0.92204892946159E-04 -0.14463583244215E-02
  0.42215787432839E-04  0.11329985997137E-03 -0.14157067030727E-02
  0.34177186086310E-04  0.12670615752640E-03 -0.13973749488344E-02
 -0.10023422725092E-03 -0.16924133270787E-04 -0.13861430135273E-02
 -0.11697523417641E-03 -0.16700281745909E-04 -0.14101245000728E-02
 -0.12434001328829E-03 -0.21417636050243E-04 -0.14343136251237E-02
 -0.12358080953103E-03 -0.28629042496732E-04 -0.14502834181655E-02
 -0.11559784548585E-03 -0.37410534157469E-04 -0.14550574794136E-02
 -0.99707768259730E-04 -0.45816957666518E-04 -0.14515071824931E-02
 -0.12876995163592E-03 -0.25933461458870E-04 -0.14205303452186E-02
 -0.81145093101347E-04 -0.51272695838410E-04 -0.14451358402020E-02
 -0.12339944780873E-03 -0.20625846380046E-04 -0.13942109890134E-02
  0.23829734676962E-04  0.13467892681694E-03 -0.14197916438215E-02
  0.25165067561906E-04  0.11469964028595E-03 -0.14506202451435E-02
  0.17390702936480E-04  0.12834545130584E-03 -0.14360872953288E-02
 -0.58883238364089E-04 -0.23193284246889E-04 -0.12811665364313E-02
 -0.89270744690996E-04 -0.17803513266779E-04 -0.13068920701484E-02
 -0.11236884981391E-03 -0.18304584439615E-04 -0.13429958409803E-02
 -0.12696439052749E-03 -0.21974598707817E-04 -0.13797129267094E-02
 -0.13192191367340E-03 -0.28160474705746E-04 -0.14087363193492E-02
 -0.12825202415248E-03 -0.34526958288889E-04 -0.14262378333069E-02
 -0.11571919103455E-03 -0.38429133310217E-04 -0.14343505851003E-02
 -0.96422387859383E-04 -0.38185913139457E-04 -0.14396765526098E-02
 -0.75960511617184E-04 -0.33304508726188E-04 -0.14475867819942E-02
 -0.55125545283828E-04 -0.25984042144941E-04 -0.14600078716137E-02
 -0.33282175797686E-04 -0.18696923482915E-04 -0.14764167367370E-02
 -0.10138601355308E-04 -0.65533603247110E-05 -0.14948146567084E-02
  0.11750324223106E-04  0.60532510622596E-05 -0.15127392697134E-02
  0.32542940128561E-04  0.22824119693086E-04 -0.15261256594369E-02
  0.49269815338835E-04  0.42860376221965E-04 -0.15279911732670E-02
  0.54429265417316E-04  0.64752039106889E-04 -0.15130805459727E-02
  0.49458716457210E-04  0.87025380256573E-04 -0.14840797922447E-02
  0.40136510729986E-04  0.10864436049782E-03 -0.14517517731971E-02
  0.30573363871989E-04  0.12544863140198E-03 -0.14284951824699E-02
 -0.10627972907893E-03 -0.17825890614381E-04 -0.13634931568261E-02
  0.35075430349204E-04  0.96317292349966E-04 -0.14782181728562E-02
 -0.61304299488760E-04 -0.53454438540158E-04 -0.14408465035600E-02
 -0.21489840695268E-04 -0.46477583993232E-04 -0.14446385039797E-02
  0.56089728497956E-04  0.58738301460693E-04 -0.13758623324063E-02
  0.44841183407344E-04  0.81838039302015E-04 -0.13395102819498E-02
  0.35547777551289E-04  0.99582347761257E-04 -0.13167707866129E-02
 -0.97851755542925E-04 -0.50146956433991E-05 -0.14307991859224E-02
 -0.10911044516245E-03 -0.41635863106911E-05 -0.14455679262559E-02
 -0.11071114290785E-03 -0.82447272601496E-05 -0.14646931093293E-02
 -0.10498926994473E-03 -0.16066056340975E-04 -0.14794484929612E-02
 -0.93992372215674E-04 -0.27767516376284E-04 -0.14844213672614E-02
 -0.78927926815025E-04 -0.41145159425074E-04 -0.14799744247755E-02
 -0.60890079880829E-04 -0.50818009249021E-04 -0.14702248167820E-02
 -0.41713286787567E-04 -0.57278025206299E-04 -0.14592164491256E-02
 -0.22567301213542E-04 -0.61037072873570E-04 -0.14497692459248E-02
 -0.22459699729897E-05 -0.62511475192033E-04 -0.14431408602315E-02
  0.16173067600181E-04 -0.61172164451912E-04 -0.14396361718760E-02
  0.35230117033453E-04 -0.56786971751806E-04 -0.14381483699803E-02
  0.50453019281389E-04 -0.45363529765533E-04 -0.14350143322196E-02
  0.61358405123794E-04 -0.28996975422378E-04 -0.14236226455755E-02
  0.64757921639162E-04 -0.41936844573028E-05 -0.13975369652718E-02
  0.60422029540019E-04  0.23743529763743E-04 -0.13574602886883E-02
  0.47726499557866E-04  0.49401195854400E-04 -0.13138557744359E-02
  0.36714602237006E-04  0.71067983110126E-04 -0.12800637265899E-02
  0.64735144184092E-04  0.32129552206989E-04 -0.14140866008108E-02
 -0.41073728362960E-04 -0.51393694034068E-04 -0.14406467719724E-02
  0.63460474340495E-04  0.45479849965109E-05 -0.14408339549844E-02
  0.37357508705380E-04 -0.36183495132569E-04 -0.14490429433604E-02
 -0.15016349158872E-06 -0.37136151526671E-04 -0.14523296209352E-02
  0.22980369543797E-04 -0.27570104888096E-04 -0.14630883202526E-02
  0.40869875642243E-04 -0.10383922535080E-04 -0.14735261762991E-02
  0.56951897523614E-04  0.11844824252543E-04 -0.14764388749287E-02
  0.64750363660705E-04  0.38954268900558E-04 -0.14628122447497E-02
  0.60237829859848E-04  0.65561647517440E-04 -0.14327845222732E-02
  0.49964944725079E-04  0.90435047709157E-04 -0.13971978628378E-02
  0.41726047563882E-04  0.10920722214350E-03 -0.13692899224379E-02
  0.33123365865346E-04  0.12097017328488E-03 -0.13568458126882E-02
 -0.91287651447123E-04 -0.15556616132761E-04 -0.14076884677260E-02
 -0.10865042085321E-03 -0.11441965847978E-04 -0.14226446593165E-02
 -0.11795785633294E-03 -0.13734383694379E-04 -0.14433922592464E-02
 -0.11836034454642E-03 -0.19815842738738E-04 -0.14616548040691E-02
 -0.11102061987376E-03 -0.28598898767778E-04 -0.14707040956463E-02
 -0.98560175305469E-04 -0.39339181686368E-04 -0.14692937249564E-02
 -0.80767512191284E-04 -0.50320048838641E-04 -0.14612867565351E-02
 -0.61580454375047E-04 -0.55196562390825E-04 -0.14519519542622E-02
 -0.42397553147975E-04 -0.58025174730819E-04 -0.14445115448841E-02
 -0.23385793919015E-04 -0.57200797360433E-04 -0.14405397932643E-02
 -0.25972940038704E-05 -0.53962807203996E-04 -0.14403452250195E-02
  0.17909866889185E-04 -0.47736710116530E-04 -0.14436960503962E-02
  0.53753346366207E-04 -0.19413557155746E-04 -0.14509710162615E-02
  0.45730960153559E-04  0.76584901068777E-04 -0.15108405304235E-02
  0.46358506377600E-04  0.58586246087461E-04 -0.15370197325919E-02
  0.36938496878384E-04  0.40399139777719E-04 -0.15478752342429E-02
 -0.15909600649685E-04  0.69138004337728E-04 -0.14525164110296E-02
 -0.27916798955432E-04  0.81199579870267E-04 -0.14407470354800E-02
 -0.22647730593766E-04  0.17065784283450E-04 -0.11623003908029E-02
 -0.45686700915472E-04  0.21406251453575E-04 -0.11930370510307E-02
 -0.68854088124896E-04  0.20294361971676E-04 -0.12430085320466E-02
 -0.89322803295512E-04  0.19912922422829E-04 -0.13047284420973E-02
 -0.10507352279382E-03  0.17074532575946E-04 -0.13689578062175E-02
 -0.11300563934076E-03  0.16097199665406E-04 -0.14274319606665E-02
 -0.10893835701925E-03  0.14037961002346E-04 -0.14741011984388E-02
 -0.98071519175166E-04  0.16243089464787E-04 -0.15075726836129E-02
 -0.82931992330980E-04  0.18771702791386E-04 -0.15316563645618E-02
 -0.64794882424310E-04  0.22081279705382E-04 -0.15492492675806E-02
 -0.43673218735859E-04  0.24480865411985E-04 -0.15618868050992E-02
 -0.22768221929508E-04  0.25098314911189E-04 -0.15706385170439E-02
  0.99572416150611E-07  0.26122162389122E-04 -0.15749213508923E-02
  0.17622356704040E-04  0.27844215080964E-04 -0.15729403404324E-02
  0.26902130453614E-04  0.34483776436689E-04 -0.15601199253948E-02
  0.24845231218975E-04  0.45072531386852E-04 -0.15333980928903E-02
  0.14271742853145E-04  0.60571620748154E-04 -0.14981939743933E-02
  0.32917382558685E-07  0.76185251453645E-04 -0.14660840521812E-02
 -0.12226323498975E-04  0.90406388916776E-04 -0.14464344557862E-02
 -0.86261204953927E-06  0.54505746469220E-04 -0.14797833032603E-02
 -0.44739902566026E-04  0.52939289824999E-05 -0.11864747243936E-02
  0.12653779102418E-04  0.39261326553701E-04 -0.15157163438719E-02
  0.18787447852167E-04  0.19040171141896E-04 -0.15696803637047E-02
 -0.22745774913610E-04  0.10982840048244E-04 -0.15765243595109E-02
 -0.50417150768964E-05  0.54211680713175E-05 -0.15785495187427E-02
  0.86813820697681E-05  0.29100563886079E-05 -0.15754921257600E-02
  0.15338531899932E-04  0.80194157294304E-05 -0.15616953550162E-02
  0.11877730928564E-04  0.18019947966848E-04 -0.15338294280966E-02
 -0.19657311573130E-05  0.32780220767634E-04 -0.14973890599917E-02
 -0.17774800991914E-04  0.48030805566159E-04 -0.14637502780385E-02
 -0.31542726329749E-04  0.61239565159105E-04 -0.14429900357622E-02
 -0.22834172735066E-04  0.35109781802523E-04 -0.11793200930590E-02
 -0.42185845462637E-04  0.37852363774141E-04 -0.12190191175965E-02
 -0.60402898151273E-04  0.38128726173614E-04 -0.12750088795066E-02
 -0.79111727753843E-04  0.37234239515896E-04 -0.13399317688629E-02
 -0.91502569266612E-04  0.35529766997432E-04 -0.14050319885145E-02
 -0.96892836948560E-04  0.32594238717192E-04 -0.14623107845825E-02
 -0.92692493303140E-04  0.29899838807157E-04 -0.15061810866013E-02
 -0.81684190799961E-04  0.28358349982700E-04 -0.15357146258744E-02
 -0.68732338443862E-04  0.26175319124076E-04 -0.15543909157260E-02
 -0.52125347728863E-04  0.24605780283467E-04 -0.15663362540871E-02
 -0.33090971884348E-04  0.21341589484303E-04 -0.15736642464131E-02
 -0.13047409043442E-04  0.17645410224638E-04 -0.15776702638396E-02
  0.48161271555791E-05  0.16675917060928E-04 -0.15775867168218E-02
  0.20798571131022E-04  0.27256965324648E-04 -0.15487238423587E-02
 -0.72222005518506E-04  0.61574110160523E-05 -0.12273436659266E-02
 -0.95584836655330E-04  0.42277223337623E-05 -0.12824285057713E-02
 -0.11374006346874E-03  0.18956052864763E-05 -0.13418797220206E-02
 -0.17557093493874E-04  0.20094512780910E-04 -0.15424399175486E-02
  0.64572508720591E-05  0.28904796319582E-04 -0.15556647962704E-02
  0.26261046045061E-04  0.36576382923607E-04 -0.15611998483653E-02
  0.38110096804828E-04  0.48066889065051E-04 -0.15539688205540E-02
  0.39134427664728E-04  0.64395235691880E-04 -0.15313354694415E-02
  0.32023099827084E-04  0.81433713454845E-04 -0.14985677504314E-02
  0.20772117579963E-04  0.98705102572594E-04 -0.14671456609355E-02
  0.95843504237833E-05  0.11441313332531E-03 -0.14468343019859E-02
 -0.64904981219641E-04 -0.14737650403616E-04 -0.12485805372239E-02
 -0.95449922053705E-04 -0.13251980984453E-04 -0.12851237082049E-02
 -0.11615363071699E-03 -0.15817297125601E-04 -0.13301090324071E-02
 -0.12925075710744E-03 -0.19906777528590E-04 -0.13725382785056E-02
 -0.13361138443525E-03 -0.25227345991782E-04 -0.14058524102499E-02
 -0.12685032516598E-03 -0.28615727553045E-04 -0.14281743308867E-02
 -0.11017659534582E-03 -0.28470828478019E-04 -0.14426034462855E-02
 -0.92136759281851E-04 -0.24835889875328E-04 -0.14555269442673E-02
 -0.70993910203153E-04 -0.16059139668876E-04 -0.14711035527476E-02
 -0.48913179799869E-04 -0.72909340543219E-05 -0.14900322933473E-02
 -0.26009340304497E-04  0.34972936021892E-05 -0.15101725081810E-02
 -0.24776342814846E-05  0.13107682883960E-04 -0.15291370568867E-02
  0.20115626073599E-04  0.26246929499024E-04 -0.15431192500755E-02
 -0.41315837622973E-04  0.11775684643526E-04 -0.15245309852218E-02
 -0.64798161718123E-04  0.20214244294647E-05 -0.15046116557387E-02
 -0.84867328072247E-04 -0.73707005863546E-05 -0.14848876595180E-02
 -0.10386226381017E-03 -0.13256680165744E-04 -0.14657342383438E-02
 -0.12371386923636E-03 -0.73737344772039E-06 -0.13965417348759E-02
 -0.12106744905134E-03 -0.15509363206326E-05 -0.14409007647544E-02
 -0.11079691767135E-03 -0.29071609477244E-06 -0.14735758459132E-02
 -0.94609029913939E-04  0.33249802572009E-05 -0.14987187172181E-02
 -0.76126071183970E-04  0.96589403782104E-05 -0.15196924538567E-02
 -0.55058611835614E-04  0.17350038492274E-04 -0.15380643333914E-02
 -0.31741483074952E-04  0.23928295838262E-04 -0.15533800843089E-02
 -0.72844746497906E-05  0.28406510261375E-04 -0.15644798499292E-02
  0.13498830229839E-04  0.32677594511572E-04 -0.15695832781079E-02
  0.28676803813488E-04  0.37899705441208E-04 -0.15655037030170E-02
  0.27036691337067E-04  0.85387914989934E-04 -0.12638149356832E-02
  0.34326431701329E-04  0.49355079307692E-04 -0.15473517467055E-02
  0.15788534048216E-04  0.80640676590400E-04 -0.14823018467135E-02
  0.50475553623033E-05  0.96426625444673E-04 -0.14556806226284E-02
 -0.58624210011010E-05  0.10871513041358E-03 -0.14438504725188E-02
 -0.40450588197704E-04 -0.77365767914541E-05 -0.11992524220276E-02
 -0.70239937864627E-04 -0.52642149271725E-05 -0.12296164744909E-02
 -0.97268094211943E-04 -0.63049200138078E-05 -0.12760666193151E-02
 -0.11708825399930E-03 -0.91767772520095E-05 -0.13288718988082E-02
 -0.12788345863108E-03 -0.13200725758355E-04 -0.13776148256931E-02
 -0.13037670858620E-03 -0.16689175162505E-04 -0.14164143925264E-02
 -0.12005727638796E-03 -0.15880161658434E-04 -0.14445679636834E-02
  0.27753910443803E-04  0.63622979680429E-04 -0.15166145916325E-02
 -0.38792472841346E-04  0.18128866339599E-04 -0.15715339254839E-02
 -0.85550992333577E-04  0.20186216274029E-05 -0.14371730885152E-02
 -0.10139957997593E-03  0.52128619076217E-05 -0.14596505493931E-02
  0.53906079868085E-04  0.33400519510970E-04 -0.14933586573710E-02
  0.68555837800374E-04  0.14481195469781E-04 -0.14851459085649E-02
  0.81647389677969E-04 -0.51283093356616E-05 -0.14758220468059E-02
  0.92167626972752E-04 -0.23066742510848E-04 -0.14653250213959E-02
  0.10018337863067E-03 -0.40722027392323E-04 -0.14533926504921E-02
  0.10250534396716E-03 -0.56583954518979E-04 -0.14382967797526E-02
 -0.10511878651458E-04  0.11474085658600E-03 -0.14469946759845E-02
 -0.85713858882279E-05  0.11405422623787E-03 -0.14612459765174E-02
  0.60138860687869E-07  0.10866077112204E-03 -0.14787033058258E-02
  0.11363577187619E-04  0.98030124334747E-04 -0.14913740962540E-02
  0.26783406039194E-04  0.85682206850967E-04 -0.14951607108898E-02
  0.40366920171552E-04  0.70586971524611E-04 -0.14914853569760E-02
  0.53947202235245E-04  0.54440990050036E-04 -0.14838256255199E-02
  0.65701941033337E-04  0.35326088717924E-04 -0.14743766705820E-02
  0.76687890177635E-04  0.15980783643914E-04 -0.14643273938589E-02
  0.87564961186237E-04 -0.35041776629019E-05 -0.14551793534730E-02
  0.94407219758630E-04 -0.23315797050150E-04 -0.14475092905480E-02
  0.97960862472861E-04 -0.41191731387372E-04 -0.14407834214116E-02
  0.35034168658343E-05  0.12397944574779E-03 -0.14415801422592E-02
  0.26562456877969E-05  0.12600626806291E-03 -0.14498817321433E-02
  0.69014962280354E-05  0.12260870152733E-03 -0.14653938883710E-02
  0.40132567737281E-04  0.50107924912877E-04 -0.14995383821645E-02
  0.17062515160006E-04  0.11478345324149E-03 -0.14791552475650E-02
  0.23539493409953E-04  0.65364948524557E-04 -0.15026025472979E-02
 -0.68393948788921E-05  0.91614453227480E-04 -0.14889151882975E-02
  0.96597660749690E-04 -0.69521021748745E-04 -0.14437843922494E-02
  0.94776961444938E-04 -0.74721573585097E-04 -0.14058784319827E-02
  0.86477587116399E-04 -0.72880638686451E-04 -0.13578641760503E-02
  0.70716608354147E-04 -0.63649876451785E-04 -0.13037301916600E-02
 -0.33704019257851E-04  0.86840165605286E-04 -0.14449266843041E-02
 -0.33371695134898E-04  0.86734061555215E-04 -0.14608889993499E-02
 -0.26593792615801E-04  0.81836730348981E-04 -0.14804719632330E-02
 -0.12797692871227E-04  0.72299871532559E-04 -0.14967084710573E-02
  0.28986018675715E-05  0.58105474104084E-04 -0.15056014685755E-02
  0.20268089158965E-04  0.43834727427510E-04 -0.15077181115584E-02
  0.37067031541439E-04  0.27604516505835E-04 -0.15056657663049E-02
  0.53119509144967E-04  0.10249698041365E-04 -0.15011331496365E-02
  0.69137846000843E-04 -0.75298077852291E-05 -0.14943535646375E-02
  0.84030327958298E-04 -0.26005060243609E-04 -0.14850894917062E-02
  0.94101400157345E-04 -0.43007136485255E-04 -0.14721647592493E-02
  0.10040967198268E-03 -0.57182525381868E-04 -0.14536367600726E-02
  0.10166443960545E-03 -0.67556134512652E-04 -0.14273097502567E-02
  0.94699763692925E-04 -0.74679584716250E-04 -0.13924644703918E-02
 -0.20202065752882E-04  0.99070404204952E-04 -0.14430868992253E-02
 -0.23322861379786E-04  0.10164286441404E-03 -0.14534360898819E-02
 -0.18134746733747E-04  0.98587382937292E-04 -0.14713786455244E-02
  0.77349786796269E-05  0.79128047424762E-04 -0.14999025652228E-02
  0.91415347199154E-04 -0.60024375841117E-04 -0.14708053763620E-02
  0.28679777548981E-04  0.10285683082553E-03 -0.14853120896734E-02
  0.51793707119692E-04  0.73129055072364E-04 -0.14737770177243E-02
  0.72564927668878E-04  0.11104517617321E-04 -0.14376634148598E-02
  0.23673638896689E-04  0.86087166209090E-04 -0.14334965212014E-02
  0.22688761947731E-04  0.13768037784996E-03 -0.14243739540858E-02
  0.24442102415342E-04  0.99557821764656E-04 -0.14235117502160E-02
  0.26062682273535E-04  0.11165429095926E-03 -0.14101364390008E-02
  0.25465455645669E-04  0.13395146326620E-03 -0.14371263973588E-02
  0.26637810313450E-04  0.11987989407724E-03 -0.13929110100583E-02
  0.29823412194331E-04  0.12667978597423E-03 -0.14494650334744E-02
  0.27002463034209E-04  0.12412388003734E-03 -0.13738275625517E-02
  0.29091534377359E-04  0.12538721461028E-03 -0.13599183868188E-02
  0.36549244819702E-04  0.11541051871917E-03 -0.14546988852554E-02
  0.39238578167224E-04  0.77844071820335E-04 -0.14375748113766E-02
  0.41380928475733E-04  0.10171203699062E-03 -0.14522383318818E-02
  0.37627450241226E-04  0.94847648374527E-04 -0.14375290778490E-02
  0.34798750308852E-04  0.10959898945623E-03 -0.14361862830960E-02
  0.47829393524632E-04  0.85791270278610E-04 -0.14461275607160E-02
  0.31856015007402E-04  0.12128499897357E-03 -0.14298861511288E-02
  0.51625081559995E-04  0.66409450754002E-04 -0.14405587925477E-02
  0.30085245105881E-04  0.12936481748439E-03 -0.14174150650193E-02
  0.27236587162208E-04  0.13397394985697E-03 -0.14029096682971E-02
  0.54969946912652E-04  0.46885423286324E-04 -0.14376553417008E-02
  0.28772144622150E-04  0.10879061757982E-03 -0.13111735733736E-02
  0.40486719618129E-04  0.88882032676996E-04 -0.14821060157282E-02
  0.22868700114707E-04  0.11155156060004E-03 -0.13214803382258E-02
  0.19233698911909E-04  0.11011350220647E-03 -0.13436444706910E-02
  0.61926050028236E-04  0.54773525688682E-04 -0.14635904577589E-02
  0.70314054294783E-04  0.35160580794880E-04 -0.14537643763587E-02
  0.78725046077504E-04  0.14754874708240E-04 -0.14460497599879E-02
  0.84205547248837E-04 -0.59736219504174E-05 -0.14410987406092E-02
  0.13354987075918E-04  0.13370003295906E-03 -0.14366406855257E-02
  0.15117939413488E-04  0.13405832692970E-03 -0.14476466434608E-02
 -0.27056803474927E-05  0.50855038535528E-04 -0.11888197740727E-02
  0.21741416001157E-04  0.12684788062418E-03 -0.14619340130847E-02
 -0.86016697122333E-05  0.75354798230910E-04 -0.12650974991916E-02
  0.24904327102616E-05  0.73159431801171E-04 -0.12328715308209E-02
  0.29476884932122E-04  0.11754579279011E-03 -0.14708751259911E-02
  0.15386305532485E-04  0.67993922743756E-04 -0.12187257530784E-02
  0.38983128953219E-04  0.10428499632218E-03 -0.14707454637903E-02
  0.26416826796796E-05  0.93156444387275E-04 -0.13200729439524E-02
  0.10780722442130E-04  0.93551099500697E-04 -0.12873612539482E-02
  0.47984095074842E-04  0.89559512460293E-04 -0.14636528128873E-02
  0.18414452770083E-04  0.92314371018079E-04 -0.12669500550960E-02
  0.55204040670088E-04  0.71428267928907E-04 -0.14541231179543E-02
  0.96456259152482E-05  0.99085943540346E-04 -0.13983912966590E-02
  0.15289964040887E-04  0.10579354677121E-03 -0.13709306554321E-02
  0.62615139312318E-04  0.52480999318027E-04 -0.14455040932324E-02
  0.68193172299216E-04  0.31516115984230E-04 -0.14399240573622E-02
  0.81203439404966E-04 -0.46212869174692E-04 -0.14884013954521E-02
  0.67249823633451E-04 -0.29800667719255E-04 -0.14990336735965E-02
  0.51777884466413E-04 -0.12195900837689E-04 -0.15054806885462E-02
  0.20712211855300E-04 -0.64620272892396E-04 -0.14666690155528E-02
  0.37177896881168E-04 -0.70589229007144E-04 -0.14566735034378E-02
  0.50755247664117E-04 -0.74309126817809E-04 -0.14445230977712E-02
  0.61850032529359E-04 -0.71330526217969E-04 -0.14269110528158E-02
  0.67712559758861E-04 -0.61363675990480E-04 -0.13977922694016E-02
  0.65796683888316E-04 -0.42468727094826E-04 -0.13540395660212E-02
  0.58945195033226E-04 -0.18570007280648E-04 -0.12996218794083E-02
  0.44502497434396E-04  0.67176881188110E-05 -0.12462050176289E-02
  0.28096430495939E-04  0.28017138259557E-04 -0.12051772446143E-02
  0.13257165943586E-04  0.42652981852411E-04 -0.11849869735342E-02
 -0.68862593111952E-04  0.25698335155493E-04 -0.14403357294430E-02
 -0.78586308011479E-04  0.30760139352176E-04 -0.14432570934113E-02
 -0.80438462080791E-04  0.28822275646279E-04 -0.14581064151882E-02
 -0.74610066868694E-04  0.23614461933761E-04 -0.14779400396648E-02
 -0.64401461066541E-04  0.13930141095251E-04 -0.14944098766989E-02
 -0.48668506237486E-04  0.58440975131803E-06 -0.15035513720520E-02
 -0.30847759676938E-04 -0.15391253917006E-04 -0.15050190119542E-02
 -0.13169821246570E-04 -0.30014404524016E-04 -0.15009708738536E-02
  0.51765617420489E-05 -0.43985976586812E-04 -0.14940512534838E-02
  0.23444281427391E-04 -0.54925465228521E-04 -0.14860566594472E-02
  0.39692229556769E-04 -0.65950531684703E-04 -0.14763459516110E-02
  0.20653068052537E-05 -0.57133959536087E-04 -0.14764550922229E-02
  0.54191246625109E-04 -0.72879484711945E-04 -0.14636229511158E-02
 -0.16821717774104E-04 -0.47105227978950E-04 -0.14863459646042E-02
 -0.53776462444202E-04 -0.20332598807225E-04 -0.15000696413416E-02
 -0.97804760138038E-04 -0.12862728692825E-05 -0.14780602066426E-02
 -0.88155692541283E-04 -0.12119071101925E-04 -0.14905713985450E-02
 -0.73388296762743E-04 -0.25472550382948E-04 -0.14937642932876E-02
 -0.58066846128591E-04 -0.39097829065472E-04 -0.14883180815093E-02
 -0.40161146160011E-04 -0.48890868185424E-04 -0.14783767399316E-02
 -0.19305701428250E-04 -0.57929155104341E-04 -0.14673173493982E-02
 -0.70162951399366E-06 -0.63314546924054E-04 -0.14572748823830E-02
  0.17747212302497E-04 -0.67245437143033E-04 -0.14489352394374E-02
  0.34801228418564E-04 -0.68229425915112E-04 -0.14418457417931E-02
  0.49915145574814E-04 -0.64575098107989E-04 -0.14332678843906E-02
  0.59674938117923E-04 -0.55186821458376E-04 -0.14185385132809E-02
  0.65468126066749E-04 -0.36085491778745E-04 -0.13912217803739E-02
  0.62789981162720E-04 -0.12156159337718E-04 -0.13488674327320E-02
  0.52997327675291E-04  0.14221687910208E-04 -0.12990279459379E-02
  0.39284891746008E-04  0.38702681977039E-04 -0.12546132955873E-02
  0.26118015931721E-04  0.57600437348491E-04 -0.12262045034927E-02
 -0.84435965962370E-04  0.17331728478890E-04 -0.14408233226620E-02
 -0.91610911876176E-04  0.17877494002244E-04 -0.14511122803840E-02
 -0.90215753944715E-04  0.14474312128880E-04 -0.14692814071119E-02
 -0.82270578990225E-04  0.56535056141333E-05 -0.14872149716372E-02
 -0.69186776248722E-04 -0.61930805239408E-05 -0.14981627593604E-02
 -0.35823180571589E-04 -0.34695422819185E-04 -0.14950404965268E-02
  0.66408955291301E-04 -0.77719033873985E-04 -0.14445688827626E-02
  0.72246491008554E-04 -0.74138717365708E-04 -0.14154002900523E-02
  0.72672706101135E-04 -0.63526103202966E-04 -0.13718016576107E-02
 -0.38940585226084E-04  0.42719608243908E-04 -0.14956685939323E-02
 -0.23115801410404E-04  0.29135213739647E-04 -0.15063844227777E-02
 -0.48439394982301E-05  0.13908724034355E-04 -0.15105071873018E-02
  0.12971905698813E-04 -0.29164484615157E-05 -0.15105158632830E-02
  0.30354139219869E-04 -0.18417391082589E-04 -0.15082423390064E-02
  0.47755915994402E-04 -0.34370162276881E-04 -0.15038157188660E-02
  0.63775367070681E-04 -0.49535574814727E-04 -0.14957209441182E-02
  0.76191219597371E-04 -0.63005387639151E-04 -0.14818785933876E-02
  0.86726418963636E-04 -0.72113880736171E-04 -0.14586506826093E-02
  0.88907369094766E-04 -0.76232458501878E-04 -0.14236320081826E-02
  0.85965713893790E-04 -0.73369742944774E-04 -0.13760316737565E-02
  0.76258003899465E-04 -0.63602345770743E-04 -0.13186651648409E-02
  0.56320004234307E-04 -0.47879767430208E-04 -0.12591327675589E-02
 -0.43026158890831E-04  0.69832083344460E-04 -0.14389993628582E-02
 -0.46873762632412E-04  0.73536224816457E-04 -0.14496981875580E-02
 -0.42588713172096E-04  0.69804659548127E-04 -0.14689545221489E-02
 -0.33431599189793E-04  0.63309473929151E-04 -0.14886622344553E-02
 -0.19013774953204E-04  0.50923751253691E-04 -0.15024448469911E-02
 -0.49345335718500E-06  0.36937441674535E-04 -0.15090396076542E-02
  0.16820301035714E-04  0.20392961618189E-04 -0.15106598064894E-02
  0.32724190421170E-04  0.48194949624345E-05 -0.15091738249896E-02
 -0.51547698550416E-04  0.53169911093854E-04 -0.14776820719213E-02
 -0.57692943115390E-04  0.57517258082989E-04 -0.14571086685493E-02
 -0.56679414755387E-04  0.57911445499872E-04 -0.14416380109213E-02
  0.21384169801749E-04 -0.73663747652713E-05 -0.11795841056453E-02
  0.66820787798605E-04 -0.45271875123976E-04 -0.13157910977501E-02
  0.52611988852562E-04 -0.23151805576882E-04 -0.12564256737145E-02
  0.34420865565426E-04 -0.47906422752756E-06 -0.12048774618668E-02
  0.15279787621660E-04  0.17294496045264E-04 -0.11710845550530E-02
 -0.31603396338274E-05  0.28246880961152E-04 -0.11620304415520E-02
 -0.64193160759946E-04  0.41837433442416E-04 -0.14386167667896E-02
 -0.68438711532367E-04  0.43956930496730E-04 -0.14483311517979E-02
 -0.67247028652805E-04  0.40628404699921E-04 -0.14669452768184E-02
 -0.58301626892805E-04  0.33700641483584E-04 -0.14865898212296E-02
 -0.43672475342260E-04  0.21700374190334E-04 -0.15010733822581E-02
 -0.98151919516850E-04  0.64576018119424E-05 -0.14434759595165E-02
 -0.26276613563348E-04  0.69992855849941E-05 -0.15080208671284E-02
  0.93821396903015E-05 -0.24542749152505E-04 -0.15056026055337E-02
  0.27331741490900E-04 -0.39094317758759E-04 -0.15008025029824E-02
  0.42777324673047E-04 -0.53286502957955E-04 -0.14938051757642E-02
  0.58911890907841E-04 -0.64760980283462E-04 -0.14829998548444E-02
  0.71724867909182E-04 -0.74101013235161E-04 -0.14654470977663E-02
  0.78800333378984E-04 -0.77519811688798E-04 -0.14380549101083E-02
  0.81473262524684E-04 -0.75258169248011E-04 -0.13972711144573E-02
  0.75187304983873E-04 -0.63927706020989E-04 -0.13435635369163E-02
  0.63530312190846E-04 -0.46692859590717E-04 -0.12822555964829E-02
  0.43435670838975E-04 -0.26332769948783E-04 -0.12240346345042E-02
 -0.89853584508614E-05 -0.94341805821212E-05 -0.15085796262864E-02
 -0.52507508255796E-04  0.24861526401891E-04 -0.15632595032851E-02
  0.29117192151222E-04  0.13410857269946E-03 -0.13940110191905E-02
 -0.20745377672438E-04  0.75937914212424E-04 -0.14372867198621E-02
 -0.42371925690504E-04 -0.39257036770257E-04 -0.13706465485150E-02
  0.75768565747369E-05 -0.24904326662453E-04 -0.15687289366236E-02
 -0.27582190447238E-04 -0.24776037026085E-04 -0.14929255107959E-02
  0.60190898451533E-04 -0.13729504846312E-04 -0.14538539979353E-02
  0.15767655716384E-05 -0.91591106002363E-05 -0.15755097892935E-02
  0.41738553534787E-04  0.19002363062943E-04 -0.14532534531001E-02
  0.98584328483316E-04 -0.57200004557513E-04 -0.14328389298053E-02
 -0.26108934677593E-04 -0.34412120320384E-04 -0.12740550307699E-02
 -0.50805524878462E-04 -0.66212834577398E-05 -0.14631442144769E-02
  0.74050345240456E-05 -0.22771326762836E-04 -0.15589689289811E-02
 -0.76155137042212E-05 -0.56199642643565E-04 -0.13844778229160E-02
  0.10989840522958E-04 -0.38169280971545E-04 -0.15576566277194E-02
  0.91646954323135E-04 -0.69821961935994E-04 -0.14202719631069E-02
  0.42057149873741E-04  0.39002895503483E-04 -0.14445457911922E-02
 -0.23788445909029E-04  0.61999580948715E-05 -0.15687046054697E-02
  0.59878044610286E-04 -0.33276593500825E-04 -0.14678122892481E-02
 -0.11431058818035E-04 -0.35953352690597E-05 -0.15741630285266E-02
  0.26000027613766E-05 -0.33350181649432E-04 -0.15436122698224E-02
  0.10148260847251E-04 -0.10700415563177E-04 -0.15693497877296E-02
  0.41971080918320E-04 -0.59452390583481E-06 -0.14661223038459E-02
  0.58335675345210E-04  0.26109001786646E-04 -0.14386329057816E-02
  0.76360024039929E-04 -0.94534077049669E-05 -0.14397412402363E-02
  0.40605836654181E-04 -0.35795909899332E-04 -0.15002543655214E-02
  0.71084523462407E-04 -0.72774949117733E-04 -0.13548857205120E-02
  0.21684929107846E-04 -0.47102096046491E-04 -0.15429418134161E-02
 -0.18481561347923E-04  0.26196202265809E-04 -0.14802391302721E-02
 -0.79899365870406E-05 -0.86495211540524E-05 -0.15608010336802E-02
  0.44927492790360E-04 -0.63116331699956E-04 -0.13181057709899E-02
 -0.24989736508165E-05  0.10414407607560E-04 -0.15171875754357E-02
 -0.13014335201246E-04 -0.19519304017238E-04 -0.15155647648488E-02
  0.12434341471090E-04 -0.49624471632901E-04 -0.15405808610721E-02
  0.40999861288745E-04 -0.18802356953380E-04 -0.14823797035418E-02
 -0.74152449856391E-04 -0.25832646115852E-04 -0.13710539844673E-02
  0.14347522015385E-06 -0.18311539084544E-04 -0.15677259467984E-02
  0.79234523260924E-05 -0.32544923151601E-05 -0.15499438710859E-02
  0.99633783164261E-05 -0.48884938981311E-04 -0.12879156054521E-02
 -0.43690956963659E-05 -0.40350221573365E-04 -0.15225161651402E-02
 -0.71455192571825E-04  0.83715106391547E-05 -0.14441469423923E-02
 -0.34467722808024E-04 -0.27160510220007E-05 -0.14812652380250E-02
  0.76388245077692E-04 -0.74864301141757E-04 -0.14011621190493E-02
  0.40481235691343E-04  0.59576528993036E-04 -0.14393863978464E-02
  0.48011227756232E-04 -0.62725305077735E-04 -0.14939034106660E-02
 -0.48925974567731E-04  0.60953802906818E-04 -0.14629709189261E-02
 -0.52214118160393E-04 -0.32081554391316E-04 -0.13233029713286E-02
 -0.22984997061794E-04 -0.47129910528928E-04 -0.14596526274489E-02
 -0.16868146134827E-06  0.39951724274113E-04 -0.14832414376755E-02
  0.30213911191514E-05 -0.89214043474827E-05 -0.15350258385343E-02
 -0.52599075451289E-04  0.34604682140292E-04 -0.14436476385379E-02
  0.76224814138285E-04 -0.70729279901639E-04 -0.14372356715865E-02
 -0.42956387234164E-04  0.68565512002147E-04 -0.14157763880418E-02
  0.85466220039556E-04 -0.58728056845340E-04 -0.14410370233956E-02
 -0.43045236560461E-06  0.23526207019003E-04 -0.15016091436029E-02
  0.73415426166268E-05 -0.61993354776959E-04 -0.14820265703528E-02
 -0.33395674800730E-04  0.73098959643857E-04 -0.13626682316215E-02
  0.31800951916725E-04 -0.66884543564390E-04 -0.14947234535631E-02
 -0.19959588666421E-04  0.74617920947005E-04 -0.13101029017967E-02
  0.89994562616698E-04 -0.44304765375933E-04 -0.14404037505777E-02
  0.89268225077327E-04 -0.24321581868433E-04 -0.14397545372119E-02
 -0.35823823426088E-04  0.20857571465818E-04 -0.14654007097695E-02
  0.11422280817948E-05  0.58859523164257E-04 -0.14641700043815E-02
 -0.48693112483069E-04  0.50673563457650E-04 -0.15010330240678E-02
 -0.34773394318656E-04  0.16007703232819E-04 -0.15605776105582E-02
  0.27718918059524E-04 -0.69177956393315E-04 -0.14056803206703E-02
  0.11874866989100E-04 -0.33110114169719E-04 -0.15575043573688E-02
  0.56406095614298E-05  0.88810782080796E-04 -0.14228317437330E-02
  0.52826513485200E-04 -0.71551204921584E-04 -0.13748115762398E-02
 -0.43691028029852E-04  0.27366095010479E-04 -0.15482293509436E-02
 -0.18155471420454E-04  0.32450864954504E-05 -0.14996207639808E-02
 -0.79545067139902E-04 -0.13018123592837E-04 -0.14270300653571E-02
  0.55393439740766E-04 -0.49043288883157E-04 -0.14828279617438E-02
  0.26291871061343E-05  0.74533535079536E-04 -0.14444219109574E-02
  0.19692109513209E-04 -0.61213144319598E-04 -0.13478132491387E-02
  0.31775337230222E-04 -0.71126945828632E-04 -0.14558029650496E-02
 -0.47140309365232E-04  0.38257468975491E-04 -0.15292742320759E-02
  0.55678078829985E-04 -0.74828661377948E-04 -0.14253050391019E-02
  0.84087082076897E-05 -0.23099698591948E-04 -0.15486284893894E-02
 -0.53965738303678E-04 -0.28705849607958E-04 -0.14378548792655E-02
 -0.15741053835109E-04 -0.46613895872342E-04 -0.13276317255523E-02
 -0.15354565635126E-05 -0.12552131388016E-04 -0.15345960589559E-02
 -0.35288247370895E-04  0.42324566294179E-04 -0.14514436912947E-02
  0.60027831332083E-04  0.52881785036302E-05 -0.14439228147791E-02
  0.89955860395299E-04 -0.75321320996450E-04 -0.13897630463765E-02
  0.17416530913143E-04 -0.32383747854374E-04 -0.12108955928293E-02
 -0.14150334010894E-04 -0.45101601661718E-04 -0.14948654770476E-02
  0.67881887444725E-04 -0.62101178412914E-04 -0.14631141132546E-02
 -0.63525958178909E-04  0.54635097449194E-04 -0.13807190607884E-02
 -0.99860176871988E-05 -0.17088799189108E-04 -0.11923132841035E-02
 -0.56489645842689E-05  0.89867302791765E-04 -0.13591431910842E-02
 -0.32183392841992E-04 -0.44864823292684E-04 -0.14176360593465E-02
  0.82708369819895E-04 -0.72737127698119E-04 -0.13496728214667E-02
 -0.48362922405032E-04  0.56588175192986E-04 -0.13178217041375E-02
 -0.23404863199177E-04  0.32533119055838E-04 -0.15187472265578E-02
  0.12486617673480E-04 -0.57590258586756E-04 -0.15160959583990E-02
  0.61259606370900E-04 -0.63848447244940E-04 -0.13025434956923E-02
  0.22155099840342E-04 -0.57917896842515E-05 -0.14998937133645E-02
  0.74932309501872E-04 -0.45976745485553E-04 -0.14553199604172E-02
 -0.33589281086457E-04  0.56806032940558E-04 -0.12602307707576E-02
 -0.24342005142530E-04  0.47435738158622E-04 -0.14967080093648E-02
  0.31931200694329E-04 -0.48300391773120E-04 -0.12608500020951E-02
  0.22121096675370E-04  0.30854099371297E-04 -0.14673551909466E-02
  0.46873368793536E-04 -0.48967836604448E-04 -0.12511153950947E-02
 -0.62991834060977E-04  0.32211380237710E-04 -0.15495089427376E-02
  0.19169813545094E-06  0.67154306240636E-05 -0.11573527549046E-02
  0.23562023789650E-04  0.68370823644545E-04 -0.14429515161070E-02
 -0.65926077849232E-04 -0.10117121325915E-04 -0.14451086859344E-02
  0.32121475744799E-04 -0.29683463405020E-04 -0.12077345353102E-02
 -0.71778775253356E-04  0.38265442874349E-04 -0.15260719561940E-02
  0.70545298605351E-05 -0.13643565829175E-04 -0.11746125360323E-02
 -0.22434523805526E-04  0.62319073316635E-04 -0.14698449429233E-02
  0.21875146702075E-04  0.49717221230747E-04 -0.14538975877074E-02
 -0.14957525452587E-04  0.84164727817636E-04 -0.13997304833929E-02
  0.54201174566952E-04 -0.70432955033543E-04 -0.14651254142340E-02
 -0.74208694187257E-04  0.44643706417847E-04 -0.14897810469806E-02
 -0.18066762570433E-04 -0.68728735749863E-06 -0.11671645086689E-02
 -0.41351051309511E-04 -0.27697589057719E-04 -0.14670063074097E-02
  0.48725386416084E-06 -0.61248326521195E-04 -0.14375143102434E-02
 -0.73240229246274E-04  0.50973610938185E-04 -0.14399134258449E-02
 -0.54103520310219E-04  0.14698727383597E-04 -0.14533854418434E-02
  0.21741428385145E-04  0.11868512142200E-04 -0.14827780641314E-02
  0.12892976435068E-05  0.63225913724405E-05 -0.15190996506317E-02
 -0.34213641501304E-04 -0.21557886815740E-04 -0.12297986137264E-02
  0.22572722524206E-04 -0.22983133351876E-04 -0.15176689305657E-02
 -0.64631395868240E-04 -0.28728830162478E-04 -0.14055770388236E-02
 -0.48486734243310E-04  0.51916717154021E-04 -0.14384093461428E-02
  0.99787135506744E-04 -0.68199734348357E-04 -0.14179285134150E-02
 -0.17452140502903E-04  0.55581071440152E-04 -0.12155863772431E-02
 -0.20971105097620E-04  0.17982019577917E-04 -0.15364617871779E-02
  0.36680519655745E-04 -0.50973390663501E-04 -0.15155311982087E-02
 -0.84453616400024E-06 -0.33917459498720E-04 -0.12341809824065E-02
  0.76390012159751E-04 -0.28646675746222E-04 -0.14460201672927E-02
  0.23039689265176E-04 -0.36291604563108E-04 -0.15334617822942E-02
 -0.15987498284493E-04  0.44372894939777E-05 -0.15503384240211E-02
  0.27662464827708E-04 -0.58510877509905E-04 -0.15229154402421E-02
 -0.64686831465534E-05 -0.77908644734897E-04 -0.98597500244671E-03
 -0.71918767890446E-05 -0.75697649349274E-04 -0.98610353008497E-03
 -0.43000298560747E-04  0.29437569942706E-05 -0.16188315218287E-03
  0.60596826621555E-04 -0.26461926249931E-04 -0.97496462191697E-03
  0.53137891098097E-04 -0.19088131483414E-04 -0.98264867304913E-03
  0.34632688125969E-05 -0.50874215183398E-04 -0.13673656024185E-03
  0.11347041071489E-04  0.81008836121447E-05 -0.25659786119213E-03
 -0.10990257942399E-04 -0.37662434956338E-04 -0.98357229202272E-03
  0.13761782627301E-04  0.21404829205115E-04 -0.97386978834907E-03
 -0.12196555264104E-04 -0.11087653778017E-04 -0.98482026825499E-03
  0.45349830197213E-04 -0.67417410639377E-04 -0.24195403890254E-03
 -0.10682139099246E-03 -0.20965772532534E-04 -0.11961457894626E-03
 -0.12203853838884E-04 -0.21912982760155E-04 -0.16605019713082E-03
 -0.76708972082166E-05  0.76565342529682E-05 -0.29192754964914E-04
 -0.39708067326952E-04 -0.14335582311981E-03 -0.25625694960341E-03
  0.32954934227607E-04  0.10996926993655E-04 -0.97361004704116E-03
  0.16965852977391E-05 -0.62408849542363E-05  0.66846880898162E-05
  0.41636051139046E-04 -0.83621886525471E-05 -0.26011610835815E-03
  0.17429876971060E-04 -0.59072182088320E-04 -0.18322354229897E-03
 -0.14424639449759E-05 -0.11849298277038E-04 -0.98557138959762E-03
  0.12375371761818E-03 -0.36281760044895E-04 -0.31483739577488E-03
  0.14648696388177E-05 -0.38210859751641E-05  0.99242818144078E-05
  0.58771021330334E-04 -0.21923820511584E-04 -0.98020489450014E-03
  0.57199528310490E-04 -0.69208002439949E-05 -0.97405857447743E-03
 -0.90758372600378E-04 -0.40088969810855E-04 -0.11434598513543E-03
 -0.68774251716555E-04 -0.11655196591662E-03 -0.23377783115302E-03
  0.62052128640249E-04 -0.11333679816037E-04 -0.97545944133929E-03
 -0.57053858181738E-05 -0.74947956752805E-04 -0.98309537527401E-03
  0.85489210888055E-04 -0.22414574135289E-04 -0.28402250480379E-03
 -0.99282672192068E-05 -0.10465789698231E-04 -0.98469653293518E-03
  0.84637899877789E-04 -0.74193038072439E-04 -0.30285688147582E-03
  0.45279344865824E-04 -0.17438434027674E-04 -0.98389666218082E-03
  0.11807721039659E-03 -0.37929633227704E-04 -0.30179360090599E-03
  0.47566630419633E-04  0.95472761822227E-06 -0.97339419661535E-03
 -0.11694106472260E-04 -0.24902655575903E-04 -0.98356675682568E-03
 -0.50726838200866E-06 -0.42746204196372E-06  0.11182008620110E-05
  0.78050972090960E-04 -0.47856521100493E-04 -0.29080022163115E-03
  0.26528921361893E-05 -0.27682675041797E-04 -0.98583943993515E-03
  0.54111777182597E-05 -0.16664258015636E-04 -0.98552941544881E-03
 -0.22766574957727E-04  0.50861274744848E-05 -0.16718001249737E-03
 -0.22482219990072E-05 -0.31895301037592E-04 -0.65724729501362E-04
 -0.69442237520870E-04 -0.14652870106044E-05 -0.15642491345403E-03
 -0.30274190662917E-04 -0.12089381134955E-03 -0.24377537482048E-03
 -0.88120928218605E-06 -0.29332301911367E-05  0.28684251603639E-05
 -0.99354274557730E-05 -0.16751383835887E-04 -0.98489999144028E-03
 -0.92749087744598E-04 -0.63264327529103E-05 -0.14735446749453E-03
 -0.94897364335903E-05 -0.60982817251329E-04 -0.98505416071522E-03
  0.70461745402533E-07 -0.73451233576136E-05  0.31540267660727E-06
  0.11155789339243E-05 -0.16291236907828E-04 -0.98488147983069E-03
  0.37008395776576E-04 -0.25345384998604E-04 -0.25746136955362E-03
  0.24965188228476E-04 -0.16686985091610E-04 -0.98441256331091E-03
 -0.39065787516810E-06 -0.13228543228581E-04 -0.14387721124036E-04
 -0.17829079807857E-05 -0.21846198918810E-04 -0.37260052489209E-04
  0.13377533902720E-04 -0.16341228551352E-04 -0.98451269334430E-03
 -0.20040272780140E-04 -0.59057373543534E-04 -0.98220566653651E-03
 -0.96857135010616E-05 -0.49449628669471E-04 -0.98403037838341E-03
  0.34178924135201E-04 -0.88612297336912E-05 -0.97326658112925E-03
 -0.84638981633938E-05 -0.11416732621965E-04 -0.98509302411194E-03
 -0.16432174535604E-04 -0.18089807677393E-04 -0.98465578313218E-03
  0.36221680617280E-04 -0.17260736112651E-04 -0.98435757889552E-03
 -0.15419709058620E-04  0.72082896203442E-05 -0.16507585867815E-03
  0.47325267827049E-04 -0.18299946986334E-04 -0.97311896087592E-03
  0.10340515586241E-03 -0.69272234869124E-04 -0.32409839614327E-03
 -0.32003784938902E-04  0.18383612340912E-04 -0.15912398019576E-03
 -0.57810489567616E-05 -0.22487860314565E-04 -0.98567937493388E-03
 -0.78878127511903E-05 -0.70049253780835E-04 -0.98574176817597E-03
 -0.11692123097564E-04 -0.67682150619108E-04 -0.98292362468834E-03
 -0.29839051976643E-04  0.26299489496884E-04 -0.11857180209896E-03
 -0.48078116990134E-05  0.30597701675092E-05 -0.13200889660451E-04
  0.55896901384029E-04 -0.23967633058225E-04 -0.97329579251012E-03
 -0.12563896836255E-04 -0.19638706264103E-04 -0.98526099423243E-03
 -0.16090788791294E-05 -0.41467804282061E-04 -0.98755341065466E-04
  0.63354564254564E-04 -0.12749254022776E-04 -0.97724485679163E-03
 -0.10580360894825E-03 -0.12206920967772E-04 -0.13428033003091E-03
 -0.31484208413567E-04  0.28389472963987E-04 -0.14454560944517E-03
 -0.15613942287517E-04  0.14341458665977E-04 -0.57152956807696E-04
 -0.16446997318793E-04 -0.19332528732820E-04 -0.98492214954178E-03
  0.60734960198976E-04 -0.25172096501669E-04 -0.97772440871386E-03
 -0.24050105782817E-05 -0.12842641398719E-04 -0.98536338171029E-03
 -0.21470639658022E-04  0.22082657803175E-04 -0.87570716971502E-04
 -0.36719925832305E-04  0.70023986447360E-05 -0.99328163374282E-03
 -0.58964924250886E-04 -0.77155918871404E-04 -0.13668497308891E-03
  0.65256966268742E-04  0.17545390056267E-04 -0.97745915856496E-03
  0.14307577349322E-03 -0.20983644459894E-05 -0.33133580022173E-03
  0.58387537258773E-04  0.26061043836412E-04 -0.97544149516784E-03
 -0.10452120023502E-04 -0.70991553949427E-04 -0.98834689887389E-03
  0.98174721412756E-04  0.21107682984574E-04 -0.31309801661336E-03
  0.45941288572534E-04  0.34757575654872E-04 -0.97513408760670E-03
 -0.77554395690247E-04 -0.23484216801730E-04 -0.53978013881679E-04
 -0.17563006443671E-04 -0.25639062721733E-04 -0.16626195943141E-03
 -0.12429917137949E-04 -0.41591208281857E-04 -0.98626827446539E-03
 -0.36336389481290E-04  0.14568921834955E-04 -0.15744645602550E-03
 -0.20304846860605E-04 -0.35871466465892E-04 -0.98613871115054E-03
 -0.13074587007980E-04 -0.67058927687962E-04 -0.98806494159332E-03
 -0.32534274762565E-04  0.21897893024325E-04 -0.11510165845676E-03
  0.16658902838762E-03 -0.43278164361886E-05 -0.33218036340799E-03
 -0.25560760829200E-04 -0.31929275682993E-04 -0.98542501713591E-03
 -0.17170288915293E-04  0.10737551464491E-04 -0.56598742671846E-04
 -0.28209454313730E-04 -0.28708316838826E-04 -0.98454023414248E-03
 -0.71352364988262E-05 -0.95963726183947E-06 -0.23986808328389E-04
 -0.26897550188041E-04 -0.24111455192528E-04 -0.98379183823896E-03
 -0.15431664294459E-04 -0.59908152916212E-04 -0.98697506870127E-03
 -0.49396295756154E-05 -0.10816256542550E-04 -0.26132114940339E-04
 -0.19286704173898E-04 -0.18622287096520E-04 -0.98385671204917E-03
 -0.10795357888415E-03 -0.78807441755768E-05 -0.10942000997428E-03
 -0.69697187949387E-05 -0.22615398900980E-04 -0.50770090403329E-04
 -0.87838360686547E-05 -0.14176022800836E-04 -0.98418157298442E-03
 -0.86313220543200E-05 -0.36083621262094E-04 -0.85772935890009E-04
  0.26435685386257E-05 -0.10897786034404E-04 -0.98416039704380E-03
 -0.17781580681239E-04 -0.51240109786700E-04 -0.98611547717674E-03
 -0.98060841319654E-04 -0.14131070258038E-04 -0.78242627936079E-04
 -0.48483215064049E-04 -0.46932661002515E-04 -0.55538233447831E-04
  0.66167120751360E-04  0.11573086927638E-04 -0.97975917906507E-03
  0.14874394881431E-03  0.19617442058306E-04 -0.28003787670804E-03
 -0.13180228311012E-04 -0.14571319621653E-05 -0.50238415202278E-04
 -0.34342612612696E-04 -0.25692234630797E-04 -0.98377575747926E-03
 -0.91784918828363E-05 -0.14741792341382E-04 -0.48260015507954E-04
 -0.29951923604514E-04 -0.17573794323172E-04 -0.98336846195789E-03
 -0.97542729715238E-05 -0.57571156142983E-04 -0.98714670432614E-03
 -0.11173846882620E-04 -0.28705128689021E-04 -0.74703946150618E-04
 -0.20971401760280E-04 -0.11052208392829E-04 -0.98368897358264E-03
  0.13684143894066E-04 -0.10796558426752E-03 -0.16884327285673E-03
 -0.12487821135423E-04 -0.41631012534277E-04 -0.11005094372951E-03
 -0.10000213753119E-04 -0.71984869306297E-05 -0.98408917838423E-03
 -0.93401046105002E-05 -0.46835042513483E-04 -0.13997204123795E-03
  0.16835850543248E-05 -0.30567517937560E-05 -0.98388474177057E-03
 -0.60172407230454E-05 -0.63838472835172E-04 -0.98815820305324E-03
  0.56881661297264E-07 -0.42107837509825E-04 -0.15733010971673E-03
  0.14134570723509E-04 -0.11724233543442E-06 -0.98370053601943E-03
  0.13559157414972E-04 -0.12184065913127E-03 -0.14976337134400E-03
  0.15427454918314E-04 -0.25862758901513E-04 -0.16390194919058E-03
  0.26448388363406E-04  0.36161311811266E-05 -0.98339073592314E-03
  0.33936752165915E-04 -0.25487020301118E-05 -0.16392712102466E-03
  0.38203780416801E-04  0.61583800249381E-05 -0.98393139551839E-03
 -0.68289319490189E-05 -0.68882220861420E-04 -0.98866469695614E-03
  0.55217884448595E-04  0.22830484621561E-04 -0.16498111810518E-03
  0.49502876703924E-04  0.76057776304694E-05 -0.98390741124974E-03
 -0.12989600806846E-04 -0.89100672789106E-04 -0.98539198228834E-04
  0.79758631489510E-04  0.41347015854981E-04 -0.17597744072159E-03
  0.58977676417702E-04  0.72117415648784E-05 -0.98323730916204E-03
  0.11152080385563E-03  0.42942576833316E-04 -0.21299288943898E-03
  0.64199372802969E-04  0.86797067993119E-05 -0.98141756845284E-03
 -0.89347021106688E-05 -0.71985802434969E-04 -0.98863343572882E-03
 -0.75307040494170E-05 -0.45414286591956E-04 -0.11938798472755E-03
  0.77417132191576E-04 -0.34144086000812E-04 -0.24797916308800E-03
  0.14492358126331E-04 -0.78156449843435E-05 -0.98394648825960E-03
 -0.22744006403401E-05 -0.47450309233725E-04 -0.14364736789087E-03
 -0.24193674100486E-04  0.19680107405268E-04 -0.85617273112713E-04
 -0.21160621899995E-04 -0.25783528499226E-04 -0.98506309272693E-03
 -0.99596082561043E-05  0.70013372720698E-05 -0.31677013963742E-04
 -0.22417978207879E-04 -0.24355171315178E-04 -0.98443594127341E-03
 -0.10400627322951E-04 -0.87564795011324E-04 -0.19383580158668E-03
 -0.33324641675089E-05 -0.17383664425870E-05 -0.84441034455039E-05
 -0.18202933373445E-04 -0.21416163262336E-04 -0.98426350908881E-03
 -0.25484563808895E-05 -0.87859999027503E-05 -0.10655373609743E-04
 -0.88400320813459E-05 -0.18416592536466E-04 -0.98455534315931E-03
 -0.12380441050472E-04 -0.63351436295056E-04 -0.98512667993175E-03
 -0.31469042078365E-05 -0.17613054941686E-04 -0.30475695258630E-04
  0.29952809783288E-05 -0.15645271267005E-04 -0.98406456527883E-03
 -0.18326687109466E-05 -0.12880365729344E-03 -0.19873575392511E-03
 -0.16139709408462E-04 -0.27750532640507E-04 -0.98578722840767E-03
 -0.44787246769055E-05 -0.28827570078923E-04 -0.60626210625020E-04
 -0.51967763543112E-05 -0.39871651968400E-04 -0.93098030670214E-04
  0.25822205791274E-04 -0.12712090425394E-04 -0.98437407682782E-03
 -0.89535724649228E-05 -0.69964793469039E-04 -0.98594229617688E-03
 -0.28087677648680E-05 -0.47070347504082E-04 -0.12304564982323E-03
  0.36400664020964E-04 -0.11761894326290E-04 -0.98403191200854E-03
 -0.22076711107976E-04 -0.12039842366784E-03 -0.17870414585365E-03
  0.39623578681925E-05 -0.48451419824389E-04 -0.14801963847471E-03
  0.46970584504410E-04 -0.11190854088815E-04 -0.98366746374920E-03
  0.15922891854741E-04 -0.44028467926287E-04 -0.17134226859627E-03
  0.55562557621771E-04 -0.11128398380449E-04 -0.98229790146304E-03
 -0.71984148320025E-05 -0.75243603658340E-04 -0.98605782949197E-03
  0.38948564555960E-04 -0.37742608281971E-04 -0.20058765810065E-03
  0.61666356944166E-04 -0.12710552737947E-04 -0.97995300041617E-03
  0.14724431351067E-04 -0.13538177528222E-04 -0.98405133027437E-03
 -0.35025143006595E-04  0.23917542874216E-04 -0.14132144354846E-03
 -0.19735298605000E-04  0.15248589972135E-04 -0.16406706639780E-03
 -0.86625498551312E-05 -0.32506453776460E-04 -0.98607982853023E-03
  0.25787699595879E-04 -0.57409268871493E-05 -0.98387528265289E-03
  0.83492899247903E-05 -0.39760680718999E-04 -0.15824581876271E-03
  0.37069550054311E-04 -0.33633565211447E-05 -0.98360439171803E-03
 -0.19847273500662E-04 -0.40162680209181E-04 -0.98498002103676E-03
  0.23464339114707E-04 -0.24680777042418E-04 -0.16646826790913E-03
  0.47934108096604E-04 -0.22260653522373E-05 -0.98338284889873E-03
 -0.93703242267494E-04  0.23152626753987E-05 -0.14787265746698E-03
  0.44923448102940E-04 -0.56264345807544E-05 -0.17698772526104E-03
  0.57655372694568E-04 -0.19073123110828E-05 -0.98236185123842E-03
  0.75423976603614E-04  0.78872738011267E-05 -0.20394650929332E-03
  0.62791448637177E-04 -0.17050977147324E-05 -0.98039701303879E-03
 -0.20945990261226E-04 -0.28104052743606E-04 -0.98441186390425E-03
  0.11853475559463E-03  0.50316675115400E-05 -0.26009646107207E-03
  0.64957404946479E-04 -0.30935706656242E-06 -0.97815257440480E-03
 -0.73352571895892E-04  0.73714911453773E-05 -0.15603365018916E-03
  0.15052081844407E-03 -0.98336976244814E-05 -0.31763984062327E-03
  0.63334044016523E-04  0.37449858191816E-05 -0.97643087193818E-03
  0.13960296257571E-03 -0.13854928714421E-04 -0.32429765450801E-03
  0.58193915215866E-04  0.10384892906734E-04 -0.97468099883487E-03
 -0.22222359380542E-04 -0.15677355520065E-04 -0.98440935825518E-03
  0.94390973006981E-04 -0.19141245110904E-05 -0.29501407127787E-03
  0.47303948089580E-04  0.19571817687961E-04 -0.97381108229238E-03
 -0.48539862037972E-04  0.11339830066297E-04 -0.16081412560410E-03
  0.49646418550123E-04  0.15488008253356E-04 -0.27806220096052E-03
  0.31036230462859E-04  0.28366052421029E-04 -0.97412203742732E-03
  0.57991730486740E-06 -0.52515971699324E-04 -0.16173993405101E-03
 -0.11704681995999E-05 -0.38500542322975E-04 -0.98653128199629E-03
 -0.22423158426313E-04 -0.15817768697398E-05 -0.98461916531781E-03
 -0.26287472859568E-04 -0.96890887735748E-06 -0.16470148759849E-03
 -0.10588262949627E-03 -0.34858943956171E-05 -0.13314998508829E-03
 -0.19629356512754E-04 -0.55411871266102E-04 -0.98462509883308E-03
 -0.68856406595802E-04 -0.90237254464735E-05 -0.15854558367682E-03
  0.12655018606703E-05 -0.10653194683069E-04 -0.35432799688346E-05
  0.41046627140833E-04 -0.80116636257617E-05 -0.16966622141675E-03
  0.23045685524790E-04 -0.57453094036038E-04 -0.98266145677387E-03
  0.23849468427897E-04 -0.68163217216667E-04 -0.98130414841032E-03
 -0.14881951160982E-05 -0.15976732471848E-05 -0.16697051279104E-03
  0.40396503715677E-04  0.24547406993461E-04 -0.98618551295051E-03
  0.23463306898872E-04 -0.13966470400895E-04 -0.18565339765006E-03
 -0.21142013404172E-04  0.35056322692604E-04 -0.16022310947240E-03
  0.29075739838939E-04  0.29635928310139E-04 -0.98607630673787E-03
 -0.17879465472107E-04  0.33871263012210E-04 -0.11694309315399E-03
  0.17154621713188E-04  0.31621101657612E-04 -0.98580715733879E-03
 -0.12146573458936E-04 -0.48948892646932E-04 -0.97513826010197E-03
 -0.27457626638576E-05  0.15113574785814E-04 -0.62168453097134E-04
  0.59433680717701E-05  0.31719511222118E-04 -0.98483981708652E-03
 -0.65746064891895E-04 -0.10547847414445E-03 -0.31072921358321E-03
  0.98501509147826E-05  0.35658838236112E-05 -0.38096526129690E-04
 -0.29738251671312E-05  0.29177715053499E-04 -0.98506702740417E-03
  0.20318182507934E-04  0.10014253314090E-05 -0.46779577910999E-04
 -0.53426551310445E-05  0.22593787791552E-04 -0.98498354821730E-03
  0.39176484307826E-05 -0.60504938818318E-04 -0.97471811256179E-03
  0.30297875513649E-04  0.15388973497823E-05 -0.71568325786664E-04
 -0.34281688746235E-05  0.12147613084262E-04 -0.98522888424668E-03
 -0.55074974921063E-04 -0.12366035248147E-03 -0.32245756141454E-03
  0.39277429428733E-04  0.23173805294232E-05 -0.10147490938837E-03
  0.32211887872193E-06  0.55043315933233E-07 -0.98465128334128E-03
  0.45402108729479E-04  0.20213640820089E-05 -0.12860688121087E-03
  0.47571100368674E-05 -0.12860019792456E-04 -0.98400794885819E-03
  0.16351075806380E-04 -0.69134628990728E-04 -0.97500109490592E-03
  0.44992195398727E-04  0.44903405820408E-06 -0.14932356643604E-03
  0.69692182075247E-05 -0.25983301363891E-04 -0.98353059408302E-03
  0.20266942376076E-04 -0.44747243912589E-04 -0.98353157738739E-03
 -0.39393421943163E-04 -0.11937013313732E-03 -0.31837008398476E-03
  0.47866315280093E-04 -0.51320811580026E-05 -0.15079746148744E-03
  0.17126362594675E-04 -0.31633920651080E-04 -0.98388042463694E-03
  0.31808459980856E-04 -0.47926183971733E-04 -0.98286230315210E-03
  0.52142531412393E-04 -0.17472201870599E-04 -0.17670817785091E-03
  0.34738455891170E-04 -0.58935851254025E-04 -0.98110121030582E-03
  0.33538408137423E-05 -0.71615226935552E-04 -0.97716459455277E-03
 -0.15232773725731E-04  0.17619261271995E-04 -0.16399278966272E-03
  0.30556503130163E-04  0.19306272187776E-04 -0.98574861005269E-03
 -0.76915179894907E-04 -0.13548508816902E-03 -0.32844483085898E-03
 -0.23670491096801E-04  0.36034060128057E-04 -0.13714711796254E-03
  0.19395464018331E-04  0.22860983662923E-04 -0.98602066873426E-03
 -0.13257510491219E-04  0.23468441218603E-04 -0.79962688518814E-04
  0.88497612363926E-05  0.23568302427093E-04 -0.98546765041246E-03
  0.11998513530002E-04 -0.77723073290596E-04 -0.97746113780775E-03
 -0.32241708675728E-06  0.67287287232768E-05 -0.31876277287429E-04
  0.10604570651653E-05  0.22732803131605E-04 -0.98501581005183E-03
 -0.67023882567176E-04 -0.97400132269399E-04 -0.28331360299965E-03
  0.70466863627397E-05 -0.45987229107210E-06 -0.15752870467856E-04
 -0.22083706395511E-05  0.20672159935054E-04 -0.98517396695653E-03
  0.13494213187889E-04 -0.27682438562643E-05 -0.22118726062522E-04
 -0.46198976493596E-06  0.13983063542238E-04 -0.98518362723928E-03
  0.19328618807950E-04 -0.78797655846640E-04 -0.97766584349147E-03
  0.21675715646391E-04 -0.28046765109473E-05 -0.41366703609807E-04
  0.34832586974486E-05  0.40631584742404E-05 -0.98479114610212E-03
 -0.39019824982300E-04 -0.54491819571817E-04 -0.23502846262628E-03
  0.31061131313526E-04 -0.20605786998820E-05 -0.67868829553918E-04
  0.86410533899483E-05 -0.71733916401991E-05 -0.98415484658275E-03
  0.40229293418291E-04 -0.22153297957256E-05 -0.97538921977366E-04
  0.13388751738836E-04 -0.19192382717053E-04 -0.98399288088060E-03
  0.23191398844137E-04 -0.76149523878117E-04 -0.97942120362342E-03
  0.46565632695774E-04 -0.30599816854161E-05 -0.12647774968161E-03
 -0.52612349704856E-05 -0.27621957152998E-04 -0.20369604577635E-03
  0.37194809326212E-04 -0.14270730284136E-05 -0.16232814498760E-03
  0.94139768710090E-05 -0.39119746392743E-04 -0.98332542701798E-03
 -0.12093478263192E-04  0.25075874179606E-04 -0.17588852258351E-03
 -0.13066721424198E-04  0.45411672337097E-04 -0.19015411484586E-03
  0.47007344561262E-04 -0.93991730100902E-04 -0.31794017836627E-03
  0.34355807793323E-04  0.46130537312265E-04 -0.98430966584837E-03
 -0.34864655712923E-06 -0.26542520677450E-04 -0.97309892204354E-03
 -0.42799464885385E-05  0.44084789970235E-04 -0.15966862325109E-03
  0.18439325280615E-04  0.46957313919515E-04 -0.98424425209170E-03
 -0.16319849775496E-04 -0.39970604295126E-04 -0.25571491170384E-03
  0.17402216418483E-04  0.25922769249223E-04 -0.12214835606885E-03
  0.19472124988394E-04 -0.38290688907764E-04 -0.97264941035312E-03
  0.29040316083534E-05  0.44204311713751E-04 -0.98392229989775E-03
 -0.62435929786000E-06 -0.59885517359886E-04 -0.26778036294733E-03
  0.33837410945540E-04  0.16085438828208E-04 -0.11510483282748E-03
 -0.84103878365107E-05  0.38106260918105E-04 -0.98488252742910E-03
  0.33622479075271E-04 -0.47120573275917E-04 -0.97264376262665E-03
  0.26744485429417E-04 -0.87661258278959E-04 -0.30421266079350E-03
  0.41180951618912E-04  0.13774311302157E-04 -0.13131653171441E-03
 -0.12829246663346E-04  0.28746749990943E-04 -0.98533283756110E-03
 -0.29278382578362E-05 -0.64700030713041E-05 -0.97300649238592E-03
 -0.87036410058244E-05 -0.15845603788302E-04 -0.25064967957843E-03
  0.38860635287296E-04  0.13259354418378E-04 -0.14971139114442E-03
 -0.14211222673719E-04  0.16695355611718E-04 -0.98521167934445E-03
  0.17905782546118E-04 -0.18142828763578E-04 -0.97284923970559E-03
  0.28089824357076E-04  0.11982210097407E-04 -0.16124440590596E-03
  0.69235420107796E-05 -0.29034561288856E-04 -0.25199678374153E-03
 -0.13933479362665E-04  0.30885836326125E-05 -0.98438540089409E-03
  0.34455134231517E-04 -0.28780358246848E-04 -0.97281135998552E-03
  0.93548663486378E-05  0.99998478520178E-05 -0.16571544807901E-03
 -0.12935100143898E-04 -0.10953801628033E-04 -0.98370173463538E-03
  0.33594646620458E-04 -0.50709585067456E-04 -0.27157510863962E-03
  0.39288915545770E-04 -0.64831184988300E-04 -0.97452256710885E-03
 -0.11450168108815E-05 -0.32419363629645E-04 -0.98310958984769E-03
  0.15013243793317E-04  0.28069674532771E-05 -0.16647097851915E-03
  0.13495321646313E-04 -0.10901469728748E-03 -0.32315781632199E-03
  0.38912849552421E-04  0.35547962150605E-04 -0.98566912517389E-03
  0.26355240962523E-04 -0.73233448055234E-04 -0.97550394267446E-03
 -0.18796140779955E-04  0.42530132826056E-04 -0.15505625066734E-03
  0.26067176534676E-04  0.39677769481431E-04 -0.98546526983136E-03
 -0.87040477478969E-05 -0.91085083060928E-04 -0.29293643837767E-03
 -0.49828733010999E-05  0.27635229030265E-04 -0.10478567870162E-03
  0.11580324230452E-04  0.39968205785766E-04 -0.98478790128677E-03
  0.32223385738005E-04 -0.72201622193227E-04 -0.97678586967519E-03
  0.25383338996140E-04 -0.57095026069806E-04 -0.25704744472284E-03
  0.13593447105045E-04  0.11272098626877E-04 -0.72074872104584E-04
 -0.97737015953531E-06  0.36848350672459E-04 -0.98465163873892E-03
  0.35316451695617E-04 -0.67419202919766E-04 -0.97906677132656E-03
  0.27435732490935E-04  0.68959016622408E-05 -0.76980413729398E-04
  0.47026877465225E-04 -0.32029969449457E-04 -0.21727428680903E-03
  0.47606046800256E-04 -0.98185910826382E-05 -0.13661014106636E-03
 -0.80293525138705E-05  0.30724199506566E-04 -0.98509635086165E-03
  0.36911610568930E-04  0.71469013597973E-05 -0.10258386980511E-03
 -0.92693139111534E-05  0.20523210804858E-04 -0.98525762549159E-03
 -0.47157297606883E-04 -0.59779588688874E-04 -0.27575910688459E-03
  0.42555667176951E-04  0.74720661180040E-05 -0.12991068695875E-03
  0.23458473842114E-05 -0.45107576141158E-04 -0.97344718882239E-03
 -0.72055727534275E-05  0.82726709835972E-05 -0.98500480646471E-03
 -0.33280217116950E-04 -0.80065389048556E-04 -0.28197500469842E-03
  0.41192095800705E-04  0.67220209289974E-05 -0.15021767985592E-03
 -0.48333955805861E-05 -0.52086525455227E-05 -0.98422273931500E-03
  0.19517472504805E-04 -0.55665738617250E-04 -0.97323386393806E-03
 -0.15648606350379E-04 -0.10100192181192E-03 -0.30240521739276E-03
  0.31891239487333E-04  0.52343964188754E-05 -0.16181074078696E-03
 -0.29022440869558E-05 -0.18823288392888E-04 -0.98344578244130E-03
  0.30918787648977E-04 -0.62786460762052E-04 -0.97354533473713E-03
 -0.17140526269664E-04 -0.32960617245638E-04 -0.97406341290140E-03
 -0.76635415209504E-04 -0.14318128613480E-03 -0.33754966378384E-03
  0.27717841552020E-04 -0.36115692820271E-04 -0.98371289260133E-03
  0.38810726400443E-04 -0.64002706703388E-05 -0.98483762549754E-04
 -0.11903796495876E-05  0.24104328405812E-05 -0.80573895732468E-05
 -0.76152520787476E-05 -0.23490741182909E-05 -0.98467398717161E-03
 -0.39256291329615E-04 -0.43660398487988E-05 -0.16232925219204E-03
  0.18585481170318E-05 -0.22522018664215E-05  0.87600339085270E-05
 -0.33702985401964E-05 -0.38149882348790E-05 -0.98537970734296E-03
  0.28549572327338E-05 -0.43292571647303E-05  0.11446931733236E-04
  0.63412004123120E-05 -0.75064047542807E-05 -0.98588338557447E-03
 -0.62462239331739E-06 -0.45464111567004E-04 -0.98343959877478E-03
  0.36599217485579E-05 -0.63180504968845E-05  0.80174010275588E-05
  0.17896942841848E-04 -0.11892421973574E-04 -0.98541310536032E-03
 -0.10128164262682E-04 -0.57917017220729E-06 -0.16600356168966E-03
  0.36822510019131E-05 -0.91303967963862E-05 -0.49794582141616E-06
  0.27386540474050E-04 -0.16792510262903E-04 -0.98504158001897E-03
  0.49862908778530E-05 -0.12072805563896E-04 -0.15754989150344E-04
  0.35904346708080E-04 -0.21805000002525E-04 -0.98406578478757E-03
 -0.28876971289195E-04 -0.51043333289953E-04 -0.97955966975945E-03
  0.88083894696835E-05 -0.16473897398155E-04 -0.44018527711164E-04
  0.42574288708759E-04 -0.27426121102761E-04 -0.98266889161949E-03
 -0.67096120362518E-04 -0.99698317975983E-04 -0.28486165089149E-03
  0.16807433342564E-04 -0.25921677522771E-04 -0.91466616250017E-04
  0.47075591980537E-04 -0.34715743642906E-04 -0.98155485959825E-03
  0.33808359804344E-04 -0.43290044249933E-04 -0.16436930432037E-03
  0.50790720257566E-04 -0.42359330720026E-04 -0.97981063957278E-03
 -0.16099754542072E-04 -0.61201275364194E-04 -0.97966499798864E-03
  0.56729532871422E-04 -0.70635426823444E-04 -0.25349513481361E-03
  0.52468463343105E-04 -0.49432693214950E-04 -0.97750133750897E-03
 -0.62894834274923E-04 -0.14343074082648E-03 -0.30749525511601E-03
  0.71434334717445E-04 -0.97792576955082E-04 -0.32662302929540E-03
  0.50503529298860E-04 -0.52997566848794E-04 -0.97465673688808E-03
  0.10065513998532E-05 -0.58048398914146E-04 -0.98364492542359E-03
 -0.58203984480294E-05 -0.27927640262515E-05 -0.98463781949411E-03
 -0.11907304989609E-04  0.13869572293465E-04 -0.52203894571190E-04
  0.21138589060387E-08 -0.28720342667942E-05 -0.98517013469986E-03
  0.22082073590452E-04 -0.17035369914163E-04 -0.98495545341585E-03
 -0.26169291177032E-05 -0.80013808988250E-04 -0.98304352210269E-03
  0.70411054010695E-06 -0.16043506530831E-04 -0.19651539132516E-04
  0.33302460412962E-04 -0.19112541182573E-04 -0.98463374501454E-03
 -0.97157280089711E-04 -0.68725588337255E-04 -0.19135655307157E-03
  0.63814880498116E-06 -0.23132971032752E-04 -0.43889173003140E-04
  0.42384807160768E-04 -0.21118148818477E-04 -0.98401593208980E-03
  0.32999922821028E-05 -0.33694362021303E-04 -0.81458063654349E-04
  0.49303603830698E-04 -0.24402497322666E-04 -0.98260006508506E-03
 -0.74918258408612E-07 -0.81474332606642E-04 -0.98327006925923E-03
  0.12184584646440E-04 -0.47952437847706E-04 -0.13702148254164E-03
  0.53764089642457E-04 -0.28828001616110E-04 -0.98076823333953E-03
 -0.10515391222537E-03 -0.34502618008134E-04 -0.16568677676161E-03
  0.32697878778024E-04 -0.67925351374736E-04 -0.21227395828176E-03
  0.59929005018310E-04 -0.10620142974519E-03 -0.34182469557370E-03
  0.56867820709874E-04 -0.35228022140181E-04 -0.97880912248480E-03
  0.57872161405478E-04 -0.39186200480376E-04 -0.97586364810893E-03
  0.45520240620123E-06 -0.77524068246730E-04 -0.98387210676855E-03
  0.84042846140646E-04 -0.98782280719845E-04 -0.34131995925363E-03
  0.54160345187367E-04 -0.40053313601400E-04 -0.97314089347542E-03
 -0.93720806485387E-04 -0.17544931961069E-04 -0.15758142787987E-03
  0.70560797325038E-04 -0.82294063554757E-04 -0.31951005916842E-03
  0.46547219229464E-04 -0.36652767115163E-04 -0.97250049825005E-03
 -0.84351638466133E-05 -0.14427746838942E-04 -0.16797762867694E-03
  0.17038392754638E-04 -0.10207682619722E-04 -0.98549674519494E-03
  0.94130527616329E-06 -0.68805975475226E-04 -0.98371371783015E-03
 -0.27797552564943E-04  0.23549280326022E-04 -0.16005975421999E-03
  0.83317759186105E-05 -0.58956169333122E-05 -0.98560703333793E-03
 -0.52090199737175E-04  0.19912545693062E-04 -0.16088574689240E-03
 -0.26330119384311E-04  0.28922405625418E-04 -0.11625062661980E-03
  0.63643419760150E-04 -0.89091763853566E-04 -0.29485888959700E-03
  0.10012742940582E-04 -0.14163955794767E-04 -0.98545423326699E-03
  0.43936290275339E-04 -0.52628616354688E-04 -0.97295977891573E-03
 -0.18996387756165E-04  0.11614098766825E-04 -0.16605962118135E-03
  0.62217542255403E-04 -0.65359401875967E-04 -0.27231580326978E-03
  0.44376605329472E-04 -0.61966075648513E-04 -0.97679707588552E-03
 -0.50724094312093E-05 -0.79413055306929E-05 -0.16525637149914E-03
  0.29870110325157E-04  0.78213304191179E-05 -0.98577936481800E-03
  0.11683072971026E-04 -0.64663495922109E-04 -0.98286986034443E-03
 -0.24097355919911E-04  0.28502428809007E-04 -0.15548156288710E-03
  0.19971503882286E-04  0.12989235413203E-04 -0.98552885046504E-03
 -0.71587516428706E-05 -0.71211322311462E-05 -0.17024042507470E-03
 -0.21555791617024E-04  0.30558536144740E-04 -0.10924324917240E-03
  0.10097888832493E-04  0.15313004373737E-04 -0.98564712512313E-03
 -0.81219269291606E-05  0.13936018668331E-04 -0.48283363180916E-04
  0.15207893346359E-05  0.14851431406289E-04 -0.98526059398778E-03
  0.11088895114861E-04 -0.52401653757027E-04 -0.98344305225644E-03
  0.11548135193747E-05  0.21893804587721E-05 -0.11471131042709E-04
 -0.21902604520221E-05  0.13973159875962E-04 -0.98522396755124E-03
  0.19776546636231E-04 -0.36754641315817E-05 -0.16827709241662E-03
  0.48768702982595E-05 -0.24005026277203E-05 -0.10475211369603E-05
  0.44216147943988E-07  0.11400673567457E-04 -0.98523281405059E-03
  0.81770472481151E-05 -0.47115964025071E-05 -0.40821658879500E-05
  0.54307549667827E-05  0.50334411470960E-05 -0.98536551092155E-03
 -0.22542520703557E-04 -0.50833837179780E-04 -0.97710091349601E-03
  0.13995978699419E-04 -0.53693033822305E-05 -0.16240239773321E-04
  0.12043020810621E-04 -0.33548548610343E-05 -0.98459837760327E-03
 -0.80868646598025E-04 -0.11772396143897E-03 -0.32098169708327E-03
  0.20786893111469E-04 -0.53165082106342E-05 -0.36590027953385E-04
  0.17526366315863E-04 -0.13067547350491E-04 -0.98401770511960E-03
  0.28871958669521E-04 -0.54582391415400E-05 -0.64517940188400E-04
  0.22284219551686E-04 -0.24486346936419E-04 -0.98395509255979E-03
 -0.82360153561572E-05 -0.61823281201753E-04 -0.97680500097999E-03
 -0.38486794712138E-04 -0.14258155426037E-04 -0.17415814259733E-03
  0.44897350533724E-04 -0.55995908838727E-04 -0.97913675995065E-03
  0.55827173593147E-04 -0.38773996696897E-04 -0.20343498160628E-03
  0.12316991718003E-04 -0.74921545375351E-04 -0.98195965760815E-03
  0.19073434881789E-04  0.17528728019817E-05 -0.98560424990192E-03
 -0.76394488191626E-04 -0.14671924805575E-03 -0.31305517543585E-03
 -0.27501446459008E-04  0.31717901693177E-04 -0.13949083316818E-03
  0.97106317762355E-05  0.51752418933857E-05 -0.98559076039031E-03
 -0.16863821967244E-04  0.22382085981615E-04 -0.79810939455840E-04
  0.16108637274285E-05  0.66674507519654E-05 -0.98493694951905E-03
  0.80450729482768E-06 -0.77978748763684E-04 -0.98014185230165E-03
 -0.38528171868680E-05  0.69676920518548E-05 -0.24293937791467E-04
 -0.39726637474338E-05  0.59524789082716E-05 -0.98494190059820E-03
 -0.92338887515120E-04 -0.10837220974888E-03 -0.27486264375195E-03
  0.18626000277616E-05 -0.55932699443541E-06  0.15805724522284E-05
 -0.35421038779671E-05  0.49769392137502E-05 -0.98512646931815E-03
  0.36180421250451E-05 -0.38121942327051E-05  0.80020776142990E-05
  0.29888934400195E-05  0.14217649308359E-05 -0.98562317307268E-03
 -0.62019138083279E-05 -0.71133231546603E-04 -0.97995498480886E-03
  0.62797780362830E-05 -0.82010833975068E-04 -0.98020979376556E-03
  0.12032609078854E-04 -0.36324037481094E-05 -0.98540645030633E-03
 -0.91688616713459E-04 -0.60555596140003E-04 -0.22167683483955E-03
  0.77873056893050E-05 -0.70188291598002E-05 -0.14783793369054E-05
  0.19975032741310E-04 -0.10781072296244E-04 -0.98481867643302E-03
  0.11734270188936E-04 -0.78672358791506E-05 -0.16651894114418E-04
  0.26966897234994E-04 -0.18586324354076E-04 -0.98416855709642E-03
  0.10028703901860E-04 -0.80436959462642E-04 -0.98100489597465E-03
  0.17251558769714E-04 -0.86580255626920E-05 -0.41514532764173E-04
  0.32648984152320E-04 -0.27382689402318E-04 -0.98358394846981E-03
 -0.70584725055831E-04 -0.28790631767896E-04 -0.18793063860043E-03
  0.26873265711113E-04 -0.11856122328946E-04 -0.80267504327757E-04
  0.38007655677218E-04 -0.37323993586600E-04 -0.98268024254557E-03
  0.40660102807450E-04 -0.20780557229190E-04 -0.13516602325480E-03
  0.42394483853904E-04 -0.47293891015976E-04 -0.98123442553724E-03
  0.52541273019926E-05 -0.51683011434800E-05  0.62069819534717E-05
 -0.34283881023220E-04 -0.31726395620760E-04 -0.98466206459946E-03
 -0.10797578333233E-03  0.74495247707289E-06 -0.11039752998628E-03
 -0.31932933089233E-04  0.78058040922810E-05 -0.98540040096061E-03
 -0.50638562827107E-04  0.26416789378716E-04 -0.98609785740515E-03
  0.43532539026385E-04 -0.82091324204517E-04 -0.14881331125600E-03
  0.47373172072742E-04  0.66187981630483E-05 -0.98747805064231E-03
 -0.10486096873938E-03  0.40457854953436E-04 -0.14228820818372E-03
  0.12927009852638E-04 -0.32343340129815E-04 -0.16122732688116E-03
  0.40357232581921E-04  0.13061591211744E-04 -0.98615588115540E-03
 -0.31692635142257E-04 -0.24000164116163E-04 -0.25896977231565E-03
 -0.21474193289509E-04 -0.14325887378111E-04 -0.97334632761478E-03
 -0.47057475917093E-04  0.33843902206559E-04 -0.98297552667915E-03
 -0.59509516796386E-04  0.39261736909280E-05 -0.28248213214483E-03
 -0.41062796583680E-04 -0.20099882949098E-05 -0.97322403004829E-03
 -0.10666508182502E-03  0.59880405248629E-04 -0.19933425578136E-03
 -0.86448969067334E-04  0.39621426022999E-04 -0.31722944773939E-03
 -0.57105135155440E-04  0.87829925703967E-05 -0.97340680123765E-03
  0.49250246589826E-04  0.33299399561616E-06 -0.98960120329047E-03
 -0.72864228991006E-04  0.63027721855389E-04 -0.30702330899565E-03
 -0.38990996110856E-04  0.39206504386478E-04 -0.98061441094870E-03
 -0.23443794732586E-04  0.74276669046594E-04 -0.24676483438787E-03
 -0.71195917813663E-04  0.26053733010727E-04 -0.97766743695162E-03
 -0.87716504520381E-04  0.83016618200804E-04 -0.25236471773576E-03
  0.19586148653401E-04  0.85170627273824E-04 -0.18995834419627E-03
 -0.68888223606952E-04  0.32333972462933E-04 -0.98054957092555E-03
  0.41359712430987E-04  0.92435360733733E-04 -0.14982810823138E-03
 -0.60940278493507E-04  0.36593216973707E-04 -0.98404493710777E-03
 -0.27012506066603E-04  0.44157880440919E-04 -0.97815912973874E-03
  0.49310889182811E-04  0.91456206201115E-04 -0.11449984957244E-03
 -0.49329165065053E-04  0.37650072511062E-04 -0.98708714304892E-03
 -0.51022878853705E-04  0.10464670105234E-03 -0.29615311756152E-03
  0.49609648647557E-04  0.81344682084154E-04 -0.76077107443156E-04
 -0.35953469464202E-04  0.35708294307223E-04 -0.98923782987476E-03
 -0.67461643452402E-04  0.18103335695573E-04 -0.97496344729478E-03
  0.44903675296588E-04  0.63486926254902E-04 -0.33098322247935E-04
  0.56183855248061E-04 -0.10063114002895E-03 -0.11444234460550E-03
  0.43830139148479E-04 -0.78694867012322E-04 -0.43213104300180E-04
 -0.41722308775758E-05  0.10991176614596E-03 -0.22493084480736E-03
 -0.68151004534223E-04  0.35330521151048E-04 -0.97912479289657E-03
 -0.35037719976446E-04 -0.66506306814360E-05 -0.99242530699340E-03
  0.27419508084625E-04  0.10228313468255E-03 -0.15463946954091E-03
 -0.65079895359759E-04  0.38045321561496E-04 -0.98310787045195E-03
 -0.37046062789176E-04  0.59125738762612E-05  0.35790047199665E-04
  0.38119352262628E-04  0.89229447953340E-04 -0.96957779700641E-04
 -0.56128467978516E-04  0.38294349686148E-04 -0.98684631202844E-03
  0.37392222332370E-04  0.71171864163953E-04 -0.46101862938885E-04
 -0.43994593994885E-04  0.35527540928419E-04 -0.98978165797904E-03
 -0.41682049416134E-04  0.32120356960602E-05 -0.99161278530913E-03
  0.32399184781966E-04  0.51427867374256E-04 -0.12545716276234E-05
 -0.30994016475767E-04  0.30902424493812E-04 -0.99172265789640E-03
 -0.51486511864886E-04  0.10368815335657E-04  0.46908486556091E-05
  0.44401287563378E-04 -0.39325708944268E-05 -0.99136020156495E-03
  0.25899819502080E-04  0.32578222401225E-04  0.35462164863021E-04
  0.20198497982597E-04  0.17397786863522E-04  0.62063998960882E-04
 -0.60024431141874E-05  0.17988257221391E-04 -0.99300006482299E-03
 -0.47579600301443E-04  0.12303625626473E-04 -0.99039307372551E-03
  0.15026470782454E-04  0.51370797464125E-05  0.77922631426625E-04
  0.51943853990138E-05  0.10748478012559E-04 -0.99368651980782E-03
 -0.70399348019674E-04  0.17240976984797E-04 -0.36309314361132E-04
  0.12243567659178E-04 -0.60410708672405E-05  0.83016667986826E-04
  0.17186697198402E-04  0.31235405944712E-05 -0.99385516666004E-03
  0.13263721859576E-04 -0.19852608887321E-04  0.72144812258010E-04
  0.27680645895651E-04 -0.31063801409816E-05 -0.99356112954182E-03
 -0.50577877652723E-04  0.20347843553547E-04 -0.98838238028020E-03
  0.23993982909530E-04 -0.43761785687459E-04  0.31512188550706E-04
  0.36617135119799E-04 -0.57376068158942E-05 -0.99245845414391E-03
 -0.89895338684298E-04  0.27526600841790E-04 -0.86691795491401E-04
 -0.18200658374249E-04  0.24607394660170E-04 -0.99244070968779E-03
 -0.66244692847726E-04  0.29821994136216E-04 -0.97607604001630E-03
 -0.21639785664371E-04  0.31197138583918E-04 -0.99073939140014E-03
  0.36769553972336E-04  0.42747888466368E-04  0.94515612281267E-05
 -0.96112107811769E-05  0.35014024663656E-04 -0.21041370628116E-03
 -0.70735605118343E-04  0.21754434082113E-04 -0.97913333462441E-03
  0.23414720120908E-04  0.56393506712877E-04 -0.17376204663443E-03
 -0.64824505741811E-04  0.29247923354113E-04 -0.98196107109484E-03
 -0.87179998592917E-05 -0.43858675018844E-04 -0.99298262229085E-03
  0.41948271454003E-04  0.75531770667154E-04 -0.15275896646874E-03
 -0.54409627031030E-04  0.33566067076351E-04 -0.98436828347970E-03
 -0.20961814275521E-04 -0.12058768508264E-04  0.64233537861150E-04
  0.53279973247030E-04  0.86721195059902E-04 -0.13301099550962E-03
 -0.40970623771467E-04  0.35027681192537E-04 -0.98640028014749E-03
  0.58064586255434E-04  0.86136734869990E-04 -0.10476025614690E-03
 -0.26632108252621E-04  0.33828098949172E-04 -0.98850259895634E-03
 -0.16915626818195E-04 -0.37392480069981E-04 -0.99234177761846E-03
  0.55882514052013E-04  0.74134446871627E-04 -0.66181121339477E-04
 -0.77563508153610E-05 -0.27287246760279E-04  0.51197838462837E-04
 -0.12026440444231E-04  0.30822628192902E-04 -0.98991982435936E-03
  0.48146430400444E-04  0.54262850438332E-04 -0.21025434486799E-04
  0.28114556453188E-05  0.26864326569125E-04 -0.99106246344075E-03
  0.37059566428643E-04  0.32025398543093E-04  0.20223757809746E-04
  0.16217076898502E-04  0.22638867588719E-04 -0.99181054888753E-03
 -0.24852016976070E-04 -0.29526788076351E-04 -0.99197489327164E-03
  0.27765658928280E-04  0.10762535877765E-04  0.47782777497101E-04
  0.29157120936189E-04  0.17330120335350E-04 -0.99225614180476E-03
 -0.44017982137851E-04 -0.15374164523152E-05  0.32548252734509E-04
  0.24618623883098E-04 -0.10004999999284E-04  0.53306780096521E-04
  0.40825327295687E-04  0.11967950725023E-04 -0.99258022611263E-03
  0.32495845748456E-04 -0.37285883341190E-04  0.24118449721020E-04
  0.49803099302683E-04  0.92654785539631E-05 -0.99185185414373E-03
 -0.31333001906339E-04 -0.20280215346737E-04 -0.99110149084457E-03
  0.50703812619254E-04 -0.73031214843379E-04 -0.43661839806782E-04
 -0.31420090136113E-04 -0.53509670174354E-05  0.54192660442157E-04
  0.99876714887076E-05 -0.34661247351902E-04 -0.98725239873362E-03
 -0.71685695659381E-04  0.12440964398671E-04 -0.97666429227264E-03
 -0.27289881869084E-06 -0.47854312218839E-04 -0.99291662682210E-03
 -0.78341533655548E-05  0.25876859243244E-04 -0.99168116824850E-03
  0.18469960243991E-04 -0.77055202966119E-04 -0.15681163405747E-03
  0.28034964770891E-04  0.23353226636982E-04  0.43920056021411E-04
  0.50569716995705E-05  0.19992514555528E-04 -0.99267379734478E-03
  0.20865806612304E-04  0.72030758550624E-05  0.65654755459807E-04
  0.17651054218210E-04  0.14266560393465E-04 -0.99298363466203E-03
  0.13731185902363E-04 -0.40475031867585E-04 -0.98920373541764E-03
  0.17112136069256E-04 -0.79099446883274E-05  0.72113078996801E-04
  0.29050631787671E-04  0.79928954494633E-05 -0.99349692153021E-03
  0.38346493316264E-04 -0.11143570864683E-03 -0.13518167809223E-03
  0.21095178733148E-04 -0.27359191194023E-04  0.53071703134949E-04
  0.38787716671310E-04  0.31910031514297E-05 -0.99266190009721E-03
  0.37332478329046E-04 -0.58736952661852E-04 -0.29721658471531E-05
  0.47359627597554E-04  0.23885056069597E-05 -0.99188343931827E-03
 -0.59967794751608E-04  0.22429439123856E-04 -0.27386409515531E-03
  0.12228364955690E-04 -0.45402681046504E-04 -0.99125580807689E-03
  0.53707515520496E-04  0.62556724839904E-05 -0.99068579356183E-03
  0.33810791343752E-04 -0.10121263754412E-03 -0.78389223859577E-04
  0.56438832926908E-04 -0.94611370533407E-04 -0.13518089928600E-03
  0.54739882034907E-04  0.11393277591163E-04 -0.98860699051915E-03
  0.32335220914122E-04 -0.57332174774638E-04 -0.15660297757824E-03
  0.50087324906496E-04  0.18016090960194E-04 -0.98682339028093E-03
  0.62517246945863E-05 -0.48588364618907E-04 -0.99251905143684E-03
 -0.70303098486597E-04 -0.35806755607202E-04 -0.29259037231038E-03
 -0.36394143906360E-04 -0.20139323358083E-04 -0.97417361581472E-03
  0.11735046921390E-04 -0.60402047340000E-04  0.64332559356714E-06
 -0.98698669355912E-04 -0.45102797723196E-05 -0.32769878645602E-03
 -0.52732385201744E-04 -0.81392998491583E-05 -0.97403344226744E-03
 -0.10083402503499E-03  0.16559378757632E-04 -0.33067959521739E-03
 -0.65541303482149E-04  0.29373786301681E-05 -0.97482313215451E-03
  0.56008937179406E-04 -0.90827441274865E-04 -0.81152392148935E-04
  0.56357286281456E-04  0.11101673737017E-04 -0.99104229108040E-03
 -0.52114006773950E-04  0.10816353182328E-03 -0.29602803140097E-03
 -0.58466187198655E-04  0.23082751980915E-04 -0.97368984897469E-03
 -0.50719179107436E-04  0.37574207536069E-04 -0.98086938133749E-03
 -0.63883133170090E-04  0.10444572737112E-03 -0.22616010326287E-03
 -0.58390928465431E-04  0.38424464304378E-04 -0.98121870412207E-03
 -0.99769979785406E-04  0.96819625759748E-04 -0.25669808060821E-03
 -0.32821900379293E-04  0.72253014491543E-04 -0.11825558747800E-03
 -0.58495649341651E-04  0.36471370750830E-04 -0.98461036580976E-03
 -0.11978197241085E-04  0.47035552464630E-04 -0.33296806553272E-04
 -0.54893780255924E-04  0.33435009311896E-04 -0.98803486578427E-03
 -0.41617220914244E-04  0.40610976112032E-04 -0.97765171161104E-03
 -0.31282815505734E-05  0.30075121977796E-04  0.21443334169214E-04
 -0.48287387281746E-04  0.26970902504755E-04 -0.99121182272886E-03
 -0.87774851894657E-04  0.11792673530368E-03 -0.31117616235820E-03
  0.36773413031214E-06  0.19155818679574E-04  0.53616946288439E-04
 -0.37958431571505E-04  0.19110112304439E-04 -0.99291553847259E-03
 -0.54139661136396E-04  0.38142778394481E-04 -0.97794774178016E-03
  0.12111204469833E-05  0.11273310218664E-04  0.73091620259561E-04
 -0.26526226475757E-04  0.41560912387891E-04 -0.97539791340158E-03
  0.12004203944416E-05  0.44144763401206E-05  0.85297668866503E-04
 -0.16340518500832E-04  0.24758231162142E-05 -0.99424767227226E-03
 -0.52559284878425E-04  0.11366301433277E-03 -0.31895954446795E-03
  0.94926416604014E-06 -0.19016437935703E-05  0.92007059918407E-04
 -0.59747331204702E-05 -0.56858620953443E-05 -0.99408962141566E-03
  0.18876047243015E-05 -0.92914275205160E-05  0.91833807713735E-04
  0.46451880251050E-05 -0.13428979873812E-04 -0.99364953131807E-03
 -0.83304627978768E-05  0.40357180178616E-04 -0.97483715711414E-03
  0.53897839228329E-05 -0.21150814973429E-04  0.77217991162931E-04
  0.13751038141362E-04 -0.19853464088181E-04 -0.99337269903031E-03
 -0.15833041474268E-04  0.83019231777832E-04 -0.29992924479094E-03
  0.17158393208535E-04 -0.45470368139259E-04  0.33391391031605E-04
  0.22486850359454E-04 -0.23318811977878E-04 -0.99264609299110E-03
 -0.27035914819139E-04  0.10870951822960E-04 -0.99385929837783E-03
  0.36586171269049E-04 -0.81715632194916E-04 -0.44127029055137E-04
 -0.86639783106875E-04  0.12782521131341E-03 -0.31316937252268E-03
 -0.78370617880972E-04  0.12258090244611E-03 -0.33282854959181E-03
 -0.11808985753008E-04  0.51815814144772E-05  0.72147406161104E-04
 -0.26803163463192E-04 -0.25708709175440E-05 -0.99368286879952E-03
 -0.45336334666218E-04  0.16763075179684E-04 -0.99194347000268E-03
 -0.85065438174650E-05  0.11420209037826E-06  0.83419472332617E-04
 -0.16233299937589E-04 -0.11020080010998E-04 -0.99404009152345E-03
 -0.26041628812827E-04  0.16036344151259E-04  0.28071166303140E-04
 -0.63682635016999E-05 -0.52258318560301E-05  0.89404829603191E-04
 -0.63111888143223E-05 -0.18408805922427E-04 -0.99382552254985E-03
 -0.26925498824575E-05 -0.13845272555532E-04  0.86269556669469E-04
  0.30818805854103E-05 -0.25734694872411E-04 -0.99353000559816E-03
 -0.51266126336536E-04  0.24347553206804E-04 -0.98967266245307E-03
  0.60498379096619E-05 -0.30291108690679E-04  0.61382237687668E-04
  0.11723376234589E-04 -0.30262786595408E-04 -0.99286253561899E-03
 -0.41111660382731E-04  0.25532751393213E-04 -0.16316676657711E-04
 -0.43253929568368E-04  0.37035536170022E-04 -0.97471521922742E-03
  0.22637653009198E-04 -0.62335226510841E-04  0.23963894904327E-06
  0.41622646348635E-04 -0.99094130741596E-04 -0.82221006684390E-04
  0.26136862460381E-04 -0.28444016838020E-04 -0.99099788359265E-03
 -0.54662553341682E-04  0.30044603194728E-04 -0.98691754047036E-03
  0.43386489846269E-04 -0.10478715025713E-03 -0.13820663502273E-03
  0.28300882213713E-04 -0.23315255480620E-04 -0.98874827997296E-03
 -0.63011746359692E-04  0.42415924350029E-04 -0.82552229260446E-04
  0.21761467448509E-04 -0.68622070172981E-04 -0.15908313630389E-03
  0.24127972701976E-04 -0.16923666941799E-04 -0.98680421620302E-03
 -0.13151008043781E-04  0.38100381156065E-04 -0.26610139932243E-03
 -0.65518228476634E-05  0.29030781670435E-04 -0.97374117218617E-03
 -0.54059513629981E-04  0.34168808649061E-04 -0.98398597477599E-03
 -0.44518336048961E-04  0.83867737617218E-04 -0.29785507228802E-03
 -0.26235715735244E-04  0.33882048420412E-04 -0.97360339708812E-03
 -0.86571189060061E-04  0.67299574131982E-04 -0.16959550524020E-03
  0.19112064762203E-04 -0.31194888685306E-04 -0.99224595936659E-03
 -0.26508642915215E-04  0.16234283188066E-05  0.57810848489935E-04
  0.30288575644509E-04 -0.21192008113927E-04 -0.99156789024473E-03
  0.48433648157747E-04 -0.10482398611149E-03 -0.11662432863500E-03
  0.11647074914822E-04  0.13375211500865E-04  0.72888420798535E-04
 -0.16939255128203E-04  0.14885796707798E-04 -0.99351329733990E-03
  0.93341470067887E-05  0.40747703928809E-05  0.85542259084915E-04
 -0.57176613139561E-05  0.67665148387865E-05 -0.99385911082872E-03
  0.12916369172570E-05 -0.36895761779172E-04 -0.99325385968834E-03
  0.74579192034273E-05 -0.38464869266379E-05  0.90409583147571E-04
  0.51346863850450E-05 -0.94413626381669E-06 -0.99385447499667E-03
 -0.58491118042223E-05 -0.18958804696109E-04  0.73260460331374E-04
  0.73559021932055E-05 -0.14125461614857E-04  0.84858160757560E-04
  0.15680586727483E-04 -0.89462639775733E-05 -0.99386667937897E-03
  0.13789418283081E-04 -0.31412737930892E-04  0.57864567626108E-04
  0.25530989348995E-04 -0.13948343378510E-04 -0.99289716642589E-03
 -0.72762672486556E-05 -0.31556939481466E-04 -0.99364824375294E-03
  0.30040233195069E-04 -0.62323968518807E-04 -0.34291496392279E-05
  0.84293458461572E-05 -0.43118735581733E-04  0.36262978324964E-04
  0.33922872222010E-04 -0.13944618917523E-04 -0.99209494806792E-03
  0.48297684747529E-04 -0.95456545056841E-04 -0.83869348040109E-04
  0.40337800883847E-04 -0.10294089198509E-04 -0.99059834474643E-03
  0.49691027819392E-04 -0.98832523629898E-04 -0.13782870519184E-03
  0.42566773636315E-04 -0.51870378491315E-05 -0.98837930020699E-03
 -0.16610377062061E-04 -0.24231492480633E-04 -0.99320241946434E-03
  0.26781593376878E-04 -0.61868657652949E-04 -0.15745743602506E-03
  0.38398108791293E-04  0.13914249877739E-05 -0.98668658646498E-03
 -0.19119227840641E-04 -0.24070865173216E-05  0.72659556017167E-04
 -0.27502666004890E-04  0.50317635093827E-05 -0.25668986237114E-03
 -0.24714381071848E-04  0.44111980228228E-05 -0.97295498515822E-03
 -0.58946513184202E-04  0.44573062439544E-04 -0.28787137573669E-03
 -0.43477996334812E-04  0.14255341309414E-04 -0.97288265629067E-03
 -0.26229416309784E-04 -0.16106508019119E-04 -0.99287289459861E-03
 -0.78579471430975E-04  0.87522039329344E-04 -0.32094042052717E-03
 -0.13386971534308E-04 -0.83601957494592E-05  0.80451199225603E-04
  0.13813424279711E-04 -0.22544150150839E-04 -0.98612586959562E-03
 -0.28139837981858E-04  0.22625407922729E-04 -0.99321644642514E-03
  0.93480135278080E-05 -0.40086483422133E-04 -0.99256267324105E-03
  0.35041066683697E-04 -0.16865397223370E-04 -0.98977705510461E-03
  0.48103181781904E-05 -0.45570904943227E-04 -0.16369440822084E-03
  0.37468335848095E-04 -0.87244698353483E-04 -0.15149068406582E-03
  0.33934516756526E-04 -0.10905201950350E-04 -0.98741559863883E-03
  0.87070587114781E-05 -0.37864851665235E-04 -0.16380946206912E-03
  0.28058016409995E-04 -0.42491909202616E-05 -0.98611173650996E-03
  0.19813293651562E-04 -0.29632145029966E-04 -0.98777621068312E-03
 -0.86432205693385E-05  0.51890003439186E-05 -0.25222828007112E-03
 -0.51113493804530E-05  0.12880563472363E-04 -0.97307168461158E-03
  0.33206044598687E-04 -0.95502693069331E-04 -0.15031498522777E-03
 -0.33490625006306E-04  0.40136983942057E-04 -0.26828254493348E-03
 -0.25990889925710E-04  0.21451731968320E-04 -0.97300755833544E-03
 -0.67390152028847E-04  0.90157263038951E-04 -0.31237925809257E-03
 -0.44161155939187E-04  0.27958739247666E-04 -0.97298772138191E-03
  0.14907888183948E-04  0.25017481403943E-04  0.52277627205224E-04
  0.20650182283093E-04 -0.34882645768797E-04 -0.99019079599153E-03
 -0.56822787842313E-04  0.33349817207665E-04 -0.97512676500612E-03
  0.42539578118246E-04 -0.11000596464480E-03 -0.11319644521187E-03
 -0.49176081694357E-04  0.12546791617158E-03 -0.27646640490743E-03
 -0.63176841019270E-04  0.37047018368080E-04 -0.97831748039547E-03
 -0.94610333713771E-05  0.10514776717289E-03 -0.18003816275271E-03
 -0.63439363491313E-04  0.38774026496352E-04 -0.98167058256869E-03
  0.16234752812845E-04 -0.38631213840450E-04 -0.99187261636128E-03
  0.13286359480860E-04  0.80510053329644E-04 -0.91338827892772E-04
 -0.60370281763748E-04  0.37975338437802E-04 -0.98590125310044E-03
  0.29281597669396E-04 -0.82224652767241E-04 -0.38229786093458E-04
  0.19455693408381E-04  0.58404838068223E-04 -0.25996498884694E-04
 -0.51428048258537E-04  0.34290661981906E-04 -0.98948925777535E-03
  0.18226396075184E-04  0.39674094175488E-04  0.20772315136590E-04
 -0.39626945604662E-04  0.28961221355519E-04 -0.99187077978053E-03
 -0.77916512187985E-04  0.12477494060321E-03 -0.33152104442019E-03
 -0.59438848508128E-04  0.26015342123680E-05  0.22889814257813E-05
  0.63729248972106E-04 -0.95769198352781E-04 -0.11444356028529E-03
  0.60753601585421E-04  0.15948681052592E-04 -0.98909234829932E-03
 -0.28145381920184E-04 -0.28018701580563E-04 -0.12622133647838E-03
 -0.50482906642840E-04 -0.14708423301980E-04 -0.98319139031656E-03
 -0.49871081920654E-05 -0.48967397581136E-04 -0.98719571062717E-03
 -0.22711612387444E-04 -0.41708366474847E-04 -0.13563851734910E-03
 -0.44366865617090E-04 -0.51082944654747E-05 -0.98381967253862E-03
  0.12051028096348E-04 -0.82458038355214E-04 -0.16039108557425E-03
 -0.17784650395123E-04 -0.43620300610447E-04 -0.15346086000951E-03
 -0.34748636434004E-04  0.28890359708550E-05 -0.98367298087271E-03
 -0.63942928392329E-05 -0.33524504424664E-04 -0.16308670682487E-03
 -0.23405077701352E-04  0.84685575891225E-05 -0.98346942366734E-03
 -0.41662477584638E-06 -0.55685230330308E-04 -0.98896908422718E-03
  0.11139856995321E-04 -0.12720923218980E-04 -0.16463324406710E-03
 -0.11142668683650E-04  0.13189205646102E-04 -0.98335946331044E-03
  0.28361577951523E-04 -0.11738031057067E-03 -0.14479572345049E-03
 -0.50926196312030E-04 -0.24335117499444E-04 -0.98248240718873E-03
  0.32457773059307E-04  0.14295459871270E-04 -0.16116079332874E-03
  0.53795342832092E-04  0.42643620479441E-04 -0.15670831588603E-03
  0.15683633939396E-04  0.19222792358124E-04 -0.98486435727404E-03
 -0.81155117401827E-06 -0.61217898988730E-04 -0.99056064348973E-03
  0.71526715143684E-04  0.64533359800221E-04 -0.14995770577407E-03
  0.29274432885542E-04  0.20542624045171E-04 -0.98606799338899E-03
  0.17955907893556E-04 -0.10458838100215E-03 -0.97179683150244E-04
  0.83520202029011E-04  0.75566797876988E-04 -0.13948148177143E-03
  0.43267180423930E-04  0.21357629662763E-04 -0.98686816447790E-03
  0.89209551885042E-04  0.67322906401415E-04 -0.12753261010305E-03
  0.54706481939048E-04  0.19418173069623E-04 -0.98738301252734E-03
 -0.49763917392824E-05 -0.64716346020628E-04 -0.99082579787729E-03
  0.96181341904012E-04  0.38731255510259E-04 -0.13371386403441E-03
  0.62656947348403E-04  0.18956703614485E-04 -0.98583390130691E-03
 -0.10162829854240E-04 -0.61106453049061E-04 -0.31565297135585E-04
  0.22775762589412E-05  0.16481305640751E-04 -0.98412367641749E-03
  0.11360664951812E-03 -0.61669666434571E-05 -0.17969116523127E-03
 -0.42463897011004E-04 -0.71021229650328E-05 -0.15060888828615E-03
 -0.47296148893350E-04 -0.32817924688226E-04 -0.98257954536429E-03
  0.73958188741958E-04  0.76672542478692E-04 -0.13698570374359E-03
  0.18468097676084E-04  0.25186573781715E-04 -0.98689125338088E-03
  0.78895677263589E-04  0.78408356977735E-04 -0.11659032971009E-03
  0.32396503379787E-04  0.25000132327241E-04 -0.98827240973842E-03
 -0.39226389737341E-04 -0.54068175980983E-05 -0.98762819717484E-03
  0.76424727535886E-04  0.62921837182977E-04 -0.88116672348703E-04
  0.47135815479530E-04  0.21916441512990E-04 -0.98916613710552E-03
 -0.10991560438883E-03  0.16666994029650E-04 -0.13167565128006E-03
  0.71297046110911E-04  0.32714125796324E-04 -0.68785226524552E-04
  0.58091773575002E-04  0.19948982471068E-04 -0.98846555327338E-03
  0.76430048682295E-04 -0.11073202985354E-04 -0.87560858115212E-04
  0.64902830452512E-04  0.21053995818892E-04 -0.98708809033981E-03
 -0.40203964340941E-04  0.60609205662837E-05 -0.98659090142378E-03
  0.93350525334191E-04 -0.55321850278615E-04 -0.14816885161546E-03
 -0.49924573521542E-04  0.32027032075634E-04 -0.17525923939165E-03
  0.69288240301153E-04  0.26489449845344E-04 -0.98554204915468E-03
  0.95577812048132E-04 -0.69249773110073E-04 -0.20039120418305E-03
  0.69103609132564E-04  0.34172575459133E-04 -0.98332286497849E-03
  0.69165784096217E-04 -0.33725018409284E-04 -0.22423334881604E-03
  0.61802900169020E-04  0.42648184869325E-04 -0.98165398685960E-03
 -0.38696145465376E-04  0.17542638761052E-04 -0.98566785907591E-03
  0.37337950251545E-04  0.28291508739555E-04 -0.25209872700451E-03
  0.49061023988379E-04  0.49652376342578E-04 -0.98065389610613E-03
 -0.80508808271497E-04  0.25765423856385E-04 -0.16058335507217E-03
 -0.44562682335941E-04 -0.62617212169144E-04 -0.22967439838860E-03
 -0.29938429249974E-04 -0.50048803207576E-04 -0.98189613938476E-03
 -0.63099783216044E-04 -0.90441312755841E-05 -0.22477185827115E-03
 -0.40054653563676E-04 -0.41675914094180E-04 -0.98244307012739E-03
 -0.34476301815293E-04  0.29052250547957E-04 -0.98440353398521E-03
 -0.61210454600913E-04  0.77677932407787E-05 -0.19813921977399E-03
 -0.10041343230415E-03  0.21250881273894E-04 -0.14815527003050E-03
 -0.10861386551645E-03  0.10531739354138E-04 -0.10776447509868E-03
  0.67531702704420E-04  0.22256481015690E-04 -0.98432712411257E-03
  0.69425372771387E-04  0.29544170032398E-04 -0.98220366243215E-03
  0.27705440490925E-04  0.13116898208750E-04 -0.98413684836698E-03
 -0.16956717870440E-04  0.10078110564108E-04  0.55260930727871E-04
  0.64951432524561E-04  0.46684648347713E-04 -0.15788121909375E-03
  0.39976065587150E-04  0.15325881348161E-04 -0.98508126325313E-03
  0.83204107968792E-04  0.63060904622397E-04 -0.15702734843362E-03
  0.51985986329342E-04  0.15114268051959E-04 -0.98553395325134E-03
 -0.28493750158282E-04 -0.29214332855480E-04 -0.98665937715162E-03
  0.10140108261504E-03  0.62609605472245E-04 -0.16850804537251E-03
  0.60531115561204E-04  0.14873927701595E-04 -0.98443768868314E-03
 -0.10752236441447E-03  0.66100792554501E-05 -0.13270048972209E-03
  0.12559278425986E-03  0.37059031681477E-04 -0.21021154727157E-03
  0.65512477099519E-04  0.16435240028551E-04 -0.98287571850279E-03
  0.15169276137576E-03 -0.17217000773990E-05 -0.27602591558856E-03
  0.67991138554499E-04  0.21624485869607E-04 -0.98132939785967E-03
  0.44894232697966E-04  0.20608132363388E-04 -0.16147962803493E-03
 -0.30716761126759E-04 -0.17422548488664E-04 -0.98591255114519E-03
  0.66261044826305E-04  0.29492376167318E-04 -0.97864071247921E-03
 -0.97652182580781E-04  0.12163380229511E-04 -0.14681732202279E-03
  0.12333607795958E-03  0.45740980878119E-05 -0.31725928635181E-03
  0.57157427187417E-04  0.38156812031349E-04 -0.97689830015760E-03
  0.84603315215261E-04  0.48244715210706E-04 -0.32636808996854E-03
  0.43112755994964E-04  0.45583686472816E-04 -0.97661172930199E-03
 -0.31640619249908E-04 -0.52460218078794E-05 -0.98546455391191E-03
 -0.96483955216226E-05 -0.55222005589767E-04 -0.17239133544356E-03
 -0.16724578927289E-04 -0.50077934340461E-04 -0.98582361008258E-03
 -0.78272013469076E-04  0.15905301007068E-04 -0.15515249024825E-03
 -0.34880764531234E-04 -0.17693266174566E-05 -0.17151226355729E-03
 -0.24481061619076E-04 -0.42676878018172E-04 -0.98560958600153E-03
 -0.40629714723617E-04  0.20641801825836E-04 -0.14493791357617E-03
 -0.31128027102025E-04 -0.36455532654982E-04 -0.98555161839126E-03
  0.15404001782040E-03 -0.18252816882546E-04 -0.31473081131057E-03
  0.12838315609754E-03 -0.41347876219208E-04 -0.23963172855691E-03
 -0.25411714217226E-04 -0.39277191933240E-04 -0.98731158355899E-03
  0.23400829235951E-04 -0.75686799095906E-05 -0.16405714681279E-03
 -0.97123590984158E-05 -0.65064877447496E-04 -0.99056103423251E-03
  0.11484422596497E-03 -0.34292949622856E-04 -0.26843014268199E-03
  0.64953305891942E-04  0.37750874252169E-04 -0.97998203205728E-03
 -0.38351001684415E-04 -0.28735007340088E-04  0.94669632610077E-06
  0.82190314215191E-04  0.14024088808218E-04 -0.28562017091560E-03
  0.54247599579345E-04  0.45850347666818E-04 -0.97884327453020E-03
 -0.35004905758832E-04 -0.27404080048550E-04 -0.19151063224039E-03
 -0.28503841402884E-04 -0.47807492946711E-04 -0.98426592649350E-03
 -0.14091565539184E-04 -0.61221671757667E-04 -0.99031575691728E-03
 -0.49091390695195E-04  0.11691417269586E-04 -0.17979024957994E-03
 -0.35988575938985E-04 -0.40268228983530E-04 -0.98419933585956E-03
 -0.61878646239615E-04 -0.14221070932496E-04 -0.73391769453566E-05
 -0.40568350828960E-04  0.13970227924708E-04 -0.13716065050776E-03
 -0.40790150692379E-04 -0.32965335943692E-04 -0.98397701364836E-03
  0.14405474917108E-04  0.98203987429622E-05 -0.98397679236808E-03
 -0.24027454112606E-04 -0.31842365278700E-05 -0.90975166363929E-04
 -0.17843008110319E-04 -0.55570738475878E-04 -0.98927406834009E-03
 -0.16217316586799E-04 -0.21366264722419E-04 -0.81616424912498E-04
 -0.39872607212831E-04 -0.16675164821579E-04 -0.98341153971379E-03
 -0.82484680366975E-04 -0.91180201694999E-05 -0.39467084848476E-04
 -0.16213609232554E-04 -0.36145017898034E-04 -0.10362784408183E-03
 -0.32629450391453E-04 -0.79175172323862E-05 -0.98364883847495E-03
 -0.16027283961477E-04 -0.44298705678623E-04 -0.13277534966462E-03
 -0.22912545057043E-04 -0.18994489573258E-05 -0.98366665917703E-03
 -0.21776558768626E-04 -0.48191123268501E-04 -0.98837047630731E-03
 -0.90755469860693E-05 -0.43278776256424E-04 -0.15393872883155E-03
 -0.11331264997567E-04  0.23022321509579E-05 -0.98350060704382E-03
 -0.99524243064440E-04 -0.47569587460425E-05 -0.77463305192458E-04
  0.47363791055655E-05 -0.30033077124663E-04 -0.16334835577219E-03
  0.16697938005399E-05  0.62930534335996E-05 -0.98365461415970E-03
 -0.42604682317143E-04 -0.25829222642519E-04 -0.98360247519186E-03
  0.43254767385467E-05  0.25005157602422E-04 -0.98527084464289E-03
  0.60220318859720E-04  0.62035814568344E-04 -0.14958027410419E-03
 -0.36063021012907E-04 -0.16507370722501E-04 -0.98834582604588E-03
 -0.43480052425287E-04  0.26773097955929E-04 -0.98479981744232E-03
  0.59415716388239E-04  0.65370652404201E-04 -0.53330008863244E-04
  0.12396445073123E-04  0.27700042866168E-04 -0.99013604295937E-03
 -0.10017439204011E-03  0.36684914720787E-04 -0.16948167159235E-03
  0.48664976951812E-04  0.42634616134718E-04 -0.11004813645204E-04
  0.26865424425902E-04  0.24074091736284E-04 -0.99094597976684E-03
  0.38175875956901E-04  0.16372556826976E-04  0.20287122441158E-04
  0.40481135211814E-04  0.18837773576315E-04 -0.99186147061074E-03
 -0.36941952748275E-04  0.35112136556728E-04 -0.98288719567898E-03
  0.35156212841039E-04 -0.11807336292166E-04  0.23518094171028E-04
  0.51147361626551E-04  0.15335508569992E-04 -0.99140700767164E-03
 -0.74472321174483E-04  0.49749983648887E-04 -0.20065147418552E-03
  0.46363555451326E-04 -0.47686131235951E-04 -0.16195869895457E-04
  0.58985734147333E-04  0.15299058490835E-04 -0.99044530987270E-03
 -0.20519064755021E-05  0.30612000384409E-04 -0.98869422441543E-03
  0.64776727447159E-04 -0.82907430702128E-04 -0.88570824732977E-04
 -0.26737115001223E-04  0.43049142339651E-04 -0.98088708020556E-03
  0.66148032716281E-04 -0.90112905176569E-04 -0.14487147359473E-03
  0.64875667935059E-04  0.26113856191699E-04 -0.98754452816286E-03
 -0.35869014752314E-04  0.70780823926178E-04 -0.24331198498293E-03
  0.39999662694113E-04 -0.52911068447054E-04 -0.16977364287299E-03
  0.59238833897145E-04  0.33012135148288E-04 -0.98586140902051E-03
  0.52725800628115E-05  0.61515531972191E-05 -0.18645673395221E-03
  0.48828391218109E-04  0.40411989466927E-04 -0.98471714481391E-03
  0.54313762919171E-05 -0.45438909207548E-04 -0.98832374793339E-03
 -0.97040974657378E-04 -0.72468147917556E-04 -0.31797356100947E-03
 -0.38234714132908E-04 -0.39653876768584E-04 -0.97734380629158E-03
  0.47738293688025E-05  0.40586071592058E-04 -0.22128527197364E-03
 -0.11341818865591E-03 -0.29834167308945E-04 -0.32946968288827E-03
 -0.51755464206896E-04 -0.29189372594565E-04 -0.97769370110600E-03
  0.64520156091872E-04  0.20222131551027E-04 -0.98920554629725E-03
  0.28203306734994E-04 -0.10221239090541E-03 -0.14962054899174E-03
  0.64974931712745E-04  0.81081295916364E-04 -0.94841139179497E-04
  0.62728099544258E-04  0.84170072565242E-04 -0.12625974564257E-03
  0.50754349452914E-04 -0.78556900545461E-04 -0.15141125670484E-03
  0.58474049594852E-04  0.22440708363473E-04 -0.98739517282773E-03
 -0.37432147752516E-04 -0.11684298010958E-04 -0.99059668001410E-03
  0.17370310040741E-04 -0.26725789945321E-04 -0.16727220824438E-03
  0.50295356435064E-04  0.29206232341671E-04 -0.98643162494962E-03
 -0.77793622293616E-04  0.76128702608618E-05 -0.33799654973634E-04
 -0.82517945498328E-04 -0.77134591505951E-04 -0.30965113842419E-03
 -0.30127601210624E-04 -0.36603419152207E-04 -0.97510987109776E-03
 -0.10627333852296E-03 -0.41274934078816E-04 -0.33325074058384E-03
 -0.46278642448472E-04 -0.25000510957592E-04 -0.97530820784039E-03
 -0.42317090608525E-04 -0.18091744808216E-05 -0.98981886315780E-03
 -0.11886499686039E-03 -0.14674167454521E-04 -0.34765180216462E-03
 -0.59937370086506E-04 -0.13878530886333E-04 -0.97592254806798E-03
 -0.94826811322012E-04  0.14200767876950E-04 -0.72980401207243E-04
 -0.16416643162775E-04  0.31364204896798E-04 -0.98765068448971E-03
 -0.93240973396102E-04 -0.12107635277873E-04 -0.30536440389633E-03
 -0.46894235626079E-04 -0.13777813005749E-04 -0.23529252998298E-03
 -0.70766319475754E-04  0.73236762085599E-05 -0.97869930661296E-03
 -0.45870494494577E-04  0.72947194997306E-05 -0.98861732555350E-03
 -0.89241596241226E-05  0.18781925022971E-05 -0.19040506991851E-03
 -0.66763359375833E-04  0.17317573513534E-04 -0.98092857931568E-03
 -0.10698114261714E-03  0.20510111316355E-04 -0.10943585519182E-03
  0.16604444965910E-04  0.27996671109087E-04 -0.16957957114844E-03
 -0.57263225353978E-04  0.24414595325580E-04 -0.98292863074170E-03
  0.36470266554151E-04  0.55095089415003E-04 -0.15827480412060E-03
 -0.44831323590795E-04  0.29321194629104E-04 -0.98442988687694E-03
 -0.46871491106681E-04  0.17035128998603E-04 -0.98690447640891E-03
  0.52103383584409E-04  0.75231277610124E-04 -0.14619525267188E-03
 -0.31129692781478E-04  0.31379210093648E-04 -0.98609284518270E-03
 -0.11065949573454E-03  0.27834285566512E-04 -0.14105587719193E-03
 -0.67998228822281E-04 -0.29056170637397E-05 -0.97674147835409E-03
 -0.10454532663535E-03 -0.17747855286034E-04 -0.30798728392643E-03
 -0.61001352929313E-04 -0.18191017060383E-04 -0.97835032307711E-03
 -0.70143904261271E-04 -0.29889769496146E-04 -0.24717446544862E-03
  0.68566831315944E-04  0.28117282023361E-04 -0.98697918939244E-03
 -0.46073532039220E-04 -0.92977714201142E-05  0.28089171378882E-04
  0.65884442027159E-04 -0.71017076539439E-04 -0.17849807851115E-03
  0.65668435625345E-04  0.35180199488159E-04 -0.98476472321726E-03
  0.31557174248284E-04 -0.16476593153745E-04 -0.19909140802824E-03
  0.56587172662545E-04  0.43363597681103E-04 -0.98332938907231E-03
 -0.22107467061260E-04 -0.42603091195465E-04 -0.99057985115693E-03
 -0.83806512094216E-04 -0.42361793370270E-04 -0.28022105875471E-03
 -0.41101662428019E-04 -0.41486250749918E-04 -0.97985856835970E-03
 -0.63721420625459E-04 -0.46923507726975E-05 -0.15292488651523E-05
 -0.90211275077324E-04 -0.85116576332498E-05 -0.27164808983598E-03
 -0.51128789476988E-04 -0.31537138035049E-04 -0.98047581901184E-03
 -0.71617723073262E-04 -0.13465060993994E-04 -0.22840524189591E-03
 -0.58072190118501E-04 -0.21656237494172E-04 -0.98092401625259E-03
  0.78512221113870E-04 -0.84498366894299E-04 -0.13980353649047E-03
 -0.26812951767177E-04 -0.34594824739204E-04 -0.98995382886921E-03
 -0.60080163813893E-04 -0.12092958541024E-04 -0.98170879636445E-03
 -0.81747379461964E-04 -0.10444918705524E-05 -0.38490956820719E-04
 -0.29466174786335E-04 -0.42087098176256E-04 -0.16767508865573E-03
 -0.55939217153110E-04 -0.15580609026376E-05 -0.98291372246381E-03
 -0.16893068661656E-04 -0.36260092940185E-04 -0.16877510517838E-03
 -0.46908513253794E-04  0.73903563306557E-05 -0.98347126920117E-03
 -0.32027213524033E-04 -0.25795531139159E-04 -0.98891610725250E-03
 -0.81468488177909E-06 -0.17895512080747E-04 -0.16861748401577E-03
 -0.34937814325371E-04  0.13949256617241E-04 -0.98366763309888E-03
 -0.98146065215445E-04  0.47503859993756E-05 -0.75588128761207E-04
  0.19154625920381E-04  0.81065237562914E-05 -0.16416727848524E-03
 -0.22731102266109E-04  0.18915634103710E-04 -0.98376981694112E-03
  0.40831911616920E-04  0.36753961593284E-04 -0.15766721573970E-03
 -0.94371224337599E-05  0.22559803483028E-04 -0.98425438342388E-03
 -0.45849310214944E-04 -0.32922720133179E-04 -0.18274648192661E-03
 -0.16342460079789E-04 -0.50215587779254E-04 -0.99154812069191E-03
  0.66001941889927E-04  0.21970546623918E-04 -0.98855050672157E-03
  0.65650105466177E-04 -0.55141978655807E-04 -0.72022805112402E-04
 -0.66469543211721E-04 -0.79637109026543E-05 -0.97956543790908E-03
  0.68387358387682E-05 -0.51280298682820E-04 -0.99023757343110E-03
 -0.37039622937277E-04 -0.34707932081160E-04 -0.19993706754677E-03
 -0.65766661033515E-04  0.25125177902117E-05 -0.98098218736494E-03
  0.34187968172263E-04 -0.11443529928157E-03 -0.11503920865706E-03
 -0.13037172851506E-04 -0.21484644340133E-04 -0.17957848995663E-03
 -0.58038616697733E-04  0.12231898139740E-04 -0.98230006268292E-03
  0.72666621859009E-05  0.31982462985834E-05 -0.16977865669373E-03
 -0.46845087413548E-04  0.19252608083081E-04 -0.98355841408108E-03
  0.28841462060098E-05 -0.55865316183098E-04 -0.99192629701869E-03
  0.27992166716665E-04  0.31630295186463E-04 -0.16224623947912E-03
 -0.33954277131334E-04  0.24094300753424E-04 -0.98448536147431E-03
  0.15872411856004E-04 -0.82085487285336E-04 -0.45299104361245E-04
  0.47792236528129E-04  0.57541669724103E-04 -0.15356474540745E-03
 -0.20147596102083E-04  0.27043874053537E-04 -0.98525279515810E-03
  0.63509590196085E-04  0.76172665156326E-04 -0.13998060594723E-03
 -0.60648633940955E-05  0.29036868496050E-04 -0.98627040017832E-03
  0.59988893624591E-04  0.18229138688484E-04 -0.98910096187886E-03
  0.51498503814217E-04 -0.12613006012887E-04 -0.21223095958262E-04
 -0.28946286578095E-04 -0.17878612439156E-04  0.38734823356790E-04
  0.50096801596688E-04  0.19391124546884E-04 -0.99077540491445E-03
  0.51963892787441E-04  0.23885838149714E-04 -0.18283347321507E-04
 -0.93026279905345E-05 -0.55115053360399E-04 -0.99198868775462E-03
 -0.27022635936833E-04  0.13596392950381E-04 -0.91345682147998E-04
  0.37502186661571E-04  0.23773883417807E-04 -0.99057405570180E-03
  0.22460296485541E-04  0.26922884255126E-04 -0.98919284085604E-03
  0.70730739730551E-04  0.74048786714594E-04 -0.86781953372418E-04
 -0.93296762725159E-05 -0.40769910038117E-04  0.17538040623723E-04
  0.77047949222844E-05  0.29024675702228E-04 -0.98746379823545E-03
  0.71234366434052E-04  0.82377180868349E-04 -0.11835318854091E-03
 -0.28579940847413E-05 -0.57460517662282E-04 -0.99225065406594E-03
  0.62472020585802E-04  0.53603163321071E-04 -0.48456161853211E-04
 -0.15075161697452E-04  0.36554343533500E-04 -0.98480319632541E-03
  0.96168910311193E-05 -0.11730346564932E-04 -0.25098115361901E-03
  0.37087924325677E-05  0.62262889540604E-04 -0.22223757167118E-03
  0.20829020279183E-04  0.54459293683853E-04 -0.97879912399730E-03
  0.37404684687149E-04  0.89963294073036E-04 -0.30457498106179E-03
  0.20553490177128E-05  0.52506802776947E-04 -0.97994034420529E-03
  0.19848138607624E-04  0.62608508692629E-04 -0.24614046342261E-03
 -0.14292214423380E-04  0.46685485638669E-04 -0.98129117266870E-03
 -0.12494045371983E-04  0.42799231909332E-04 -0.20031182710382E-03
 -0.26232816369271E-04  0.39053835301410E-04 -0.98301478829129E-03
  0.54549838588471E-04  0.89824624793266E-04 -0.34776060470855E-03
  0.25575707819084E-04  0.50529713032458E-04 -0.97647551823561E-03
  0.31040173255298E-04  0.10791869945171E-03 -0.34378133846844E-03
  0.58933523893014E-05  0.51739393202151E-04 -0.97742013442655E-03
  0.31844562883366E-05  0.95660848817188E-04 -0.29949086035287E-03
 -0.12269144563715E-04  0.48430147396067E-04 -0.97899549051456E-03
  0.56447236260117E-04  0.53527969794717E-04 -0.31491247664448E-03
  0.22981683720477E-04  0.88224945265191E-04 -0.32609597134200E-03
  0.91470919534001E-05  0.45846553262268E-04 -0.97552063186976E-03
 -0.10606866173429E-04  0.10954546097301E-03 -0.32280105168294E-03
 -0.10247810678584E-04  0.46942888351730E-04 -0.97665835232255E-03
  0.16037494811491E-04  0.44106174103430E-04 -0.28224387240450E-03
  0.11993199148123E-04  0.36021159634114E-04 -0.97451652074653E-03
  0.42443240260815E-04  0.49851541011281E-04 -0.98255677128851E-03
  0.43402221012936E-04  0.99277058636603E-04 -0.33619775867009E-03
  0.38280989637791E-04  0.51909326211893E-04 -0.97831236348262E-03
  0.28588404048564E-04  0.42075157597408E-04 -0.97485863606593E-03
 -0.29262937420488E-04  0.20741543606395E-04 -0.98504636674141E-03
  0.25606093963481E-04  0.52055394464310E-04 -0.98258324377951E-03
  0.54707640625010E-04  0.70104393803006E-04 -0.31878549346284E-03
  0.22187118042406E-04  0.49640301152490E-04 -0.19213175201029E-03
  0.83745070380508E-05  0.50213189226861E-04 -0.98282666517226E-03
  0.38514348008646E-04  0.31191963313445E-04 -0.16622159025920E-03
  0.40342112850684E-04  0.22721491998187E-04 -0.16087390583454E-03
  0.15694197014388E-04  0.24152601021022E-05 -0.97320135563162E-03
  0.27969803184330E-04  0.19553451116589E-04 -0.16345500325537E-03
 -0.20291733479113E-04  0.25364709702078E-04 -0.98502681897772E-03
  0.66320211044004E-05  0.17097704038366E-04 -0.16499643675325E-03
 -0.22442628898224E-04  0.11701248319397E-04 -0.98478372321580E-03
 -0.58513977480690E-05  0.44542481059726E-04 -0.98376721459501E-03
  0.32576076454660E-04  0.53829383170811E-04 -0.98038081157428E-03
 -0.24706001215165E-04  0.32969017510056E-04 -0.98425904800028E-03
  0.24004264581265E-04  0.74477367738131E-04 -0.28107259669771E-03
  0.10093148084066E-04  0.27769331317759E-04 -0.17710956392968E-03
 -0.20305131699771E-04  0.23382800287358E-04 -0.16698347567929E-03
  0.33185469744440E-04  0.37013672669379E-04 -0.19700192110117E-03
 -0.15523941114100E-04  0.42732297010672E-04 -0.98334915055046E-03
 -0.18778965372484E-05  0.49663742244982E-04 -0.98199878541160E-03
  0.40163716821058E-04  0.57063160784413E-04 -0.23336991041721E-03
  0.14654181493902E-04  0.53651849094072E-04 -0.98122636044670E-03
  0.30594900355112E-04  0.79054395264067E-04 -0.27338900785486E-03
  0.16678868370000E-04 -0.91636480145589E-06  0.13305604294908E-02
  0.34597306820532E-04  0.50786813269668E-05  0.13332398673095E-02
  0.23128231619374E-05  0.29394312575088E-04  0.22282888451088E-03
  0.50668877270182E-04  0.10438969447381E-04  0.13352402096327E-02
  0.77832567033749E-05  0.23815232916398E-04  0.18696711889774E-03
 -0.25263276629668E-05  0.33565385145841E-04  0.26557195826621E-03
  0.62063567488696E-04  0.16048142796602E-04  0.13360828947594E-02
  0.33241360050745E-04  0.18792791047956E-04  0.19864071810808E-03
  0.66706873937424E-04  0.22903002338812E-04  0.13341657267555E-02
  0.63740430011708E-04  0.31515427342124E-04  0.13288598782685E-02
  0.49954613949850E-04  0.19960224095140E-04  0.26212978411030E-03
  0.54306867983458E-04  0.42684618400707E-04  0.13221100447200E-02
 -0.10527562818747E-04  0.30565746953533E-04  0.30282529989204E-03
  0.51440063928806E-04  0.40513564511795E-04  0.32661963761126E-03
  0.17748952424192E-04  0.20357884794572E-04  0.17348002938675E-03
 -0.20259267743080E-05 -0.62098063710566E-05  0.13281906842608E-02
 -0.10350718046672E-03 -0.41026429908260E-04  0.30451790224311E-03
 -0.19760784538826E-04 -0.10494956925444E-04  0.13264924134416E-02
  0.39878502667824E-04  0.55846065156528E-04  0.13152621104978E-02
 -0.63913537216419E-04 -0.38547329972426E-04  0.12799119061434E-02
 -0.14150416964312E-03 -0.40383264139227E-05  0.37741908105018E-03
 -0.72066281092684E-04 -0.30684088481041E-04  0.12890771853153E-02
 -0.12169835574993E-03 -0.20224461432957E-04  0.32452698499651E-03
 -0.74113254855717E-04 -0.26322821205813E-04  0.12995706430224E-02
 -0.23557270402018E-04  0.16937443950358E-04  0.32873570100864E-03
 -0.69805219958369E-04 -0.23470239499853E-04  0.13101146115896E-02
 -0.61440569554046E-04 -0.20434424946310E-04  0.13181892849119E-02
 -0.78289613691616E-04 -0.46591470972672E-04  0.33665378608187E-03
 -0.49969838634587E-04 -0.17451499656051E-04  0.13226636101680E-02
 -0.60843683732165E-04 -0.29196098109348E-04  0.34630328232313E-03
 -0.35869515235210E-04 -0.14075716082635E-04  0.13248582743681E-02
 -0.41163633462196E-04 -0.51047627620918E-05  0.34372352974775E-03
 -0.91707608716184E-04 -0.51382823082919E-04  0.31798175145264E-03
 -0.81387939752628E-04 -0.29048153996897E-04  0.39063418921380E-03
  0.10833873707640E-04  0.30686044723769E-04  0.25116344334565E-03
 -0.10776089734484E-03  0.11772669724287E-04  0.36159272783826E-03
  0.30342148137545E-05  0.29781909459207E-04  0.29157906628253E-03
  0.50133040297398E-04 -0.18410943433695E-05  0.13295096976522E-02
 -0.13184040911176E-03 -0.24811469021181E-04  0.41609037191213E-03
  0.64311122180831E-04  0.44802308754422E-05  0.13301565946963E-02
  0.17917700476693E-04  0.27039584682695E-04  0.21389940145292E-03
  0.73548445404327E-04  0.12249473193181E-04  0.13292776293078E-02
  0.33345831547885E-04 -0.78572512267987E-05  0.13281553100688E-02
  0.30723026550376E-04  0.24121919089541E-04  0.20341395256361E-03
  0.51270212305963E-04  0.22510750756072E-04  0.23985871242595E-03
  0.69292692044646E-04  0.32969928314678E-04  0.13188795475539E-02
  0.68580580579590E-04  0.29094986983009E-04  0.30724232813095E-03
  0.56479583889343E-04  0.47413173591505E-04  0.13112349645952E-02
  0.60591880225410E-04  0.65234960692623E-04  0.35674109021897E-03
  0.39919833607817E-04  0.62338135318596E-04  0.13042100092036E-02
  0.75579022716515E-04  0.21328699574964E-04  0.13252811237761E-02
 -0.91692184979456E-05  0.19187287860049E-04  0.32243824337608E-03
  0.14937963846420E-04 -0.13569673283709E-04  0.13267617823857E-02
 -0.25684492878842E-04 -0.17853505887759E-05  0.34059485733339E-03
 -0.70852234991393E-04 -0.38543183026989E-04  0.12962368600794E-02
 -0.10205866997068E-03  0.78289501321151E-05  0.30252998743155E-03
 -0.73462392971533E-04 -0.33459042226117E-04  0.13044958250694E-02
 -0.86692742096328E-04 -0.16982468555022E-04  0.25882395761611E-03
 -0.69355977236959E-04 -0.31106851513028E-04  0.13133262797643E-02
 -0.80813826665320E-04 -0.41653426478453E-04  0.26128554313013E-03
 -0.61059739463277E-04 -0.29495930224709E-04  0.13206252202234E-02
 -0.79464374236797E-04 -0.59088818839544E-04  0.29048041502654E-03
 -0.50691445070475E-04 -0.27803412198915E-04  0.13246872525181E-02
 -0.74113610837103E-04 -0.62594701959059E-04  0.32105404438624E-03
 -0.37006089480016E-04 -0.25253027211113E-04  0.13261210396736E-02
 -0.61719189541026E-04 -0.50689899767607E-04  0.34067210385962E-03
 -0.21277932874484E-04 -0.21735999899370E-04  0.13262309455220E-02
 -0.44298062625295E-04 -0.27851573724212E-04  0.34655376834548E-03
 -0.37261263474931E-05 -0.18088899545981E-04  0.13261907130243E-02
 -0.61636262324975E-04 -0.46271107878206E-04  0.12901440627071E-02
 -0.50581077566852E-04 -0.47185279863742E-04  0.12751875453143E-02
 -0.48760963944275E-04 -0.25869061179180E-05  0.13232211361499E-02
  0.22951618393077E-04  0.59290997454406E-04  0.13178359574159E-02
 -0.15267094061787E-04  0.14993781131876E-04  0.13361479796081E-02
 -0.93534520579972E-05  0.32822529217560E-04  0.21459152397838E-03
  0.22181929005786E-05  0.16599769862061E-04  0.13399704178234E-02
 -0.55778169354486E-05  0.25828534045909E-04  0.18289646792629E-03
  0.19003250145108E-04  0.18642943477333E-04  0.13434039635658E-02
  0.36320330288235E-06  0.20080562339140E-04  0.15979379436940E-03
 -0.14372664179858E-04  0.38533964558616E-04  0.24920391513146E-03
  0.33682452013023E-04  0.21012541441088E-04  0.13456478293086E-02
  0.42891166371141E-04  0.23726798346455E-04  0.13458294236410E-02
  0.19775408383979E-04  0.14338464597064E-04  0.15690256897684E-03
  0.45747847135849E-04  0.26773368680388E-04  0.13426481416712E-02
  0.32290232173217E-04  0.13364503675610E-04  0.19705041997660E-03
  0.41874315175451E-04  0.31259621798664E-04  0.13364521166691E-02
  0.41465648272063E-04  0.15057281748225E-04  0.26528131996615E-03
  0.87551912583222E-05  0.16182410691107E-04  0.14933734055328E-03
 -0.31563962687360E-04  0.13915319894728E-04  0.13317843900000E-02
 -0.22352930158542E-04  0.38897428632613E-04  0.28267841871582E-03
 -0.47056083808400E-04  0.13007278304074E-04  0.13267556584457E-02
 -0.10135745296501E-03 -0.74271782615083E-04  0.40494391362959E-03
 -0.36905138136981E-04 -0.30025523116883E-04  0.12503947707968E-02
 -0.16107533120834E-03 -0.27112308404498E-04  0.42967262548723E-03
 -0.54953715946048E-04 -0.19542713594331E-04  0.12565254262927E-02
 -0.18259792089601E-03 -0.36615670679343E-05  0.43757970704979E-03
 -0.67694400331731E-04 -0.90925558460147E-05  0.12688625358776E-02
 -0.15422130485193E-03 -0.16213979341820E-05  0.40533234124622E-03
 -0.74521919766699E-04 -0.16457033393801E-05  0.12837357732738E-02
 -0.11195997175721E-03  0.15937906032219E-05  0.37170537331416E-03
 -0.74695067340567E-04  0.34986110640875E-05  0.12987928015852E-02
 -0.77927037725321E-04  0.11172233076070E-04  0.35212340691036E-03
 -0.69621876009578E-04  0.85745592951770E-05  0.13113782839020E-02
 -0.52677860771638E-04  0.22597292989646E-04  0.33407059299905E-03
 -0.60073729410172E-04  0.11414678337717E-04  0.13203090498713E-02
 -0.34902762062487E-04  0.33066056364301E-04  0.31122056627911E-03
  0.32975132550217E-04  0.38690596922303E-04  0.13294079085684E-02
  0.33512486836887E-04  0.36792667787669E-04  0.32530743489013E-03
  0.20412406600184E-04  0.48441501272265E-04  0.13230100050016E-02
 -0.13762772586301E-03 -0.62485981648876E-04  0.43998497894330E-03
 -0.67257716492824E-05  0.34254731178568E-04  0.23990277121540E-03
  0.18345607801502E-04  0.10792044974631E-04  0.13365146155229E-02
 -0.29411892502790E-05  0.27637626419123E-04  0.20078789975633E-03
  0.35287236343467E-04  0.15276083719147E-04  0.13395744909369E-02
  0.27730314194151E-05  0.21394619484211E-04  0.16979369837014E-03
  0.48764523637424E-04  0.19412750546529E-04  0.13414138757277E-02
  0.11754359943521E-04  0.17712791064453E-04  0.15625133381955E-03
  0.55787170047788E-04  0.23766275787721E-04  0.13409109544903E-02
  0.24567702730497E-04  0.16190350056045E-04  0.17222771550693E-03
  0.55407690982070E-04  0.29405189132168E-04  0.13367208030225E-02
  0.39107691759306E-04  0.15379534828467E-04  0.22581181125454E-03
  0.48971150574729E-04  0.37510789150668E-04  0.13302600777355E-02
  0.45493853431169E-04  0.24276808285193E-04  0.29612015800467E-03
  0.37621653637126E-04  0.48051969461402E-04  0.13232041364552E-02
  0.29830516189822E-04  0.59607081757608E-04  0.34171373128166E-03
  0.54787453822553E-07  0.64092029974882E-05  0.13332849909119E-02
 -0.91385397108393E-04 -0.83258382776969E-04  0.42698267419087E-03
 -0.12156274442401E-04  0.37070362860049E-04  0.27853149474749E-03
 -0.22273447502724E-04  0.31277049200069E-04  0.30997177292645E-03
 -0.53280452123787E-04 -0.36204551438588E-04  0.12638948761888E-02
 -0.17250757350718E-03 -0.20722082097801E-04  0.43521991092188E-03
 -0.66094004936977E-04 -0.26235332988295E-04  0.12725319306280E-02
 -0.16233097627635E-03 -0.17967138936200E-04  0.39789278821030E-03
 -0.73654788883135E-04 -0.18295889068315E-04  0.12846186542378E-02
 -0.12989504971868E-03 -0.29357242654138E-04  0.35686657319981E-03
 -0.75082516485691E-04 -0.13891117272511E-04  0.12975528122397E-02
 -0.10215638910361E-03 -0.31798408913827E-04  0.34489081836934E-03
 -0.70110488265992E-04 -0.94694968298243E-05  0.13094030120659E-02
 -0.78608723798529E-04 -0.22003274206696E-04  0.34622464223420E-03
 -0.61009608596256E-04 -0.55387105819990E-05  0.13178914774075E-02
 -0.57224041965525E-04 -0.34881651736950E-05  0.34361247373383E-03
 -0.39661825594413E-04 -0.31539542798036E-04  0.36435743305739E-03
 -0.37801608430162E-04  0.16545420027932E-04  0.33201517820072E-03
 -0.34119025043410E-04 -0.17837687551149E-06  0.13269952330583E-02
 -0.17958117474752E-04  0.27147468619003E-05  0.13301835917504E-02
 -0.58219757473284E-04 -0.50430029768504E-04  0.13009630018479E-02
  0.22067051128539E-04  0.29551477069582E-04  0.28195187396956E-03
 -0.69084249685460E-04 -0.43149235473291E-04  0.13040390861054E-02
  0.73985930307643E-04 -0.26389968170239E-04  0.13213459179881E-02
  0.22952027211030E-04 -0.13575220261952E-04  0.34751318422946E-03
  0.83454224891618E-04 -0.19871777501966E-04  0.13160498650881E-02
  0.56501156505544E-04  0.11542045430225E-04  0.34135694705203E-03
  0.87206680251490E-04 -0.11004035946660E-04  0.13080443521656E-02
  0.97418976153906E-04  0.29162080597968E-04  0.35305740309131E-03
 -0.52087762402191E-05 -0.40059646418864E-04  0.34908516903656E-03
  0.85124213745622E-04  0.83893046171902E-06  0.12966621628374E-02
  0.76245696051501E-04  0.15821723268315E-04  0.12846047355689E-02
  0.15874267471913E-03  0.53766300485022E-04  0.43522555432401E-03
  0.60072650544644E-04  0.32105295295776E-04  0.12736024504680E-02
  0.12959400279740E-03  0.10628547630767E-03  0.43866050303937E-03
  0.39750181677193E-04  0.48139348501484E-04  0.12655357705948E-02
 -0.28534582432882E-04  0.37935850084169E-04  0.34728290635680E-03
  0.14217933235640E-03  0.35675423637811E-04  0.39768754065245E-03
  0.60298827415660E-04 -0.30328032962430E-04  0.13253660677552E-02
 -0.26835900058712E-04 -0.61199185176781E-04  0.33943782083286E-03
  0.44047697980497E-04 -0.32231933907903E-04  0.13290061155664E-02
 -0.51209471861772E-04  0.44167196123993E-04  0.22753413604327E-03
 -0.64367820914377E-04 -0.26357829008737E-04  0.13292924366092E-02
 -0.38420679960733E-04  0.18772746319668E-04  0.18499082535752E-03
 -0.53335738131047E-04 -0.24303132959209E-04  0.13367657508111E-02
 -0.31890897892491E-04 -0.57170977401396E-05  0.17456040077597E-03
 -0.39251738588694E-04 -0.23362184341643E-04  0.13415878492255E-02
 -0.31686355745552E-04 -0.26720361199772E-04  0.18527201798148E-03
 -0.23784583816896E-04 -0.24142331252259E-04  0.13421234084910E-02
 -0.35957089894628E-04 -0.45400107607917E-04  0.21063415648626E-03
 -0.73946383863512E-05 -0.26720095493786E-04  0.13397195740234E-02
 -0.41728429971838E-04 -0.61377856067820E-04  0.24570686237200E-03
  0.94469999051790E-05 -0.30024236395694E-04  0.13363061591387E-02
 -0.44445369757097E-04 -0.71396469181042E-04  0.28396751797393E-03
  0.26873259277524E-04 -0.32074481857297E-04  0.13324241500100E-02
 -0.40300299982893E-04 -0.72249288810632E-04  0.31702615344596E-03
 -0.59631044573629E-04 -0.31023669607044E-04  0.13193154237021E-02
 -0.69388218994835E-04 -0.30052086642352E-04  0.13220986919418E-02
 -0.53025960729073E-04  0.69869401542047E-04  0.32364842836282E-03
 -0.52735258277394E-04  0.67078231865979E-04  0.26200176998609E-03
  0.25715564681965E-05 -0.59355901078832E-04  0.34232729887814E-03
  0.81667668344660E-04 -0.29331005076774E-04  0.13183485568991E-02
  0.34207004399167E-04 -0.36988302780658E-04  0.35547763911363E-03
  0.87359153537243E-04 -0.22668568188242E-04  0.13093152813465E-02
  0.77739912197610E-04 -0.11543437009315E-04  0.37089494501777E-03
  0.87133802526597E-04 -0.13937631025109E-04  0.12969197219320E-02
  0.70671678479981E-04 -0.33098798901122E-04  0.13248682463422E-02
  0.13124588078505E-03  0.78010775826827E-05  0.40553329380477E-03
  0.16781054666335E-03  0.23462313623014E-04  0.43768337933024E-03
  0.65801210383272E-04  0.10850516652764E-04  0.12690211903967E-02
  0.15044095836538E-03  0.57329668779858E-04  0.42689374588408E-03
  0.45993856529249E-04  0.26467182846399E-04  0.12575719079204E-02
 -0.77438616931485E-05  0.25528645081475E-04  0.34143834142823E-03
 -0.49033814207898E-04 -0.24114804709864E-04  0.13213912903637E-02
  0.79896076169951E-04 -0.27955214133523E-05  0.12826078867808E-02
 -0.18875238126378E-04 -0.71744095170405E-04  0.32223964976939E-03
  0.56770804384211E-04 -0.34188993082437E-04  0.13303239940696E-02
 -0.30628869391945E-04 -0.73555598799476E-04  0.29273934056470E-03
 -0.62502123134701E-04 -0.19771939723932E-04  0.13283046714201E-02
 -0.38780512299603E-04  0.42959358605511E-04  0.20094939960000E-03
 -0.54042545986052E-04 -0.17371652074458E-04  0.13365706248249E-02
 -0.26985659728401E-04  0.18016110808278E-04  0.16981299515038E-03
 -0.41115196087413E-04 -0.15978541305444E-04  0.13440050525567E-02
 -0.21163772460497E-04 -0.29942549989433E-05  0.16391022196690E-03
 -0.26270100005710E-04 -0.16030109944275E-04  0.13476826759589E-02
 -0.20957463534010E-04 -0.20825946537088E-04  0.17311750286814E-03
 -0.97698889731229E-05 -0.18860195423247E-04  0.13470118137980E-02
 -0.24830544758795E-04 -0.37145825074260E-04  0.19279949014846E-03
  0.71898154564884E-05 -0.23316083493644E-04  0.13439382399295E-02
 -0.29877891664072E-04 -0.52308019208820E-04  0.22156832297462E-03
  0.24580060787373E-04 -0.28115651212077E-04  0.13395587565440E-02
 -0.33570135069199E-04 -0.65707856494778E-04  0.25721906795674E-03
  0.41265505857661E-04 -0.32137550399818E-04  0.13349819660282E-02
 -0.64403526073090E-04 -0.24330903682286E-04  0.13220455856789E-02
 -0.61559131995567E-04  0.61446922045328E-04  0.29411380122207E-03
 -0.67363806903941E-04 -0.35908418545865E-04  0.13171922614109E-02
 -0.49753045018024E-04  0.46890598461330E-04  0.34205368310778E-03
  0.48901512030573E-04 -0.14700138077833E-04  0.13257490836583E-02
  0.88391280365262E-05  0.20533955928775E-04  0.31625958036666E-03
  0.64288018532145E-04 -0.87049865337481E-05  0.13255146743367E-02
  0.42152623867751E-05  0.45089401091217E-04  0.13226601535456E-02
  0.76121358075549E-04 -0.12894440219129E-05  0.13241808741741E-02
  0.35833450309136E-04  0.31039522401805E-04  0.25080733101231E-03
 -0.84892036740875E-05  0.25326387372373E-05  0.33849232847929E-03
  0.81775151879646E-04  0.76225902975190E-05  0.13207238284236E-02
  0.79974412573321E-04  0.19221245778109E-04  0.13141979214171E-02
  0.83343261202495E-04  0.28269390160488E-04  0.30072013620815E-03
  0.70984922396519E-04  0.34572023807872E-04  0.13056684044377E-02
  0.94298173117445E-04  0.46785498069369E-04  0.36188100790805E-03
  0.55862320509191E-04  0.50685150173492E-04  0.12969361652173E-02
  0.73700644129072E-04  0.10043409381750E-03  0.39103293350959E-03
  0.56459344858451E-04  0.29533688850859E-04  0.25193729928774E-03
  0.31327944517270E-04 -0.20047018371471E-04  0.13258986819005E-02
 -0.27851290123676E-04 -0.22356843167912E-04  0.34681912354508E-03
  0.12687146854761E-04 -0.23985109409573E-04  0.13265114780540E-02
 -0.84492626160456E-04  0.32566154380815E-04  0.30760646817291E-03
 -0.73320661447662E-04 -0.37007103694110E-04  0.13102362836412E-02
 -0.72338411313760E-04  0.14231936643693E-04  0.24437345555547E-03
 -0.70385326187070E-04 -0.33846531622738E-04  0.13177989825811E-02
 -0.62265057176654E-04 -0.12385166614791E-04  0.21608949165718E-03
 -0.61725127362096E-04 -0.32067092263535E-04  0.13248392198471E-02
 -0.61768498630224E-04 -0.38523744711675E-04  0.22850117794989E-03
 -0.50554219863716E-04 -0.30891807530452E-04  0.13289351946644E-02
 -0.65499384294138E-04 -0.58630033387670E-04  0.26224666495729E-03
 -0.37218783267159E-04 -0.30272088937452E-04  0.13300791528383E-02
 -0.65777935642840E-04 -0.69078013699939E-04  0.29865192197727E-03
 -0.21981337322290E-04 -0.28940552692482E-04  0.13294963914733E-02
 -0.59015172461487E-04 -0.65233731577915E-04  0.32652595186814E-03
 -0.55588270590114E-05 -0.26982489869495E-04  0.13280524745248E-02
 -0.45679158649836E-04 -0.47731272492100E-04  0.34277262545312E-03
  0.37945070532360E-04  0.66571796558859E-04  0.12906121550904E-02
 -0.43435393168712E-04  0.12630157597554E-04  0.35435953276321E-03
 -0.65301126738097E-04 -0.44665857164014E-04  0.13105846899578E-02
 -0.68127711435717E-04  0.46050388832629E-04  0.32659738165054E-03
 -0.79346637743485E-05 -0.18442112054693E-04  0.34807958514542E-03
  0.62874599987135E-04 -0.20989446189348E-04  0.13235595731344E-02
  0.14656305992287E-04  0.58903288456866E-05  0.33483132253103E-03
  0.76030616638370E-04 -0.15218688049454E-04  0.13211520115068E-02
  0.37311981696651E-04  0.24116772088481E-04  0.31238313982403E-03
  0.83589364716609E-04 -0.71402605146176E-05  0.13171636117811E-02
  0.63318222975682E-04  0.33604506895182E-04  0.29762251261576E-03
  0.85017120618799E-04  0.37179460486693E-05  0.13100268806661E-02
  0.80331215566679E-04  0.18253693936205E-04  0.13002477866077E-02
  0.12576804212995E-03  0.39515813488112E-04  0.37778430975834E-03
  0.68708902995222E-04  0.35075303407672E-04  0.12899324235544E-02
  0.12110326271068E-03  0.76942919608437E-04  0.41679684327432E-03
  0.51040119879828E-04  0.51504176611156E-04  0.12812269419783E-02
 -0.17559326966762E-04  0.54237186730499E-05  0.34320893213665E-03
 -0.58678645420719E-04 -0.42871697118085E-04  0.13158882051888E-02
  0.46722448850860E-04 -0.25770400151867E-04  0.13255249467641E-02
 -0.74040505126697E-04  0.16810444910786E-04  0.35762432659022E-03
 -0.29000552665325E-04 -0.43461401171292E-04  0.34730790899439E-03
 -0.44774784975276E-04 -0.62713850914082E-04  0.33331239504839E-03
 -0.71506154565750E-04 -0.38014350858585E-04  0.13144808441129E-02
 -0.65954914093330E-04  0.41630566323064E-04  0.26232254035522E-03
 -0.71086086037397E-04 -0.33382001974293E-04  0.13209039333841E-02
 -0.52447536589965E-04  0.17546415815810E-04  0.20743251624193E-03
 -0.63638824399498E-04 -0.30512544667624E-04  0.13283485142795E-02
 -0.44974787077085E-04 -0.87187299478081E-05  0.19075464783318E-03
 -0.51403848916704E-04 -0.29005834805479E-04  0.13340177631986E-02
 -0.45741179331046E-04 -0.32805783955008E-04  0.20389042552070E-03
 -0.37563419881846E-04 -0.28766959459978E-04  0.13359632709100E-02
 -0.50308483518278E-04 -0.53083003858191E-04  0.23446057937589E-03
 -0.22318961155442E-04 -0.29374482744403E-04  0.13351211023534E-02
 -0.53956645504660E-04 -0.67729460226852E-04  0.27194076950725E-03
 -0.64200660058273E-05 -0.30255236533557E-04  0.13330247387284E-02
 -0.52735401562497E-04 -0.71589454318800E-04  0.30708280275568E-03
  0.10801796560914E-04 -0.30344385498175E-04  0.13301350721992E-02
  0.28826778385128E-04 -0.28695848719048E-04  0.13274796313407E-02
  0.15617922117465E-04  0.55094450538017E-04  0.34259460728978E-03
 -0.51540424514987E-04  0.46921171850836E-04  0.32039771413432E-03
  0.37185910192722E-04  0.19822966820712E-04  0.30187147039311E-03
 -0.19451640582770E-04 -0.70463159881080E-05  0.25383840645893E-03
 -0.13193346833375E-04  0.43474563198312E-04  0.13332980519329E-02
 -0.15466132197853E-04 -0.96143585647020E-05  0.22335873531284E-03
 -0.10506063980685E-04  0.26668130040244E-04  0.13376798023819E-02
 -0.10950244862888E-04 -0.98252183885956E-05  0.19506806998406E-03
 -0.68299739544751E-05  0.92026335213002E-05  0.13417016369724E-02
 -0.15976308069861E-04  0.59346054505136E-04  0.13282507295130E-02
 -0.65289373085766E-05 -0.82043187723707E-05  0.17211450893079E-03
 -0.15500906321354E-05 -0.53644458769178E-05  0.15594468870017E-03
 -0.31352049107830E-05 -0.20561251904864E-04  0.13452967490248E-02
  0.53549663459953E-05 -0.16014550960025E-05  0.15094742897139E-03
 -0.65562730512527E-05 -0.31280584137587E-04  0.13438011644051E-02
  0.13432827500438E-04  0.53281346203697E-06  0.16915150834682E-03
 -0.14560126523685E-04 -0.37077018348339E-04  0.13390627460344E-02
 -0.39100501739500E-05 -0.64629684719142E-05  0.13443444499602E-02
 -0.21215824289003E-04 -0.54047607906397E-06  0.28458212957593E-03
 -0.18269452563617E-04  0.73644487645626E-04  0.13230738073135E-02
 -0.17890063516065E-04  0.99482861697780E-05  0.31248885694346E-03
  0.13759264969854E-05  0.14584245008419E-04  0.13341506225057E-02
 -0.14054410506983E-04 -0.15318040595872E-04  0.22543110493308E-03
  0.21049031768624E-05 -0.30890072503758E-05  0.13376195665139E-02
 -0.85997007959483E-05 -0.13502076957497E-04  0.19314023263871E-03
  0.10083004653890E-05 -0.18947856706915E-04  0.13400682523906E-02
 -0.18020345728862E-05 -0.97933548420577E-05  0.16927145602529E-03
 -0.25380169984306E-05 -0.32538593265631E-04  0.13403547489983E-02
  0.58050582118411E-05 -0.56688007212786E-05  0.16412124850294E-03
 -0.10627403131344E-04 -0.42591599192707E-04  0.13376770655054E-02
  0.12778786080822E-04 -0.65009254310897E-05  0.19299051022184E-03
 -0.22901073060564E-04 -0.46861332212538E-04  0.13321696650990E-02
  0.15164559349797E-04 -0.12522263823117E-04  0.25855355526804E-03
 -0.36474613155590E-04 -0.44558638359053E-04  0.13257174609287E-02
  0.24094807848286E-05 -0.69877350594981E-06  0.32267594963762E-03
 -0.49370945287380E-04 -0.38057351794161E-04  0.13206525510668E-02
  0.18819146947970E-04 -0.32367785182299E-05  0.22206814931818E-03
 -0.17056021337644E-04 -0.14821634552023E-04  0.25904143715979E-03
 -0.26157849307141E-04 -0.36714585832417E-04  0.13320538243147E-02
 -0.38211864577128E-04 -0.31417137025655E-04  0.13253921184563E-02
 -0.14726774791606E-04 -0.26870900682402E-04  0.13376940151786E-02
  0.22184709161115E-04  0.80963384064603E-08  0.26245391201415E-03
 -0.25557340006436E-04 -0.23270469011332E-04  0.13300611439694E-02
  0.98772306224976E-05  0.14714101103497E-04  0.32582912379684E-03
 -0.36661201583267E-04 -0.16276894953420E-04  0.13240319223462E-02
 -0.62763055730480E-04  0.61867137879401E-04  0.32266773280966E-03
  0.19706036847655E-04  0.34358431998643E-05  0.19364779087647E-03
 -0.43409817576870E-04  0.82469390568808E-04  0.13060163030919E-02
 -0.45187829492484E-04  0.77349051352801E-04  0.13185865867385E-02
 -0.28816367956376E-04  0.16098820273547E-04  0.21759469190523E-03
 -0.43589434832195E-04  0.68776946285907E-04  0.13284242776997E-02
 -0.17287178216031E-04  0.75328604115390E-05  0.18586211868663E-03
 -0.38858473309953E-04  0.57398860464590E-04  0.13361934288691E-02
 -0.10021113402523E-04  0.34343670861203E-05  0.16518122216471E-03
 -0.45112536141066E-04  0.33170898447491E-04  0.26375830619899E-03
 -0.67194183707478E-05 -0.25283819148214E-04  0.13444102176412E-02
  0.12465949550930E-04  0.40540590077873E-05  0.15510214670162E-03
 -0.30506145712926E-05 -0.18801009152683E-04  0.13484755605381E-02
 -0.33597031004975E-04  0.18526157924676E-04  0.28381408245383E-03
 -0.32336414979128E-04  0.78098966235674E-04  0.13218823076635E-02
 -0.25909901225957E-04  0.63335623618423E-05  0.24742981529681E-03
 -0.29781012553913E-04  0.66355024457548E-04  0.13292748082769E-02
 -0.18244945314685E-04 -0.59032671267485E-06  0.21605822296833E-03
 -0.26431597048730E-04  0.52330346683912E-04  0.13355708891092E-02
 -0.11626558370329E-04 -0.39472078861941E-05  0.18985168686374E-03
 -0.21613669309082E-04  0.37134717908103E-04  0.13409211706795E-02
 -0.75954325022771E-05 -0.45104540088957E-05  0.16981420543145E-03
 -0.16033515624075E-04  0.21329066505527E-04  0.13449202097235E-02
 -0.45869075777172E-05 -0.34433316522875E-05  0.15610618555967E-03
 -0.93921389781101E-05  0.61514658721150E-05  0.13479026894201E-02
 -0.80638831291386E-06 -0.16068104160765E-05  0.14719159423737E-03
 -0.44261594082274E-05 -0.78327138786193E-05  0.13491061941826E-02
  0.46667521730952E-05  0.82903610759733E-06  0.14474013344311E-03
  0.14983142086747E-04 -0.23667089416142E-05  0.29431999683125E-03
 -0.52213212983255E-06  0.32374851061892E-04  0.13303609222659E-02
 -0.15841580510149E-04 -0.12166760582934E-04  0.29024320091929E-03
 -0.25628577873096E-05  0.49769089143294E-04  0.13267943748713E-02
  0.13510031772436E-04 -0.55985138600323E-04  0.13068900154162E-02
 -0.22748581562501E-04 -0.84521786824982E-04  0.33705860624617E-03
 -0.70190401180681E-05 -0.62026080217857E-04  0.12993388046398E-02
 -0.28812689397090E-04 -0.10010816765989E-03  0.36403224537393E-03
 -0.28130552261045E-04 -0.60331536091391E-04  0.12927374893875E-02
 -0.45170250163084E-04 -0.82896607429084E-04  0.38794642281160E-03
 -0.86250289927436E-05 -0.66521151216023E-04  0.33062607554272E-03
 -0.47029815458061E-04 -0.53742240459973E-04  0.12889069946805E-02
  0.33553029517952E-04 -0.20775304035618E-04  0.13229533341624E-02
 -0.63324591152492E-07 -0.39594767009914E-04  0.31223057160970E-03
  0.25426568567626E-04 -0.36381403823599E-04  0.13216389350622E-02
 -0.10158911758884E-04 -0.43690584389332E-04  0.28513824513366E-03
  0.12137083596109E-04 -0.49764348097704E-04  0.13186337231167E-02
 -0.12075178934082E-04 -0.49521022285014E-04  0.26935228450143E-03
  0.19821043116000E-04 -0.33558674697762E-04  0.33432531097066E-03
  0.30712731801292E-04 -0.44812860690256E-04  0.13133874627568E-02
  0.15706134483744E-04 -0.53305925186495E-04  0.33911658305302E-03
 -0.31534527168974E-04 -0.54657145336417E-04  0.12770703028513E-02
 -0.39256592872075E-04 -0.12080329985159E-03  0.41000605613325E-03
 -0.13151502415127E-04 -0.39080350162286E-04  0.12522281035676E-02
  0.81083725577411E-05 -0.13636282375291E-03  0.43028429552305E-03
  0.12916125783618E-04 -0.55065355964846E-04  0.12767412069756E-02
 -0.39778946312080E-04 -0.14816709342060E-03  0.44289315483219E-03
 -0.11414755631408E-04 -0.51713462875801E-04  0.12671176194222E-02
 -0.84946796939656E-04 -0.12010994645711E-03  0.43948935937135E-03
 -0.34582505019702E-04 -0.44671407392208E-04  0.12621635175285E-02
  0.35670935673711E-04 -0.74782530339921E-04  0.36759365900644E-03
  0.34049871852027E-04 -0.50492099707736E-04  0.13024225080539E-02
 -0.31569734806097E-05 -0.10010503743841E-03  0.38399579055267E-03
  0.13956785030799E-04 -0.58203539236973E-04  0.12926215472757E-02
 -0.33581863538409E-04 -0.12681441030605E-03  0.40891386692915E-03
 -0.87640189162839E-05 -0.59767132821796E-04  0.12836572682612E-02
 -0.56123380448426E-04 -0.12816367116997E-03  0.42612805284056E-03
 -0.53753315741112E-05 -0.58972864825069E-04  0.13134098167950E-02
 -0.10130309124446E-04 -0.61171028523911E-04  0.28804905772197E-03
 -0.24247380581013E-04 -0.61193021242943E-04  0.13072845860146E-02
 -0.14133422836944E-04 -0.64461146340950E-04  0.33342603356334E-03
 -0.12746676929176E-04 -0.20371681867598E-04  0.29097508362216E-03
  0.12833567898511E-04  0.24918125049417E-05  0.13305287103099E-02
 -0.14824095676116E-04 -0.22003849598616E-04  0.25642990255338E-03
  0.10273796557312E-04 -0.15105101711098E-04  0.13330451584807E-02
 -0.10101493074475E-04 -0.20109380914189E-04  0.21859080813366E-03
  0.53939070949683E-05 -0.30783379457691E-04  0.13345346595141E-02
 -0.25095715648136E-05 -0.16031987331838E-04  0.18954484146176E-03
 -0.29161078804970E-05 -0.43223411259146E-04  0.13336582627992E-02
  0.48688891658808E-05 -0.14337339067754E-04  0.18803804503396E-03
 -0.15433904862611E-04 -0.51543338475736E-04  0.13299399714087E-02
  0.96644246424571E-05 -0.19686595083947E-04  0.22903739893388E-03
 -0.30396923602533E-04 -0.53685171771119E-04  0.13240340317497E-02
  0.62640432808656E-05 -0.21708962524260E-04  0.29735593935428E-03
 -0.45375784845765E-04 -0.49385610468935E-04  0.13186125359705E-02
 -0.86899269807575E-05 -0.56260792871722E-05  0.31631721015899E-03
  0.12425539014471E-04  0.20397422920654E-04  0.13277758737020E-02
 -0.32439381457213E-04  0.44661961808477E-04  0.13426242253954E-02
 -0.30450671007968E-05 -0.16229056206387E-04  0.31842843182212E-03
 -0.11068523841534E-04 -0.29012667864731E-04  0.33362087818111E-03
 -0.42387181384257E-04 -0.56866432648542E-04  0.13025023778669E-02
  0.18402857878968E-04 -0.20754161786296E-04  0.33687238544820E-03
  0.25018902282242E-04  0.80473987819217E-05  0.13255263445094E-02
 -0.37770246789039E-06 -0.26721212275638E-04  0.31584352861553E-03
  0.23482985852416E-04 -0.95638943562156E-05  0.13268242145920E-02
 -0.10236882346480E-04 -0.29646022485607E-04  0.28508960415366E-03
  0.18562297732747E-04 -0.26329692460451E-04  0.13280023263910E-02
 -0.10480204740283E-04 -0.29341848368302E-04  0.24870229552300E-03
  0.93192813545550E-05 -0.40984806427527E-04  0.13275892051642E-02
 -0.55210034124419E-05 -0.27996810670599E-04  0.22097239585830E-03
 -0.40320437161117E-05 -0.52335062147355E-04  0.13249371372258E-02
  0.60569887086141E-07 -0.31630844554768E-04  0.22771833416561E-03
 -0.20165133230404E-04 -0.58067008619537E-04  0.13197650050253E-02
  0.21273534005797E-05 -0.40134129291790E-04  0.27756740143201E-03
 -0.36874446686268E-04 -0.57063593026036E-04  0.13141627433714E-02
 -0.52782090823913E-04 -0.51552757029127E-04  0.13104871927611E-02
  0.16592080179655E-04  0.36252414462041E-04  0.13272559940517E-02
 -0.56664779700650E-05  0.18443706301383E-05  0.15300449696249E-03
 -0.32762486096773E-05  0.20502728454547E-05  0.14590279439446E-03
 -0.26194717244741E-04  0.31199768267490E-04  0.13442110811382E-02
 -0.64896486604948E-05  0.20360199033245E-04  0.15467086607860E-03
 -0.11251499242749E-04  0.26966390864987E-04  0.13485024654067E-02
 -0.17627427692600E-05  0.16670008801809E-04  0.14747496137204E-03
  0.25165817291594E-05  0.22545435437246E-04  0.13513495737386E-02
  0.38602257153278E-05  0.13627512058282E-04  0.14380822794076E-03
 -0.11327444201249E-04  0.24613436844140E-04  0.16708289709752E-03
  0.14776175962498E-04  0.19076466959151E-04  0.13522971013062E-02
  0.22671177643216E-04  0.16780400745132E-04  0.13506366337691E-02
  0.21224580299748E-04  0.11984044813598E-04  0.16287586182642E-03
  0.24559714349853E-04  0.16046838826942E-04  0.13456770305946E-02
  0.32216643661816E-04  0.10635747221019E-04  0.20680568548220E-03
  0.20591976504657E-04  0.18316863493473E-04  0.13385251457434E-02
  0.38023599850239E-04  0.10921628553695E-04  0.27298343105556E-03
  0.11234889508501E-04  0.12336089962210E-04  0.14666445934305E-03
 -0.40546744253458E-04  0.35158492796597E-04  0.13384739602285E-02
 -0.16623774928663E-04  0.29396368831408E-04  0.18625827632255E-03
 -0.54067684373682E-04  0.39291623894989E-04  0.13317285845835E-02
  0.84621348278703E-05  0.48179159195456E-04  0.34434356797444E-03
 -0.14451423935665E-04  0.23814131047092E-04  0.13235345905545E-02
 -0.95050388485396E-04  0.47274279426352E-04  0.36099397805182E-03
 -0.37660245429964E-04  0.12257738878708E-04  0.12444248856334E-02
 -0.13891811855180E-03  0.85292418129358E-04  0.42406704560403E-03
 -0.55066793457316E-04  0.23219089201173E-04  0.12585203662990E-02
 -0.12836161098572E-03  0.97194908057567E-04  0.42524552163638E-03
 -0.66690671307279E-04  0.32301317401154E-04  0.12766845898062E-02
 -0.89106705269635E-04  0.85198272432635E-04  0.37315952053394E-03
 -0.71915637649624E-04  0.38670081191489E-04  0.12949278221229E-02
 -0.56502194736115E-04  0.65925311968041E-04  0.31109331136362E-03
 -0.70663225205793E-04  0.42283722171864E-04  0.13107525402401E-02
 -0.36279475370134E-04  0.49082362496076E-04  0.25821350743510E-03
 -0.64334289149623E-04  0.42261042553641E-04  0.13229111305593E-02
 -0.23949310031289E-04  0.37127665360198E-04  0.21634926655354E-03
  0.12271907596771E-04  0.23810155386432E-04  0.13310518744752E-02
 -0.34999759763161E-05  0.16479817882569E-04  0.13277515214002E-02
  0.25570773979228E-04  0.31532000959503E-04  0.32856578774147E-03
 -0.34897297152039E-04 -0.58362021590810E-04  0.34415953122325E-03
 -0.11135355117338E-04  0.29659298919200E-04  0.18926494875768E-03
 -0.12529619521084E-04  0.23484945762965E-04  0.13428144593631E-02
 -0.64462969391871E-05  0.23773523350436E-04  0.16794020351403E-03
  0.30267193786097E-05  0.22214439513506E-04  0.13466165139610E-02
 -0.10888017691024E-05  0.18654063550245E-04  0.15310079404679E-03
  0.17597041947953E-04  0.21655397428727E-04  0.13492436384812E-02
 -0.28569633596921E-04  0.25049702883022E-04  0.13379643158238E-02
  0.62186280548483E-05  0.15309310537135E-04  0.14606880242459E-03
  0.15786731444048E-04  0.13423991772654E-04  0.15056595582728E-03
  0.34510079132225E-04  0.22428904729939E-04  0.13471185564358E-02
  0.27133121774065E-04  0.12490428794637E-04  0.17684538474068E-03
  0.33634768896999E-04  0.24446806225652E-04  0.13414120736008E-02
  0.37661982752972E-04  0.11189708781563E-04  0.23462115657514E-03
  0.27325837021429E-04  0.28985671204530E-04  0.13342121864856E-02
  0.29012498850831E-04  0.21883757150782E-04  0.13494732245823E-02
 -0.16210303250885E-04  0.35158836789690E-04  0.21684798241247E-03
 -0.44206740687048E-04  0.26358237974135E-04  0.13322326434620E-02
 -0.22628132375603E-04  0.39714659213575E-04  0.24883730401534E-03
 -0.14951154331872E-04 -0.22065510570929E-04  0.12418805065144E-02
 -0.10101325981253E-03 -0.14791344308251E-04  0.36495910949098E-03
 -0.37648486644641E-04 -0.10333956793321E-04  0.12443173938420E-02
 -0.15692558486125E-03  0.22478524477188E-04  0.41682973443771E-03
 -0.55485811472932E-04  0.11488282231897E-05  0.12544709514509E-02
 -0.16143765323139E-03  0.42108546430966E-04  0.43127198621041E-03
 -0.68186496281236E-04  0.10874102359562E-04  0.12700258752252E-02
 -0.12189116336190E-03  0.47284721738510E-04  0.39874456072492E-03
 -0.74006126271840E-04  0.18018729498543E-04  0.12873426233464E-02
 -0.80356648293947E-04  0.48024254562884E-04  0.35768497419144E-03
 -0.73311127879619E-04  0.23568222779106E-04  0.13035839032115E-02
 -0.38386036705083E-04  0.66332731685083E-04  0.34244452360505E-03
 -0.68061428173282E-04  0.26727590897334E-04  0.13164327471787E-02
 -0.33291904162449E-04  0.43646390779722E-04  0.28360381385064E-03
 -0.58146611611870E-04  0.27117365044589E-04  0.13253622233879E-02
  0.65856653268174E-06  0.30926216134256E-04  0.13250887340077E-02
  0.31598234884721E-04  0.15269466145097E-04  0.30590267622004E-03
  0.67649916466396E-05  0.10325532466689E-04  0.13349429440967E-02
  0.33572679285506E-04  0.85519618603076E-05  0.23979347176645E-03
 -0.56795077432961E-04  0.55419729372316E-04  0.27472898510733E-03
 -0.56894996571027E-04  0.70761153750803E-04  0.13121757308008E-02
 -0.34527296538589E-04  0.31033571501825E-04  0.21349007374895E-03
 -0.55025021388258E-04  0.66023501893641E-04  0.13246636025672E-02
 -0.20441604687441E-04  0.18228202266134E-04  0.17557843880970E-03
 -0.49393792137716E-04  0.57819296803101E-04  0.13344093498132E-02
 -0.54208220404131E-04  0.71535265812182E-04  0.12969215028214E-02
 -0.12131610862555E-04  0.12537503497898E-04  0.15534318123130E-03
 -0.67249687097509E-05  0.97563339322978E-05  0.14543302960075E-03
 -0.31461856207972E-04  0.37342646108412E-04  0.13469418093399E-02
 -0.32924236758053E-05  0.84231700650885E-05  0.14104916944773E-03
 -0.20385872337046E-04  0.26665060530906E-04  0.13504014120752E-02
 -0.29903953449046E-06  0.73419659028912E-05  0.14048708490467E-03
 -0.90686710090347E-05  0.16218625864671E-04  0.13528252990249E-02
 -0.41326528064420E-04  0.48029713374795E-04  0.13416175768812E-02
 -0.83544029508357E-04  0.93920355702013E-04  0.35479489627203E-03
 -0.46293925074293E-04  0.67152420324498E-04  0.12793191643988E-02
 -0.97869621523999E-04  0.13442683613207E-03  0.42299123804154E-03
 -0.15331447096471E-04  0.17620226791808E-04  0.13500229546904E-02
 -0.16944477033532E-06  0.23547574577496E-05  0.14221929883607E-03
 -0.67065048631021E-05  0.47679293688835E-05  0.13517854349287E-02
  0.41530733851130E-05  0.35975291242463E-05  0.14188804086343E-03
 -0.68875020175803E-06 -0.55511725756817E-05  0.13517916552213E-02
  0.10971991583817E-04  0.59578542891289E-05  0.14786482112852E-03
  0.52929194352254E-06 -0.12597991638926E-04  0.13487722555722E-02
  0.18707143550185E-04  0.76202977915800E-05  0.17358860032001E-03
 -0.42097420089888E-05 -0.15502364906693E-04  0.13423985710854E-02
  0.25462362601559E-04  0.45748864947820E-05  0.23153259661319E-03
 -0.12223460501810E-04 -0.13606458479384E-04  0.13346770281223E-02
  0.22839108053088E-04  0.85054928201401E-05  0.30215213176450E-03
 -0.22633463203036E-04 -0.77619613334567E-05  0.13273017673994E-02
  0.81995523142773E-06  0.38878631033699E-04  0.34449492625057E-03
 -0.32979386246593E-04 -0.47062655056200E-06  0.13229969672528E-02
  0.35003513629529E-05  0.68858408824903E-05  0.14072217479980E-03
  0.81635596462030E-06  0.69085168462615E-05  0.13533610519447E-02
  0.91571189220281E-05  0.77878235608399E-05  0.14441926592878E-03
  0.62683491557789E-05  0.16147104235297E-06  0.13517580373682E-02
 -0.48361227715519E-04  0.46136933943992E-04  0.13377532009602E-02
 -0.11099191590229E-04  0.18596678388279E-04  0.15237201383933E-03
 -0.36875135833210E-04  0.38823214147869E-04  0.13437844768785E-02
 -0.61907597543548E-05  0.15648881463162E-04  0.14538590662122E-03
 -0.23951535347286E-04  0.31432569826165E-04  0.13486036582678E-02
 -0.23795852536398E-05  0.13225834599593E-04  0.14250008417123E-03
 -0.10565789170586E-04  0.24378967697923E-04  0.13518284851831E-02
  0.19150142486465E-05  0.11074612128927E-04  0.14142685367905E-03
  0.20490217619316E-05  0.16858512371536E-04  0.13534220749031E-02
  0.69547099467977E-05  0.10218935541847E-04  0.14327087272145E-03
  0.10899919602559E-04  0.11220528116339E-04  0.13529177888289E-02
  0.14874112735162E-04  0.10470466011450E-04  0.15211404353232E-03
  0.14961751147825E-04  0.78721182576166E-05  0.13495731829424E-02
  0.24468843870323E-04  0.10735449895207E-04  0.18084665810226E-03
  0.13342633509430E-04  0.70867167110190E-05  0.13427745291530E-02
 -0.17490320881238E-04  0.23368546087958E-04  0.16910477945598E-03
 -0.24204819944223E-04  0.31225929204449E-04  0.13470654108532E-02
 -0.57883268402430E-04  0.53112036752221E-04  0.13294609550754E-02
 -0.64382680786775E-04  0.57317419200339E-04  0.13182624940567E-02
  0.17203982563063E-04  0.94525119270263E-05  0.16031466110669E-03
  0.60530028329188E-05 -0.34997264327815E-05  0.13466441069669E-02
  0.25966348380767E-04  0.86106102238075E-05  0.20404791470143E-03
  0.10076649561333E-05 -0.32319028952218E-05  0.13389196341745E-02
  0.30663879289899E-04  0.72176812293370E-05  0.27238576876075E-03
 -0.79469279176964E-05  0.12489322294518E-05  0.13310044266757E-02
  0.18643381678866E-04  0.24928657519842E-04  0.33036342577465E-03
 -0.18760041711022E-04  0.81982918768116E-05  0.13249198484362E-02
 -0.11891286729139E-03  0.13344869148573E-03  0.43825963964688E-03
 -0.52026853620394E-04  0.46059842460471E-04  0.12678335474050E-02
 -0.10257327575358E-03  0.11654856387703E-03  0.40074085198535E-03
 -0.62462685828062E-04  0.53969176738501E-04  0.12867317753218E-02
 -0.69309213249287E-04  0.81493664396901E-04  0.32226422275834E-03
 -0.66437116319120E-04  0.57706763429884E-04  0.13039047497004E-02
 -0.43882078555373E-04  0.51508705800992E-04  0.25013640580850E-03
 -0.27649894247268E-04  0.33042287220435E-04  0.19933954298333E-03
 -0.56476151443531E-04 -0.17252486747844E-04  0.13218041499152E-02
  0.96619222162658E-04  0.35334182519844E-04  0.32131367732574E-03
 -0.51158107816468E-04  0.82263802617674E-04  0.29786820213508E-03
  0.43105361942634E-04  0.10475579796124E-04  0.13478224639971E-02
  0.37652236227179E-04  0.17897836730236E-05  0.16755048136377E-03
  0.30308628408653E-04  0.19572293302497E-04  0.13519998543690E-02
  0.41735240299674E-04 -0.13251748383083E-04  0.34721703155441E-03
  0.28452551933008E-04  0.72820371263685E-05  0.16023691360169E-03
  0.24381832811633E-04  0.26324821911352E-04  0.13244717225450E-02
  0.17244615944966E-04  0.27824417829954E-04  0.13543541053629E-02
  0.18999406666978E-04  0.13274634739861E-04  0.15553746778448E-03
  0.45902576750044E-05  0.34356308594057E-04  0.13544222686835E-02
  0.34108830001389E-04  0.11732915111649E-03  0.36257278292895E-03
  0.86329720302090E-05  0.21813769052910E-04  0.15355355330330E-03
  0.23546754062809E-04  0.76115338809688E-04  0.13006584655243E-02
 -0.73182344597863E-05  0.38026693808273E-04  0.13511236071895E-02
 -0.30393390279490E-05  0.34748306699687E-04  0.15761288768001E-03
  0.22447375862020E-04  0.13597340590643E-03  0.33221003668495E-03
 -0.17910485458765E-04  0.39360214268759E-04  0.13441272769297E-02
 -0.16247243115653E-04  0.55096442259375E-04  0.17770963715817E-03
  0.10006464066373E-04  0.86421533518045E-04  0.13009880870114E-02
 -0.25552969542034E-04  0.39184269000546E-04  0.13351008906813E-02
 -0.29678334570921E-04  0.83166756396224E-04  0.22681515525680E-03
  0.33472515901031E-04  0.11258992942414E-03  0.29135659235797E-03
 -0.27905319857107E-04  0.37015042680930E-04  0.13277701097334E-02
  0.13000712532582E-05  0.92537644633645E-04  0.13046668990466E-02
 -0.36635720338136E-04  0.10411845452448E-03  0.29523895935866E-03
 -0.23663986917028E-04  0.31567001438875E-04  0.13237344502983E-02
  0.21715152933867E-04  0.43815353552135E-04  0.13243150803064E-02
 -0.22503090859595E-04  0.90323533350824E-04  0.34111865750856E-03
  0.64494819765065E-04 -0.40679965388379E-05  0.34808736463469E-03
  0.54869967125840E-04  0.90518049834433E-06  0.13424008490176E-02
 -0.10615455076637E-04  0.39007951826982E-04  0.13229251357956E-02
 -0.17634749024038E-06  0.92142970131029E-04  0.13221145057585E-02
 -0.44585318767984E-05  0.74847533638058E-04  0.34721058564752E-03
  0.11327746705838E-04 -0.45936414013602E-04  0.12609259460288E-02
  0.21732041278818E-04 -0.14434790405377E-03  0.43277619216600E-03
  0.68285576098962E-04  0.41906396398420E-04  0.25603568566350E-03
  0.37268688168648E-05  0.90617123610893E-04  0.13247267984539E-02
  0.35040528315150E-04 -0.48811986208449E-04  0.12744895595366E-02
  0.79478981038983E-04 -0.13645954063572E-03  0.43346153920323E-03
  0.84425899728255E-04  0.30143528230176E-04  0.28959067409757E-03
  0.55207172204544E-04 -0.45927954624104E-04  0.12898065206521E-02
  0.10975829993984E-03 -0.10592302930197E-03  0.39460512876728E-03
  0.83592751369341E-05  0.84955938154821E-04  0.13252627567032E-02
  0.68926209306367E-04 -0.38897078058256E-04  0.13042764844767E-02
  0.10867847169167E-03 -0.71645693497882E-04  0.33259866760945E-03
  0.90363208490257E-04  0.18798626275279E-04  0.31924478738585E-03
  0.74357363520095E-04 -0.28956362336220E-04  0.13168213025047E-02
  0.92274081988832E-04 -0.44630782391083E-04  0.27344558397086E-03
  0.13709018707138E-04  0.74245756390246E-04  0.13250265332614E-02
  0.72766690709227E-04 -0.18793080332357E-04  0.13272356012836E-02
  0.74034851856564E-04 -0.25565324961786E-04  0.22887055164744E-03
  0.82364355355509E-04  0.71264605516150E-05  0.33899934103169E-03
  0.65605367468449E-04 -0.88205613126838E-05  0.13355422387669E-02
  0.58666073572122E-04 -0.12925657353848E-04  0.19863712241884E-03
  0.18185649462102E-04  0.60392381649632E-04  0.13245711004224E-02
  0.46947964937135E-04 -0.46663057442463E-05  0.17931457503074E-03
  0.52200782130068E-04  0.81129486426555E-04  0.27666584439425E-03
  0.99665696156926E-05 -0.31956419777454E-04  0.12476185823919E-02
 -0.15173701344233E-05  0.96092742231239E-04  0.13107759393639E-02
  0.13041488480194E-04 -0.97710959735820E-05  0.33740540161589E-03
  0.13348920251140E-04  0.54797161695909E-05  0.15395848971905E-03
  0.10694086463677E-04  0.38434961162421E-04  0.13254813966779E-02
  0.78342634540660E-05  0.19410666822593E-04  0.13565920939983E-02
  0.62419763687174E-05  0.13630336263566E-04  0.15269223742728E-03
 -0.55678116567102E-05  0.24413350965241E-04  0.13546555868138E-02
  0.49731458240806E-04  0.14934158627993E-03  0.38835250653684E-03
 -0.28849073329197E-05  0.25227983552865E-04  0.15467175465333E-03
  0.20353672759128E-04  0.80087956844668E-04  0.12890442643019E-02
 -0.17972326646339E-04  0.27005795398775E-04  0.13490762010626E-02
 -0.14120892676268E-04  0.42294063131672E-04  0.16665243595295E-03
  0.48095884213388E-04  0.14945526982603E-03  0.36476892623900E-03
 -0.28285060066174E-04  0.27451211905180E-04  0.13403799929596E-02
 -0.26883385176848E-04  0.67038827551997E-04  0.20108310992363E-03
  0.62871489981712E-05  0.89358573087230E-04  0.12915457235760E-02
 -0.34495491694788E-04  0.26446006450525E-04  0.13314453736733E-02
 -0.38604527312956E-04  0.93835864710426E-04  0.26375008299853E-03
  0.57430623237626E-04  0.11579280587606E-03  0.33916192276712E-03
 -0.34408529487792E-04  0.22628486896301E-04  0.13253399090983E-02
 -0.24243897815160E-05  0.95254775787417E-04  0.12973989448824E-02
 -0.35809104320522E-04  0.98265662534763E-04  0.32466024050068E-03
 -0.28387050688372E-04  0.15913155181918E-04  0.13229791829214E-02
 -0.10756379941902E-04  0.66023253867044E-04  0.34894505845637E-03
  0.61492067742731E-04  0.81499307491220E-04  0.33389426403096E-03
  0.81300059042483E-05 -0.13392208328024E-04  0.12396965784168E-02
  0.22018349418182E-04  0.12672788249560E-04  0.13556912702304E-02
  0.19202687517749E-04 -0.10729507997342E-05  0.15707603621945E-03
  0.36246869538623E-04  0.46064042428699E-05  0.13527719365511E-02
  0.85526158208601E-05  0.55849245820273E-04  0.13235492302971E-02
  0.29292372980508E-04 -0.10349446152901E-03  0.38057138555121E-03
  0.33624432637728E-04 -0.38941746983038E-04  0.12603388938239E-02
  0.90822476718882E-04 -0.13564687374175E-03  0.43164476614079E-03
  0.68261120028380E-04  0.57553793593380E-04  0.29172636027727E-03
 -0.14197707991876E-05  0.97258958901254E-04  0.13161118332505E-02
  0.54400025254666E-04 -0.41289306793748E-04  0.12774059359995E-02
  0.11968274330639E-03 -0.13199990794271E-03  0.43025739289886E-03
  0.75722878249006E-04  0.40229719526548E-04  0.31697378647037E-03
  0.69981435036554E-04 -0.39452153649287E-04  0.12944640371451E-02
  0.10740798570053E-03 -0.10093695304773E-03  0.36740220522046E-03
  0.13229764253951E-06  0.93826368913734E-04  0.13192502614815E-02
  0.77672241495162E-04 -0.33909406842522E-04  0.13097493239162E-02
  0.46091987703140E-04  0.57848897971643E-04  0.23135904811540E-03
  0.79780771158846E-04 -0.66209967988184E-04  0.28803689497841E-03
  0.77887450509122E-04 -0.27206213611180E-04  0.13228902340638E-02
  0.56645976150107E-04 -0.41615860006897E-04  0.22917131028367E-03
  0.25108166855313E-05  0.84676153355061E-04  0.13209405886010E-02
  0.72046341449908E-04 -0.19956946329331E-04  0.13335105394343E-02
  0.40967636620319E-04 -0.25202346311602E-04  0.19372017365925E-03
  0.55587989835275E-04  0.11695309738786E-04  0.34749606720180E-03
  0.33780140768766E-04  0.47163474711534E-04  0.13327379452618E-02
  0.31340417896513E-04 -0.14772370864650E-04  0.17338702356808E-03
  0.57880902420742E-05  0.71836563001967E-04  0.13220933045900E-02
  0.49453643736072E-04 -0.39511740655985E-05  0.13480500231097E-02
  0.24611882692572E-04 -0.76082880584750E-05  0.16265956191671E-03
  0.34027149804347E-04 -0.37468482714770E-06  0.34721160864148E-03
  0.71417190735273E-04  0.25261328924340E-04  0.33717028799260E-03
 -0.65513665981936E-05  0.98606475445849E-04  0.13052915037403E-02
 -0.28706789478306E-04  0.10579768734778E-03  0.32088863709482E-03
 -0.30151029883503E-04  0.97797433022730E-04  0.25726939095961E-03
  0.92745381402138E-05  0.69715063411497E-04  0.13160443290606E-02
  0.58286019820513E-04 -0.25515425741656E-04  0.13181074786538E-02
  0.94217814406353E-04 -0.39141076659295E-04  0.33737847967005E-03
 -0.88118152875646E-05  0.11436947447498E-03  0.29188232848867E-03
 -0.36638718145169E-06  0.77448592220017E-04  0.13176163960168E-02
  0.60743197153057E-04 -0.10990376800500E-04  0.13235563936175E-02
  0.10494346576041E-03 -0.24987690594017E-04  0.31391591670561E-03
  0.57991791037988E-04  0.39241618792209E-05  0.13280123454246E-02
  0.66412564206674E-06  0.89622897461533E-04  0.22961922969720E-03
  0.10379883881859E-03 -0.12880278395582E-04  0.28609224099921E-03
 -0.35409498224055E-05  0.81160650546061E-04  0.13222073544235E-02
  0.51454818375324E-04  0.18857677264241E-04  0.13321846504988E-02
  0.94018518641044E-04 -0.29631103974831E-05  0.25634770639764E-03
  0.42113255199625E-04  0.31851103466247E-04  0.13364563332393E-02
  0.19198282520314E-04  0.61500442935155E-04  0.19761017095338E-03
  0.79611599941814E-04  0.42573126414048E-05  0.22755102149371E-03
 -0.21378152683356E-05  0.83389214590739E-04  0.13281064383714E-02
  0.30584232879598E-04  0.43079675867180E-04  0.13406656478886E-02
  0.63514333048710E-04  0.10536753903054E-04  0.20236176369600E-03
  0.41132016696535E-04  0.42868021680355E-04  0.20128625519679E-03
  0.19277278363345E-04  0.52037607320848E-04  0.13441745805224E-02
  0.47377601040433E-04  0.17244240514485E-04  0.18237435126491E-03
  0.21666735334097E-05  0.83460580825902E-04  0.13317824195516E-02
  0.88288694664136E-05  0.58502816307079E-04  0.13459877371789E-02
  0.29918972761036E-04  0.25205897795965E-04  0.16832968202331E-03
  0.70507268522302E-04 -0.55089681202749E-04  0.35452119668718E-03
  0.63563058259021E-04  0.30883250048764E-04  0.22641866186369E-03
  0.49317130576182E-04 -0.38843356854420E-04  0.13112372859503E-02
  0.66080454149159E-05  0.80673676766941E-04  0.34601973793380E-03
  0.41938744682209E-04  0.33561297539593E-04  0.13295033089716E-02
  0.92210546035477E-04  0.76662887771457E-05  0.26167490440735E-03
  0.24058546780198E-04  0.58719723228411E-04  0.13357313097787E-02
  0.75856504945827E-04  0.15303359147943E-04  0.23022433552762E-03
  0.10401605932073E-03 -0.99727756431683E-05  0.31643506006609E-03
  0.13746213161982E-04  0.67335269468119E-04  0.13384651613031E-02
  0.47742909757631E-04  0.17440740059031E-04  0.13266955716180E-02
  0.56056018379921E-04  0.22951671446306E-04  0.20182084517645E-03
  0.51521348555364E-05  0.72116212371378E-04  0.13395828594615E-02
  0.35746919182743E-04  0.32636629819493E-04  0.18156511111553E-03
  0.93480319548832E-04 -0.20799728580982E-04  0.33497588150203E-03
  0.50291947020488E-04  0.81608436376711E-06  0.13239570235000E-02
 -0.13823030560914E-05  0.73622261555994E-04  0.13373956304576E-02
  0.15630914884552E-04  0.47412841095320E-04  0.17617135252097E-03
  0.72760510362319E-04 -0.31537033148990E-04  0.34527885681221E-03
 -0.64024671535026E-05  0.73192148604670E-04  0.13312102746573E-02
 -0.24802188121566E-05  0.70846513412826E-04  0.19737512509009E-03
  0.48972525348596E-04 -0.15466133409712E-04  0.13212645936119E-02
 -0.80479319916996E-05  0.71123780961769E-04  0.13245971835164E-02
 -0.16250558055256E-04  0.10028611516553E-03  0.25392661229914E-03
  0.44764988392455E-04 -0.42153531588995E-04  0.34641499859180E-03
 -0.37035699302711E-05  0.66525633405861E-04  0.13206095786831E-02
 -0.15952666343461E-04  0.11052754202860E-03  0.31796871728711E-03
  0.42269694144699E-04 -0.30676925301870E-04  0.13181635542191E-02
  0.71335787262697E-05  0.58273773272019E-04  0.13198587793786E-02
  0.28205566738335E-05  0.10354260086522E-03  0.33951204955022E-03
 -0.87662353441224E-07  0.62101694338400E-04  0.13447222906781E-02
  0.85812321852813E-05  0.80436869433406E-04  0.13319017441435E-02
  0.12811474136469E-04  0.36954853928841E-04  0.16353483330854E-03
  0.45037423729192E-04 -0.26003705136286E-04  0.34543370505012E-03
  0.37245884104275E-04 -0.39945165398013E-05  0.13235256548084E-02
  0.48738655859362E-04  0.15936870566868E-04  0.13399930623522E-02
  0.63510222824014E-04  0.10017767101967E-05  0.19863958309734E-03
  0.36881829506503E-04  0.26477903657373E-04  0.13450252262415E-02
  0.29276120998657E-04  0.86778420794930E-04  0.35195724585194E-03
  0.50505274701922E-04  0.68242446440870E-05  0.18092293718386E-03
  0.24278783241250E-04  0.68583207815022E-04  0.13107613309114E-02
  0.24642258760389E-04  0.35756579436170E-04  0.13488469319433E-02
  0.37738358356026E-04  0.12683879358148E-04  0.16849383436427E-03
  0.13064833947726E-04  0.43347954935690E-04  0.13510103415047E-02
  0.70626526948179E-05  0.12149210615115E-03  0.32953313507175E-03
  0.24413140650997E-04  0.19279277413530E-04  0.16010147555028E-03
  0.10532552960680E-04  0.79560870662398E-04  0.13098847870970E-02
  0.20497796188186E-05  0.48775146278393E-04  0.13503741881933E-02
  0.10436325291365E-04  0.28877169224866E-04  0.15661305475733E-03
  0.78570966054607E-05  0.11253957622324E-03  0.27571916267150E-03
 -0.80508515654573E-05  0.51134108549671E-04  0.13459280484150E-02
 -0.38033061094130E-05  0.44489824742373E-04  0.16410067962258E-03
  0.18021279294831E-05  0.86405473018593E-04  0.13121189696184E-02
 -0.16578849460788E-04  0.51238576256758E-04  0.13380350908275E-02
 -0.17905533005115E-04  0.68794389514080E-04  0.19508951092616E-03
  0.24613621648257E-04  0.82426939307847E-04  0.23411758894907E-03
 -0.20907998471162E-04  0.50049191281549E-04  0.13299391028494E-02
 -0.14094493098892E-05  0.90025789474571E-04  0.13171502068587E-02
  0.77479666224554E-04 -0.67377635626831E-05  0.22246455917945E-03
  0.58756526694541E-04  0.40577815907401E-05  0.13346172286363E-02
  0.38075749497922E-04  0.13811157398906E-04  0.13241131413819E-02
  0.91745455728298E-04 -0.17191353985731E-04  0.25303156144715E-03
 -0.78036041016553E-05  0.63068424329009E-04  0.13393172237249E-02
 -0.35850099763203E-05  0.56268581652028E-04  0.17654240746301E-03
  0.84158036655524E-04  0.21810180232791E-04  0.26029178729425E-03
 -0.13385129454335E-04  0.61975083807720E-04  0.13313907815842E-02
  0.16550824268203E-04  0.72733518070819E-04  0.13306021707792E-02
 -0.18389057169880E-04  0.84301318143357E-04  0.22042849791755E-03
 -0.13700631352598E-04  0.59446842930561E-04  0.13250930020076E-02
 -0.26379357426342E-04  0.10800174555342E-03  0.28915379720642E-03
  0.96911564318564E-04  0.12962625526426E-04  0.29373729311353E-03
  0.24330979369947E-04  0.61470014853899E-04  0.13288902100272E-02
 -0.70329322124207E-05  0.53705041907507E-04  0.13220828643628E-02
 -0.13975998212386E-04  0.97330222299224E-04  0.33844521410675E-03
 -0.18939754325359E-04  0.46275192745875E-04  0.13247465672756E-02
  0.99472701765585E-04  0.30340791187180E-05  0.32024650459111E-03
  0.58270064711817E-04 -0.10581951033029E-03  0.40176345074368E-03
  0.30572078326097E-04  0.47284790733649E-04  0.13272684184761E-02
  0.53881316460933E-04 -0.44174965928226E-04  0.13016032760429E-02
  0.92837540826243E-04 -0.75673878891761E-04  0.36621211785626E-03
  0.89998676851150E-04 -0.72308782323983E-05  0.33787954598988E-03
  0.65017891199022E-04 -0.33387944883708E-04  0.13126243548093E-02
  0.10590887449654E-03 -0.51057668706981E-04  0.32748256332572E-03
  0.35247370140288E-04  0.31154749369898E-04  0.13254464870588E-02
  0.68802617689694E-04 -0.21240049707169E-04  0.13215538215935E-02
  0.10325870138563E-03 -0.32094324080295E-04  0.28883554658406E-03
  0.70720845916770E-04 -0.16770761735775E-04  0.34642731005327E-03
  0.66262544297409E-04 -0.83429505066437E-05  0.13285260110532E-02
  0.35460446069963E-04 -0.52100481894540E-04  0.12889921722481E-02
  0.29725814766786E-04 -0.38651326925706E-04  0.32140669057080E-03
  0.61873803282175E-04 -0.12196777864822E-04  0.13417324499503E-02
 -0.24204153094560E-04  0.90519435240038E-04  0.12885459266713E-02
 -0.35573712312076E-05 -0.20754095553533E-04  0.16849187926084E-03
  0.16383673874814E-04 -0.76792360464790E-05  0.13536371431059E-02
 -0.32660688268968E-04  0.68437500719004E-04  0.35939339780315E-03
 -0.36275951806205E-05 -0.98062605622743E-05  0.16010227924797E-03
 -0.29286873104997E-04  0.91337142204546E-04  0.13016634906015E-02
  0.23087597512110E-06 -0.19720731259554E-05  0.13551688676929E-02
 -0.57849014140246E-05  0.14319000627556E-05  0.15587698247853E-03
 -0.15083778411015E-04  0.21705354227345E-05  0.13538016485757E-02
 -0.37594982071591E-04  0.39130963304996E-04  0.32260608780067E-03
 -0.11205834090524E-04  0.15412621040993E-04  0.15649290029662E-03
 -0.31554977871895E-04  0.87275572688709E-04  0.13128884821439E-02
 -0.29147861970694E-04  0.37665227552625E-05  0.13483326611311E-02
 -0.19938935241700E-04  0.34030647509326E-04  0.16768668950234E-03
  0.97553270758826E-04  0.10948577473766E-03  0.40359341954669E-03
 -0.41299239316981E-04  0.37311176241069E-05  0.13396737611987E-02
 -0.31770354952828E-04  0.58459516858916E-04  0.20206352309403E-03
  0.23774318696148E-04  0.42372770227515E-04  0.12515111276111E-02
 -0.48974780044728E-04  0.21103584640968E-05  0.13308593056825E-02
 -0.44263650999568E-04  0.83758719578099E-04  0.26507903312841E-03
  0.45565696568118E-04  0.15317263128882E-03  0.41280911934216E-03
 -0.50615094269279E-04 -0.22980838222979E-05  0.13245111129566E-02
  0.16875719888383E-05  0.56741284745301E-04  0.12531041017461E-02
 -0.43350645066967E-04  0.86838132655464E-04  0.32597634827792E-03
  0.32711086280859E-04 -0.14622375712387E-04  0.13499016242018E-02
 -0.45770262139130E-04 -0.90653446290366E-05  0.13220993778390E-02
 -0.12417249795636E-04  0.10858099306385E-03  0.39528181041163E-03
  0.47905385105395E-04 -0.21147565612565E-04  0.13444284290628E-02
  0.91816591122262E-04 -0.22069634060729E-04  0.35586514050630E-03
  0.53456379861220E-04 -0.14660332622874E-04  0.12572000243520E-02
  0.13555029869471E-03 -0.67148908067464E-04  0.42166583901073E-03
 -0.87297033779105E-05  0.25222018690546E-04  0.33545590949934E-03
 -0.19624749068271E-04  0.86522038032917E-04  0.13169769842640E-02
  0.70131449153193E-04 -0.22296138687758E-04  0.12744268542188E-02
  0.12311437424859E-03 -0.90953533957290E-04  0.42822167635027E-03
  0.87312414203619E-04  0.16240669763747E-03  0.43911726713666E-03
  0.80618374244989E-04 -0.27828720334221E-04  0.12925417289517E-02
  0.77815136299229E-04 -0.92034831221838E-04  0.38048430873024E-03
  0.18326503581007E-04  0.62948767903438E-04  0.12634521771005E-02
  0.84222509923299E-04 -0.31490783117027E-04  0.13088566881330E-02
  0.39147652287721E-04 -0.82575241138734E-04  0.32335617081032E-03
  0.54509159527067E-04  0.17966807275766E-03  0.44212566748185E-03
  0.82374772358306E-04 -0.32512451959292E-04  0.13210869375062E-02
  0.15442998318886E-04 -0.69537739880750E-04  0.27424443271264E-03
 -0.86040817318650E-06  0.75512170622557E-04  0.12675985851101E-02
  0.74243647463410E-04 -0.31079871037114E-04  0.13302057528451E-02
  0.23113158563916E-05 -0.56327431978064E-04  0.23455627347495E-03
  0.20772840869624E-04  0.15250137617441E-03  0.42603950581120E-03
  0.62255636769696E-04 -0.27079574490262E-04  0.13378464397559E-02
 -0.27196855419119E-05 -0.43652826098542E-04  0.20391869715293E-03
 -0.15542335848217E-04  0.84573995112932E-04  0.12764397445696E-02
 -0.38894812704393E-05 -0.31870146289692E-04  0.18266042123700E-03
 -0.19297474184025E-04  0.54343954085588E-04  0.34874683665158E-03
 -0.49260204229309E-05  0.16631791185337E-03  0.43460232366551E-03
  0.28082477460726E-04  0.19536602980005E-04  0.12447652186956E-02
  0.37616295156228E-04 -0.25301436288999E-04  0.13424278809260E-02
 -0.17875857043327E-04 -0.42213738269269E-04  0.20024686778425E-03
  0.20940506374239E-04 -0.19171827738041E-04  0.13475575767820E-02
  0.30488540463029E-04  0.22552601851289E-04  0.30637549283545E-03
 -0.14274692768715E-04 -0.28757727157754E-04  0.17901234181999E-03
  0.65068110359141E-05  0.96280190792672E-05  0.12379264038285E-02
  0.38386825660338E-05 -0.13373651329096E-04  0.13510172309526E-02
 -0.12239793887768E-04 -0.15246916568164E-04  0.16565456315350E-03
 -0.12813954212412E-04 -0.90332726852580E-05  0.13521540929569E-02
 -0.28405409989492E-04  0.65664170914140E-04  0.32694193902425E-03
 -0.13502137944346E-04 -0.72154197789224E-06  0.15874511641156E-03
 -0.16764654284592E-04  0.23474428617493E-04  0.12402793759126E-02
 -0.27979419929440E-04 -0.68273505345671E-05  0.13496662022504E-02
 -0.18339692969109E-04  0.16727682821519E-04  0.16083830799865E-03
 -0.88834034466938E-04  0.11162765855558E-03  0.39788798689545E-03
 -0.41819216586189E-04 -0.68417617133159E-05  0.13429715784877E-02
 -0.27854191757471E-04  0.38859162533575E-04  0.18070673422984E-03
 -0.36663706200774E-04  0.35804774883519E-04  0.12508573612602E-02
 -0.52702008718617E-04 -0.83116754490842E-05  0.13341359609069E-02
 -0.41815380512983E-04  0.64881291563923E-04  0.23019793743704E-03
 -0.30760419353209E-04  0.40884583785990E-05  0.30724446868193E-03
 -0.57825074900688E-04 -0.11469410627011E-04  0.13263195716655E-02
 -0.16273179775850E-04 -0.63717860079736E-06  0.12378312415320E-02
 -0.34298904281394E-04  0.58685942137581E-04  0.12618985579533E-02
 -0.76109103012510E-04  0.15169702730740E-03  0.43419865217341E-03
 -0.19348946018721E-04 -0.55605954737689E-04  0.22922496493453E-03
  0.52935295001084E-04 -0.30477497689632E-04  0.13370115471238E-02
 -0.17008203288262E-04  0.68579063332295E-04  0.12616177385211E-02
  0.95708946551595E-04  0.42957278818609E-04  0.36212569512897E-03
  0.50788188209869E-04  0.48936943478994E-05  0.12545024355700E-02
  0.14806490145643E-03 -0.40921594254195E-08  0.41433877492755E-03
 -0.49943228665502E-04  0.14345279537475E-03  0.42818136171756E-03
 -0.30207294224829E-04  0.77504431568192E-04  0.12750223800698E-02
  0.69243923006893E-04 -0.77393240089138E-05  0.12689501490426E-02
  0.14901407827190E-03 -0.30046230126230E-04  0.43216103873630E-03
 -0.69496009535504E-04  0.10156315797846E-03  0.38450754967489E-03
  0.81196487589706E-04 -0.17230392802583E-04  0.12854258178343E-02
  0.10162689925124E-03 -0.48487615715634E-04  0.40117054137772E-03
 -0.19097948633733E-04  0.94501988954780E-04  0.13100261161973E-02
 -0.38354363722586E-04  0.82636778240770E-04  0.12908071526044E-02
  0.51357763900046E-04 -0.63455454795754E-04  0.36353262670476E-03
  0.36090661925207E-04  0.88134910791432E-04  0.34684641832435E-03
  0.85598183499413E-04 -0.30151813390206E-04  0.13143638929852E-02
  0.16459509315173E-04 -0.72869781204287E-04  0.33090599824910E-03
  0.45285458603463E-05  0.34239374094736E-04  0.12425367421806E-02
  0.78362296357584E-04 -0.33213670272327E-04  0.13236446703113E-02
 -0.50796884808381E-05 -0.74023575615699E-04  0.29788381665018E-03
 -0.22062336458890E-04  0.13028214875672E-03  0.38802042870788E-03
  0.66846530298291E-04 -0.33529395528247E-04  0.13307947483583E-02
 -0.15939815952912E-04 -0.67302953172561E-04  0.26296185132061E-03
 -0.17201456345772E-04  0.47274715933951E-04  0.12487316031054E-02
  0.86457007247237E-04 -0.24655165127187E-04  0.13015628609988E-02
  0.31123406349779E-04 -0.38968862399794E-05  0.12439100154440E-02
  0.10292141033895E-03 -0.30705556478255E-06  0.29163129580035E-03
 -0.16843595789872E-04  0.14344829517681E-04  0.13524761409542E-02
 -0.30832935853319E-05  0.10813040591698E-04  0.13561851273202E-02
  0.43587262292871E-04 -0.65579728534166E-04  0.26580995240444E-03
  0.59105200474119E-04  0.15695195382465E-03  0.40699667163789E-03
  0.81714814284415E-04 -0.32237456551386E-04  0.13163532710538E-02
 -0.33080780554081E-05  0.14422120557914E-04  0.15377815406618E-03
 -0.19784529804714E-05  0.88852001603296E-04  0.12829222199200E-02
 -0.68874456887934E-05  0.80631986872097E-04  0.13197572092780E-02
  0.23451764984773E-04  0.17156084295200E-04  0.34575832331107E-03
 -0.11985950349028E-04  0.29500097070440E-04  0.15971105005639E-03
  0.79514933433510E-04 -0.34199329305308E-04  0.13014270782650E-02
  0.45356082375880E-04  0.11521836997704E-03  0.38193128742238E-03
 -0.29481501065152E-04  0.15461540727664E-04  0.13449268864296E-02
 -0.85532111926029E-05  0.92012843769090E-04  0.13161518664200E-02
 -0.23468451411299E-04  0.50498650686317E-04  0.18127736601565E-03
  0.72347673384256E-04 -0.91891130048302E-04  0.33491102590072E-03
  0.27200295946166E-05  0.34711431434663E-05  0.15387857046339E-03
  0.77656922669282E-04 -0.28496782045834E-04  0.13280174429937E-02
  0.11823567388904E-04  0.51476474562413E-05  0.13564516050414E-02
  0.56209000351789E-04 -0.16570886454825E-04  0.13444996289879E-02
  0.89577807485352E-04  0.14040971541353E-03  0.42775426963970E-03
  0.30948465071942E-04  0.66589206199234E-04  0.12767385727698E-02
  0.42180519916911E-04 -0.91109696311047E-05  0.13503736205705E-02
  0.87188708621803E-05 -0.13708117123922E-04  0.16173306508901E-03
  0.66120611412828E-05  0.46822481134263E-04  0.35286492013899E-03
 -0.45958241379336E-05  0.66018639690979E-04  0.13232610126404E-02
  0.16166974249162E-04 -0.32132799133456E-04  0.18881518432368E-03
  0.68737183750305E-04 -0.23280194378822E-04  0.13370752029476E-02
  0.27304016549497E-04 -0.14811299130635E-05  0.13543908593837E-02
  0.67801208169046E-04  0.17490311939118E-03  0.42603080886855E-03
  0.64822349591810E-05 -0.50349791670519E-05  0.15640117289506E-03
  0.50395648526719E-05  0.42212150949189E-05  0.33523187148973E-03
  0.25831638254899E-04 -0.45788129335513E-04  0.21844278645059E-03
  0.12575931353549E-04  0.79382802261396E-04  0.12777184183650E-02
  0.10946424295684E-03 -0.11769163249425E-03  0.40944303508887E-03
 -0.11447795135934E-04  0.94858335646315E-04  0.12915889847867E-02
  0.11362247435671E-04 -0.22204469518509E-04  0.17155655357210E-03
  0.70134804441268E-04 -0.33469931846979E-04  0.12839777603921E-02
  0.25912876894583E-04  0.76455612237308E-04  0.36568447961263E-03
  0.56545841511432E-04  0.54884481195384E-04  0.34173638073621E-03
  0.53957329815710E-04 -0.30103530162957E-04  0.12656094648190E-02
 -0.42992535631715E-04  0.95809254425577E-04  0.29849368535284E-03
 -0.40498512453215E-04  0.69240783061468E-05  0.13234272909541E-02
 -0.42807639166927E-04  0.12677624547221E-04  0.13277656724315E-02
  0.12590627924674E-03 -0.12158307338362E-03  0.43881752524956E-03
 -0.36051273090252E-04  0.77376772836804E-04  0.23114039736968E-03
  0.42513604590080E-04  0.33551786529155E-04  0.34800492796610E-03
 -0.83657976302173E-05  0.98335827141233E-04  0.13117128608582E-02
 -0.38850999963245E-04  0.15071517213862E-04  0.13356254631154E-02
  0.92296573373765E-04 -0.88574544585693E-04  0.39114372323334E-03
  0.33069911590975E-04 -0.23559181131474E-04  0.12493803980449E-02
 -0.29130301714453E-04  0.80302559640421E-04  0.34285437303249E-03
 -0.16578757318446E-04  0.97268955998062E-04  0.13015728484692E-02
 -0.16739720244835E-04 -0.41479579668413E-04  0.12589571649690E-02
 -0.59277331424986E-05 -0.31643171000633E-05  0.92590432154287E-03
 -0.69034911355658E-04 -0.71008856853236E-04  0.12075041819987E-02
 -0.14529374959751E-04 -0.13289641780737E-03  0.11107566115446E-02
 -0.18909838258200E-04  0.28853879459548E-04  0.12225687980200E-02
 -0.89386416309233E-04  0.44256815821705E-05  0.11783843871966E-02
  0.24273086500668E-05 -0.55798216605053E-04  0.12554303502428E-02
 -0.67848043757497E-04  0.17043283141452E-04  0.12500559473278E-02
 -0.56217287537173E-04 -0.71822235652779E-04  0.12292095106291E-02
 -0.11057363392341E-04  0.35186934457082E-04  0.12251477560072E-02
 -0.22019752347240E-04 -0.55550063758057E-04  0.11838750853872E-02
 -0.13333608701962E-04 -0.12417275844830E-03  0.11326010801809E-02
 -0.35892221521050E-04 -0.85834730634922E-04  0.12364239063994E-02
 -0.51767578281473E-04  0.39637363916850E-05  0.12562918813499E-02
 -0.15861840979927E-04 -0.99276771170281E-04  0.12377476294108E-02
 -0.72274129063307E-04 -0.41519587572067E-05  0.12503341652440E-02
 -0.33017023418706E-04  0.41275889114888E-05  0.12034149710830E-02
 -0.39603406966307E-04 -0.12572830074479E-03  0.10792013562479E-02
  0.59939166533325E-04  0.40848152013665E-04  0.10921615453927E-02
 -0.87052610033204E-04  0.67482182601696E-04  0.11198835534563E-02
 -0.35273213544527E-04 -0.90482116267179E-05  0.12595791918014E-02
  0.19605087787786E-04  0.35685295467015E-04  0.96682135900518E-03
 -0.54414419054822E-04 -0.17068638908076E-04  0.12557518876547E-02
 -0.23292339368705E-05 -0.13200230045693E-03  0.11787295531520E-02
  0.15863032797204E-04 -0.10641555435192E-03  0.10364865712917E-02
 -0.26471463884467E-04  0.18025545483456E-04  0.12139949081378E-02
 -0.35836308114139E-04 -0.29545282100215E-04  0.12587515625519E-02
 -0.23391725142977E-04 -0.13403615052780E-03  0.10908933265032E-02
  0.21482091992724E-04 -0.71231246518517E-04  0.12444801182446E-02
 -0.76318538745637E-04 -0.25948199545683E-04  0.11770447525484E-02
 -0.21381027030138E-04 -0.38942105641166E-04  0.11932217091642E-02
 -0.36249915237518E-04  0.62764643660988E-04  0.11685176860893E-02
  0.49383655653618E-04  0.38706533090236E-04  0.11265193084653E-02
 -0.52962170102427E-04 -0.87217490283315E-04  0.12178442602604E-02
 -0.72453238757572E-04  0.38349098482074E-04  0.11784720077962E-02
  0.37832228796262E-04  0.56142313362629E-05  0.11844448063436E-02
  0.26780148970731E-04  0.97383050586414E-05  0.93854621254542E-03
 -0.83653128336177E-04  0.21878051813015E-04  0.11779370647774E-02
 -0.28024963312545E-04 -0.87496952864581E-04  0.98794573723503E-03
 -0.96522922735417E-04  0.58394452867961E-04  0.10968757493735E-02
 -0.98754337859580E-04 -0.20887169750200E-04  0.11985872613334E-02
  0.25695896399031E-05 -0.11994128759612E-03  0.10876828532501E-02
  0.59124802962624E-04 -0.10313803551764E-04  0.11748965143224E-02
 -0.94564138714801E-04  0.40812089367376E-04  0.12195079002408E-02
 -0.10453535791467E-03  0.57742236709165E-04  0.11494795637898E-02
 -0.16393207584079E-04 -0.11656240750595E-03  0.12240378982350E-02
 -0.10100194050208E-04  0.64473110362471E-04  0.11530085610347E-02
 -0.11639132995889E-04  0.27647346949447E-04  0.94669456802182E-03
  0.57704420307044E-05 -0.11125726201363E-03  0.11196365639351E-02
 -0.10289006415076E-03  0.51319403963654E-04  0.11905595855027E-02
 -0.10335933130674E-03 -0.19521038314838E-05  0.11899793507501E-02
 -0.80954311007438E-05 -0.12231572951282E-03  0.10576791261236E-02
 -0.77304715438470E-04  0.53559053620964E-04  0.10372922579347E-02
  0.19660286894742E-04  0.54338552716069E-04  0.11360448929946E-02
 -0.21489613554420E-04 -0.73893880053153E-04  0.11748908401458E-02
 -0.19097284109641E-04 -0.93193056494800E-04  0.11644049562260E-02
 -0.15839753960116E-04 -0.11035754869825E-03  0.11510843916735E-02
  0.36337301819665E-04 -0.86536258702147E-04  0.12246924725865E-02
  0.17451097829372E-06  0.33714723166140E-04  0.12178365177194E-02
 -0.74595222338981E-04 -0.56816849213887E-04  0.12194340586469E-02
 -0.36145118058098E-05 -0.10102486132500E-03  0.10031000830203E-02
 -0.10236471556335E-03  0.16359096984849E-04  0.11828808738030E-02
  0.43301674086355E-04 -0.95294147654923E-04  0.12012084849525E-02
 -0.18777993745712E-04  0.51613503715512E-04  0.98705486488289E-03
 -0.58883473915025E-06 -0.12878322064089E-03  0.12127376807604E-02
 -0.47878883572988E-04  0.43205687867404E-04  0.98253894850010E-03
 -0.25954700444071E-04 -0.11552592101081E-03  0.10373244602052E-02
 -0.82472202283725E-04  0.29258632719677E-04  0.12385886642032E-02
  0.16762729424943E-04  0.22720880412403E-04  0.12018262782062E-02
  0.38436649388675E-04 -0.93872923576610E-04  0.11817769720382E-02
 -0.88682463715088E-04 -0.39637190345313E-04  0.12087686933229E-02
 -0.81379546503272E-04 -0.53170639055067E-04  0.11966970353896E-02
 -0.35233980474544E-04 -0.10261511552978E-03  0.12248117742144E-02
 -0.54235308546901E-04  0.62363727513370E-04  0.10285609584823E-02
 -0.60623652848929E-04 -0.83498839636392E-04  0.11966709951097E-02
 -0.70173984851666E-04  0.10106752359551E-04  0.11801558997079E-02
 -0.88238797094269E-04  0.94523253475434E-05  0.12410763644394E-02
 -0.11395618310362E-03  0.25348869199412E-04  0.12063063280929E-02
 -0.62476117535920E-04  0.63410070499305E-04  0.11541606253667E-02
 -0.48059494187485E-04  0.15359133717326E-04  0.11943384140737E-02
 -0.75944572376708E-04 -0.40705207146056E-04  0.12317612876134E-02
 -0.10566426511063E-03  0.76043050499108E-05  0.12221368422631E-02
 -0.18004716275222E-04 -0.14023495403932E-03  0.11766903822462E-02
 -0.12378138945013E-04  0.56268070559594E-04  0.11853328079440E-02
 -0.32455662941384E-04  0.72801736797778E-04  0.10894999173768E-02
 -0.37901990264875E-04  0.29706624078935E-04  0.12035394875450E-02
 -0.92192686651170E-04 -0.89930395618350E-05  0.12341690138962E-02
 -0.16830393734362E-04 -0.13088423542788E-03  0.12045717092660E-02
 -0.27854965600192E-04 -0.12828449964976E-03  0.11873423939853E-02
 -0.92577444770798E-04 -0.24960217999297E-04  0.12221148033674E-02
 -0.75188753004271E-04 -0.23262088198329E-04  0.12430918805797E-02
 -0.26248853763558E-04  0.40862292317349E-04  0.12097847168380E-02
 -0.63064064477340E-04  0.70779857043199E-04  0.11212787463270E-02
 -0.36498528774128E-04  0.70700032826857E-04  0.11341917415518E-02
 -0.39687449198779E-04 -0.11278793723683E-03  0.11897576830295E-02
 -0.56131561702641E-04 -0.36594686097988E-04  0.12496609779686E-02
 -0.32199926150790E-04  0.52335364730584E-04  0.11925648950700E-02
 -0.56955488583128E-04  0.52772020809188E-04  0.11765589516058E-02
 -0.16721217056816E-04 -0.14554815733417E-03  0.11619954330145E-02
 -0.12220145522028E-04  0.46414152605500E-04  0.12086788284169E-02
  0.24171998653097E-05  0.64820288600066E-04  0.10625436444441E-02
 -0.57230508471055E-04 -0.55112560260180E-04  0.12401651343843E-02
  0.31652214720905E-05 -0.94611910813243E-04  0.12408855779341E-02
  0.64460989272882E-04  0.19295824256492E-04  0.11521359821253E-02
 -0.15778175945111E-04 -0.80465343844759E-04  0.12477039758953E-02
 -0.94306369546609E-04  0.34478842710208E-04  0.11760967381869E-02
  0.18730102138848E-04 -0.10892745799227E-03  0.12240671861261E-02
 -0.69984698140571E-04 -0.65046963653814E-04  0.11874557193407E-02
 -0.81553529806317E-04  0.50295802326046E-04  0.11676747491009E-02
  0.38687316920261E-04  0.34429838888261E-04  0.11568840924023E-02
 -0.60988119721979E-04 -0.36526019534623E-04  0.11762001150306E-02
  0.25626346804594E-04 -0.11714253610715E-03  0.12024875724850E-02
 -0.48173451327146E-04 -0.10121406756152E-03  0.12055908645235E-02
 -0.36703724686647E-04 -0.67934275058080E-04  0.12461049832296E-02
 -0.75182803897212E-04 -0.45658935424548E-04  0.11806899425547E-02
  0.20191422067666E-04 -0.11541911248807E-03  0.11843512974466E-02
  0.38056091968984E-04  0.50592802411701E-04  0.10493557400553E-02
 -0.59151071031380E-04 -0.17932288234137E-04  0.11790133980364E-02
  0.12141687187419E-04  0.49432362495290E-04  0.11709181459980E-02
 -0.10594374003251E-03  0.56370334664430E-04  0.11570575369688E-02
 -0.25749208217459E-04 -0.13981093677975E-03  0.11499644430586E-02
 -0.32421693424248E-04 -0.11701133450763E-03  0.12095653875785E-02
 -0.55115858165426E-04 -0.87799972416919E-06  0.11851881419644E-02
 -0.11432157605847E-03  0.41975689292056E-04  0.11857473896886E-02
 -0.74789276589379E-04 -0.69092602786076E-05  0.11768706159224E-02
 -0.36238303596706E-04 -0.49231973113807E-04  0.12538188550975E-02
 -0.49361225641904E-04 -0.95090579475488E-04  0.11859547150778E-02
  0.13395457903167E-04 -0.12711227390205E-03  0.11909088255225E-02
  0.11436348904684E-04  0.53965834786260E-04  0.10113439831611E-02
 -0.83251442951014E-04  0.65812234756895E-04  0.10806331549978E-02
 -0.42045641369944E-04 -0.65109978018618E-04  0.11759536940622E-02
 -0.21785741938628E-04 -0.13421676581987E-03  0.11548817771212E-02
 -0.10286702881083E-03  0.61674399955668E-04  0.11314824239001E-02
  0.28306028952027E-04  0.55322832295614E-04  0.10945622696231E-02
  0.14170138384574E-04 -0.12423132057004E-03  0.12107953633919E-02
 -0.43240783576559E-04 -0.46030696186236E-04  0.11790197955720E-02
 -0.88132650188656E-04 -0.33604302531988E-04  0.11878900867934E-02
 -0.11179292588779E-03  0.52352554875065E-04  0.11732254824230E-02
 -0.27891233276186E-04 -0.12097691602630E-03  0.11665197425075E-02
 -0.25859020998253E-04  0.66642375262344E-04  0.10377949982599E-02
 -0.11005517566416E-03  0.39575602339046E-04  0.12045298375720E-02
 -0.42006286146374E-04 -0.28700105903443E-04  0.11849206249993E-02
 -0.34524106657282E-04 -0.10434469375065E-03  0.11719528117236E-02
  0.21195017284555E-05 -0.11289981014249E-03  0.12289355427878E-02
 -0.10143555769977E-03  0.24201652452931E-04  0.12263658743421E-02
 -0.59717217493871E-04  0.71541956580581E-04  0.10775622535049E-02
 -0.38302593036202E-04 -0.11775168127723E-04  0.11934609839266E-02
 -0.39448218183111E-04 -0.85271591360858E-04  0.11743600406200E-02
 -0.90807592471562E-04 -0.14335261829098E-04  0.11818341329535E-02
 -0.10514730312941E-03 -0.71622700320902E-05  0.12111892358445E-02
 -0.20333931152780E-04 -0.14199045350154E-03  0.11388828579849E-02
  0.24193311515589E-04 -0.10111759410607E-03  0.11778952101391E-02
 -0.86645005282247E-04  0.61009506997346E-04  0.11495831116703E-02
 -0.16336253487426E-04 -0.61545829942593E-04  0.12546823667547E-02
 -0.72879935866637E-05 -0.14051792879513E-03  0.11910702766135E-02
  0.52824469408816E-05  0.42509939680000E-04  0.11980815659615E-02
 -0.55847434576530E-04 -0.75544344090667E-04  0.11808118926433E-02
  0.33784920919903E-05 -0.75113855814523E-04  0.12495873774643E-02
 -0.11181666919280E-03  0.11054738477649E-04  0.11995079951796E-02
  0.27599027991680E-04  0.28898796750618E-04  0.11816878758333E-02
 -0.10266260502064E-03  0.46275837182723E-04  0.11711559421858E-02
  0.20844011565963E-04 -0.91061394814668E-04  0.12353004519690E-02
 -0.59743553719825E-04 -0.56023841539447E-04  0.11770997521565E-02
 -0.48225299530556E-04  0.41153913389720E-04  0.11917856483947E-02
 -0.93893330325781E-05 -0.14145736069912E-03  0.11752688152874E-02
 -0.52482507041752E-05  0.68190943364858E-04  0.11113035618452E-02
  0.32937905001084E-04 -0.10348874151484E-03  0.12139408481353E-02
  0.51768993218319E-04  0.12315678684472E-04  0.11694481033471E-02
 -0.28398590357389E-04 -0.14097619338680E-03  0.11240009707611E-02
 -0.11070489268078E-03  0.29398742844426E-04  0.11869610438885E-02
  0.33878673535168E-04 -0.10692205617696E-03  0.11921752689131E-02
  0.47793590529083E-04  0.38377125403771E-04  0.10065714515465E-02
  0.72756586406828E-04 -0.11871278778753E-05  0.11679335321613E-02
 -0.61380774161222E-04  0.26445160168994E-04  0.11862243297050E-02
  0.43013720331825E-05 -0.13584567351326E-03  0.11950057072138E-02
  0.58043157336794E-04 -0.50556244218291E-04  0.11762741033651E-02
 -0.19614512357892E-04 -0.23207396776187E-04  0.12034947589767E-02
  0.10384357423563E-03  0.28272111486919E-04  0.11959740017335E-02
 -0.46789113372348E-05 -0.31362764583996E-04  0.12503324364909E-02
  0.95063754235516E-04  0.39879148084211E-04  0.12073092913131E-02
  0.82721813874377E-04  0.49519321227400E-04  0.12062431464529E-02
  0.11955406344083E-04 -0.34245928446698E-04  0.12461085427325E-02
  0.68755336405874E-04  0.53432806449709E-04  0.11980676791882E-02
  0.30039507242611E-04 -0.36477825316590E-04  0.12399292972385E-02
 -0.18935992832242E-04 -0.30701872990575E-04  0.12507592254865E-02
  0.53569938921065E-04  0.52369127969014E-04  0.11888322127802E-02
  0.47666817476740E-04 -0.39372577405749E-04  0.12308806526161E-02
  0.20042775054214E-04  0.43283993965111E-04  0.11792337627024E-02
  0.65203880145719E-04 -0.41318584539041E-04  0.12180001272802E-02
  0.19180648874721E-05  0.34953188570382E-04  0.11800696951903E-02
 -0.17110283208942E-04  0.24693170719623E-04  0.11840732945906E-02
  0.80717080684447E-04 -0.44751145837871E-04  0.11995955323251E-02
 -0.37100081578344E-04  0.10994190766429E-04  0.11888117902106E-02
  0.37175491079309E-04  0.49002476819041E-04  0.11821583664616E-02
  0.93486186694205E-04 -0.48538592857281E-04  0.11719225457047E-02
  0.10530922861347E-03  0.19095481864883E-04  0.11742106010974E-02
 -0.29912936327206E-04 -0.33194680179179E-04  0.12450886792842E-02
  0.17231024709859E-04  0.23607686498932E-04  0.11843102547134E-02
  0.89167322185056E-04 -0.20238750609567E-04  0.10053688281514E-02
 -0.28257874277933E-05  0.13020707163865E-04  0.11913072800250E-02
 -0.23937847446465E-04  0.93560168074582E-06  0.11993996299700E-02
  0.61902947384704E-04 -0.70574323606820E-05  0.96052762714615E-03
 -0.44980341594881E-04 -0.13105621268010E-04  0.12061160414265E-02
  0.79109436150804E-05 -0.88518679412726E-04  0.11768573615394E-02
  0.95962361500484E-04  0.18298920535657E-04  0.11493621350466E-02
 -0.63266960282310E-04 -0.31052291899013E-04  0.12065224402245E-02
 -0.11264599269844E-04 -0.72725087941954E-04  0.11892055095669E-02
 -0.70198855031317E-04 -0.76983404826613E-04  0.11779162876899E-02
 -0.26740620952353E-04 -0.55010185678889E-04  0.12100827846631E-02
 -0.57909634129029E-04 -0.10246487963469E-03  0.11591743319383E-02
 -0.41151291711035E-04 -0.12431625790189E-03  0.11481214220765E-02
 -0.33160977150588E-04 -0.40648978693624E-04  0.12308560760072E-02
  0.76119478599821E-04  0.25874787303025E-04  0.11308141359668E-02
 -0.72473311903674E-04 -0.52387346471308E-04  0.11962636642637E-02
  0.10665101169352E-03 -0.28216962373785E-04  0.10598670489910E-02
 -0.57221405624626E-04 -0.68875454485561E-05  0.11902893313193E-02
  0.10123751982189E-03 -0.51829106131557E-04  0.11315639821074E-02
  0.19999038241907E-04  0.56353457084799E-04  0.11867362326198E-02
 -0.23903899643142E-04 -0.27515012297407E-04  0.12399958749870E-02
  0.35636789705079E-05  0.52183178676142E-04  0.11808120324433E-02
 -0.14090932032187E-04  0.45314509393894E-04  0.11782959685368E-02
 -0.17802934054935E-04 -0.23709793863190E-04  0.12503518559956E-02
 -0.32611506703476E-04  0.34440155657818E-04  0.11779880693943E-02
 -0.70563527150538E-05 -0.24093515829605E-04  0.12526957597570E-02
 -0.21808636671820E-04 -0.37955375261308E-04  0.12212264444126E-02
 -0.52083428547169E-04  0.18986247712160E-04  0.11767037464304E-02
  0.52291885922586E-05 -0.28326536352958E-04  0.12511744041221E-02
 -0.84202993246169E-04 -0.27999664632690E-04  0.11535041287662E-02
  0.19766234308666E-04 -0.33757382338110E-04  0.12474661687324E-02
 -0.87262507847978E-04 -0.57697170917518E-04  0.11285316385678E-02
 -0.76710524120152E-04 -0.85341733242200E-04  0.11019469712665E-02
  0.34792525208354E-04 -0.39877704395791E-04  0.12414458322832E-02
 -0.58682135057303E-04 -0.10833386086603E-03  0.10828435373894E-02
 -0.70595896818302E-04 -0.17917961198542E-05  0.11700387271765E-02
 -0.74405434871365E-04 -0.29434582607327E-04  0.11836914690989E-02
  0.35583440384308E-04  0.57525191637512E-04  0.11961949925618E-02
 -0.10745873373347E-04 -0.54686409024466E-04  0.11986069605493E-02
 -0.81349361776818E-04 -0.55784773526448E-04  0.11675393881429E-02
  0.99404204654331E-04 -0.52191269948988E-04  0.10797316709698E-02
 -0.75537011984707E-04 -0.83825080087473E-04  0.11458557206411E-02
 -0.60577011666135E-04 -0.10904745135893E-03  0.11266518876720E-02
  0.86454205065500E-04 -0.47065256817390E-04  0.10214042987472E-02
 -0.43371517343200E-04 -0.12904339236039E-03  0.11183246819633E-02
  0.63225266707702E-04 -0.36181255644481E-04  0.96801667215435E-03
  0.50342692121390E-04  0.55123350639202E-04  0.12078220902543E-02
  0.85389245567107E-04  0.88719255802302E-05  0.11603086622637E-02
  0.31297273480695E-04 -0.21262175270591E-04  0.93278016180995E-03
  0.98619420478550E-04  0.10643174280973E-04  0.12022038622582E-02
  0.25041100377005E-04 -0.84317514275607E-04  0.11740578774181E-02
  0.90306327421775E-04  0.23244473071447E-04  0.12192815098122E-02
  0.77306449548587E-04  0.37295803550884E-04  0.12246054044399E-02
  0.68323954002908E-05 -0.71108002581369E-04  0.11805126620456E-02
  0.63963623925193E-04  0.48860586584404E-04  0.12189211763556E-02
  0.97441889838571E-04  0.52675080319885E-05  0.11796875759457E-02
  0.49276894728706E-04 -0.46844091514945E-04  0.12314805792268E-02
  0.36366280393335E-04  0.32035259758130E-04  0.11798673040150E-02
  0.11183229199575E-03 -0.29872691287184E-04  0.11116375810926E-02
 -0.57306818976083E-06 -0.17956670095654E-04  0.12188203696607E-02
  0.73141622777112E-04 -0.94580302625540E-05  0.11943411798763E-02
 -0.22826549061883E-04 -0.26189188112655E-04  0.12282008485825E-02
 -0.41386417237648E-04 -0.34668884857864E-04  0.12331365337863E-02
  0.89391611332867E-04 -0.57203057149953E-05  0.11822994613488E-02
 -0.53513410548903E-04 -0.45063430863719E-04  0.12300908761200E-02
  0.10344088455446E-03 -0.47429343520543E-05  0.11659254484142E-02
  0.54463215395164E-04 -0.15001120726668E-04  0.12054908151520E-02
 -0.55811651939872E-04 -0.60056388841554E-04  0.12172640989793E-02
  0.11404992869809E-03 -0.58100802832898E-05  0.11400615046650E-02
 -0.32517791022380E-04 -0.10051997096415E-03  0.11803345116700E-02
  0.11691014185033E-03 -0.68454286103811E-05  0.11018576236878E-02
 -0.15610614054249E-04 -0.11872963649215E-03  0.11726762431144E-02
  0.70308537666771E-04  0.36662463995468E-04  0.10564745262963E-02
  0.10764626868417E-03 -0.44932821200034E-05  0.10541902682888E-02
  0.95728775343693E-04  0.26100870141620E-04  0.10825649243038E-02
 -0.47757567670451E-04 -0.79631066786086E-04  0.11980609762919E-02
  0.86345367800097E-04  0.47351497391364E-05  0.10069726049497E-02
  0.22361078108997E-04 -0.98404363907801E-05  0.12076649720931E-02
  0.33333714976106E-04 -0.20684773637051E-04  0.12167312872168E-02
 -0.12079424444826E-04 -0.10443646463214E-03  0.11781069303534E-02
 -0.44019347675461E-04 -0.66822232387786E-04  0.12103426238258E-02
  0.34035743936539E-05 -0.11925926506097E-03  0.11778964279409E-02
  0.79597123329092E-04  0.24283756809357E-04  0.10257940724007E-02
 -0.49254067483302E-04 -0.50852783202715E-04  0.12287378704664E-02
  0.10343711834189E-03  0.14412726713740E-04  0.10632436028392E-02
 -0.43640372111612E-04 -0.40962040220944E-04  0.12395427258982E-02
  0.44002901230674E-04 -0.17858373478815E-05  0.11971099909276E-02
  0.11655349117222E-03  0.12164925363842E-04  0.11049200981094E-02
 -0.29389619804711E-04 -0.35304957753325E-04  0.12407592464558E-02
  0.10931396978720E-03  0.16697941187813E-04  0.11615456328062E-02
 -0.10649435136372E-04 -0.30487132962722E-04  0.12359906864938E-02
  0.95696087593751E-04  0.16416284044224E-04  0.11732515718319E-02
  0.80457346297271E-04  0.12294953695464E-04  0.11806292057369E-02
  0.10911177050030E-04 -0.25915928892047E-04  0.12273839746927E-02
  0.63328873119988E-04  0.61121561868970E-05  0.11879385685205E-02
  0.11773073212773E-03  0.14826035008649E-04  0.11393357737428E-02
  0.53690616499487E-04  0.39092053737918E-04  0.11794061814883E-02
  0.11152114463264E-03  0.22943833645150E-04  0.11176363506642E-02
  0.55992756578776E-04  0.18746127784582E-04  0.97414111132653E-03
 -0.52968267210360E-04 -0.91425526294534E-04  0.11814515556183E-02
  0.21649898826523E-04 -0.32165629643436E-04  0.12346480562299E-02
 -0.37071615439829E-04 -0.11372435897281E-03  0.11672038255713E-02
 -0.20850108193186E-04 -0.13116764167333E-03  0.11652394439703E-02
  0.41833692204747E-04 -0.30441642556205E-04  0.12249928961977E-02
  0.86342266848908E-04  0.29586542123620E-04  0.11066204052305E-02
  0.61698091176168E-04 -0.28314977486136E-04  0.12133421311913E-02
  0.12889994059591E-05 -0.33155612806474E-04  0.12423923922032E-02
  0.10414589132029E-03  0.24344993210772E-04  0.11339840966440E-02
  0.79289780215422E-04 -0.26626792645936E-04  0.11995703439042E-02
  0.10910048572595E-03  0.37677538962290E-04  0.11828358390214E-02
  0.93964126533697E-04 -0.27072639405754E-04  0.11807320741758E-02
  0.99133270063841E-04  0.44360029854487E-04  0.11901273287553E-02
  0.85423653854186E-04  0.46869347476309E-04  0.11878613150931E-02
  0.10627644719791E-03 -0.28424473519704E-04  0.11525655372005E-02
  0.70044241172412E-04  0.44523573666549E-04  0.11829255321535E-02
  0.11136431801389E-03  0.28633576907820E-04  0.11627826830459E-02
  0.11676375761712E-03  0.27752508307792E-04  0.11490843085144E-02
 -0.62966493905114E-04 -0.68471649564687E-04  0.12011374469554E-02
 -0.16906558768750E-04 -0.33800594506721E-04  0.12464706662740E-02
  0.11156989814860E-03  0.32935221692724E-04  0.11688349932435E-02
  0.73294532014069E-05 -0.10459781590287E-03  0.11769651812366E-02
  0.99560972360560E-04  0.34968780436300E-04  0.11763328358273E-02
  0.84478418029095E-04  0.32502579074195E-04  0.11778967620991E-02
 -0.10805300401930E-04 -0.89342895341644E-04  0.11828369730132E-02
  0.68193145273161E-04  0.27300276120673E-04  0.11791537750307E-02
 -0.28823349074785E-04 -0.71016564199971E-04  0.11999420855894E-02
 -0.63027271115759E-04 -0.48975218683004E-04  0.12167101948495E-02
  0.50857712780585E-04  0.19664722580092E-04  0.11826573680327E-02
 -0.40108961157667E-04 -0.53631388114902E-04  0.12210333333410E-02
  0.10220230231558E-04  0.16827053224711E-05  0.11993927775109E-02
 -0.41022856190405E-04 -0.41978853616115E-04  0.12377908853633E-02
 -0.12422587084468E-04 -0.88703433951286E-05  0.12096703336407E-02
 -0.34160798126908E-04 -0.20009214155617E-04  0.12181839705465E-02
 -0.31846671039265E-04 -0.36362468163369E-04  0.12458939625172E-02
 -0.52385385542230E-04 -0.32969976269247E-04  0.12221134573561E-02
  0.31519393551984E-04  0.10981200556647E-04  0.11897616552497E-02
 -0.17652955072659E-04 -0.21372511105417E-04  0.12605817817957E-02
  0.87263801466651E-04 -0.89027763958060E-05  0.11795310801599E-02
  0.63337940286914E-04 -0.53617785494672E-04  0.12157887589408E-02
 -0.29170261841212E-04  0.35409503803668E-04  0.12427387980555E-02
  0.26056496290880E-04 -0.25095297106188E-04  0.11901952848323E-02
 -0.42389883194498E-04  0.46759955101407E-04  0.12328127076286E-02
 -0.55665553684810E-04  0.54405560699439E-04  0.12203348258400E-02
  0.96205323842715E-05 -0.70713584607927E-05  0.12105516280330E-02
 -0.69265244576065E-04  0.57371972535506E-04  0.12037544878387E-02
 -0.13689368029542E-05  0.63326825777901E-05  0.12298188682450E-02
  0.44230673067809E-04 -0.40265666641446E-04  0.11770197165007E-02
 -0.81956055846747E-04  0.55443275052420E-04  0.11783955300009E-02
 -0.55204641778444E-05  0.11673521880340E-04  0.12415265570900E-02
 -0.93332498929136E-04  0.37418319853058E-04  0.10895813196592E-02
 -0.56914369558021E-05  0.92600178522109E-05  0.12441881657434E-02
 -0.84852066239405E-04  0.21433593226465E-04  0.10309389932158E-02
 -0.65479049618535E-04  0.20935459287190E-05  0.97640580213181E-03
 -0.39230031878206E-05  0.21345175430615E-05  0.12404196865015E-02
 -0.36686944729359E-04 -0.18390484035512E-04  0.93949502006046E-03
 -0.91485633638367E-04  0.49034512853793E-04  0.11404031785298E-02
 -0.16457160161907E-05 -0.82043072786022E-05  0.12332184374536E-02
 -0.14759549645311E-04  0.23079835190011E-04  0.12507360058507E-02
  0.27655501902499E-04 -0.10439345808826E-03  0.10787257187730E-02
 -0.90908648776702E-04  0.12150662297789E-04  0.10707695983290E-02
  0.17179402204281E-04 -0.32770904380971E-04  0.12325440460834E-02
 -0.81141299132190E-04 -0.10074321772600E-04  0.10190839543059E-02
 -0.60265420956285E-04 -0.32803177753247E-04  0.97592678010530E-03
  0.22832593365612E-04 -0.45542120941572E-04  0.12215081823106E-02
 -0.31947257470196E-04 -0.53835895969097E-04  0.95324831172023E-03
  0.26982748420788E-04 -0.59337519984910E-04  0.12068286826167E-02
  0.51219620363865E-06  0.91187598341236E-05  0.12560851549773E-02
 -0.29820277609485E-04 -0.86279767675806E-04  0.11907332649771E-02
  0.30221984120437E-04 -0.72587516818215E-04  0.11859269461994E-02
  0.63391833502707E-04 -0.52688880020293E-04  0.12109808175188E-02
  0.32127868815177E-04 -0.85387018103347E-04  0.11568043469293E-02
  0.52988906146686E-04 -0.39552075754336E-04  0.12333529615063E-02
  0.36452957234974E-04 -0.23186666856544E-04  0.12497999036026E-02
  0.32051393348609E-04 -0.96711083953828E-04  0.11206224653211E-02
  0.18119518175902E-04 -0.63927869593142E-05  0.12566319115504E-02
  0.65198638733767E-04 -0.55685343791426E-04  0.11893769385523E-02
  0.10054807730244E-04 -0.21780227375217E-04  0.12404332220619E-02
 -0.24142289281589E-05 -0.37277870058687E-04  0.92991903460678E-03
 -0.23781361463610E-06 -0.20797672249836E-04  0.12241004794176E-02
 -0.97723758251186E-04  0.52868272661256E-04  0.11189877990558E-02
  0.70397374935639E-05  0.15175227421907E-04  0.12175650574349E-02
 -0.90053768214971E-04  0.44710874716047E-04  0.10599779965200E-02
 -0.70740301265428E-04  0.31929690656885E-04  0.99888745533905E-03
 -0.34303879350626E-05  0.23309346880653E-04  0.12319486097910E-02
 -0.41728395531314E-04  0.15274049277381E-04  0.95007290188699E-03
 -0.84943429987573E-05  0.22900536015659E-04  0.12363906724384E-02
  0.23456807639753E-04 -0.76650700657411E-06  0.11978090468738E-02
  0.40505114555159E-04 -0.77538118104819E-04  0.11751628663290E-02
 -0.11596803613177E-04  0.15809286215982E-04  0.12324463667253E-02
  0.48808064307958E-04 -0.80227627294652E-04  0.12113019658633E-02
 -0.14294530607765E-04  0.54175024996143E-05  0.12239801787655E-02
  0.37788603835627E-04 -0.66745950777028E-04  0.12345511273324E-02
  0.20435434239152E-04 -0.50598619069748E-04  0.12513435265763E-02
 -0.16923161766933E-04 -0.78812673782079E-05  0.12135970408426E-02
  0.13229582107650E-05 -0.34908470876758E-04  0.12587924753086E-02
  0.49767680564537E-04 -0.83570426991188E-04  0.11888109580559E-02
  0.54123788360314E-04 -0.67920327597185E-04  0.11802512694600E-02
 -0.95482030558439E-04  0.55704000830550E-04  0.11670019550239E-02
  0.43346054038542E-04 -0.18328998014170E-04  0.11819449665091E-02
  0.57728743411201E-04 -0.69958698985183E-04  0.11987157853198E-02
  0.13747051404586E-05 -0.34702554625366E-04  0.12137780986457E-02
  0.51610081815341E-04 -0.61204443979129E-04  0.12222833135954E-02
  0.37458149253530E-04 -0.45289240278207E-04  0.12432831227000E-02
  0.19716283345536E-05 -0.49540262120868E-04  0.12018437725761E-02
  0.18891492903038E-04 -0.28831804656670E-04  0.12558533005445E-02
  0.25556550791189E-05 -0.64882030466569E-04  0.11876675741021E-02
 -0.87163005343473E-04  0.53191471683506E-04  0.12018684862764E-02
  0.15394723454660E-06 -0.13319232449064E-04  0.12595486120343E-02
  0.37211703080280E-05 -0.81085362541491E-04  0.11698831313915E-02
 -0.33158847620688E-04  0.13335607986383E-04  0.12548947484795E-02
  0.50901201060925E-05 -0.97964145725802E-04  0.11474241285836E-02
 -0.48161212917682E-04  0.26195542277351E-04  0.12489491155695E-02
 -0.62130301681772E-04  0.38230558151005E-04  0.12394136662891E-02
  0.60625202761886E-04 -0.31774434415180E-04  0.11761073807755E-02
 -0.75396152646845E-04  0.47049913272773E-04  0.12249186250563E-02
 -0.17557363415815E-04 -0.20565716536374E-06  0.12586534920146E-02
  0.91628701363251E-04 -0.85495544443140E-05  0.11998405360202E-02
 -0.89980832360359E-04  0.31502321027786E-04  0.11193384514631E-02
  0.36980656442757E-05 -0.11951680012421E-04  0.12460871761751E-02
 -0.90309358550394E-04 -0.26016574212172E-04  0.11142675631201E-02
 -0.76455345091474E-05 -0.34642070088388E-04  0.12103956158040E-02
 -0.86304038873604E-04 -0.54515767482156E-04  0.10798065938877E-02
 -0.69709355447494E-04 -0.79135258433866E-04  0.10496785332873E-02
 -0.14820263872004E-04 -0.20712878603100E-04  0.12321829440567E-02
 -0.47601415099423E-04 -0.10027725123462E-03  0.10338692086850E-02
 -0.14124923996519E-04 -0.14152076745620E-04  0.12462636950735E-02
  0.71160698796694E-05 -0.52178252647357E-04  0.11884783621726E-02
  0.75005177573496E-04 -0.21520675087517E-04  0.11773239735697E-02
 -0.78002760558386E-05 -0.13728378743397E-04  0.12516695806784E-02
  0.80913765290085E-04 -0.20936126540868E-04  0.12130060210402E-02
  0.12545608086203E-05 -0.17637564595542E-04  0.12517488193050E-02
  0.70140051325749E-04 -0.79130261947598E-05  0.12332535071119E-02
  0.53977898431233E-04  0.83823057962362E-05  0.12452063189843E-02
  0.10992079981263E-04 -0.24826424466282E-04  0.12489304482178E-02
  0.37692038836201E-04  0.24327827539541E-04  0.12455688759305E-02
  0.82845271855567E-04 -0.25543363602548E-04  0.11918705237947E-02
  0.22308668246110E-04 -0.32856084851990E-04  0.12440426908977E-02
 -0.82054906187439E-04  0.19194907342960E-05  0.11437815769120E-02
  0.25229446833873E-04 -0.66655236423434E-04  0.11750298759282E-02
  0.85922818584574E-04  0.13735544720462E-05  0.12207300406783E-02
  0.75033433333084E-04 -0.61131005584273E-04  0.11910970101792E-02
  0.72776838580876E-04  0.16200291831385E-04  0.12347770927007E-02
  0.57524628183530E-04  0.31578060261095E-04  0.12369351435140E-02
  0.83243576715888E-04 -0.67830556381255E-04  0.11548680430896E-02
  0.43681697169330E-04  0.44505058694293E-04  0.12293170537503E-02
  0.84670542324623E-04 -0.71683384945117E-04  0.11073538754239E-02
 -0.67191604959791E-04  0.24162831088766E-04  0.11628997952886E-02
  0.30676152039024E-04  0.54297196070051E-04  0.12169898336182E-02
  0.76064617447724E-04 -0.70870912985924E-04  0.10510758820685E-02
  0.24238232975453E-05  0.60816383294941E-04  0.11936220367127E-02
  0.57669785770976E-04 -0.65096406209421E-04  0.99451537759645E-03
 -0.13520446626826E-04  0.58459380219842E-04  0.11850366776887E-02
 -0.30768267184296E-04  0.51941900005962E-04  0.11783901943076E-02
  0.30961440453815E-04 -0.53561959525635E-04  0.95042182873926E-03
 -0.49230948110670E-04  0.40857679348284E-04  0.11724694285681E-02
  0.17021189427350E-04  0.59592377718063E-04  0.12044060093077E-02
 -0.80419920794462E-04  0.46009362720985E-04  0.11568756956869E-02
  0.23392792788374E-04  0.38875950705231E-04  0.12375579914574E-02
  0.33389553691978E-04 -0.42453145717446E-04  0.12359282319532E-02
  0.67629037065897E-04 -0.31732972163058E-04  0.12235558723700E-02
  0.25966373482385E-04 -0.47303902728617E-04  0.11811623159048E-02
  0.53462094418126E-04 -0.16124227868143E-04  0.12425142843865E-02
  0.35901298834374E-04  0.38573147045328E-06  0.12519008446033E-02
  0.87836933826441E-05 -0.30443064511509E-04  0.11998263887047E-02
  0.18766742913404E-04  0.16806937237228E-04  0.12516516833162E-02
 -0.34381519362862E-05 -0.13673509472159E-04  0.12221108914915E-02
  0.42578227191303E-04 -0.59617895922595E-04  0.11737580054653E-02
  0.39967753700775E-05  0.32396912924781E-04  0.12450881680108E-02
 -0.84169755845402E-05 -0.36783726450436E-05  0.12393028784571E-02
 -0.22559301513568E-04  0.53922796510496E-04  0.12234536556553E-02
 -0.73808148895144E-05 -0.11944278511004E-05  0.12479941664459E-02
 -0.36005512413790E-04  0.59718064843120E-04  0.12113790541036E-02
 -0.50638962307645E-04  0.60495770384691E-04  0.11984146997158E-02
 -0.25562621682859E-05 -0.47065411451763E-05  0.12491619891292E-02
 -0.65740673826822E-04  0.55943971486762E-04  0.11818234092549E-02
 -0.93640156670704E-05  0.44706314298343E-04  0.12348616239459E-02
  0.10687981673265E-04  0.51324636823288E-04  0.12260705771387E-02
  0.74384811567328E-04 -0.40330684292189E-04  0.12012296713999E-02
  0.25284760380438E-04 -0.83345299397266E-04  0.98736862176428E-03
 -0.25313251171523E-05  0.58626145982593E-04  0.12139524140429E-02
  0.43380190052425E-04 -0.53238189702272E-04  0.12232291407211E-02
 -0.16336949702725E-04  0.62037534614895E-04  0.12020793739025E-02
 -0.31781254594059E-04  0.60696986547278E-04  0.11910332691174E-02
  0.52233175504480E-04 -0.64408473722420E-04  0.12039137813559E-02
 -0.48245437992488E-04  0.55395359353732E-04  0.11803578626046E-02
  0.58305655055073E-04 -0.74587105720907E-04  0.11746857240331E-02
  0.71665216769092E-04 -0.39424706701662E-04  0.11830798651481E-02
 -0.65679377530267E-04  0.43979749860123E-04  0.11665043147666E-02
  0.61045361998431E-04 -0.83117279205984E-04  0.11347019616166E-02
 -0.89605753694752E-04  0.56186309730341E-05  0.11101407330017E-02
  0.57945886099480E-04 -0.88038893510521E-04  0.10866190941049E-02
 -0.89599161661555E-04 -0.20304359343839E-04  0.10677373127641E-02
 -0.76649274646492E-04 -0.45218342160016E-04  0.10263771255069E-02
  0.45556760614869E-04 -0.88916489977999E-04  0.10343898762610E-02
 -0.53853742400081E-04 -0.68205795034455E-04  0.99682668099071E-03
 -0.80538478656673E-04  0.27670431635663E-04  0.11442541448957E-02
 -0.18679591156051E-05 -0.71061986528662E-04  0.95740848921038E-03
