{
  "uid_a": "WSe2-1cfbe6183886",
  "uid_b": "MoS2-b3b4685fb6e1",
  "cell_a_original": [
    [
      3.3190066244679373,
      0.0,
      0.0
    ],
    [
      -1.6595033122339686,
      2.874344052118072,
      0.0
    ],
    [
      0.0,
      -0.0,
      1.0
    ]
  ],
  "cell_b_original": [
    [
      3.1840664646845926,
      0.0,
      0.0
    ],
    [
      -1.5920332323422963,
      2.757482445754964,
      0.0
    ],
    [
      0.0,
      0.0,
      1.0
    ]
  ],
  "coeffs_a": [
    [
      -26,
      -14
    ],
    [
      14,
      -12
    ]
  ],
  "coeffs_b": [
    [
      -27,
      -15
    ],
    [
      15,
      -12
    ]
  ],
  "twist_angle": 1.1275726042534302,
  "stacking": null,
  "supercell_a": [
    [
      -63.06112586489081,
      -40.240816729653005,
      0.0
    ],
    [
      66.38013248935874,
      -34.49212862541686,
      0.0
    ],
    [
      0.0,
      0.0,
      1.0
    ]
  ],
  "supercell_b": [
    [
      -62.08929606134955,
      -41.36223668632446,
      0.0
    ],
    [
      66.86539575837645,
      -33.08978934905957,
      0.0
    ],
    [
      0.0,
      0.0,
      1.0
    ]
  ],
  "final_supercell": [
    [
      74.6983953376836,
      -1.2389377446644263e-14,
      0.0
    ],
    [
      -37.349192852460476,
      64.69072869676549,
      0.0
    ],
    [
      0.0,
      0.0,
      1.0
    ]
  ],
  "strain_a": [
    [
      -0.0014454895998288197,
      -1.2913380426838734e-07
    ],
    [
      -1.2913380426838734e-07,
      -0.0014452877838662115
    ]
  ],
  "strain_b": [
    [
      0.0012518760232922421,
      -1.3372407669931908e-07
    ],
    [
      -1.3372407669931908e-07,
      0.001252068556303998
    ]
  ],
  "maxstrain": 0.1445552575831162
}