 -0.12577759361146E-04 -0.42767212433744E-04 -0.12851033488529E-02
  0.52143642021645E-04 -0.61676341868164E-04 -0.14418414926407E-02
  0.26025894491940E-04  0.17196753279217E-04 -0.15694636451208E-02
  0.29646998234499E-04 -0.65790637808693E-04 -0.14460531947042E-02
  0.28395493024076E-04  0.15384878145130E-04 -0.15647835921021E-02
  0.21150926108714E-04  0.17435713647646E-04 -0.15458722458578E-02
  0.79639355510643E-05 -0.68387987545423E-04 -0.14525912461834E-02
  0.30686640664808E-05  0.24444858511875E-04 -0.15132881092727E-02
  0.17461187163157E-04  0.20247257750020E-04 -0.15663416961125E-02
 -0.14663292796978E-04 -0.69923951704937E-04 -0.14610902383219E-02
 -0.40969701080911E-04  0.46049489742755E-04 -0.14493672822236E-02
 -0.36947371559240E-04 -0.68028766000552E-04 -0.14711713062765E-02
 -0.57673617250260E-04  0.54409293128714E-04 -0.14383518162371E-02
 -0.58496579155343E-04 -0.65225931170652E-04 -0.14810326771600E-02
 -0.67337012304566E-04  0.58580010695535E-04 -0.14437372909138E-02
 -0.67921073039843E-04  0.59603664179941E-04 -0.14610327784063E-02
 -0.78430372598189E-04 -0.60094183463478E-04 -0.14871110585538E-02
 -0.18989413273306E-04  0.34847230874034E-04 -0.14768775499254E-02
 -0.61595885108659E-04  0.55458104754572E-04 -0.14820597481137E-02
  0.50242487428813E-05  0.22092536110010E-04 -0.15592692293530E-02
 -0.89227412920406E-05  0.22414960609308E-04 -0.15499002383923E-02
 -0.25217633965332E-05  0.42221160008140E-04 -0.14880983081039E-02
  0.10287744243172E-03 -0.15039148443866E-04 -0.14346610212203E-02
 -0.44873025529603E-05  0.64962853558262E-04 -0.14723717914358E-02
  0.96740805794813E-04 -0.22603198259019E-04 -0.14009441647861E-02
  0.81459834906246E-04 -0.25849632580388E-04 -0.13522851641763E-02
 -0.74283355378523E-05  0.87472369390383E-04 -0.14597760102676E-02
  0.56926641155995E-04 -0.26496208019895E-04 -0.12938725447325E-02
  0.71196310714156E-04 -0.56521281330282E-04 -0.14400285397250E-02
 -0.13476643423910E-04  0.10705334659297E-03 -0.14496707031842E-02
 -0.65327775088512E-04  0.18068675143029E-05 -0.14714439638540E-02
 -0.20776169651873E-04  0.12259856100210E-03 -0.14392951295892E-02
 -0.52712625107154E-04  0.10657475104210E-04 -0.14988562137526E-02
 -0.28430138600353E-04  0.13250372471462E-03 -0.14239633695653E-02
 -0.38082769865561E-04  0.17378541601442E-04 -0.15208016841142E-02
 -0.22762026469160E-04  0.20676153797101E-04 -0.15374783098181E-02
  0.87562291449591E-04 -0.47779076284594E-04 -0.14399224976613E-02
 -0.74495420256829E-04 -0.70268688311973E-05 -0.14368948223628E-02
 -0.95030767773115E-04 -0.54259372417857E-04 -0.14845897669603E-02
 -0.46715145485309E-04  0.49881780141279E-04 -0.14988711424988E-02
 -0.26504917757658E-04  0.41958596065935E-04 -0.15074570090098E-02
 -0.75639921233759E-04  0.74289413550610E-05 -0.13542183918069E-02
 -0.17255139087748E-04 -0.19229416174438E-04 -0.15549015447236E-02
 -0.77203856630236E-04  0.17868236167996E-04 -0.14111971410464E-02
 -0.75064107255081E-04  0.26344967230535E-04 -0.14612625043588E-02
 -0.15286228389713E-04  0.30242371704241E-05 -0.15418152252239E-02
 -0.67716600952056E-04  0.30492829579292E-04 -0.15009309180369E-02
 -0.16817257997320E-04  0.25531634759894E-04 -0.15246212439846E-02
 -0.19984716302971E-04 -0.37301360359142E-04 -0.15589691716709E-02
 -0.57065946667966E-04  0.34423079374708E-04 -0.15291616514288E-02
 -0.18388850340669E-04  0.49034105111696E-04 -0.15065458542138E-02
 -0.29644305960320E-04  0.32728234449830E-04 -0.15599598122880E-02
 -0.21403891865771E-04  0.71441492107915E-04 -0.14895737123583E-02
 -0.14910453046027E-04  0.29526990400005E-04 -0.15672117101441E-02
 -0.24641910763804E-05  0.23446360210451E-04 -0.15719059247143E-02
 -0.24926525528766E-04  0.92560565109354E-04 -0.14732994520402E-02
  0.83410112040230E-05  0.16968333063091E-04 -0.15749965777432E-02
 -0.43263405061219E-04  0.34107035633373E-04 -0.15482738436886E-02
  0.34063639869777E-04 -0.13911405983689E-04 -0.12054675959153E-02
  0.60116012425114E-04 -0.19789060866159E-04 -0.12603245860847E-02
 -0.28888848490612E-04 -0.50288585770991E-04 -0.15477122761685E-02
 -0.10628876165982E-03 -0.48911087898038E-04 -0.14724783478276E-02
 -0.19019648114251E-05  0.33357438828532E-04 -0.15085735683517E-02
 -0.11161094419167E-03 -0.44076293228847E-04 -0.14552022985281E-02
  0.21323532678368E-04  0.24770868976655E-04 -0.15055399566306E-02
  0.44253614726082E-04  0.16186713762592E-04 -0.15005181397494E-02
 -0.10943192422006E-03 -0.41848952534068E-04 -0.14421380670435E-02
  0.63606349089233E-04  0.70305030398838E-05 -0.14948207793387E-02
 -0.10142893190643E-03 -0.43443965052001E-04 -0.14411708026534E-02
  0.81562705177617E-04 -0.21679360964303E-05 -0.14872150465385E-02
  0.96043050464663E-04 -0.11184790673167E-04 -0.14757179095525E-02
 -0.84781523388406E-04 -0.47126154057233E-04 -0.14565725932983E-02
  0.10572378016799E-03 -0.19166759011664E-04 -0.14570172681293E-02
 -0.64905333157059E-04 -0.52054115970908E-04 -0.14861854327748E-02
  0.10800903639320E-03 -0.24053619380048E-04 -0.14269393411692E-02
  0.10141247631614E-03 -0.25133109064927E-04 -0.13815638717835E-02
 -0.44513274250038E-04 -0.53871281853620E-04 -0.15207866024563E-02
  0.84441472820848E-04 -0.23218500724523E-04 -0.13230309942662E-02
  0.99699752613451E-04 -0.52691048357053E-05 -0.14554433355535E-02
  0.90184633756298E-04  0.50524598901411E-05 -0.14683464111026E-02
 -0.24436770208306E-05  0.18239115340203E-04 -0.15066716684680E-02
  0.76722419145746E-04  0.15422409716915E-04 -0.14776711914789E-02
 -0.51254182325141E-04  0.91849809345285E-04 -0.14651386545494E-02
 -0.44503855279811E-04  0.91000683036511E-04 -0.14839472757696E-02
  0.14259371130199E-04  0.34358756914439E-04 -0.14713622554649E-02
 -0.30471960009038E-04  0.85917601396597E-04 -0.14962611240327E-02
  0.13740610525351E-04  0.57398448370273E-04 -0.14576602176896E-02
 -0.10771998882839E-04  0.77610924558600E-04 -0.14991909552780E-02
  0.10793828869938E-04  0.67644095711421E-04 -0.14945407031816E-02
  0.13346795975683E-04  0.11512718533048E-04 -0.14887629117733E-02
  0.92242682271282E-05  0.78241744475162E-04 -0.14490704274076E-02
  0.38890123050036E-05  0.98162718837731E-04 -0.14442430603671E-02
  0.52165258699494E-04  0.43760549172485E-04 -0.14757275232736E-02
  0.68530132001466E-04  0.32196609929801E-04 -0.14666696708155E-02
  0.50031374778057E-04 -0.51810721723237E-04 -0.14397872701988E-02
  0.80966889460489E-04  0.19756228295391E-04 -0.14585906604469E-02
  0.29802170651768E-04 -0.59003523263498E-04 -0.14378332691198E-02
  0.89171261066305E-04  0.71193363154832E-05 -0.14501791041440E-02
  0.32862555101135E-04  0.55790275904887E-04 -0.14857060402577E-02
 -0.50108418979699E-04  0.89618941866792E-04 -0.14471929587073E-02
  0.86091932550111E-05 -0.12765883817704E-04 -0.15061222276471E-02
 -0.40640968563569E-04  0.82275583421152E-04 -0.14385776842403E-02
 -0.10788675736296E-03 -0.64795081342186E-04 -0.14107927461004E-02
  0.22541099808765E-05 -0.13203474720449E-04 -0.14846598772266E-02
  0.19232590915228E-04 -0.60220533262132E-05 -0.15007109411578E-02
 -0.97856039891444E-04 -0.65120411428295E-04 -0.14143760847532E-02
  0.33774017233102E-04  0.27689267245652E-06 -0.15172497290671E-02
 -0.80370197177849E-04 -0.66338754282248E-04 -0.14337786314028E-02
  0.47100510058781E-04  0.63169838544865E-05 -0.15329360912105E-02
  0.55624365803879E-04  0.12696774607208E-04 -0.15433401492106E-02
 -0.57535421630740E-04 -0.66222081022748E-04 -0.14648471433854E-02
  0.57936065888258E-04  0.20498780954619E-04 -0.15435172372202E-02
 -0.33259009752733E-04 -0.63851937905723E-04 -0.14962518027831E-02
  0.47210842603256E-04  0.30318587652247E-04 -0.15284060981493E-02
  0.27176483907346E-04  0.43960279168051E-04 -0.14997025097079E-02
 -0.13527189184003E-04 -0.52782428605073E-04 -0.15156729186314E-02
  0.16068480407506E-05  0.58653846073261E-04 -0.14678018804715E-02
  0.11890217245440E-05 -0.34593161934285E-04 -0.15176568020556E-02
 -0.22051680654535E-04  0.72164183470564E-04 -0.14453016380384E-02
  0.93079284285324E-04 -0.51240886884384E-05 -0.14380251970806E-02
 -0.30373596522560E-04  0.11032080562794E-03 -0.14563799936300E-02
  0.92468288438517E-05 -0.64892205848724E-04 -0.14396524017858E-02
 -0.13066939877736E-04 -0.69689414591902E-04 -0.14442235714739E-02
 -0.40965701595670E-04  0.65267803013007E-04 -0.14416535769011E-02
 -0.94604000006748E-04 -0.57437810129411E-04 -0.14399262987152E-02
 -0.55637204774460E-04  0.72517260308727E-04 -0.14407776748261E-02
 -0.74576573851840E-04 -0.60493877363138E-04 -0.14646710970582E-02
 -0.59887221862602E-04  0.76231583592937E-04 -0.14537683366344E-02
 -0.57607550159540E-04  0.74733618577850E-04 -0.14736419698175E-02
 -0.53798044428035E-04 -0.61654293809343E-04 -0.14977399664036E-02
 -0.20134191689833E-04  0.54188529375173E-04 -0.14594593332341E-02
 -0.46069593975544E-04  0.71453614396627E-04 -0.14920774444796E-02
 -0.61840778258751E-05  0.55895507618865E-04 -0.15049986038646E-02
 -0.18708062432682E-04 -0.45967750176380E-04 -0.15411601096151E-02
  0.17372721970434E-04  0.46521304431328E-04 -0.15008075358459E-02
 -0.98638495984324E-05 -0.27575765085929E-04 -0.15390428723078E-02
  0.40277151884093E-04  0.35965984362026E-04 -0.14939607192366E-02
  0.59809937879644E-04  0.26069673890757E-04 -0.14859810076817E-02
 -0.52405089126001E-05 -0.53726429952600E-05 -0.15253261998290E-02
 -0.28703416513592E-04  0.64635882856800E-04 -0.15029057317545E-02
 -0.10743691397764E-03 -0.55977107221558E-04 -0.14303847687201E-02
  0.37415559214250E-05  0.41454970408401E-04 -0.14910739260089E-02
 -0.11313152688367E-03 -0.55945503182917E-04 -0.14360682824242E-02
  0.75865782065023E-04 -0.26832211612704E-04 -0.13815879124798E-02
 -0.50052611548356E-04 -0.15840395089804E-04 -0.14666295319807E-02
 -0.33924493526739E-04 -0.72546077066566E-04 -0.14518468619483E-02
 -0.34033281120696E-04 -0.78323678816638E-05 -0.14857457931771E-02
 -0.55419343252610E-04 -0.73815844299655E-04 -0.14613978180920E-02
 -0.17906246287835E-04  0.96936339023554E-06 -0.15038837634890E-02
 -0.23625417183154E-05  0.68463216603884E-05 -0.15200531583927E-02
 -0.74870896455342E-04 -0.72383212197474E-04 -0.14699621668020E-02
  0.12229504365778E-04  0.10614669234415E-04 -0.15349848317543E-02
 -0.92139279769810E-04 -0.68646351368821E-04 -0.14722574491182E-02
  0.25605063336174E-04  0.14014742356826E-04 -0.15475753192915E-02
  0.36885382561346E-04  0.16658768044315E-04 -0.15568318670057E-02
 -0.10493869247636E-03 -0.64115348688071E-04 -0.14652459465533E-02
  0.42957780209600E-04  0.18488928708417E-04 -0.15596139846274E-02
 -0.11192165512007E-03 -0.59960138180154E-04 -0.14505562423441E-02
  0.40472041359006E-04  0.22590518317431E-04 -0.15502593251171E-02
  0.25986192767783E-04  0.30032115346127E-04 -0.15255075470868E-02
  0.89843227434263E-04 -0.17101631739659E-04 -0.14167052597337E-02
  0.15091668006520E-04  0.10207440850870E-04 -0.15730474353076E-02
  0.13854588637144E-04  0.62360421434220E-05 -0.15604016978849E-02
 -0.34692838360382E-04  0.12385742882690E-03 -0.14356104866916E-02
 -0.69776330190431E-04  0.79372113344028E-04 -0.14522080217229E-02
  0.27706071305690E-05 -0.52385650779439E-04 -0.14905973650544E-02
 -0.68082099200722E-04  0.77837162276983E-04 -0.14974077484982E-02
 -0.19844451848842E-04 -0.45108156707619E-04 -0.14974272580668E-02
 -0.62549553065151E-04  0.69871580220481E-04 -0.15285331191127E-02
 -0.55223866432851E-04  0.58273188367332E-04 -0.15486084425548E-02
 -0.42266538972294E-04 -0.36937445443212E-04 -0.15031686451478E-02
 -0.67767937733373E-04  0.74450535099778E-04 -0.13929328630282E-02
 -0.45875310508299E-04  0.44892843422140E-04 -0.15614078155613E-02
 -0.35293477157192E-04  0.30500044313660E-04 -0.15698972746780E-02
 -0.23884630988173E-04  0.16090435210392E-04 -0.15754170466772E-02
 -0.81100198827961E-04 -0.19967072829104E-04 -0.14981786136351E-02
 -0.13065963075235E-04  0.20114407211298E-05 -0.15779197123286E-02
 -0.94075846023516E-04 -0.14052014684858E-04 -0.14826814367109E-02
 -0.61374088495015E-05 -0.87725850646410E-05 -0.15755341936816E-02
 -0.74887165773059E-05 -0.16921517771828E-04 -0.15628772867488E-02
 -0.62729278101882E-04 -0.27711157692352E-04 -0.15047660564419E-02
  0.26553467101140E-04 -0.56885578446469E-04 -0.14833950172855E-02
 -0.61503303931551E-04  0.64017687222154E-04 -0.13259269586353E-02
  0.49366914845038E-04 -0.60337299063002E-04 -0.14750431725752E-02
  0.68530706922833E-04 -0.34311396507290E-04 -0.14965631434894E-02
  0.88216039164105E-04 -0.38602066860942E-04 -0.14860959339257E-02
 -0.38773903647418E-04  0.89146902405900E-04 -0.12696804555351E-02
  0.10372046814331E-03 -0.40358991314766E-04 -0.14674919951013E-02
  0.11506635048800E-03 -0.32005215426372E-04 -0.13798234350250E-02
  0.11368031466384E-03 -0.39046969276934E-04 -0.14377784225208E-02
  0.11577356959732E-03 -0.34517302863024E-04 -0.13951227917114E-02
  0.11523878162162E-03 -0.44352830957427E-04 -0.14124554188638E-02
  0.10617514215511E-03 -0.28054475424377E-04 -0.13415795690527E-02
  0.10729466868673E-03 -0.53610504415252E-04 -0.14366000818134E-02
  0.88128439060892E-04 -0.16932272785057E-04 -0.12825934951452E-02
  0.64017685863213E-04 -0.31158375421329E-05 -0.12287578317529E-02
  0.90551926951767E-04 -0.58035907508471E-04 -0.14535724883434E-02
  0.36226426152657E-04  0.10923108428116E-04 -0.11904969208713E-02
  0.71260246786906E-04 -0.60754750448307E-04 -0.14654955385574E-02
 -0.40081923042987E-04  0.34552558817018E-04 -0.12065001382143E-02
 -0.52203505836332E-04  0.49311426466176E-04 -0.12610029639491E-02
 -0.99962937415625E-04 -0.10435242911022E-04 -0.14623600822424E-02
 -0.46626183063105E-04  0.10557982508992E-03 -0.13266887635613E-02
 -0.19288996383044E-04 -0.17661913048846E-04 -0.15355632090238E-02
 -0.37780628012604E-04 -0.12675347664516E-04 -0.14984989254262E-02
 -0.32955959072458E-04  0.22366131785756E-04 -0.15645856478057E-02
  0.89872982630478E-04 -0.51577790716931E-04 -0.14714689405636E-02
 -0.40890297972214E-04  0.41423367212266E-04 -0.15538278810378E-02
  0.10542351867196E-03 -0.48848042789487E-04 -0.14516828037560E-02
  0.11527995582463E-03 -0.44021458751792E-04 -0.14221748257973E-02
 -0.46871615010415E-04  0.59516841664674E-04 -0.15398059928842E-02
  0.11613706962208E-03 -0.35973446486046E-04 -0.13818393182851E-02
  0.70275996234550E-04 -0.50849178855180E-04 -0.14842984414760E-02
 -0.52685747020953E-04  0.76204520208100E-04 -0.15214259446070E-02
  0.86580257464918E-04 -0.97814284242950E-05 -0.12820676688115E-02
 -0.56687230791981E-04  0.90303517110022E-04 -0.14970183807088E-02
 -0.23691587247964E-04  0.44528701150021E-04 -0.11852263045297E-02
 -0.60379557733288E-04  0.98505202226178E-04 -0.14621003516604E-02
 -0.38847186526191E-04  0.62990218272844E-04 -0.12306367401240E-02
 -0.49542831792139E-04  0.79975473104857E-04 -0.12895163555263E-02
 -0.61504424067330E-04  0.99862100131718E-04 -0.14135159477354E-02
  0.10678527414702E-03 -0.26009463865657E-04 -0.13331358528682E-02
  0.47569705350597E-04 -0.47228430187392E-04 -0.14926100149175E-02
 -0.24185727506870E-04  0.39197328521146E-05 -0.15722642316337E-02
  0.24370131254160E-04 -0.41379959216657E-04 -0.14985381763646E-02
 -0.58076484573140E-04 -0.52934526655160E-05 -0.14639868946957E-02
 -0.90977994824713E-04 -0.11654663328425E-04 -0.14412549764748E-02
 -0.75821070258421E-04  0.14929649762880E-05 -0.14430469925662E-02
 -0.75940013157429E-04 -0.16596815977034E-04 -0.14538970551701E-02
 -0.87220172828453E-04  0.67113410472184E-05 -0.14398514040701E-02
 -0.92498659375779E-04  0.73406785080575E-05 -0.14517563014864E-02
 -0.56401455299733E-04 -0.23495396300725E-04 -0.14825880045925E-02
 -0.89653311623004E-04  0.59152382803531E-05 -0.14724251118547E-02
 -0.36488778108187E-04 -0.29388981915295E-04 -0.15195704643739E-02
 -0.80052685274428E-04  0.88682424468839E-06 -0.14923608483753E-02
 -0.63015721502350E-04 -0.61119047504561E-05 -0.15048313089166E-02
 -0.21291376164502E-04 -0.30001358040562E-04 -0.15520837908194E-02
 -0.43205835775706E-04 -0.14683702297861E-04 -0.15086633134028E-02
 -0.14754414260989E-04 -0.24363651879426E-04 -0.15708366560122E-02
 -0.21737431510976E-04 -0.24493228822079E-04 -0.15071061138630E-02
  0.58228192116851E-06 -0.33740921006149E-04 -0.15032879352549E-02
 -0.16617128239862E-04 -0.11666119964125E-04 -0.15758100577919E-02
 -0.99282038315905E-04 -0.93197517888205E-05 -0.14457435178933E-02
 -0.14799481104669E-04 -0.22956107297122E-04 -0.14691494463621E-02
  0.46079966636936E-04 -0.27897521404817E-04 -0.15026925871190E-02
  0.23366061106021E-04 -0.19935389084195E-04 -0.15064132428665E-02
  0.60750559088386E-05 -0.64693080481366E-04 -0.14720686909663E-02
  0.65971223278153E-04 -0.13595318283995E-04 -0.14996163157587E-02
  0.85058266355437E-04 -0.20652890978773E-04 -0.14911291058240E-02
 -0.16728930877843E-04 -0.61432467484729E-04 -0.14810402695899E-02
  0.10034021075700E-03 -0.27120329249811E-04 -0.14763535608725E-02
 -0.39155441985019E-04 -0.55744674205871E-04 -0.14899286455965E-02
  0.11043757560731E-03 -0.30444147595432E-04 -0.14514520975580E-02
  0.45081272960015E-04 -0.49705408543947E-05 -0.15045008970968E-02
  0.11211053180895E-03 -0.30654950058499E-04 -0.14125404587045E-02
  0.10469384427828E-03 -0.27514786920283E-04 -0.13596788638787E-02
 -0.80415529673974E-04 -0.41179149937277E-04 -0.14971370873368E-02
  0.86873344382960E-04 -0.21011801542436E-04 -0.12980141202890E-02
  0.62922330042806E-04 -0.13145451483800E-04 -0.12370934947145E-02
 -0.95790993246853E-04 -0.34661366215601E-04 -0.14877138603502E-02
  0.38046544512582E-04 -0.14077835272068E-05 -0.11883938029517E-02
 -0.10450102271958E-03 -0.30421284210594E-04 -0.14701683950529E-02
 -0.61293020491778E-04 -0.48761452981557E-04 -0.14967031130189E-02
  0.28568188941092E-04 -0.65371218320596E-04 -0.14636986915047E-02
  0.22877094862122E-04  0.23699187740113E-05 -0.15076212577889E-02
 -0.52600667023884E-06  0.11076387985135E-04 -0.15100938622600E-02
  0.48096017902796E-06  0.91635551883740E-05 -0.15332034825453E-02
 -0.40096199855007E-04  0.12837876840396E-03 -0.14061419527886E-02
 -0.19263281742564E-04  0.16327761331922E-04 -0.14963542013464E-02
 -0.41102415589885E-04  0.26102135528535E-04 -0.14620707660298E-02
 -0.41364562026338E-04  0.12361954506927E-03 -0.13654144301372E-02
 -0.59779077901815E-04  0.35377154281281E-04 -0.14412496562660E-02
  0.11216488093178E-03 -0.38697499733783E-04 -0.14159744651200E-02
 -0.72057553012849E-04  0.40767153573657E-04 -0.14380697436383E-02
 -0.76843864162462E-04  0.42602599585033E-04 -0.14501134423200E-02
  0.10441407570294E-03 -0.49482955509911E-04 -0.14311842418999E-02
 -0.74523987259695E-04  0.41754610151657E-04 -0.14706833535971E-02
  0.90662945644038E-04 -0.57693727915107E-04 -0.14403914728820E-02
 -0.64359461642589E-04  0.35538312785171E-04 -0.14910035935386E-02
 -0.46716232818868E-04  0.29092468575251E-04 -0.15046637423789E-02
  0.71653515176399E-04 -0.61854021903577E-04 -0.14481961999055E-02
 -0.23781696271344E-04  0.20022035904589E-04 -0.15101500517316E-02
  0.50730123989897E-04 -0.64982516270113E-04 -0.14556557960489E-02
  0.13713385594443E-04  0.11436695768000E-04 -0.11614821521896E-02
 -0.50463065736591E-04  0.11606185677447E-03 -0.13820560091648E-02
 -0.65596486048172E-04  0.30410336791948E-04 -0.13052434995360E-02
 -0.72077398260627E-04  0.40483997585323E-04 -0.13707727599370E-02
 -0.39364483600463E-04  0.64568488368692E-05 -0.14788066628849E-02
 -0.59765502443721E-04  0.14062221281552E-04 -0.14498959151501E-02
 -0.30096708869957E-04  0.33708713312326E-04 -0.15407358971370E-02
 -0.73701759186210E-04  0.22052447620815E-04 -0.14378508905024E-02
 -0.33980771646929E-04  0.55960865796618E-04 -0.15249071869371E-02
 -0.82725897075421E-04  0.24649889262062E-04 -0.14428651732469E-02
 -0.83327531564819E-04  0.24796829026697E-04 -0.14602345159960E-02
 -0.25317357119305E-04  0.12455934343322E-04 -0.15549473253490E-02
 -0.38166090151264E-04  0.75940125297624E-04 -0.15070610320486E-02
 -0.42404817579358E-04  0.94031531912241E-04 -0.14868286108934E-02
 -0.63751240245057E-04  0.14989756034201E-04 -0.14995731884741E-02
 -0.44513740417456E-04  0.74531802964318E-05 -0.15086659203172E-02
 -0.46970744314519E-04  0.10908763707594E-03 -0.14618829175261E-02
 -0.22220020547628E-04 -0.20809153834038E-05 -0.15102332058186E-02
 -0.49748171584233E-04  0.11691001412178E-03 -0.14280631932011E-02
  0.44547558643353E-06 -0.11858558218445E-04 -0.15088300468094E-02
 -0.78102740556622E-04  0.21521712727896E-04 -0.14818553740623E-02
 -0.19276888508918E-04 -0.16040619008297E-05 -0.15163273710681E-02
 -0.21790514612165E-04 -0.80897728234559E-05 -0.15658812277309E-02
 -0.19271049818489E-05 -0.55381737312839E-05 -0.15497672949363E-02
 -0.10185443912169E-03 -0.27076658304128E-04 -0.14424578509818E-02
 -0.74679105727428E-04  0.50676863509210E-04 -0.14331098054132E-02
 -0.73916018489289E-04  0.55521136312713E-04 -0.14846585970233E-02
 -0.90150521961554E-04 -0.29692391233695E-04 -0.14473503469109E-02
 -0.67908983207009E-04  0.55092022669932E-04 -0.15219801995223E-02
 -0.71419989427205E-04 -0.35257675230430E-04 -0.14692407732845E-02
 -0.58749573594003E-04  0.50137986890969E-04 -0.15465346761437E-02
 -0.46890161900301E-04  0.43670240252228E-04 -0.15611140654857E-02
 -0.51724206519483E-04 -0.41195228759659E-04 -0.15032569932855E-02
 -0.33457336733750E-04  0.35866722296162E-04 -0.15693396177251E-02
 -0.32538502200490E-04 -0.42913402841339E-04 -0.15382137357940E-02
 -0.20427808923202E-04  0.26117203116012E-04 -0.15742067882714E-02
 -0.90586862807727E-05  0.15387723176379E-04 -0.15772664940768E-02
 -0.22619286924099E-04 -0.38433131057145E-04 -0.15619669007120E-02
  0.99472520917046E-06  0.60150614843699E-05 -0.15773421974703E-02
 -0.19382096481845E-04 -0.26056922335035E-04 -0.15699765713518E-02
  0.45870827000365E-05 -0.28878877113525E-05 -0.15700138171449E-02
 -0.10675630375849E-03 -0.26580960976734E-04 -0.14522796434970E-02
 -0.11125046477820E-03 -0.67364126289424E-04 -0.14199693008729E-02
 -0.33852145698320E-04 -0.58286314946137E-04 -0.15266997813081E-02
 -0.57972624339056E-04  0.94295815563936E-04 -0.13536579528975E-02
 -0.35713218297837E-04  0.11291293521268E-03 -0.14361738719450E-02
 -0.10295469947315E-03 -0.73025170919008E-04 -0.14118875534070E-02
 -0.11708079190150E-04  0.89372966294047E-04 -0.13135701347012E-02
 -0.25542191109885E-04  0.10188229381338E-03 -0.14216014117346E-02
  0.41124040802607E-05 -0.18051703218609E-04 -0.11932646333315E-02
 -0.95267590360344E-04 -0.73708222928253E-04 -0.14260768777100E-02
 -0.26673213964051E-04  0.10984076669059E-03 -0.13409608675974E-02
 -0.59181516001824E-05  0.86028019586207E-04 -0.14198684127091E-02
 -0.45238224722757E-04 -0.54770740711472E-04 -0.13078438367450E-02
  0.18804991081139E-04  0.67640478149871E-04 -0.14334749783850E-02
 -0.82161311351537E-04 -0.71092329250516E-04 -0.14341592011946E-02
 -0.33658068705756E-04  0.12592514526038E-03 -0.13745994071721E-02
 -0.16105657771254E-04 -0.10858147061372E-04 -0.11712441811572E-02
  0.46897425341566E-04  0.47648245367001E-04 -0.14580182223388E-02
 -0.33480232747386E-04  0.13403769785180E-03 -0.14055596277037E-02
 -0.66964671070044E-04 -0.67873324932669E-04 -0.14367271695725E-02
  0.70157320068567E-04  0.27867492750278E-04 -0.14824267332619E-02
 -0.18643018353219E-04 -0.52979527819535E-04 -0.13426929319662E-02
 -0.33028232090535E-04 -0.31406719324695E-05 -0.11743908510119E-02
  0.82792640841933E-04  0.10280106306759E-04 -0.14957444860161E-02
 -0.26421878360782E-04  0.13567738439607E-03 -0.14268281401397E-02
 -0.48892632674695E-04 -0.60471787041873E-04 -0.14377685097011E-02
  0.83419904564281E-04 -0.40343262943579E-05 -0.14945266824969E-02
 -0.31098845477070E-04 -0.53765788487491E-04 -0.14396825170009E-02
 -0.16138636421089E-04  0.12995628509180E-03 -0.14377936946017E-02
  0.76235274413763E-04 -0.15142411921389E-04 -0.14829532313621E-02
 -0.45706973841686E-04  0.69907571616523E-05 -0.12008512492112E-02
  0.29157290959740E-04 -0.23976689687111E-04 -0.12369949335395E-02
  0.12590744598084E-04  0.66816322407313E-04 -0.13007367640965E-02
 -0.37108833844957E-04  0.11834837796687E-03 -0.14561323397948E-02
 -0.10637633092553E-03 -0.71003475792802E-04 -0.13942787380056E-02
 -0.87322561151277E-04 -0.52616484474912E-04 -0.13300065613623E-02
  0.55221469776165E-05 -0.34869499075204E-04 -0.14543550776746E-02
 -0.36493483472219E-04  0.12655684035642E-03 -0.13640951278221E-02
 -0.42195876183987E-04 -0.24229582904285E-04 -0.11985693940601E-02
  0.63736151781976E-04  0.28779391129788E-04 -0.14416474253359E-02
 -0.30140079559615E-04 -0.64479572158040E-04 -0.14541550044059E-02
 -0.34692238122944E-04  0.13350099885103E-03 -0.13993980475212E-02
  0.56455335771767E-04  0.45503963939479E-04 -0.14428182657146E-02
 -0.84627803799020E-04 -0.54441690815634E-04 -0.13030760997717E-02
 -0.53508783417382E-04 -0.18818546902682E-04 -0.12148305339286E-02
 -0.56762334727443E-04 -0.67140267613570E-04 -0.14200800069225E-02
  0.45016812937257E-04  0.62205867517229E-04 -0.14479330695602E-02
  0.10931580910831E-03 -0.21263700398053E-04 -0.13924719665239E-02
  0.99491446608523E-05 -0.49265327550100E-04 -0.13835480649455E-02
  0.32289508325902E-04  0.78137613437691E-04 -0.14568245246876E-02
  0.94659583670707E-04 -0.32972130832301E-05 -0.13620531814964E-02
  0.15775266851114E-04  0.92244090776480E-04 -0.14673267928088E-02
 -0.63303959707327E-04 -0.11548171143694E-04 -0.12495882241700E-02
 -0.95422048207810E-04 -0.67448057649737E-04 -0.13783820337268E-02
 -0.78210640987348E-04 -0.54764746031434E-04 -0.12877234588277E-02
 -0.10756887982259E-05  0.10523605862229E-03 -0.14762704689968E-02
  0.70613188663427E-04  0.19862843736912E-04 -0.13304759943462E-02
 -0.70107756962367E-04 -0.27756966208184E-05 -0.12980621854735E-02
 -0.18644480160536E-04  0.11401253680986E-03 -0.14794049454428E-02
 -0.10453183825403E-03 -0.69510453793735E-04 -0.13805837458017E-02
  0.41598925171224E-04  0.43538717953480E-04 -0.13073292728395E-02
 -0.30499497158905E-04  0.11897547083067E-03 -0.14725976991284E-02
 -0.65916240795854E-04 -0.55045665195637E-04 -0.12886581593558E-02
 -0.79344954016370E-04 -0.67232267727939E-04 -0.13918567196717E-02
 -0.61155199176294E-05 -0.55902452938835E-04 -0.14803847728193E-02
  0.62628152737977E-04 -0.26871514403591E-04 -0.14677475545538E-02
 -0.12731977177754E-04 -0.44714225879893E-04 -0.14449290538196E-02
 -0.32031535284299E-04 -0.32073922333486E-04 -0.14555766618301E-02
  0.67028850907396E-04  0.11078666031214E-04 -0.14430719038485E-02
 -0.18705228619163E-04  0.10379347366735E-03 -0.13663742596013E-02
  0.10586045669977E-04  0.77294489350420E-04 -0.13933998217290E-02
 -0.52300641730838E-04 -0.63460391036263E-04 -0.13657830842007E-02
  0.39196163874255E-04  0.55334914807739E-04 -0.14084951386621E-02
 -0.29766582222758E-04  0.11948408990607E-03 -0.13913622339486E-02
 -0.73848033662767E-04 -0.63139025499903E-04 -0.13417985322017E-02
 -0.48022156338061E-04 -0.41272674522477E-04 -0.14441682647875E-02
  0.67114911393527E-04  0.32267997474495E-04 -0.14321002836269E-02
 -0.32949695770093E-04  0.13011973158073E-03 -0.14179876222535E-02
  0.86615375292812E-04  0.11797078859345E-04 -0.14532533731144E-02
 -0.89283708750430E-04 -0.64164306077137E-04 -0.13344422653840E-02
  0.96245522357710E-04 -0.68323077389718E-05 -0.14639746417058E-02
 -0.64269925042500E-04 -0.51404441511724E-04 -0.14339936401668E-02
 -0.27774222835004E-04  0.13391218358819E-03 -0.14385578013929E-02
 -0.96459072475245E-04 -0.65175614487740E-04 -0.13427678617191E-02
  0.92607144455041E-04 -0.20759051951441E-04 -0.14632932915752E-02
 -0.17902190532325E-04  0.13071110745443E-03 -0.14482765767310E-02
  0.82595133709381E-04 -0.33138607834526E-04 -0.14549730582250E-02
 -0.98130408319128E-04 -0.66803387419183E-04 -0.13616158094604E-02
 -0.77361621304671E-04 -0.59258375387357E-04 -0.14221577921721E-02
  0.67443468340263E-04 -0.43358937393539E-04 -0.14460651970421E-02
 -0.42965919153905E-05  0.12046882801455E-03 -0.14486995192127E-02
 -0.94935961672799E-04 -0.66639311739817E-04 -0.13845961239714E-02
  0.19633534457890E-04  0.87760022488676E-04 -0.14417594496480E-02
 -0.88365022245353E-04 -0.64365991083936E-04 -0.14057647564023E-02
 -0.12353567907690E-04  0.96245396989240E-04 -0.13934730750494E-02
 -0.25188031827088E-04 -0.60640335230346E-04 -0.14012315776782E-02
 -0.20801839925843E-07  0.83907724614286E-04 -0.13516760255326E-02
 -0.27047700808799E-04  0.11212586690415E-03 -0.14078304308518E-02
  0.45330012611079E-04 -0.36018820705030E-04 -0.14539757541131E-02
 -0.56139099929025E-04  0.16470255848067E-04 -0.12461959666848E-02
  0.10039084555570E-03 -0.38899861513926E-04 -0.14396865086053E-02
  0.46926659348264E-04  0.38885428749377E-04 -0.14420735403965E-02
  0.41114953324779E-04  0.57561094194060E-04 -0.14399594277336E-02
  0.36777208562013E-04 -0.39042127518385E-04 -0.14179242989595E-02
  0.10579332375102E-03 -0.24240244575582E-04 -0.14344911728670E-02
  0.32490884780020E-04  0.76278219100942E-04 -0.14429200355293E-02
  0.48894254119356E-04  0.18994296941214E-04 -0.14487318440112E-02
  0.10999611646935E-04 -0.36457711190362E-05 -0.11680712909301E-02
  0.20308094434093E-04  0.92991761086290E-04 -0.14497315767028E-02
  0.10013484702521E-03 -0.55960289553792E-05 -0.14195644617035E-02
  0.47758051892974E-04 -0.27284643218495E-06 -0.14571632576167E-02
 -0.52165055222100E-05  0.11626098122063E-03 -0.14417216446159E-02
  0.66567529760770E-05  0.10801839621525E-03 -0.14582558721264E-02
 -0.88850438225560E-05  0.12046615073351E-03 -0.14641599453059E-02
  0.83182350996272E-04  0.15909537220140E-04 -0.13960139819108E-02
  0.54897633654224E-04 -0.24161920089669E-04 -0.14373676981165E-02
  0.40384564313943E-04 -0.21403379652605E-04 -0.14622384023379E-02
 -0.22871342948291E-04  0.12722071893307E-03 -0.14625697178305E-02
  0.56853008719484E-04  0.39181667730464E-04 -0.13710539901965E-02
  0.25444822478663E-04 -0.40268545851921E-04 -0.14567215180371E-02
 -0.27351479773324E-04  0.19074738323054E-04 -0.11691698434356E-02
 -0.31209926877011E-04  0.12837614059162E-03 -0.14505222535761E-02
  0.26790572682145E-04  0.62335617737651E-04 -0.13533743137154E-02
 -0.33278079805220E-04  0.12318760254932E-03 -0.14299792072043E-02
  0.22426945006899E-05 -0.54279763185345E-04 -0.14355128645865E-02
  0.64288942696142E-04 -0.59903612767933E-05 -0.14434197401783E-02
 -0.97183062450278E-05  0.57775970263105E-05 -0.11553233591220E-02
 -0.32569185488360E-04  0.11268090896986E-03 -0.13228165467894E-02
  0.88095270504190E-05  0.10585343537136E-03 -0.14450025104098E-02
 -0.14162486046608E-04  0.96725047964801E-04 -0.14910026203837E-02
 -0.87576196096110E-04 -0.75180253860749E-04 -0.14533291079996E-02
 -0.43631013941494E-04  0.10554809213268E-03 -0.14537275511200E-02
  0.69402777567908E-04  0.33104243482472E-04 -0.14494558230982E-02
  0.49824221799117E-04  0.39049740372947E-04 -0.14981471567085E-02
  0.45053312913782E-04 -0.36822914120318E-04 -0.13755414872718E-02
 -0.82774621128959E-04 -0.44310224436279E-04 -0.13941017918779E-02
  0.52245471124693E-04  0.24739337744014E-04 -0.12662033021002E-02
  0.24349599207873E-04  0.74006180267409E-04 -0.14766318157008E-02
  0.31702292816482E-04  0.26776036408918E-04 -0.14580403969978E-02
 -0.29354875270565E-04  0.93939424801275E-04 -0.12683437735017E-02
 -0.51757139058831E-04 -0.72147861606559E-04 -0.14447661936755E-02
  0.74843401741292E-05 -0.52118082431083E-04 -0.14386743546882E-02
  0.67325816531446E-04  0.24040559080360E-04 -0.15188046193193E-02
 -0.38829380435501E-04  0.11161876219822E-03 -0.13166961601771E-02
  0.23707480606326E-04 -0.33152094512867E-04 -0.12799026702027E-02
  0.23038978820686E-04 -0.26273852361155E-04 -0.14668978896081E-02
 -0.54151177950313E-04 -0.41148790562658E-04 -0.12385164483329E-02
 -0.86061046621244E-05  0.48732539282581E-04 -0.11863770972951E-02
  0.52122866147560E-04 -0.32518791348050E-04 -0.13331770232530E-02
 -0.80454705565140E-04 -0.24530479445351E-04 -0.13508389110770E-02
  0.43108880182039E-04  0.61105622285362E-04 -0.14657920403580E-02
 -0.23971426457265E-04  0.87451100818622E-04 -0.14334849939310E-02
 -0.80113257564450E-04 -0.15907290576079E-04 -0.13955092176510E-02
 -0.70710913130063E-04 -0.75341423013100E-04 -0.14506530371050E-02
  0.27391611259618E-04 -0.44890179402399E-04 -0.14442252742702E-02
 -0.38463218755931E-04  0.98330017958222E-04 -0.14379577309503E-02
  0.10225975291639E-03 -0.17000066709097E-04 -0.13396224191538E-02
  0.30450053057828E-04  0.48127695489237E-04 -0.14475151392580E-02
  0.60418298699993E-04  0.80671628945922E-05 -0.12382829444658E-02
 -0.18057764928890E-05  0.72735506765636E-04 -0.14443897979510E-02
 -0.65064650002950E-04 -0.38745206568238E-04 -0.12453905256939E-02
  0.57811427330295E-04  0.47144383737113E-04 -0.14562062015830E-02
 -0.25597860996221E-04  0.69021316552501E-04 -0.12200905628706E-02
  0.24689132345949E-04  0.56348643725295E-04 -0.14690845494507E-02
  0.81180379052623E-04  0.30732289231318E-05 -0.12984019641776E-02
  0.67244861846021E-04 -0.26267481330823E-04 -0.14100990518275E-02
  0.26162325742732E-04  0.67566527400327E-04 -0.14419309866441E-02
  0.32974883829093E-04  0.28509866590727E-04 -0.12125730903742E-02
  0.77636152301240E-04  0.18472637113729E-04 -0.14448152026098E-02
  0.24814551910014E-04  0.47069373346145E-04 -0.12509729964826E-02
  0.55965643117480E-04 -0.78630544416569E-05 -0.14998664317829E-02
 -0.45993004986360E-05 -0.30894329102090E-04 -0.12338853072736E-02
  0.11903600589123E-04  0.30279788440373E-04 -0.11755800519008E-02
 -0.10827081388653E-03 -0.70490076183429E-04 -0.14356530297495E-02
 -0.37420250430147E-04 -0.42364608716131E-04 -0.12523829907501E-02
 -0.30196263558650E-04  0.10405530554206E-03 -0.14869535620673E-02
 -0.21062918319628E-04  0.92850500779718E-04 -0.12842893893960E-02
 -0.14002234318477E-04  0.72742884252976E-04 -0.12298439063899E-02
 -0.77551556109880E-04 -0.30432960980656E-04 -0.13071852144601E-02
  0.78828617849539E-04 -0.11069266387193E-04 -0.14305071656128E-02
  0.13189353951349E-04 -0.39039609629057E-04 -0.14903657921775E-02
 -0.32425600601356E-04 -0.67113669157846E-04 -0.14395234597689E-02
  0.16928822317755E-04 -0.41982797274799E-04 -0.13301966209505E-02
 -0.76683556026093E-05  0.26556726692733E-04 -0.11603147749856E-02
  0.77225483706033E-05  0.50509717704736E-04 -0.12097153337681E-02
 -0.26530939464603E-04 -0.28422038298221E-04 -0.12049043178119E-02
  0.40395899931191E-04 -0.16369500359180E-04 -0.14826374109533E-02
  0.23671779570249E-04 -0.18087305292257E-04 -0.14851523659487E-02
 -0.75188402772123E-04 -0.35717092226736E-04 -0.14220291325005E-02
 -0.17331946113677E-05  0.71744134171810E-04 -0.12581348155238E-02
 -0.40691023029213E-04  0.10698387149935E-03 -0.14729679947395E-02
 -0.10034135923985E-03 -0.73687548943293E-04 -0.14484528574113E-02
  0.67229167380817E-04  0.42824318355967E-06 -0.15157291411485E-02
 -0.73159981356982E-04 -0.36656940907604E-04 -0.12699448839596E-02
  0.30281364434229E-04  0.41642954512272E-05 -0.14719772055566E-02
 -0.63043844299921E-04 -0.27780771540033E-04 -0.14457911646067E-02
  0.71952524564795E-04  0.10825021711130E-04 -0.15243098887836E-02
  0.55647353271777E-05  0.87225428443030E-04 -0.14862786788235E-02
 -0.12067787679365E-04 -0.61156816095542E-04 -0.14373168051904E-02
  0.81715464121651E-04  0.39480728622207E-05 -0.14400696063576E-02
 -0.87189641725037E-04 -0.49385293262836E-04 -0.13622069448843E-02
  0.19005093118505E-04 -0.36885062670788E-04 -0.99218533776704E-03
  0.31995972983138E-04 -0.81804223244760E-05  0.64194342389781E-04
  0.12835227659375E-04 -0.66599953359629E-04 -0.98507147832617E-03
 -0.68890212342290E-05 -0.12015288735026E-03 -0.19019975552158E-03
 -0.13204335946338E-04 -0.25198561586204E-04  0.65521652194014E-04
  0.17285032574591E-04 -0.65631652175048E-04 -0.98225338260025E-03
  0.22015663335641E-04 -0.49805099517723E-04 -0.98946304166074E-03
 -0.51244007707663E-05 -0.18142317191452E-04  0.80797787592693E-04
 -0.14615017223738E-04 -0.57971196111844E-05 -0.99314530877085E-03
  0.10678388728749E-04 -0.59889506268384E-04 -0.98685593158475E-03
  0.97453458148801E-05 -0.31042179117609E-04 -0.99282029507402E-03
  0.65872769077772E-04 -0.95046919811135E-05  0.69111241359686E-05
 -0.22916783592110E-05 -0.12364661216893E-04 -0.99342221899168E-03
 -0.23668602591372E-04 -0.12157541645447E-03 -0.15144446196047E-03
  0.17137623808495E-05 -0.12184789746133E-04  0.89424305453599E-04
  0.13566158039990E-04 -0.10902409282738E-04  0.84770346388113E-04
  0.22828331026646E-04 -0.42939676356019E-04 -0.99123887031692E-03
 -0.10904764897036E-04 -0.12930816859994E-04 -0.98414348104357E-03
 -0.29973577182831E-04 -0.10897533028691E-03 -0.14834815965979E-03
  0.12040124244952E-04 -0.69464337153636E-04 -0.97957842064538E-03
 -0.52804003917758E-04 -0.55385991242752E-04 -0.43413374781693E-04
 -0.23082540520292E-04 -0.23286697335071E-04 -0.98336580298212E-03
  0.66771958417055E-04 -0.15442321417143E-03 -0.31222629624085E-03
 -0.34634232097857E-04  0.48227087303422E-05 -0.16666469676754E-03
 -0.16680320989210E-04 -0.46228110676221E-05 -0.46895823512285E-04
 -0.35625396023926E-04  0.10526868167453E-04 -0.98359468031407E-03
 -0.57901589595891E-04  0.25292985014397E-04 -0.98863036058104E-03
 -0.24574025910378E-04 -0.17232282933235E-04 -0.98336355970490E-03
 -0.16293689946529E-05 -0.76749942092819E-05 -0.11335686518843E-04
 -0.25056364129581E-04 -0.23568864894459E-04 -0.17633230116351E-03
 -0.21249814124348E-04 -0.14727357760080E-04 -0.98346915576961E-03
 -0.75846594302496E-04 -0.58334948878560E-04 -0.11113137593106E-03
  0.42979816019380E-05 -0.10871655241525E-04 -0.73476669101229E-05
 -0.44904391364614E-04  0.16087028553848E-05 -0.98198534258010E-03
 -0.63737538897784E-04  0.31992515171211E-04 -0.98507424135957E-03
 -0.13055105088257E-04 -0.13786899666536E-04 -0.98323354021378E-03
 -0.39106695037145E-04 -0.11175924600282E-05 -0.10935103210965E-03
  0.10541009930448E-03 -0.13111204992459E-04 -0.75169988740539E-04
 -0.19388787763482E-04 -0.31842647526192E-04 -0.98430033616562E-03
 -0.48722618796941E-04  0.17011137912908E-04 -0.99096022986568E-03
  0.16293642784492E-04 -0.53928410804741E-04 -0.98747965602011E-03
  0.11239080357400E-03 -0.13107490011368E-04 -0.13409709520787E-03
 -0.26625217973392E-04  0.15996492806741E-05 -0.99268705569198E-03
  0.24722222115541E-04 -0.14229404364000E-03 -0.24602586276641E-03
  0.47460213373611E-05 -0.50623515996544E-04 -0.98751418527831E-03
  0.70739425956804E-05 -0.53450800811105E-04 -0.98591288233256E-03
 -0.23309214091965E-04 -0.34157852513409E-04  0.41794539015815E-04
  0.70247547161323E-04 -0.82290291502720E-05 -0.15633155254009E-03
  0.30055095067351E-05 -0.17607246647019E-04  0.82592494368847E-04
 -0.22784936876045E-04 -0.86824507767975E-04 -0.15247372647060E-03
 -0.12087281548822E-05 -0.39434791754532E-04 -0.98686282014874E-03
 -0.35935095558242E-05 -0.48719439127703E-04 -0.98485252580916E-03
  0.51460416553537E-05 -0.26266929942261E-05 -0.16528300108078E-03
 -0.35849238423791E-04 -0.45050012837844E-04  0.64224229589262E-05
 -0.12832256416045E-04 -0.41091288731373E-04 -0.98454140815954E-03
 -0.45133936068169E-04  0.33936837041406E-04 -0.16114502529773E-03
 -0.38622034815312E-04  0.12737108786181E-06 -0.15644255266631E-03
 -0.25074540076290E-04  0.17161836983137E-04 -0.98467372188097E-03
 -0.38159227684322E-04  0.90249076137151E-05 -0.99198749425576E-03
 -0.63283833065673E-04  0.57338902816335E-04 -0.16061180771995E-03
  0.96022840442719E-05 -0.19046016453659E-04 -0.99328764439384E-03
  0.46979694394353E-04 -0.14636856145267E-04 -0.98222488289555E-03
  0.20771026474684E-04 -0.33550372072475E-04 -0.94489830147882E-04
 -0.42269099822727E-04  0.25191127448831E-05 -0.13586451345002E-03
  0.58925751843452E-04 -0.12763715257022E-04 -0.98115962029135E-03
 -0.44378281573388E-04 -0.96081636685632E-04 -0.33270398995234E-03
  0.28791225376092E-04 -0.40809255153830E-04 -0.13382581640494E-03
 -0.99062643804062E-05 -0.28233707176745E-04 -0.98451486525644E-03
 -0.50796597922177E-04 -0.88959591748439E-05 -0.20237438816951E-03
 -0.51358343461401E-04  0.65921341216349E-06 -0.98056839099815E-03
  0.72645088024193E-05 -0.15712751677100E-04 -0.21865610239840E-04
 -0.21114472449543E-04  0.25634623972265E-05 -0.16459957473554E-03
 -0.35706882488162E-04 -0.57944786744487E-04 -0.97596192437423E-03
 -0.23736660539940E-05 -0.36422463215816E-04 -0.98453162725862E-03
  0.76064979475219E-04 -0.60194799617429E-05 -0.97665592004558E-03
  0.52478367414884E-04 -0.30686366109218E-04 -0.22655096431185E-03
  0.13626152436895E-04 -0.10075957553652E-03 -0.30758399908336E-03
  0.36400900457808E-04 -0.14540986472309E-05 -0.16249723292656E-03
  0.77898641982243E-04  0.14036057137389E-07 -0.97422793227620E-03
  0.38647383179141E-04 -0.42147510470210E-04 -0.17930929262657E-03
  0.70343999929215E-04 -0.44650669836663E-06 -0.27251461387654E-03
  0.15340237190271E-04 -0.25470636817398E-04 -0.62321592793286E-04
 -0.45918054913404E-04 -0.43886284310002E-04 -0.97598061296495E-03
  0.70306825042435E-06 -0.69765052606720E-05  0.31533618810354E-05
  0.46010436737667E-05 -0.77394159370140E-05  0.37838366958613E-05
 -0.16747305085272E-04 -0.11768582042779E-04 -0.98413073380355E-03
 -0.71172810912566E-04 -0.78206921807989E-04 -0.30780229654632E-03
 -0.15375672782727E-05 -0.14692115009130E-04 -0.98369799381229E-03
  0.69752348654642E-05 -0.96467290487669E-05 -0.54303143249619E-05
 -0.52923371002155E-04 -0.12770894438561E-04 -0.97829652768595E-03
 -0.51361758339136E-04 -0.27970268661778E-04 -0.97676310819380E-03
 -0.14935098372093E-04 -0.20036226052384E-04 -0.98394615314455E-03
  0.10187477403515E-04 -0.15894474793360E-04 -0.98349454634669E-03
  0.91236775023762E-05 -0.13226300424960E-04 -0.19065498610691E-04
 -0.55100858478944E-04 -0.47802215211361E-04 -0.24809603917377E-03
 -0.17407550632849E-04 -0.13573898591388E-04 -0.98377369069262E-03
  0.22208034054780E-04 -0.16158192788153E-04 -0.98289483552191E-03
  0.11613509273668E-04 -0.18878098444499E-04 -0.37468977688510E-04
 -0.75604212816225E-04 -0.92905299079056E-04 -0.34332373783736E-03
  0.34714172860529E-04 -0.15561198830061E-04 -0.98269903681700E-03
 -0.27823997389561E-04 -0.13553870457025E-05 -0.73950659498093E-04
 -0.81730539852562E-05 -0.51758503394090E-05 -0.19441074719542E-04
 -0.23240466192722E-04 -0.68526959290717E-04 -0.97667415385694E-03
  0.75430622480639E-05 -0.42323489238190E-04 -0.98530633602971E-03
 -0.43782451802437E-04  0.38348120057664E-04 -0.97421061633764E-03
 -0.38097277595889E-04  0.18862764879881E-04 -0.98473364921445E-03
  0.48209504110069E-04 -0.57429356117181E-05  0.38475681806196E-04
 -0.46873432722476E-04  0.10153198822445E-04 -0.99074835892499E-03
 -0.43597326505062E-04 -0.66909880571758E-04 -0.24764595809643E-04
  0.26841044464335E-04 -0.30372097828079E-04 -0.99171534802889E-03
  0.54225297987187E-04 -0.13087293781828E-03 -0.23654487100630E-03
 -0.36539237815292E-04  0.56772226869359E-06 -0.99174632169760E-03
 -0.29708549099179E-04 -0.52994082546029E-04  0.13770688877414E-04
 -0.58005938917694E-04 -0.78330957966154E-04 -0.68692161859750E-04
  0.21980577294749E-04 -0.54718075147321E-05  0.78992958078154E-04
 -0.24924402725094E-04 -0.85629993586800E-05 -0.99230715874672E-03
  0.10065796805182E-04 -0.72587429416780E-04 -0.98292466729969E-03
 -0.17246159269909E-04 -0.39119637505040E-04  0.44641426371481E-04
 -0.13021725027604E-04 -0.16988544460786E-04 -0.99251773629755E-03
  0.92898866859402E-05 -0.81596149671292E-05  0.91017181943807E-04
 -0.67337165206277E-05 -0.27185200035380E-04  0.67900029870982E-04
  0.17989847438549E-04 -0.60461720788515E-04 -0.98427564815706E-03
  0.51705850281264E-05 -0.12711378391749E-03 -0.17750502778930E-03
  0.20051081256631E-04 -0.24852344258089E-04 -0.99252516254826E-03
 -0.55959746950671E-04  0.19909992231003E-04 -0.98926974868024E-03
  0.28167957247825E-04 -0.36901443373804E-04 -0.99040632240182E-03
  0.21607389265323E-05 -0.75873181944551E-04 -0.98020398619478E-03
 -0.94744073098153E-04  0.33315790395301E-04 -0.31698451833477E-03
 -0.45841879024736E-04  0.10509854059656E-04 -0.98264032065929E-03
  0.95034281412426E-04 -0.69876139261062E-05 -0.15025453937715E-03
  0.17515244313926E-04 -0.44468416708041E-04 -0.98641203400991E-03
 -0.54242538711111E-04  0.41814589672161E-04 -0.97610690408137E-03
 -0.11396868245489E-03  0.72801480496948E-05 -0.30651669919295E-03
  0.69201413100695E-04 -0.11402590203530E-03 -0.30095944961838E-03
 -0.56053647562354E-04  0.27612550796068E-04 -0.17659075615762E-03
 -0.60172808968969E-04  0.42006003049757E-04 -0.97893423494530E-03
  0.11567122388467E-03 -0.10134309067988E-04 -0.11341721910568E-03
 -0.10127837157724E-03 -0.39428909303859E-04 -0.24250207983080E-03
 -0.98825072974573E-05 -0.74717699271517E-04 -0.97787292676621E-03
  0.24902105689376E-04 -0.42621562702098E-04 -0.98840507075057E-03
 -0.63086671911768E-04  0.38160930948359E-04 -0.98277803086034E-03
 -0.84395003587905E-04 -0.72278777829958E-04 -0.17312814636402E-03
 -0.61754202717555E-04  0.29522006379114E-04 -0.98662674850027E-03
  0.89181625123037E-04 -0.85659932062569E-05 -0.38373129936218E-04
 -0.70981988262142E-04 -0.82819702515341E-04 -0.11692692526190E-03
  0.86957953918189E-04 -0.12765162226757E-03 -0.28851492726789E-03
 -0.12055031403981E-05 -0.24610859034018E-04 -0.99294318863593E-03
  0.68397373805166E-04 -0.94756089372558E-05 -0.97904872777278E-03
 -0.52218626828780E-04 -0.18260608294446E-04 -0.18895558635694E-03
 -0.19255371293026E-05 -0.12767713581812E-04 -0.98305240127831E-03
  0.56053610341550E-05 -0.71432784529753E-04 -0.98718244049098E-03
  0.11287440260141E-03 -0.21180595526177E-04 -0.13107542673723E-03
  0.99489365798706E-05 -0.69490545382298E-04 -0.98818561276340E-03
 -0.45776077526485E-05 -0.70830583234474E-04 -0.98524612300313E-03
  0.75023295140234E-04 -0.16349943084526E-04 -0.15916566471073E-03
 -0.13956386437934E-05 -0.72592594898063E-04 -0.40712713286158E-04
  0.68231928181152E-05 -0.61807705800751E-04 -0.98989633305298E-03
 -0.15995265191309E-04 -0.65502986679963E-04 -0.98421783926743E-03
  0.74978217734273E-05 -0.10130757375471E-04 -0.17320922806322E-03
 -0.26430743025894E-04 -0.56526643703218E-04 -0.98375445690855E-03
 -0.25951045208911E-04 -0.91733805313386E-04 -0.64688324814607E-04
 -0.41726634955402E-04 -0.77201510269555E-05 -0.17325101336101E-03
  0.37076524351676E-04 -0.57904463951775E-04 -0.52844300966536E-04
 -0.12663972097603E-06 -0.51676054558263E-04 -0.99061836231866E-03
 -0.43436246677213E-04 -0.92822706943416E-05 -0.13650958800721E-03
 -0.37296265753113E-04 -0.30991422342871E-04 -0.98271945295891E-03
 -0.41057871817270E-04 -0.10506233817742E-03 -0.98977107671888E-04
 -0.19069576330647E-04 -0.15098621737366E-04 -0.84198631531145E-04
 -0.95876512157059E-05 -0.39401970890805E-04 -0.99017456045981E-03
 -0.37368746294501E-04 -0.20069673757432E-04 -0.98302834870104E-03
 -0.18072200121168E-05 -0.23345684379984E-04 -0.62677321184090E-04
 -0.46446401739562E-04 -0.10599247883009E-03 -0.12708126861665E-03
 -0.32487679371204E-04 -0.13140890617630E-04 -0.98336282285844E-03
  0.46831665369719E-05 -0.32636179377511E-04 -0.75779234281627E-04
 -0.18123046291485E-04 -0.26663612149448E-04 -0.98898262863066E-03
 -0.23084692721166E-04 -0.89206006405683E-05 -0.98326830699082E-03
 -0.33541431012823E-04 -0.44015730103108E-04 -0.98325615928687E-03
  0.75817455591272E-05 -0.40819703134357E-04 -0.10349723562415E-03
  0.98959091491337E-04 -0.21005567326233E-04 -0.68316844232106E-04
 -0.10735698806262E-03 -0.45598670847988E-04 -0.20011460410815E-03
 -0.47178865419760E-04 -0.36513397106888E-04 -0.23694803256857E-03
 -0.35691647070890E-04 -0.62710507108952E-04 -0.97958088957073E-03
 -0.46360950445792E-04  0.97720991164832E-05 -0.98799139096902E-03
 -0.58564053670003E-04 -0.94210256164928E-04 -0.12638709842950E-03
  0.87115167461363E-05 -0.35102168437624E-04 -0.21644024146226E-03
 -0.39352596030897E-04 -0.22263282622809E-05 -0.98903374718635E-03
 -0.55479972073730E-04 -0.96149891179725E-04 -0.10092283164989E-03
 -0.24044834066721E-04 -0.74238151237423E-04 -0.98017186336066E-03
 -0.30742332121553E-04 -0.14115578600343E-04 -0.99003119862105E-03
 -0.45638486815144E-04 -0.87756960898652E-04 -0.65638546539690E-04
  0.76829391676782E-04 -0.42177974896552E-04 -0.19740648582286E-03
 -0.20159091610998E-04 -0.25267069061822E-04 -0.99118177828979E-03
  0.12601459411298E-04 -0.67851538412986E-04 -0.98899717122869E-03
 -0.30756449080110E-04 -0.71910280961670E-04 -0.22894081695452E-04
 -0.85881949191406E-05 -0.35608563816771E-04 -0.99192649131405E-03
 -0.14119764140880E-04 -0.52910209879716E-04  0.17458337790025E-04
  0.10842834804851E-03 -0.50459360329373E-04 -0.17012041126814E-03
  0.30735453792731E-05 -0.45070160981769E-04 -0.99213943435597E-03
  0.30498842163760E-05 -0.35506545626190E-04  0.44308660413602E-04
 -0.19284924854251E-06 -0.80621104888741E-04 -0.98395209218356E-03
  0.11634786200480E-04 -0.53304236051480E-04 -0.99157642500568E-03
  0.23697391148208E-04 -0.23426536905741E-04  0.44802728964314E-04
  0.84574485189926E-04 -0.53639220229756E-04 -0.11071945051539E-03
  0.68098951944374E-05 -0.76594095147104E-04 -0.98598403955297E-03
  0.15200497273747E-04 -0.60974289934534E-04 -0.99057446208639E-03
  0.57387882800144E-04 -0.19203672624113E-04  0.54930397913726E-05
 -0.10997317131386E-04 -0.80061522297686E-04 -0.98166436972915E-03
 -0.53070738123675E-04 -0.81653581267924E-04 -0.14489664096129E-03
 -0.43070668875299E-04 -0.93296280052403E-04 -0.14488251842433E-03
 -0.25727237946380E-04 -0.13558566977777E-04 -0.98731661286970E-03
 -0.19938758407702E-04 -0.71457171844371E-04 -0.21306912220539E-04
  0.25012994362863E-05 -0.44374944649403E-04 -0.14852614574357E-03
 -0.23833380220962E-04 -0.12611779435723E-05 -0.98310156958140E-03
  0.53954743398386E-05 -0.54840749508773E-04 -0.99129979656924E-03
  0.98358774652437E-06 -0.50999937566172E-04  0.81658879594977E-05
  0.11331767172662E-04 -0.63163998776530E-04 -0.99012975191211E-03
  0.31671756395221E-05 -0.46450262053502E-04 -0.13090054797545E-03
  0.30282177103954E-04 -0.36122430221491E-04  0.59727573533925E-05
 -0.34155274503881E-04 -0.77864800403485E-05 -0.98329568003716E-03
  0.11037032713251E-04 -0.70398428007913E-04 -0.98844607502894E-03
  0.72195089114171E-04 -0.31411434598195E-04 -0.42724230532736E-04
  0.61934504853142E-05 -0.76388045668361E-04 -0.98668521155420E-03
 -0.42197687964751E-05 -0.43982960567693E-04 -0.99163486001551E-03
  0.29705361810366E-07 -0.42651912520371E-04 -0.11399751812002E-03
 -0.40814146467199E-04 -0.15268149629580E-04 -0.98297653820033E-03
 -0.30448327863565E-05 -0.78371519853779E-04 -0.98476303944427E-03
  0.10069490157530E-03 -0.28153915572969E-04 -0.15924877702473E-03
 -0.12499776903822E-04 -0.34099640880606E-04 -0.11599230757863E-03
 -0.14810951546279E-04 -0.74977972201892E-04 -0.98295936573398E-03
  0.43806625738134E-04 -0.20199699014873E-04 -0.17916985294410E-03
 -0.43313829080259E-04 -0.25670608296329E-04 -0.98214566994385E-03
 -0.26986833142866E-04 -0.66960542463644E-04 -0.98195723401127E-03
 -0.22613307622546E-04 -0.16229962567952E-04 -0.19476031401013E-03
 -0.37415822164814E-04 -0.25012483167424E-04 -0.14995706989717E-03
 -0.36557320241987E-04 -0.54393272761474E-04 -0.98156350234359E-03
 -0.41757823490655E-04 -0.39599870368853E-04 -0.98149726096085E-03
  0.10880031565444E-03 -0.31950442603734E-04 -0.11380582329484E-03
 -0.11896649261653E-04 -0.46712087983237E-05 -0.98275655452882E-03
 -0.11250622866253E-04  0.47127254715314E-05 -0.98283948453740E-03
 -0.15290546299285E-04 -0.32164668878412E-04 -0.99070900627745E-03
  0.94112125192641E-05 -0.44932774344920E-04 -0.12985974551895E-03
  0.98746389302441E-06  0.62420553791289E-07 -0.98242662505050E-03
  0.99677277047869E-05 -0.43766045487278E-04 -0.14888752315707E-03
 -0.31717231321577E-04 -0.70167676091513E-04 -0.15441809980141E-03
  0.13914796048314E-04  0.54361621227857E-05 -0.98221944580425E-03
 -0.30924641466379E-04 -0.44480242307540E-06 -0.98603009168653E-03
  0.68046110757621E-05 -0.35888751160149E-04 -0.16030636051353E-03
  0.27314094713589E-04  0.10745246983666E-04 -0.98234708091383E-03
  0.14401459751576E-05 -0.19502941884858E-04 -0.16601903630281E-03
 -0.24541695047977E-04  0.33139036188082E-04 -0.16188865981138E-03
  0.27308184945629E-04  0.20483190516160E-04 -0.98310931408967E-03
  0.39825049418664E-04  0.15548988942528E-04 -0.98278091627249E-03
 -0.37280822336523E-04 -0.90468027697856E-04 -0.62785436795626E-04
 -0.66921025747438E-05  0.45739320543819E-05 -0.16711775974267E-03
 -0.43351090836942E-04  0.17098941271620E-04 -0.98606180256852E-03
 -0.36157479339821E-04 -0.64003092778519E-04 -0.15421008356821E-03
  0.15844310462297E-04  0.14942976410594E-04 -0.98252441312277E-03
 -0.39285693381373E-04  0.45531824216041E-05 -0.98692511335239E-03
 -0.47681052540285E-04 -0.86222388683313E-04 -0.14412667580246E-03
 -0.84988582993144E-05 -0.16846246380332E-04 -0.16477061545896E-03
 -0.33411506179803E-04 -0.80505896172854E-05 -0.98784836590970E-03
 -0.52131657274660E-04 -0.99128304013544E-04 -0.12803038675485E-03
  0.23741780481642E-05  0.10551124818159E-04 -0.98281903644041E-03
 -0.25175533033536E-04 -0.20084038193633E-04 -0.98908601366722E-03
 -0.48672548756745E-04 -0.10055180150385E-03 -0.10093077838414E-03
 -0.12544642625715E-05 -0.34890704401634E-04 -0.16002573095851E-03
 -0.16513588715754E-04  0.63270310723549E-05 -0.16485884407924E-03
 -0.51083422050355E-04  0.22025211598602E-04 -0.98670146263153E-03
 -0.41640627109298E-04 -0.58668829185665E-04 -0.16144463854120E-03
 -0.43409989450056E-04 -0.48159473034348E-04 -0.97988329725110E-03
 -0.59993948859151E-04  0.36934267619879E-04 -0.98427157902479E-03
 -0.63534851550173E-04 -0.74183464902682E-04 -0.16299513880413E-03
  0.94062104549174E-04 -0.80559283372554E-04 -0.23746632177083E-03
 -0.55161204788899E-05 -0.79899715947938E-04 -0.98079847872835E-03
 -0.57285751312952E-04  0.26346863385907E-04 -0.98704609824360E-03
 -0.51971991207337E-04  0.15039073825448E-04 -0.98875881447694E-03
  0.90512323059602E-04 -0.88599614458113E-04 -0.19926399815860E-03
 -0.61431409813853E-04 -0.91565187755407E-04 -0.10004154241014E-03
  0.37521900366535E-05 -0.78375177404589E-04 -0.98356160125268E-03
 -0.44239831420921E-04  0.38083856239599E-05 -0.99022797643384E-03
 -0.51986822795856E-04 -0.84792566736716E-04 -0.64222015171170E-04
 -0.34466822738612E-04 -0.71879821106061E-05 -0.99131485489763E-03
 -0.18253698839377E-04 -0.76524087132188E-04 -0.97868058393010E-03
  0.44385215331044E-04 -0.92054676562085E-04 -0.13777978558711E-03
  0.94303788757017E-05 -0.72642660038194E-04 -0.98578492144430E-03
 -0.23016557656218E-04 -0.17712303351083E-04 -0.99175433570079E-03
 -0.23738739146039E-04 -0.54370792528266E-04  0.14012884635218E-04
 -0.18582640346240E-05 -0.10017950140612E-03 -0.10424353001720E-03
 -0.11809657782886E-04 -0.26870394905415E-04 -0.99209500805613E-03
 -0.97742792142292E-05 -0.37884833410858E-04  0.47354798967986E-04
  0.93994154957820E-05 -0.65388715268869E-04 -0.98758451606671E-03
  0.30778643747099E-06 -0.34885934558702E-04 -0.99254106414991E-03
  0.34172327668886E-05 -0.24557954341425E-04  0.68668132892376E-04
 -0.28168106743572E-04 -0.11014633043507E-03 -0.10888294214878E-03
  0.10729918270100E-04 -0.42134807510332E-04 -0.99232186894544E-03
  0.45066276704972E-05 -0.56827435571498E-04 -0.98903493260955E-03
 -0.38760527257913E-04 -0.71214911979565E-04 -0.25321429467700E-04
  0.18275866782261E-04 -0.15640188269724E-04  0.70370516418720E-04
 -0.62824856207039E-04 -0.41747734841402E-04 -0.20543168583774E-03
  0.44524330975434E-04 -0.69939703060607E-04 -0.25196434520886E-03
 -0.49685001403156E-04 -0.10141608545423E-04 -0.98050520024869E-03
  0.99877887360304E-05 -0.22410165070225E-04 -0.44410162806990E-04
  0.11023055269588E-04 -0.11532661253516E-04 -0.98296919659341E-03
  0.13394630196774E-04 -0.30525513257516E-04 -0.69570983646139E-04
 -0.36403976761600E-04 -0.66020828905227E-04 -0.23496555910015E-03
  0.24003643309854E-04 -0.94409745322652E-05 -0.98272288600892E-03
 -0.50779122034019E-04 -0.24391195773907E-04 -0.97940346215144E-03
  0.17280342697531E-04 -0.38142587274680E-04 -0.96042823509711E-04
  0.37183914908121E-04 -0.61412743485397E-05 -0.98269229587811E-03
  0.21299400125309E-04 -0.43742257372755E-04 -0.12255561096711E-03
 -0.60748779928250E-04 -0.73831717938018E-04 -0.28208778018517E-03
 -0.47997289503512E-04 -0.39812727861661E-04 -0.97877036312420E-03
 -0.57208137976670E-04  0.45124409108680E-04 -0.98108027317090E-03
  0.50388596551055E-04 -0.29764662364709E-05 -0.98251956338444E-03
 -0.63716255918770E-04 -0.71443229256623E-04 -0.29972018184609E-03
  0.62739495874551E-04  0.91805362639461E-06 -0.98163675244258E-03
  0.22936471606166E-04 -0.37249343303459E-04 -0.16943605475946E-03
 -0.41019359851328E-04 -0.54825464107260E-04 -0.97779910528297E-03
  0.73302792657561E-04  0.44024087409652E-05 -0.97918564517309E-03
  0.21548385944186E-04 -0.18973434780923E-04 -0.18905472511545E-03
 -0.22572622819760E-04 -0.66668879948693E-04 -0.27733679935108E-03
  0.78869337179790E-04  0.91981733627526E-05 -0.97707608873991E-03
  0.24182131513951E-04  0.11677866608937E-04 -0.21145877560982E-03
 -0.30549741883883E-04 -0.67467093909121E-04 -0.97781756935512E-03
 -0.50414163882191E-04  0.49028440689822E-04 -0.97808595992870E-03
 -0.71364811310669E-04  0.78099416353583E-05 -0.26885490712511E-03
  0.23710803418872E-04 -0.45388384996695E-04 -0.14725781290459E-03
  0.17332299490130E-04 -0.48748416870382E-04 -0.99192167108112E-03
  0.43433232764087E-04 -0.12200561775080E-04  0.40252756371035E-04
 -0.38725403678920E-04 -0.11215972744166E-03 -0.12724681483428E-03
 -0.12606143086925E-04 -0.10678192094312E-04 -0.98297936497957E-03
 -0.84011127610971E-05 -0.37002611682509E-04 -0.16158787929643E-03
  0.97214842534720E-05 -0.32199363273904E-04 -0.73824791851532E-04
 -0.35082268614323E-04  0.88838857054953E-06 -0.98296227463192E-03
 -0.54390998213281E-06 -0.79082478260565E-05 -0.98273396349586E-03
  0.13021381536555E-04 -0.39803439089345E-04 -0.10281121047415E-03
  0.12446258493044E-04 -0.46635839735675E-05 -0.98252964355235E-03
 -0.50184231231989E-05 -0.49222755195879E-04 -0.15942027416651E-03
  0.16177461348920E-04 -0.45362684479847E-04 -0.12758690806124E-03
 -0.43253676054997E-04 -0.82688442499311E-05 -0.98229289270689E-03
  0.25622296379467E-04 -0.19791303554903E-06 -0.98246590939337E-03
  0.17402613155706E-04 -0.45590224977356E-04 -0.14681352542005E-03
  0.65581397237586E-05 -0.23539997420895E-04 -0.45343673421164E-04
 -0.11654016875239E-04 -0.53515553434902E-04 -0.16587463840973E-03
  0.15338965986312E-04 -0.38063579727681E-04 -0.16090225565259E-03
 -0.47117127207976E-04 -0.19407048628268E-04 -0.98144506661511E-03
  0.52393039481157E-04  0.91580694739478E-05 -0.98256239645295E-03
  0.93751972845075E-05 -0.21110282571068E-04 -0.16910676850894E-03
 -0.33181218546976E-04 -0.51000093943621E-04 -0.19314522951768E-03
  0.64689429915107E-04  0.13387716389131E-04 -0.98165088426990E-03
 -0.47100183360923E-04 -0.32798523698372E-04 -0.98076906680425E-03
  0.12690574815848E-05  0.40937022609601E-05 -0.17230420231682E-03
 -0.51768516377332E-04  0.44799702399530E-04 -0.98275520708485E-03
 -0.29384216996572E-04 -0.26009755987263E-04 -0.18644243602602E-03
 -0.56839278569727E-04 -0.44019677019624E-04 -0.22937757262286E-03
 -0.53677790650237E-04  0.34427248811800E-04 -0.98508047735551E-03
  0.38917608491952E-04  0.48512265252068E-05 -0.98270091405623E-03
 -0.22930729061810E-04 -0.13048906233777E-04 -0.98309203357921E-03
 -0.23920076074453E-04  0.85197233988203E-05 -0.98361980697948E-03
 -0.16629698962807E-04 -0.17936980953785E-04 -0.16402823721883E-03
  0.17996518166593E-04 -0.56120565265324E-04 -0.99039216080228E-03
 -0.31198750788710E-05 -0.46183708568339E-04 -0.98899129757941E-03
  0.83036040091064E-04 -0.14323408562451E-04 -0.29228692926008E-04
  0.14261549234182E-04 -0.61662109939741E-04 -0.98866538220448E-03
  0.11383076884877E-03 -0.16723588795127E-04 -0.10516858003529E-03
 -0.37449907921429E-04 -0.10090118776356E-03 -0.14327383898904E-03
 -0.10003239813678E-04 -0.33569832665131E-04 -0.98835993300534E-03
  0.58143136852627E-05 -0.63472231545370E-04 -0.98665384572633E-03
  0.98320242436495E-04 -0.14920796502888E-04 -0.14679960787633E-03
 -0.27858269303833E-04 -0.78837417644151E-04 -0.15406783694467E-03
 -0.44035885152470E-05 -0.60219789055652E-04 -0.98534598942848E-03
  0.39959720824198E-04 -0.89364968057305E-05 -0.16226960620673E-03
 -0.15998466748077E-04 -0.20327043885593E-04 -0.98683377543726E-03
 -0.15227669955893E-04 -0.53664366377842E-04 -0.98455027035742E-03
 -0.22249698543817E-04 -0.42941820930056E-05 -0.16824607144272E-03
 -0.35361810774872E-04  0.34163065615388E-04 -0.16077133465664E-03
 -0.23249766502048E-04 -0.43861993281254E-04 -0.98454003056566E-03
 -0.46022564881799E-04 -0.29767852298616E-05 -0.14469202183760E-03
  0.24979334184578E-05  0.19360758713578E-04 -0.98380484285649E-03
 -0.28637031649852E-04 -0.33305158295488E-04 -0.98365641294284E-03
 -0.29496627978792E-04 -0.55830135566746E-05 -0.86996805102758E-04
 -0.26425118651135E-04  0.73375369893152E-05 -0.16415849086402E-03
 -0.31420778064661E-04 -0.23441827480221E-04 -0.98307487972335E-03
 -0.75458244871782E-05 -0.98393558107016E-05 -0.38743136267538E-04
 -0.10912237274767E-04  0.14476060225886E-04 -0.98382377138824E-03
 -0.29896178429449E-04 -0.16656177933330E-04 -0.98307018002737E-03
  0.25291423054351E-05 -0.15935424284609E-04 -0.28249158093273E-04
 -0.22340645488224E-04 -0.48514007789810E-04 -0.19639121295438E-03
 -0.64643008595835E-04 -0.89178734287891E-04 -0.13147980809001E-03
 -0.88633698730051E-04 -0.78419964320038E-04 -0.34075854286899E-03
 -0.13848257060221E-03 -0.15318235091561E-04 -0.29149389219112E-03
  0.31862580969451E-04  0.15003011548826E-04 -0.16020943083898E-03
 -0.10633224516985E-05 -0.93453153014018E-05 -0.98470446064997E-03
  0.34142692425671E-04  0.27327259517526E-04 -0.14694274090877E-03
 -0.31628211982028E-05  0.22029109461775E-05 -0.98454625959202E-03
  0.30745689369680E-04  0.29924600577059E-04 -0.12102588424000E-03
 -0.38488146299707E-05  0.13722964559815E-04 -0.98440148071560E-03
  0.22170119413893E-04  0.23984698381968E-04 -0.88086562293816E-04
 -0.35852029550255E-05  0.24021430163258E-04 -0.98401915080507E-03
  0.10763564780133E-04  0.15285411359136E-04 -0.62848956711984E-04
 -0.62050716953177E-06  0.32586195631141E-04 -0.98372500780549E-03
 -0.55092721848784E-05  0.11883608831563E-04 -0.66929309178663E-04
  0.44432769464193E-05  0.37724985415193E-04 -0.98366627828185E-03
 -0.27148529765052E-04  0.17734310487960E-04 -0.11050820409540E-03
  0.10585298846137E-04  0.38325870131694E-04 -0.98443973625316E-03
 -0.36347094349689E-04  0.26454362465717E-04 -0.16136809990023E-03
  0.12302569103364E-05 -0.21270520267301E-04 -0.98484675399473E-03
  0.17095626477359E-04  0.36256269318823E-04 -0.98501963663841E-03
  0.22509748507127E-04 -0.70854098326003E-05 -0.16359659470947E-03
  0.92091965089179E-05 -0.34558027218972E-04 -0.16109434239417E-03
  0.40053293657996E-04  0.35735042745747E-04 -0.98789767370828E-03
 -0.41599038539071E-04  0.87160158768426E-04 -0.74514581633001E-04
  0.31088224956186E-04  0.34685006362174E-04 -0.98713066246407E-03
 -0.50786534691148E-04  0.92883545211227E-04 -0.10709250609571E-03
  0.21081705699464E-04  0.33560931010778E-04 -0.98648748986956E-03
 -0.56020190306426E-04  0.89248332033636E-04 -0.12993105100209E-03
  0.10773113420538E-04  0.31619728352514E-04 -0.98604481399566E-03
 -0.57075284267679E-04  0.78278159550900E-04 -0.14546448883805E-03
 -0.50840082919851E-06  0.28066407661500E-04 -0.98549029496245E-03
 -0.52993212445430E-04  0.59321515843690E-04 -0.15508007313787E-03
 -0.12738985715246E-04  0.22940196578031E-04 -0.98515870564598E-03
 -0.13118802017798E-04 -0.94296179827996E-04 -0.16563533821959E-03
  0.14897166210633E-04 -0.53656894079343E-04 -0.98603050192620E-03
 -0.47114230224632E-05 -0.65180799413370E-04 -0.15976990576308E-03
  0.96439130473479E-05 -0.43941966991890E-04 -0.98629695146451E-03
  0.49901839421581E-05 -0.32392406531860E-04 -0.98575015601673E-03
 -0.30795507896342E-04  0.73847505040951E-04 -0.37503862860396E-04
 -0.54125713496359E-05  0.29862210609706E-04 -0.18015740759315E-03
  0.58162716095134E-04  0.29921036817082E-04 -0.17852207691344E-03
 -0.42087532200644E-04  0.58666362689097E-04 -0.15520860030058E-03
  0.14408826506080E-04  0.24451035288378E-04 -0.98368825094505E-03
 -0.95748728494753E-05 -0.57600692733034E-04 -0.15812958024747E-03
 -0.60042755450157E-05 -0.27047989817674E-04 -0.98623828227294E-03
  0.56668836358628E-05 -0.26950091388909E-04 -0.16375228736414E-03
 -0.93079852859746E-05 -0.14067686693037E-04 -0.98547126757572E-03
  0.19546228999436E-04  0.43449585218608E-06 -0.16639520194501E-03
 -0.11889626307570E-04 -0.12969842769516E-05 -0.98465138822869E-03
  0.29005626025698E-04  0.21318449731623E-04 -0.16061938716028E-03
 -0.13504097494921E-04  0.11194243743774E-04 -0.98461194246090E-03
  0.31615215476788E-04  0.32079202081082E-04 -0.14474220860121E-03
 -0.14188676657709E-04  0.22285972086601E-04 -0.98417746006267E-03
  0.26800397820599E-04  0.31992743967697E-04 -0.12079560597776E-03
 -0.12879870480692E-04  0.32121897050283E-04 -0.98397370310520E-03
  0.14268065693207E-04  0.26872835744791E-04 -0.10355821861315E-03
  0.25499778050934E-04  0.29469430371989E-04 -0.98416250575027E-03
  0.25713469414893E-04  0.32379525206732E-04 -0.98513562323659E-03
 -0.45442979210437E-04  0.79556008787370E-04 -0.14698738919478E-03
 -0.46061027847847E-04  0.93102549254398E-04 -0.13208544865825E-03
  0.36144597185789E-04  0.28368593564666E-04 -0.98528413865965E-03
  0.11043800013337E-03  0.33316442579906E-04 -0.17445735015571E-03
  0.47230932996287E-04  0.26953563820362E-04 -0.98600949077007E-03
  0.10964927458801E-03  0.40239833999741E-04 -0.14711211250874E-03
  0.56100043975980E-04  0.28409652205211E-04 -0.98641854490753E-03
  0.61191319674835E-04  0.48600260543872E-04 -0.89631479247768E-04
  0.62038625625499E-04  0.32485705395568E-04 -0.98645216429496E-03
  0.11148267347474E-04  0.60082006654109E-04 -0.49005613911434E-04
  0.63956471643173E-04  0.35908217367264E-04 -0.98638028289189E-03
 -0.17858974956583E-04  0.75535605164465E-04 -0.49622328411046E-04
  0.61227482165631E-04  0.37276812848179E-04 -0.98645757006280E-03
 -0.33668751368268E-04  0.89505071490826E-04 -0.75909197824580E-04
  0.54126803272792E-04  0.37006327326774E-04 -0.98635722037289E-03
 -0.42303747027694E-04  0.96044002197184E-04 -0.10764732641367E-03
  0.45835274851743E-04  0.34904629531619E-04 -0.98588286878588E-03
  0.36055452189212E-04  0.33131797194365E-04 -0.98544675417781E-03
 -0.77871615016285E-05  0.39993495174142E-04 -0.98366383450561E-03
  0.49356805331169E-04  0.35415239574597E-04 -0.98869575830233E-03
  0.56135484151018E-04  0.32699374581549E-04 -0.98896869779197E-03
 -0.14789943400929E-04  0.41217745327917E-04  0.28990802919136E-04
  0.36796636882202E-04  0.30932663274362E-04 -0.99022365681538E-03
 -0.25812778828045E-04  0.54806767140940E-04  0.74859025983711E-06
  0.26189258906118E-04  0.33212793233311E-04 -0.98937333459611E-03
 -0.37555178098444E-04  0.69445372077890E-04 -0.34433156677858E-04
  0.15393888904648E-04  0.33643585220392E-04 -0.98857666663804E-03
 -0.49567657722027E-04  0.80959048641626E-04 -0.70580129158561E-04
  0.51099989272040E-05  0.32959814350614E-04 -0.98818673609488E-03
 -0.60112657305024E-04  0.87161848338775E-04 -0.10329592882546E-03
 -0.52578940466293E-05  0.32340905384568E-04 -0.98773077313363E-03
 -0.66186162455741E-04  0.86521492929895E-04 -0.12896641608298E-03
 -0.16544432517772E-04  0.29715516072013E-04 -0.98734122314214E-03
 -0.66814733437413E-04  0.76191890781516E-04 -0.14734197824470E-03
 -0.27845549286482E-04  0.24640377388778E-04 -0.98593657171233E-03
  0.23149585586030E-04 -0.10633063179672E-03 -0.22673955848930E-03
  0.46395099850702E-04  0.26896396810815E-04 -0.99073503612209E-03
  0.26135050312159E-04 -0.58286522672759E-04 -0.98139688125300E-03
 -0.18186011858021E-05  0.29956474391471E-04  0.43769994140066E-04
  0.21467863155916E-04  0.21494083785628E-04  0.30997059553085E-04
  0.11733839750729E-04  0.24764870881419E-04 -0.98429042805416E-03
 -0.31867208982117E-04  0.11202446891766E-04 -0.99636567209895E-04
  0.14272815810085E-04  0.23141098824210E-04 -0.98510932109694E-03
 -0.33853461858017E-04  0.17825299911461E-04 -0.15007625430162E-03
  0.18433367857971E-04  0.18783775622501E-04 -0.98567258725598E-03
  0.32442588850924E-05  0.18791549412317E-04 -0.16493791394620E-03
  0.26221305277505E-04  0.13361684095717E-04 -0.98604900562887E-03
  0.66305408261655E-04  0.16125172600782E-04 -0.15972763299388E-03
  0.35079926668112E-04  0.90706669468903E-05 -0.98679967071332E-03
  0.11427051205148E-03  0.13618993785091E-04 -0.14505057253670E-03
  0.43753819140851E-04  0.78209212283516E-05 -0.98803419296354E-03
  0.10993941755247E-03  0.13791817717367E-04 -0.97552347701916E-04
  0.50200854185457E-04  0.10835491073393E-04 -0.98918436250613E-03
  0.64367525227319E-04  0.16305479214465E-04 -0.22481617751716E-04
  0.53581104201238E-04  0.16648233626977E-04 -0.98979128334453E-03
  0.52325384680961E-04  0.22372645938349E-04 -0.99035328309737E-03
 -0.17697767106523E-04  0.57850509934226E-04 -0.51061041311507E-05
  0.11361529452347E-04 -0.71070579158238E-04 -0.18462417393562E-03
  0.16812875264121E-04 -0.39520757129680E-04 -0.16862026344811E-03
 -0.36069912619530E-04  0.17657695650070E-04 -0.12815451406940E-03
  0.16131042538148E-04  0.29647931259445E-04 -0.98513453732428E-03
 -0.23035811899305E-04  0.23124460473400E-04 -0.16388346523348E-03
  0.23017753746790E-04  0.25438410105443E-04 -0.98578451200029E-03
  0.29625901751812E-04  0.22758102337042E-04 -0.16751615884992E-03
  0.32086954106796E-04  0.21117268011649E-04 -0.98626772330147E-03
  0.92557608928282E-04  0.20741639192141E-04 -0.16161853826965E-03
  0.41954958066386E-04  0.18451555815097E-04 -0.98696615308851E-03
  0.11882463774533E-03  0.21859879014416E-04 -0.13992457364696E-03
  0.50587461018870E-04  0.19118998742542E-04 -0.98779242378497E-03
  0.88879202777926E-04  0.25521578945973E-04 -0.81620649481576E-04
  0.56356074240769E-04  0.22978180232760E-04 -0.98844002424478E-03
  0.36580117711265E-04  0.31821326926496E-04 -0.17619773408194E-04
  0.58779631681760E-04  0.28456764991414E-04 -0.98876329967344E-03
  0.82518008923189E-06  0.42434034106353E-04  0.75979241966442E-05
  0.11908393406044E-04  0.31952845491738E-04 -0.98439526231750E-03
  0.25420499131609E-04 -0.54219884364628E-04 -0.98348211228025E-03
 -0.20181963534524E-04  0.85971995474403E-05 -0.70220263375765E-04
 -0.31289084488848E-05  0.41853102457925E-05 -0.33975272390741E-04
  0.21869338662686E-04 -0.47651337001610E-04 -0.98489572022555E-03
  0.27186086773743E-04 -0.12924712896349E-04 -0.16293131047210E-03
  0.17494457753869E-04 -0.38042892769831E-04 -0.98530444429531E-03
  0.34879287644932E-04  0.80519507513512E-05 -0.15718046780593E-03
  0.12986928812750E-04 -0.27492535318113E-04 -0.98502703134528E-03
  0.37524378191311E-04  0.21498196102412E-04 -0.14505170371439E-03
  0.92523169290468E-05 -0.17069172041987E-04 -0.98461024523571E-03
  0.33983346975920E-04  0.26294927908453E-04 -0.12276723963504E-03
  0.62957779787526E-05 -0.67267840659886E-05 -0.98408495304228E-03
  0.26374254010228E-04  0.23722940352620E-04 -0.91225280054106E-04
  0.52147206845076E-05  0.41885201551067E-05 -0.98417165656154E-03
  0.16534251328777E-04  0.15658651855886E-04 -0.57772165340211E-04
  0.46618165132494E-05  0.14615615929308E-04 -0.98388004063475E-03
  0.73457372585296E-05  0.73878358791452E-05 -0.33541264343381E-04
  0.55275740773641E-05  0.23773857103825E-04 -0.98370593544973E-03
  0.81506130059705E-05  0.30313598979307E-04 -0.98367174247200E-03
 -0.81355181215252E-05  0.26262082496034E-04 -0.11790019346031E-03
 -0.53578407648436E-06  0.44157714294627E-04 -0.98358318878037E-03
 -0.32810411328565E-04  0.33876265307474E-04 -0.16576602186737E-03
 -0.29605896592032E-04  0.55339767620480E-04 -0.98019675597045E-03
 -0.31940745888882E-04  0.99129801520525E-04 -0.33199393300786E-03
 -0.17520179672624E-04  0.54906438459775E-04 -0.97921162250811E-03
 -0.21642275446335E-04  0.11031896795199E-03 -0.34699550259411E-03
 -0.29813543327140E-05  0.51472123950846E-04 -0.97806157194346E-03
  0.21521172035680E-04  0.10820390667910E-03 -0.32466313848459E-03
  0.13252063737639E-04  0.45284828986717E-04 -0.97729150599397E-03
  0.64169193040243E-04  0.10908920184294E-03 -0.31875051070460E-03
  0.30062991569203E-04  0.38029916479262E-04 -0.97633885730989E-03
  0.90850136229483E-04  0.11554033152737E-03 -0.33260787654869E-03
  0.48203187323766E-04  0.31656650335289E-04 -0.97542509711962E-03
  0.91390196837441E-04  0.11404561649116E-03 -0.33173764389254E-03
  0.63296667682451E-04  0.25375696357502E-04 -0.97460925896797E-03
  0.66632778782178E-04  0.91757332528878E-04 -0.29520570234306E-03
  0.74033639747629E-04  0.20186216936756E-04 -0.97467501225900E-03
 -0.10796630565690E-04  0.67478582369375E-04 -0.26791138075113E-03
  0.38708846575732E-04  0.51879628148559E-04 -0.24664858868092E-03
 -0.38725480321918E-04  0.51212607314442E-04 -0.98194400395068E-03
 -0.43879852928021E-04  0.41926404898234E-04 -0.98426213284820E-03
  0.10076254145863E-03  0.11744053173249E-03 -0.32081081825237E-03
  0.45571238379423E-04  0.37279878018742E-04 -0.97828066696220E-03
  0.99736276902144E-04  0.12750698218739E-03 -0.32397143584005E-03
  0.59856722485487E-04  0.33303459607430E-04 -0.97711031503795E-03
  0.60910919580082E-04  0.12348429565206E-03 -0.28349662791781E-03
  0.71297272917980E-04  0.29964116746753E-04 -0.97692987044131E-03
  0.17063447891983E-04  0.10126327617889E-03 -0.22794878255778E-03
  0.77805708714705E-04  0.27026304753548E-04 -0.97733652739701E-03
 -0.44555766606473E-05  0.68750770751431E-04 -0.19192772667680E-03
  0.78835921455141E-04  0.23195550334197E-04 -0.97871492805211E-03
 -0.59599773364696E-05  0.35703704886502E-04 -0.17687585692368E-03
  0.73750707067696E-04  0.18987017188516E-04 -0.98047754875771E-03
 -0.19583342992854E-04 -0.35654117793196E-04 -0.16320153271740E-03
 -0.45026357069498E-04  0.29625913278878E-04 -0.98570170823097E-03
 -0.37281815932404E-05 -0.38402904167939E-05 -0.17812042509217E-03
  0.26802720659785E-05  0.30348767833582E-04 -0.20901803671835E-03
  0.30059612060093E-04  0.42543219408658E-04 -0.97945846688233E-03
  0.79234783045007E-04  0.14499338501287E-04 -0.97527332478418E-03
 -0.45645700682041E-04  0.51849333940858E-04 -0.98033007502276E-03
 -0.27122988420860E-04  0.43318031114976E-04 -0.97440834551648E-03
 -0.84680840083827E-05  0.48642741054621E-04 -0.28334821395080E-03
 -0.98630881973885E-05  0.35163272298238E-04 -0.97398496028652E-03
  0.22644533605974E-04  0.39017750689365E-04 -0.26598306350230E-03
  0.10066627325181E-04  0.25071724284791E-04 -0.97318206951364E-03
  0.45376778880199E-04  0.37687111425940E-04 -0.26840575387947E-03
  0.30530050697551E-04  0.14706956151605E-04 -0.97244849185977E-03
  0.73026083937383E-04  0.38244400559639E-04 -0.28972254422946E-03
  0.48490618695410E-04  0.51537927441804E-05 -0.97160613088172E-03
 -0.45656142723557E-04  0.27128766852706E-04 -0.28165403928816E-03
 -0.30244540892452E-04  0.30299304765516E-04 -0.97310626558778E-03
 -0.36478104039458E-05  0.15453550011090E-04 -0.25709890130636E-03
 -0.12129520723843E-04  0.19877537878912E-04 -0.97284140112887E-03
  0.19249316789329E-04  0.98786530412172E-05 -0.25251525406293E-03
  0.84887718035309E-05  0.79661992217861E-05 -0.97224384746719E-03
 -0.51835096523556E-04  0.61631425314857E-04 -0.31803083219666E-03
 -0.28411003035135E-04  0.18252549249125E-04 -0.23502105177474E-03
 -0.40338964875814E-04  0.48505781138498E-04 -0.97618981949776E-03
  0.74104851302341E-04  0.60273254738546E-05 -0.97284744879311E-03
 -0.43468836259922E-04  0.66179685980297E-04 -0.30632582712539E-03
 -0.35548063565368E-04  0.54120460283874E-04 -0.97833494344157E-03
 -0.46196865267747E-04  0.92163024555588E-04 -0.34690094153272E-03
 -0.22636840648746E-04  0.51536161886960E-04 -0.97645328508909E-03
 -0.14339343700771E-04  0.89716663095344E-04 -0.32732944776703E-03
 -0.68846250623590E-05  0.45522301328472E-04 -0.97574619128001E-03
  0.25427179358816E-04  0.79934294323856E-04 -0.29861945648413E-03
  0.11053323126754E-04  0.37061363771608E-04 -0.97485936052381E-03
  0.55130911093181E-04  0.78426158354641E-04 -0.29538057897045E-03
  0.30227616699832E-04  0.28704716369553E-04 -0.97403783733319E-03
  0.79619531718302E-04  0.79733069373336E-04 -0.30989556798536E-03
  0.49451461373109E-04  0.20141117381988E-04 -0.97260354199552E-03
  0.92296345803747E-04  0.71666263813231E-04 -0.32004896165367E-03
  0.64442789497631E-04  0.12630965377295E-04 -0.97269489789810E-03
  0.87360005775356E-04  0.40701110534715E-04 -0.30738932315450E-03
 -0.76874959932387E-04  0.51991629515567E-04 -0.32219178487421E-03
  0.61622079624494E-04  0.10532692390762E-03 -0.30330634022566E-03
  0.14552683848048E-04  0.47887606773595E-04 -0.98023031582159E-03
  0.53755935369122E-05  0.99718631431532E-04 -0.30739951682998E-03
 -0.37298764422545E-04  0.81038674047084E-04 -0.14751039970374E-03
  0.50041186269018E-04  0.30241104580367E-04 -0.98463199419265E-03
 -0.31369546983174E-04  0.58972504374447E-04 -0.15711482982146E-03
  0.39037737031081E-04  0.25603897666406E-04 -0.98355457290908E-03
 -0.12996127983362E-04 -0.49489439392845E-04 -0.16023371132640E-03
 -0.20438017795218E-04 -0.67715230857051E-05 -0.98603844559079E-03
  0.27894918596576E-05 -0.18881114412169E-04 -0.16437516012559E-03
 -0.23597676346325E-04  0.63878609702503E-05 -0.98515904371488E-03
  0.17167343934688E-04  0.83027589854241E-05 -0.16564725511399E-03
 -0.24964471546378E-04  0.18300876917648E-04 -0.98453893339192E-03
  0.26506801138020E-04  0.27741761991737E-04 -0.16165582736246E-03
 -0.24817030033799E-04  0.29698331533462E-04 -0.98455865225756E-03
  0.27305988885580E-04  0.37957657356499E-04 -0.15360864267065E-03
 -0.21740177470759E-04  0.40142364775659E-04 -0.98453175763004E-03
  0.14813923370094E-04  0.42129919905895E-04 -0.15611802668345E-03
  0.59527024179264E-04  0.33673393168743E-04 -0.98444477489178E-03
 -0.15604651057759E-04  0.47196757075013E-04 -0.98340372603500E-03
 -0.38504081542422E-04  0.95351331583127E-04 -0.13343703516879E-03
 -0.31286840053646E-04  0.10008366889637E-03 -0.11694685062852E-03
  0.74206439506125E-05  0.44427202938069E-04 -0.98413233645482E-03
 -0.29939076808847E-04  0.41039667334168E-04 -0.20225121153423E-03
  0.16373039506102E-04  0.42240261970112E-04 -0.98401459186491E-03
  0.18743925042723E-04  0.44140038614581E-04 -0.20694444965974E-03
  0.27139400522295E-04  0.38060729145475E-04 -0.98358886600802E-03
  0.83832890799248E-04  0.49852966428991E-04 -0.20883959696904E-03
  0.39252667173017E-04  0.34437734117407E-04 -0.98353580596621E-03
  0.11683035261185E-03  0.61062395921859E-04 -0.21121816876310E-03
  0.51663520862793E-04  0.32964780070891E-04 -0.98379521709852E-03
  0.91725333787998E-04  0.73672692299383E-04 -0.18286544049637E-03
  0.61086170511612E-04  0.34305360297653E-04 -0.98370520711896E-03
  0.34875369386608E-04  0.84977031375002E-04 -0.13405767863136E-03
  0.67807686719187E-04  0.36560946360919E-04 -0.98342453893622E-03
 -0.98590668092340E-05  0.94742709103822E-04 -0.11114735318469E-03
  0.70029721582553E-04  0.36845064467170E-04 -0.98368355800605E-03
  0.67106716479793E-04  0.36026868717608E-04 -0.98447597880201E-03
 -0.11627226562021E-04  0.49906317646006E-04 -0.18916842193102E-03
 -0.64771208714050E-05  0.50336172385924E-04 -0.98299182627749E-03
 -0.33700436230712E-04  0.61036898060438E-04 -0.23710882368565E-03
  0.52099969726890E-04  0.19886925969412E-04 -0.98278881120330E-03
 -0.16336786261637E-04 -0.41322705817542E-04 -0.15980006324309E-03
 -0.34391736348829E-04  0.12268078839247E-04 -0.98566871874804E-03
  0.28366362906172E-06 -0.11419451085866E-04 -0.16533074579630E-03
 -0.35556822640467E-04  0.24325175050008E-04 -0.98529950188881E-03
  0.14358952353662E-04  0.15430471989110E-04 -0.17197528381919E-03
 -0.34924716514498E-04  0.36410450348890E-04 -0.98466899550730E-03
  0.19856332275918E-04  0.37279619890439E-04 -0.18358706495003E-03
 -0.30671359457782E-04  0.46541976617346E-04 -0.98367742871437E-03
  0.85659204538488E-05  0.57680209380228E-04 -0.21414667222264E-03
 -0.22599129201828E-04  0.53044623522569E-04 -0.98228873651900E-03
 -0.18619876530548E-04  0.78946478798272E-04 -0.26978902628164E-03
 -0.12400028120260E-04  0.54333680892143E-04 -0.98147584616420E-03
 -0.29535747356459E-04  0.94137167928368E-04 -0.31000731486270E-03
 -0.23555906568368E-06  0.52116159043280E-04 -0.98069764947838E-03
 -0.15749675200460E-04  0.32013083925256E-04 -0.16391445178103E-03
  0.63221100499383E-04  0.25960196203945E-04 -0.98275704271178E-03
 -0.24450010023991E-04  0.60929912345228E-04 -0.15973980737780E-03
  0.71573327217750E-04  0.30017870477019E-04 -0.98225606210639E-03
  0.35983561048741E-05  0.49777046943626E-04 -0.98266877054310E-03
 -0.15185264072420E-04  0.67815801391664E-04 -0.25483139284907E-03
  0.14969867435703E-04  0.46470952332430E-04 -0.98244540934063E-03
  0.43870641886734E-04  0.73368234881161E-04 -0.25292418615850E-03
  0.28412315550185E-04  0.41704797886017E-04 -0.98202695665419E-03
  0.99759631754843E-04  0.85356152319369E-04 -0.26536637409618E-03
  0.42698014026243E-04  0.37933349498501E-04 -0.98145886524870E-03
 -0.13925115537081E-04  0.33945800196979E-05 -0.41505847910751E-04
  0.11151610368504E-03  0.10137833560707E-03 -0.27322314187832E-03
  0.71733943908781E-04  0.11218036217012E-03 -0.24168766494057E-03
  0.65813761100945E-04  0.34584265180629E-04 -0.98023667504871E-03
  0.16515123114898E-04  0.11286919668620E-03 -0.19334137334680E-03
  0.73661309263522E-04  0.33764661208460E-04 -0.98011337935083E-03
 -0.17941957946313E-04  0.10420367420661E-03 -0.16575549599488E-03
  0.75449988817037E-04  0.32550163726512E-04 -0.98131868642552E-03
 -0.27813175413213E-04  0.85484750846050E-04 -0.15796423572648E-03
  0.55451875367007E-04  0.35564622308185E-04 -0.98066357746520E-03
  0.98790913531154E-05  0.21910230048822E-04 -0.98363756206913E-03
 -0.12736228242430E-05  0.61338906203001E-06 -0.11966955292041E-04
  0.93677732171504E-05  0.14562820105518E-04 -0.98342856723953E-03
  0.28593901902269E-04 -0.24314532496242E-04 -0.98306374236061E-03
  0.60532982227155E-05 -0.70201581351661E-06  0.47940350507059E-05
  0.20130010817234E-04 -0.18226119648404E-04 -0.98356125905212E-03
  0.14498350534539E-05 -0.69812353191365E-04 -0.97709311406751E-03
  0.11544499095535E-04 -0.10540084903181E-04 -0.98390238364530E-03
  0.20921960410843E-05 -0.37385011319612E-05  0.13546844277334E-04
  0.35391128784332E-05 -0.35694466531282E-05 -0.98430051010013E-03
 -0.44690250633587E-06 -0.48731494831205E-05  0.84365670851310E-05
 -0.15328286210544E-05  0.15320148241812E-05 -0.98418590665419E-03
 -0.91083137063392E-05 -0.33201835615780E-05 -0.18571506502116E-04
 -0.28136908550550E-05  0.20896080826236E-05 -0.98396869198108E-03
 -0.27708531515959E-04  0.18800981136640E-05 -0.76198834501841E-04
 -0.12515258757293E-05 -0.22920197864472E-05 -0.98455030118824E-03
 -0.40653295655005E-04  0.70825411616087E-05 -0.13866307167285E-03
  0.22044239179357E-05 -0.92525401682848E-05 -0.98482984836231E-03
  0.92261606840576E-05 -0.14377022920182E-06 -0.48228917429360E-05
 -0.18712988824397E-04  0.86415927184483E-05 -0.16648537757967E-03
  0.36970327817429E-04 -0.28835534746153E-04 -0.98238552045525E-03
  0.45539235083318E-04 -0.31207066717747E-04 -0.98187278275465E-03
  0.40420013492173E-04  0.68583092171758E-05 -0.25818138516685E-03
  0.28791398294327E-04 -0.29303406199705E-05 -0.97155572024704E-03
  0.76403465758668E-04 -0.16593925445299E-05 -0.28869891577414E-03
  0.46327689001620E-04 -0.12485246909870E-04 -0.97123123038966E-03
  0.11622721511112E-03 -0.16618374755022E-04 -0.33520602008588E-03
  0.58819735663775E-04 -0.19546646830471E-04 -0.97177703491220E-03
  0.12496737413062E-03 -0.26782937473899E-04 -0.33858134264996E-03
  0.65282415606224E-04 -0.25270481585492E-04 -0.97335921206359E-03
  0.97798983109316E-04 -0.22422784241407E-04 -0.27472884507406E-03
  0.65900364096887E-04 -0.28872561990967E-04 -0.97644113739470E-03
  0.61164806142619E-04 -0.12747293522269E-04 -0.18309628819297E-03
  0.61438820940098E-04 -0.31273212231785E-04 -0.97915286791179E-03
  0.35008611555029E-04 -0.47869241645757E-05 -0.10549594797155E-03
  0.54108056158563E-04 -0.32038395582006E-04 -0.98096169996070E-03
  0.20646267067973E-04 -0.13472740467652E-05 -0.54078630689865E-04
  0.13504095462886E-04 -0.33682763581567E-06 -0.22816751520277E-04
 -0.45605172110517E-04  0.68789088010169E-05 -0.97218312491654E-03
  0.91966800603232E-05 -0.15916662762317E-04 -0.98474619815717E-03
  0.18251378045222E-04 -0.21820682071639E-04 -0.98520483817701E-03
 -0.28119299366899E-04  0.22908635936544E-04 -0.99173215610764E-03
 -0.28041126768212E-04  0.10847135976010E-04  0.29416553724476E-04
 -0.39936116685671E-04  0.25935898859520E-04 -0.99034713047833E-03
 -0.43013742555680E-04  0.19028791759257E-04 -0.14855234228785E-04
 -0.49652565993220E-04  0.26917485168909E-04 -0.98823366820100E-03
 -0.68703999949244E-04  0.30031371565935E-04 -0.84106702800821E-04
 -0.56139850207376E-04  0.27101733399091E-04 -0.98580014330140E-03
 -0.10500508923156E-03  0.37901068958958E-04 -0.17690155408452E-03
 -0.60103882212167E-04  0.25366272730464E-04 -0.98213453989598E-03
 -0.13974790528875E-03  0.34808725911454E-04 -0.26916868606203E-03
 -0.61401084696559E-04  0.21262203231429E-04 -0.97871793319730E-03
 -0.15054428477718E-03  0.14198179307901E-04 -0.32163296441679E-03
 -0.59716653568582E-04  0.12807443606724E-04 -0.97534629038702E-03
  0.19696379684977E-04 -0.91402543039011E-05 -0.25076862289301E-03
  0.67242722240306E-05 -0.11102363310598E-04 -0.97209298494038E-03
 -0.18809533224528E-04  0.63794924274191E-05  0.56041080694097E-04
  0.37461048464798E-04  0.54953177026562E-05 -0.16368998776120E-03
 -0.15679566281226E-04  0.17833468534132E-04 -0.99282637533900E-03
 -0.29214907686840E-05  0.12529050163013E-04 -0.99313600143168E-03
  0.95936443903199E-04  0.15412140113292E-05 -0.15061746786011E-03
  0.27524837470603E-04 -0.24548586237267E-04 -0.98641513254613E-03
  0.11711804043924E-03 -0.78668077792724E-06 -0.11519227591024E-03
  0.34799750656470E-04 -0.23306883601008E-04 -0.98812884227686E-03
  0.90065098874967E-04 -0.58766747746684E-06 -0.41622511878594E-04
  0.38965361971942E-04 -0.17873414386729E-04 -0.99000311322372E-03
  0.46901891092066E-04  0.21936652544311E-06  0.34571447971632E-04
  0.38259511406356E-04 -0.11069650569762E-04 -0.99116574284406E-03
  0.19896565531826E-04  0.79517251358630E-06  0.76669702704048E-04
  0.32407087445731E-04 -0.48698639170672E-05 -0.99238404387409E-03
  0.73159380758870E-05  0.80522215087756E-06  0.89883130955766E-04
  0.22310808452612E-04  0.68560530038302E-06 -0.99304232998566E-03
  0.91268048928304E-07  0.14103238867699E-05  0.89042501215341E-04
  0.10339285369533E-04  0.67316403231953E-05 -0.99317653037825E-03
 -0.61865269081902E-05  0.25490747385751E-05  0.82492120060703E-04
 -0.12088138304283E-04  0.38689159715028E-05  0.72594719949290E-04
 -0.81430271302684E-04 -0.38909055198102E-05 -0.28750484860536E-03
 -0.55499674417983E-04  0.17487959946816E-04 -0.97301033066949E-03
 -0.13819258277484E-03  0.64496170206644E-05 -0.33018743230125E-03
  0.14523819313530E-04 -0.12926275680839E-04 -0.42289369939350E-04
  0.42071579919740E-04 -0.23505325061300E-04 -0.98204126217698E-03
  0.10354745346944E-04 -0.84607016952615E-05 -0.17478143340566E-04
  0.31612480309134E-04 -0.22369269157301E-04 -0.98256803116873E-03
  0.77378027500067E-05 -0.56980753584896E-05 -0.32598627267973E-05
  0.20841845050823E-04 -0.19797276920907E-04 -0.98335979393104E-03
  0.59273407886139E-05 -0.44077561116814E-05  0.47277381126918E-05
  0.10539521862952E-04 -0.15985026734769E-04 -0.98385628177453E-03
  0.38786758675511E-05 -0.48062911352896E-05  0.94858030760648E-05
  0.91693464800537E-06 -0.11133535639473E-04 -0.98420806056602E-03
  0.16994499942313E-05 -0.58034933000007E-05  0.10231584883868E-04
 -0.66419651090057E-05 -0.67006597490847E-05 -0.98443672583785E-03
 -0.35246148908835E-05 -0.57645305193161E-05 -0.22473358246183E-05
 -0.10561646264640E-04 -0.49470175993388E-05 -0.98403903964527E-03
 -0.17227772639621E-04 -0.24882353621498E-05 -0.43040253256560E-04
  0.52727914944989E-04 -0.23754668034886E-04 -0.98110761317785E-03
 -0.96007862559294E-05 -0.80409782543865E-05 -0.98401693741473E-03
  0.22638132015263E-04 -0.20039960791509E-04 -0.82131928777577E-04
  0.38914332358535E-04 -0.29438670919368E-04 -0.14071457390657E-03
 -0.62198576238706E-04  0.34509315254469E-04 -0.97704288587799E-03
 -0.13862262620975E-03  0.11327414691577E-04 -0.33126564015395E-03
 -0.55571853741060E-04  0.31187470136619E-04 -0.97421620968824E-03
 -0.92184486424199E-04  0.13598946105157E-04 -0.30132083985896E-03
 -0.45521413834627E-04  0.23789377984418E-04 -0.97248181226802E-03
 -0.34878084188195E-04  0.41280745184608E-05 -0.26229545636092E-03
 -0.31704685581343E-04  0.13099744818753E-04 -0.97208787861063E-03
  0.10219925279688E-03  0.24161116402510E-04 -0.32234718809636E-03
  0.63040765037839E-04 -0.36171865542994E-05 -0.97119747684605E-03
  0.11174671520843E-03 -0.38799808390989E-05 -0.33067488245536E-03
  0.71194306922546E-04 -0.97826574851713E-05 -0.97257241628370E-03
  0.94425228859682E-04 -0.28009918574982E-04 -0.28973075865631E-03
  0.72969416925268E-04 -0.15503307015602E-04 -0.97497702283632E-03
  0.64622793266920E-04 -0.35179113699192E-04 -0.21599557285083E-03
  0.69372261240312E-04 -0.20202947163234E-04 -0.97752631508578E-03
  0.62664267342116E-04 -0.22863357692776E-04 -0.97968076471057E-03
 -0.37645125368680E-04  0.26650703255396E-05 -0.10827336383305E-03
 -0.66412410080562E-05 -0.15253241020723E-04 -0.98447278430942E-03
 -0.36277689470632E-04  0.61824081522130E-05 -0.15648999236464E-03
 -0.15737061207082E-04  0.59865418738352E-05 -0.99341797544924E-03
 -0.13456795227265E-04 -0.11148216947545E-04  0.71353412926498E-04
 -0.27948114882303E-04  0.12026113850358E-04 -0.99273365270466E-03
 -0.21496894790296E-04 -0.15063312232523E-04  0.50365566498349E-04
 -0.39219181366316E-04  0.18489292250096E-04 -0.99162882686892E-03
 -0.33436650347458E-04 -0.18826265397798E-04  0.15293929206809E-04
 -0.49862317768315E-04  0.24205550883141E-04 -0.98972704049280E-03
 -0.53318781161182E-04 -0.19556408666087E-04 -0.42337672586190E-04
 -0.58194087544737E-04  0.28012666456985E-04 -0.98687973287095E-03
 -0.87548145980802E-04 -0.12922945134399E-04 -0.13177581111483E-03
 -0.63373111836670E-04  0.29849757093327E-04 -0.98323798190906E-03
 -0.13099478841650E-03  0.69806537561100E-06 -0.24238218050806E-03
 -0.64071631240642E-04  0.29324131735510E-04 -0.97963802547087E-03
 -0.15769802045979E-03  0.10824080126750E-04 -0.32403487367215E-03
 -0.61672752724986E-04  0.25608315722422E-04 -0.97581965930892E-03
 -0.68216552971692E-05 -0.85415238524057E-05  0.83615260741073E-04
 -0.31030353779031E-05  0.10802854185938E-06 -0.99352359008573E-03
 -0.82413885340727E-06 -0.63015452745008E-05  0.90543886390792E-04
  0.95888577411679E-05 -0.58710108639460E-05 -0.99356381750742E-03
 -0.61625914418311E-06 -0.22808478766287E-04 -0.98463371694498E-03
  0.49368915243500E-05  0.43423360673482E-05 -0.16674768828649E-03
  0.77036212161782E-05 -0.29842460208721E-04 -0.98471554209657E-03
  0.68146086853547E-04 -0.28969233422511E-06 -0.15850327153082E-03
  0.17978869949335E-04 -0.33860071066783E-04 -0.98567764896354E-03
  0.11167346728319E-03 -0.43231551242797E-05 -0.13767558615471E-03
  0.26377145022478E-04 -0.34095007658373E-04 -0.98721070768474E-03
  0.45699524834163E-04 -0.21806623092608E-04 -0.26074252422818E-03
  0.10759017933745E-03 -0.53872792362166E-05 -0.81332341970042E-04
  0.67882716966557E-04 -0.36571762281058E-05  0.97695173849313E-06
  0.33487683398008E-04 -0.23840411957415E-04 -0.99090582881753E-03
  0.32313400583298E-04 -0.25335467420812E-05  0.61776114736742E-04
  0.30084200461114E-04 -0.17652936095039E-04 -0.99211443773047E-03
  0.13915440583165E-04 -0.32865384067221E-05  0.87047202238070E-04
  0.21264875703861E-04 -0.12150215709157E-04 -0.99306136367188E-03
  0.52907713565448E-05 -0.47537683722828E-05  0.93076334704421E-04
  0.32098731009421E-04 -0.30558153775451E-04 -0.98928943252785E-03
 -0.65370356436124E-04  0.34908343656610E-04 -0.98091810657744E-03
  0.26172465240565E-04 -0.21348621693748E-04 -0.97222569777600E-03
  0.41809551115293E-04 -0.28120485147710E-04 -0.97189752755426E-03
 -0.18740216170275E-04  0.14925883934283E-04 -0.16359064238048E-03
  0.18661408790859E-04  0.60190975591921E-05 -0.98571245316647E-03
  0.36223348074399E-04  0.13223838099630E-04 -0.16246165405378E-03
  0.26773829239487E-04  0.26240537091327E-06 -0.98617137459432E-03
  0.96546720426423E-04  0.10009587670852E-04 -0.15138275904600E-03
  0.35916558663674E-04 -0.32359894473742E-05 -0.98742060691561E-03
  0.11903311906387E-03  0.84033332000738E-05 -0.11998989688487E-03
  0.43511867750782E-04 -0.19629979038158E-05 -0.98884220259456E-03
  0.89991212340132E-04  0.84156961781514E-05 -0.49690999888715E-04
  0.47903536760195E-04  0.32224551871850E-05 -0.99006170142367E-03
  0.43369940875963E-04  0.99066842361393E-05  0.24676763017247E-04
  0.48172867665261E-04  0.93675093090274E-05 -0.99076173978205E-03
  0.13470525631343E-04  0.13660886442996E-04  0.62590561354095E-04
  0.44006911049794E-04  0.14666954652601E-04 -0.99155876946140E-03
 -0.20143238744109E-05  0.19298118531781E-04  0.67531548546064E-04
  0.12920797272753E-04  0.11946044533303E-04 -0.98541967639728E-03
  0.34822607516698E-04  0.19937485465283E-04 -0.99172244561352E-03
 -0.38255138574111E-04  0.12363536808132E-04 -0.13382118847314E-03
 -0.25617553354121E-04  0.59462228627311E-05 -0.72236444808843E-04
  0.35150614311808E-04 -0.37703356542279E-04 -0.98392194758762E-03
  0.31624365201511E-04  0.17347660499887E-04 -0.90254969433063E-04
  0.29727822726434E-04 -0.30462809473046E-04 -0.98430367347175E-03
  0.22310343959328E-04  0.13571324595242E-04 -0.61386699713054E-04
  0.24331596479452E-04 -0.21865920598089E-04 -0.98413644730857E-03
  0.13856327014433E-04  0.84962496592668E-05 -0.34777192457396E-04
  0.18802634307009E-04 -0.12806007673797E-04 -0.98345562355023E-03
  0.79399425128931E-05  0.39902811505793E-05 -0.12365195293175E-04
  0.14373974207336E-04 -0.33451802026828E-05 -0.98319449163695E-03
  0.39849532159344E-05  0.61412049115759E-06  0.21495046447534E-05
  0.10454048117491E-04  0.57285804082927E-05 -0.98331178066195E-03
  0.29947745058237E-06 -0.99589924507532E-06  0.36677361641642E-05
  0.87169359758291E-05  0.13319815084245E-04 -0.98378011082966E-03
 -0.88267795831782E-05  0.97074043470612E-07 -0.18865225609346E-04
  0.86612781891869E-05  0.16957688103821E-04 -0.98413729291131E-03
  0.10577373857160E-04  0.16398808480845E-04 -0.98505358665157E-03
  0.40806006286056E-04  0.18519694526099E-04 -0.12112695740124E-03
 -0.11616349647003E-04  0.26026451811736E-04  0.55459584339522E-04
 -0.20495502938563E-04  0.35139279764241E-04  0.34009582944931E-04
  0.39549686842375E-04 -0.15278893208369E-04 -0.18078409988855E-03
  0.34034579360470E-04 -0.48269706528950E-04 -0.98267905502558E-03
  0.41402424163382E-04  0.53845474458027E-05 -0.16096903267905E-03
  0.29619748440797E-04 -0.41738432441872E-04 -0.98448865429245E-03
  0.40916764784065E-04  0.17043551361311E-04 -0.14321604713941E-03
  0.24480597665426E-04 -0.33432717181717E-04 -0.98465623128795E-03
  0.36614184354801E-04  0.21775425188854E-04 -0.12100194913802E-03
  0.19728326252770E-04 -0.24203994798074E-04 -0.98462135138990E-03
  0.29115949046669E-04  0.20590647683013E-04 -0.92803642190011E-04
  0.15691733092314E-04 -0.14471490754132E-04 -0.98396671602922E-03
  0.19739672902721E-04  0.15425926414028E-04 -0.60650888884520E-04
  0.12310887551557E-04 -0.45226925174312E-05 -0.98349737050475E-03
  0.11762880920958E-04  0.87362024432292E-05 -0.31501560130284E-04
  0.10336495685371E-04  0.50778134298500E-05 -0.98328095852135E-03
  0.52568431632372E-05  0.30080055017219E-05 -0.12314416403278E-04
  0.36123101848073E-04 -0.51644748391418E-04 -0.98036468023484E-03
  0.23955583864027E-04  0.25271072571294E-04 -0.99168547900437E-03
  0.44020672347852E-04 -0.46646716003072E-04 -0.21344350149329E-03
  0.63425697431041E-04 -0.86396291271380E-04 -0.26769144806080E-03
  0.12033961861721E-04  0.29216365036731E-04 -0.99082269684703E-03
 -0.30506193598634E-04  0.46796795152463E-04  0.58342279365391E-05
  0.70411425977436E-07  0.31461868935409E-04 -0.99000653532767E-03
 -0.42743363137866E-04  0.60217464569190E-04 -0.28388879620811E-04
 -0.11573700910925E-04  0.31739494191985E-04 -0.98942187906787E-03
 -0.56253335761485E-04  0.73086048823565E-04 -0.67573221715779E-04
 -0.21865595227622E-04  0.30833875120480E-04 -0.98871414155848E-03
 -0.68045020618198E-04  0.81879417742208E-04 -0.10532897440313E-03
 -0.32211680624516E-04  0.29478680295677E-04 -0.98774256822249E-03
 -0.76635615870860E-04  0.81668190159077E-04 -0.13941306714140E-03
 -0.41526835910384E-04  0.25546889290634E-04 -0.98568694889349E-03
 -0.81732408064762E-04  0.69323737785232E-04 -0.17064461314738E-03
 -0.48728403438577E-04  0.19293106463775E-04 -0.98339058774966E-03
  0.83810138923320E-04 -0.11433701977263E-03 -0.31469681898724E-03
  0.29742758729453E-04 -0.52942058038841E-04 -0.97652205994420E-03
  0.34965532272583E-04 -0.52786665363385E-04 -0.97854515641818E-03
  0.40665701658561E-04 -0.42973002041659E-04 -0.98259691746442E-03
  0.50017428340873E-04  0.13857262239480E-04 -0.15678805853103E-03
  0.45325582865797E-04 -0.45360488132599E-04 -0.98038305316023E-03
  0.11196061089080E-04 -0.29563558148418E-05 -0.98364275547785E-03
  0.13252746959970E-05 -0.25228416237513E-05  0.12263413181224E-04
  0.62577764831382E-05  0.50619826753424E-05 -0.98407411944846E-03
 -0.36618231463367E-05 -0.28405146237009E-05 -0.13366183947508E-05
  0.40656313462696E-05  0.92498090360304E-05 -0.98403427007390E-03
 -0.17226528653599E-04  0.92525906969522E-06 -0.43731787608334E-04
  0.46879904282068E-05  0.90689476348943E-05 -0.98457370181658E-03
 -0.35775436052579E-04  0.69632868355543E-05 -0.10917355829822E-03
  0.65450228935777E-05  0.44726798373030E-05 -0.98504236793049E-03
 -0.33912826192029E-04  0.10963573587598E-04 -0.15710178957588E-03
  0.10903308496846E-04 -0.17472242161438E-05 -0.98524124404606E-03
  0.67451198871147E-05  0.10587279487123E-04 -0.16661565713196E-03
  0.18216525193114E-04 -0.80821743548636E-05 -0.98545029125497E-03
  0.69606786039679E-04  0.72757538703846E-05 -0.15745898641351E-03
  0.27366028887195E-04 -0.13022434023181E-04 -0.98636946338307E-03
  0.32255822516113E-05 -0.97629431782254E-06  0.92675942838934E-05
  0.11404310455022E-03  0.44922818411755E-05 -0.13796963923432E-03
  0.17963153582756E-04 -0.11615354476252E-04 -0.98355755460750E-03
  0.24718938560766E-04 -0.20457593351897E-04 -0.98353944750726E-03
  0.12075241971071E-03 -0.46715717772253E-04 -0.33614529033974E-03
  0.52798633893880E-04 -0.34242435129353E-04 -0.97323111576414E-03
  0.11366759579235E-03 -0.29436307728536E-04 -0.31030722356287E-03
  0.57132608782605E-04 -0.37906450195047E-04 -0.97576071154234E-03
  0.83484456831482E-04 -0.53200326008985E-05 -0.23563045343236E-03
  0.56264388977109E-04 -0.38968060481652E-04 -0.97849772014034E-03
  0.55731727334740E-04  0.86035844165684E-05 -0.15946799384052E-03
  0.51639990750943E-04 -0.38894572928380E-04 -0.98088519989935E-03
  0.37237557736349E-04  0.11963390419596E-04 -0.10206548892409E-03
  0.45305505574956E-04 -0.37369140222959E-04 -0.98263467202383E-03
  0.25083267892955E-04  0.96643978064464E-05 -0.61918600073793E-04
  0.38270901024072E-04 -0.33808484987211E-04 -0.98325681005212E-03
  0.16907494221020E-04  0.68078760958304E-05 -0.34123918780811E-04
  0.31557565299893E-04 -0.27785595885574E-04 -0.98348566369268E-03
  0.10420586051611E-04  0.38020254408323E-05 -0.14713239079561E-04
  0.61182832051565E-05  0.13821224154592E-05 -0.44148203217368E-06
  0.35934727862264E-04 -0.14156966014868E-04 -0.98757458301169E-03
  0.10920772869281E-03  0.36534738556422E-05 -0.84258391498360E-04
  0.42035535027038E-04 -0.10602568463005E-04 -0.98934388636120E-03
 -0.85749121360355E-04  0.69280521231266E-04 -0.14218119651914E-03
 -0.52115290797285E-04  0.24713200779496E-04 -0.98460367644098E-03
 -0.10638636321605E-03  0.61497854531951E-04 -0.20510204584324E-03
 -0.56027538417351E-04  0.19245944127987E-04 -0.98105574005141E-03
 -0.12251797001611E-03  0.33385620646954E-04 -0.26396756163710E-03
 -0.57601579749319E-04  0.10597036166123E-04 -0.97791483029069E-03
  0.60819023824907E-04 -0.59288577754757E-04 -0.27867889639562E-03
  0.23044552007562E-04 -0.37283358859321E-04 -0.97296945748212E-03
  0.95397032351955E-04 -0.79034544790190E-04 -0.31381640270641E-03
  0.36560980385772E-04 -0.42084620033545E-04 -0.97404732225594E-03
  0.10153347343236E-03 -0.67485889553251E-04 -0.31039439737474E-03
  0.44277917067440E-04 -0.45368718091491E-04 -0.97584920404049E-03
  0.82060149551527E-04 -0.31530310410087E-04 -0.25834486642910E-03
  0.47065963389329E-04 -0.45949605050718E-04 -0.97829015917695E-03
  0.62174253387571E-04 -0.11296880922333E-05 -0.20117828646991E-03
 -0.46002397976522E-04  0.27781085128500E-04 -0.98734678298069E-03
 -0.65824876300303E-04  0.63098749467501E-04 -0.82991098246182E-04
 -0.37525062395872E-04  0.28346523043402E-04 -0.98901965697513E-03
 -0.47566083136875E-04  0.49642547630176E-04 -0.31465702064247E-04
  0.67041161589946E-04  0.37944617457311E-05 -0.31340583564025E-05
  0.44206406407598E-04 -0.45038706078401E-05 -0.99052578043564E-03
  0.29024620264225E-04  0.50595652295988E-05  0.57368773234163E-04
  0.41518493539580E-04  0.20254237888036E-05 -0.99151429249361E-03
  0.94514944517349E-05  0.70881074364791E-05  0.80845835012367E-04
  0.33946085226486E-04  0.77534585392095E-05 -0.99223909363874E-03
 -0.90387627517825E-06  0.96129826888745E-05  0.81970188847371E-04
  0.88433558622748E-04 -0.39836459475254E-04 -0.30096977227428E-03
  0.23104350692118E-04  0.13223770636475E-04 -0.99260905618788E-03
  0.10860112021653E-04  0.19065517143838E-04 -0.99266358873395E-03
 -0.15409980432543E-04  0.17821519080527E-04  0.58525915319451E-04
 -0.21635836919575E-05  0.24250983719515E-04 -0.99197571216388E-03
 -0.23172983520356E-04  0.25189926021110E-04  0.38282773876068E-04
 -0.14970606273017E-04  0.27668260448171E-04 -0.99111452052762E-03
 -0.33922159722978E-04  0.36054700641960E-04  0.91245390351332E-05
 -0.27386355816179E-04  0.28983887295784E-04 -0.99016819452198E-03
 -0.83210509637032E-05  0.13207701956683E-04  0.72901136894419E-04
  0.36697071988758E-05 -0.17396007208988E-05  0.10488402879541E-04
 -0.13303881506193E-04  0.10864241058502E-05 -0.97187232165989E-03
 -0.12355399682123E-04 -0.65704576465873E-04 -0.97576895390632E-03
 -0.10581212426723E-03 -0.42558704741257E-04 -0.32062985038009E-03
 -0.56877267559851E-04 -0.80116725796386E-06 -0.97556878113362E-03
 -0.12568517723308E-03 -0.85069287895842E-05 -0.30582178126651E-03
  0.19045445815274E-04 -0.51203052547146E-04 -0.97445184865916E-03
  0.74562678967203E-04 -0.10646651571525E-03 -0.31125531717531E-03
  0.39121349515559E-05 -0.46103697086298E-04 -0.97341837423878E-03
  0.42663455463343E-04 -0.74964596174548E-04 -0.28039196209912E-03
 -0.13956785906153E-04 -0.37345787820408E-04 -0.97260682464708E-03
  0.11211989974582E-04 -0.48829557081570E-04 -0.26546350105296E-03
 -0.30786827133568E-04 -0.25255698767840E-04 -0.97268153821426E-03
 -0.23765861068243E-04 -0.34611976937820E-04 -0.26873804216848E-03
 -0.44438193264518E-04 -0.12067968183867E-04 -0.97267424188056E-03
 -0.72487051844872E-04 -0.26624904449117E-04 -0.28875226509703E-03
 -0.12381735348198E-03 -0.10890429384371E-04 -0.31788264138583E-03
  0.51026954211192E-05 -0.30057885074338E-04 -0.97234413662720E-03
  0.27478864758334E-04 -0.34796781342226E-04 -0.25591717837157E-03
 -0.14328329698939E-04 -0.18991827160384E-04 -0.97228004137085E-03
  0.34925031070897E-05 -0.19456645283601E-04 -0.25283951751342E-03
 -0.31418202156354E-04 -0.64586417281856E-05 -0.97192491705300E-03
 -0.27903870449436E-04 -0.11704844841919E-04 -0.25862379237788E-03
  0.76357614669314E-04 -0.14558872214940E-03 -0.33613428525201E-03
 -0.51726784281016E-04 -0.14431420770097E-04 -0.97393623801366E-03
 -0.65295481561290E-04 -0.58696902693986E-04 -0.31154490711092E-03
 -0.54275471896946E-04  0.16315195364729E-05 -0.97335796628274E-03
 -0.17972171581358E-04 -0.71333308162569E-04 -0.29647812855129E-03
 -0.43001967893663E-04 -0.28635014743269E-04 -0.97298244610274E-03
 -0.27016935186944E-04 -0.57443991484233E-04 -0.97486599457668E-03
 -0.70174122797971E-05 -0.10278726142598E-03 -0.32255726830273E-03
 -0.39963544487187E-04 -0.44912576139298E-04 -0.97404620903442E-03
 -0.56622010445101E-04 -0.91908326769197E-04 -0.34000993988244E-03
 -0.49328515328399E-04 -0.29745811238673E-04 -0.97428214342232E-03
  0.58240936869293E-06 -0.22331291963538E-05 -0.25170288161792E-03
 -0.54073568431050E-04 -0.14433381272312E-04 -0.97591713054809E-03
 -0.95163488540524E-04 -0.48883023923643E-04 -0.30417398995583E-03
 -0.54973054887881E-04 -0.81166258217408E-06 -0.97809549695264E-03
 -0.89335409958131E-04 -0.34862671044679E-05 -0.25097139915926E-03
  0.43309358062974E-04 -0.12252055132722E-03 -0.32331224476516E-03
 -0.84367391103323E-04  0.40007008511447E-04 -0.20536215186164E-03
 -0.52862563363884E-04  0.96930769903754E-05 -0.98063518914614E-03
  0.23729183839603E-04 -0.91855399876164E-04 -0.29766054238523E-03
 -0.29498262624408E-04 -0.42875066288048E-04 -0.97324028576346E-03
  0.60575224693215E-04 -0.12272801546441E-03 -0.32167466105857E-03
  0.23479967498402E-05 -0.59631677372071E-04 -0.97496601694586E-03
 -0.13540076050005E-04 -0.53326278254622E-04 -0.97394302999007E-03
  0.14964389512856E-04 -0.61914198434914E-04 -0.97671961920509E-03
  0.55473115522684E-04 -0.13766894554691E-03 -0.29360857896097E-03
  0.23088090985069E-04 -0.61109680885983E-04 -0.97899546807757E-03
  0.76525593251398E-04 -0.14543389891688E-03 -0.33448789633994E-03
 -0.95607782194467E-04  0.10963216717938E-04  0.13035402495395E-02
 -0.98170985893351E-04  0.36182987655011E-04  0.33098677759539E-03
 -0.94061867062117E-04  0.14464907450669E-04  0.13172966746709E-02
 -0.59576171547866E-04  0.31061088471717E-04  0.26637612710949E-03
 -0.86172927160766E-04  0.16826269041807E-04  0.13282188646195E-02
 -0.32042507303074E-04  0.23220348946801E-04  0.21657532206303E-03
 -0.97445191816533E-05  0.13630170499282E-04  0.16463610451674E-03
 -0.17022260915043E-04  0.17511524289941E-04  0.18395482839305E-03
 -0.61326003599579E-04  0.20241961167817E-04  0.13434046803406E-02
 -0.14078388778808E-03  0.27014634350618E-04  0.39632539018588E-03
 -0.46159798521340E-04  0.20492655577341E-04  0.13479339776260E-02
 -0.74349208324131E-05  0.12295247669152E-04  0.15428713429400E-03
 -0.29766108565749E-04  0.18737148119676E-04  0.13514231143260E-02
 -0.75306142976982E-04  0.18765702357153E-04  0.13367931784619E-02
 -0.91589885228354E-04  0.64741238132881E-05  0.12877454289432E-02
  0.58112328698998E-04 -0.46163820464134E-04  0.12870889905927E-02
 -0.80582713665965E-04  0.20032383076033E-06  0.12714550932000E-02
 -0.62601774752950E-05  0.11985351734123E-04  0.14863218140791E-03
  0.42647461318280E-04 -0.24009572494420E-04  0.13424308631051E-02
  0.31410331867036E-04  0.34669275315142E-04  0.19314969908613E-03
  0.53675254904954E-04 -0.34027393658988E-04  0.13360699212031E-02
  0.42484558549644E-04  0.38911055414880E-04  0.21824581136437E-03
  0.62526681619599E-04 -0.40797112995828E-04  0.13287528947940E-02
 -0.16797809005012E-03 -0.50586266075170E-05  0.43383572525902E-03
  0.56613321250317E-04  0.38761694968417E-04  0.25139395036549E-03
  0.73632652256165E-04  0.30538153189923E-04  0.29265341653743E-03
  0.64534482815611E-04 -0.47227489583909E-04  0.13045119015510E-02
  0.94051938120565E-04  0.10097076781339E-04  0.34221215408193E-03
  0.11596565241027E-03 -0.26948786958229E-04  0.39753841674987E-03
  0.46456039504815E-04 -0.41459838518741E-04  0.12693032064358E-02
  0.12439177842836E-03 -0.71017815209312E-04  0.43592800115538E-03
  0.66443739630200E-04 -0.45058474404922E-04  0.13184682151989E-02
 -0.13735716749777E-04  0.16472478558840E-04  0.13535389940289E-02
 -0.18910102804944E-04  0.20927688699500E-04  0.13553365087564E-02
  0.16390059463621E-06  0.15269520654214E-04  0.13540174925183E-02
 -0.26054612507210E-04  0.31503780724902E-04  0.13494814217902E-02
 -0.42051806384393E-04  0.11389697867082E-04  0.16440661176181E-03
  0.21999905118929E-04  0.29194527297531E-04  0.17610941120102E-03
 -0.22504641415306E-04  0.10129205882533E-04  0.15427710829759E-03
 -0.91161480630406E-05  0.10501674705615E-04  0.13576844706375E-02
 -0.81460243332802E-05  0.95477575400539E-05  0.15349930413175E-03
 -0.69164507822575E-04  0.11873541030726E-04  0.19815285270037E-03
  0.30402168755621E-05 -0.26699981868262E-06  0.13569533431122E-02
  0.16511435028418E-04 -0.11353594129609E-04  0.13540875077880E-02
  0.10711024608138E-04  0.11392458098477E-04  0.15980950608961E-03
  0.30013351909665E-04 -0.22164070226409E-04  0.13499507731118E-02
  0.18512841662141E-04  0.13572607343273E-04  0.16619014013983E-03
  0.43261529017043E-04 -0.30989178745987E-04  0.13444727463898E-02
  0.28039812348770E-04  0.15570617905992E-04  0.17726181230720E-03
  0.22281158404299E-05  0.99530378649695E-05  0.15568224638701E-03
 -0.31225775795367E-04  0.41397579408926E-04  0.13405871754889E-02
 -0.98361939906081E-04  0.11206046623422E-04  0.26221590788629E-03
 -0.32393444528312E-04  0.47692974856378E-04  0.13317944888198E-02
 -0.47190921397463E-05  0.78762683604670E-05  0.14260933104442E-03
  0.10063428359148E-04  0.16551298867025E-04  0.13521408653940E-02
 -0.32343671429033E-05  0.22040295520608E-05  0.14195367389343E-03
  0.15069443770673E-04  0.20207443179212E-04  0.13472929884830E-02
 -0.12954417620747E-05 -0.54752007621491E-05  0.15396424560629E-03
  0.13715275149786E-04  0.26091413542800E-04  0.13395268834324E-02
  0.42507606458690E-05 -0.12164668722915E-04  0.19596115106313E-03
  0.60638313188372E-05  0.32306838735376E-04  0.13313412367052E-02
  0.96888308489136E-05 -0.15021250058284E-04  0.26639777710002E-03
 -0.54950563231316E-05  0.38970557980196E-04  0.13255961696728E-02
 -0.96057408321405E-05 -0.11442160297507E-04  0.32847761608048E-03
 -0.17762154016104E-04  0.44971126330791E-04  0.13234349953755E-02
 -0.60733870384810E-04 -0.21371652459641E-05  0.35024978426106E-03
 -0.27517807540603E-04  0.48405301544722E-04  0.13256647255041E-02
 -0.10176020416761E-03  0.70216188994760E-05  0.32556174615073E-03
 -0.59295645385717E-05  0.11119446881152E-04  0.14578324690402E-03
  0.30205238360519E-04 -0.12316393083354E-04  0.13478861436004E-02
  0.23444687950285E-04  0.35668540026894E-04  0.13425746215625E-02
  0.16984299640457E-04 -0.20208260045539E-06  0.13523028495167E-02
  0.55287888238059E-04  0.56585529870218E-04  0.28488682248300E-03
  0.63625979575021E-04 -0.45938332815680E-04  0.13209856993026E-02
  0.63624481251184E-04  0.44711254565049E-04  0.31737118167627E-03
  0.62978353043123E-04 -0.51512496611716E-04  0.13107559993648E-02
  0.68737814108512E-04  0.18089927799541E-04  0.34714533527182E-03
  0.56791507366450E-04 -0.53781255787408E-04  0.12965856677427E-02
  0.58916325543682E-04 -0.37559588799538E-04  0.13279472342845E-02
  0.72790249203921E-04 -0.25356192322298E-04  0.37717920145824E-03
 -0.90372857441701E-04  0.97789159092685E-05  0.36363575596698E-03
 -0.97428287280530E-04 -0.15592910772641E-05  0.13121808899867E-02
 -0.62092069180865E-04  0.23735418989533E-04  0.32426098047487E-03
 -0.90835360600178E-04  0.25887050091374E-05  0.13222969183479E-02
 -0.38930977246517E-04  0.26441178044314E-04  0.28307093921973E-03
 -0.79488567260368E-04  0.67081835176796E-05  0.13305889426838E-02
 -0.98821353457931E-04 -0.58279971646672E-05  0.13005028036760E-02
 -0.20938651319519E-04  0.25096737534556E-04  0.24484236355117E-03
  0.45913419885583E-04  0.58110088764624E-04  0.25076748058651E-03
  0.36798002313696E-04  0.53389089627892E-04  0.21939931974495E-03
 -0.86720208316425E-04  0.23169539313344E-04  0.25308688910806E-03
 -0.15533488952272E-04  0.61375924550204E-04  0.13391769298186E-02
 -0.57994703182210E-04  0.22132980505788E-04  0.19297565014795E-03
 -0.11167798151826E-04  0.50573200600324E-04  0.13468646889572E-02
 -0.30994247607291E-04  0.22714090192399E-04  0.16385065425212E-03
 -0.43339817359530E-05  0.38172394724915E-04  0.13509266705982E-02
  0.50835477307026E-04 -0.26441673166969E-04  0.13338038154739E-02
 -0.99173272161883E-05  0.25362024656890E-04  0.15753683499725E-03
  0.49096438876128E-05  0.30149685887199E-04  0.16288509651964E-03
  0.16942939956411E-04  0.11528654363248E-04  0.13483717344682E-02
  0.16337497320683E-04  0.37204864729736E-04  0.17508055566123E-03
  0.29056000891172E-04 -0.16797372730102E-05  0.13441768572103E-02
  0.26728556073766E-04  0.45464935847410E-04  0.19413575990970E-03
  0.40475149405789E-04 -0.14110485768835E-04  0.13392645835148E-02
  0.53121024069911E-05  0.24994886539244E-04  0.13509329692742E-02
 -0.65550862232265E-04  0.97973412890077E-05  0.13371118313816E-02
 -0.91702101316854E-05  0.21610552837977E-04  0.21304237152099E-03
 -0.49903932782814E-04  0.13650873531085E-04  0.13418431730212E-02
 -0.15828734761153E-04  0.59223162168063E-04  0.13232830353834E-02
 -0.83549281983726E-04  0.10445072612275E-04  0.34233254769438E-03
 -0.22745864200843E-04  0.59916379591852E-04  0.13279535430961E-02
 -0.10125026090641E-03  0.16233935955271E-04  0.29337340554997E-03
 -0.24064527071298E-04  0.56262308498743E-04  0.13355649467426E-02
 -0.80296435338791E-04  0.16543734530883E-04  0.22419071756256E-03
 -0.31082637908807E-04 -0.73728397485126E-07  0.34516778390061E-03
 -0.20927886982871E-04  0.47569409802198E-04  0.13447472403241E-02
 -0.15113695479747E-04  0.36003225527985E-04  0.13519192209331E-02
 -0.26435754996939E-04  0.16245699763017E-04  0.15725029673967E-03
 -0.66181721994375E-05  0.23889183700469E-04  0.13551089443726E-02
 -0.91926518857599E-05  0.17599525050464E-04  0.15435124211073E-03
  0.41576464571494E-05  0.11823736052542E-04  0.13548731022467E-02
  0.30607279108297E-05  0.20195595318688E-04  0.15768094666833E-03
 -0.50438587677648E-04  0.16166320474090E-04  0.17605635804480E-03
 -0.46976140233268E-05  0.55231484491531E-04  0.13227314441368E-02
  0.67652113288852E-05 -0.84698766361033E-05  0.30024406292978E-03
  0.77568464264450E-05  0.49102661204230E-04  0.13268573831603E-02
 -0.32923520309570E-05  0.18849980231052E-04  0.18917467226147E-03
 -0.32902782012089E-04  0.16270721536212E-04  0.13460777603433E-02
 -0.12323068535179E-05  0.16979246240330E-04  0.17100738021799E-03
 -0.15266018840904E-04  0.18076473200426E-04  0.13491192883506E-02
 -0.89918612117958E-06  0.16299634249041E-04  0.15834436898395E-03
  0.82197884886699E-06  0.19637852705088E-04  0.13510679301700E-02
 -0.10655476715664E-05  0.14613864994247E-04  0.14942828389537E-03
  0.13946575969577E-04  0.22698801267707E-04  0.13511166372948E-02
 -0.13253586536531E-05  0.10024877522515E-04  0.14376711444732E-03
  0.22125051151785E-04  0.28188245349015E-04  0.13485235905453E-02
 -0.85371611497993E-06  0.21289190233760E-05  0.14602880417170E-03
  0.55077123459504E-04 -0.37648841488791E-04  0.13367643853188E-02
  0.20861346626535E-05 -0.56113968954781E-05  0.16943334199507E-03
  0.17882444415077E-04  0.42817049792657E-04  0.13342775344910E-02
  0.94351461891335E-05 -0.10040881295590E-04  0.22735221174532E-03
  0.13140953858558E-04  0.24366922142424E-04  0.16457893324059E-03
  0.40656283395490E-04  0.15497677884666E-04  0.19678883341210E-03
 -0.50145035805507E-04  0.23239449637065E-04  0.21926559205164E-03
  0.57644925022134E-04  0.12523730635509E-04  0.22870508551860E-03
 -0.74591287338420E-04  0.37050956074568E-04  0.13265584178918E-02
 -0.48913675104875E-04  0.18307866206051E-04  0.21280395846028E-03
 -0.66857013829782E-04  0.32556421048760E-04  0.13360842056023E-02
 -0.34808881264561E-04  0.13618494260226E-04  0.17928266661415E-03
 -0.56744752609807E-04  0.27051646325178E-04  0.13427476018478E-02
 -0.26858239258852E-04  0.10409329120124E-04  0.16064594203476E-03
 -0.75883717394736E-04  0.24408733791175E-04  0.26830841763819E-03
 -0.45053427246184E-04  0.20857731006745E-04  0.13476505304216E-02
 -0.32876597026450E-04  0.13416964140128E-04  0.13514663450100E-02
 -0.18066404584880E-04  0.56579758847649E-05  0.14690554932413E-03
 -0.21331544040526E-04  0.60672074832340E-05  0.13541510060742E-02
 -0.13928397495535E-04  0.40863553745067E-05  0.14403068971943E-03
 -0.11030667718795E-04 -0.72203308508523E-06  0.13551446647418E-02
 -0.95862557496127E-05  0.17598711734962E-05  0.14139269461072E-03
 -0.22045268232290E-04  0.79212070608364E-05  0.15143147643778E-03
 -0.33733758363854E-05 -0.49404584354424E-05  0.13532902518229E-02
 -0.78893037932270E-04  0.40192981613702E-04  0.13134976175665E-02
 -0.78384120888300E-04  0.41180670435597E-04  0.12979384017226E-02
  0.65916611727036E-04 -0.30723107556040E-04  0.12916230117392E-02
  0.14314442372291E-03 -0.35112188119925E-04  0.37942442575919E-03
  0.59008280925089E-04 -0.19911173746039E-04  0.12736298183162E-02
  0.17234610121954E-03 -0.34302486992876E-04  0.43732045031782E-03
  0.46166769637461E-04 -0.64437626697449E-05  0.12564419173824E-02
  0.15114801991488E-03 -0.12694891672271E-04  0.42310154230071E-03
 -0.11897528791446E-03  0.35979916940410E-04  0.34552879874777E-03
 -0.15890040677561E-04  0.11742576353703E-04  0.12380465953213E-02
 -0.37897275778617E-04  0.22740022038325E-04  0.12461451467459E-02
 -0.11812379892289E-03  0.46536269892458E-04  0.37414680326048E-03
 -0.56152397400334E-04  0.31497164097554E-04  0.12616629695902E-02
 -0.16875265866565E-03  0.63049996379577E-04  0.43441962922599E-03
 -0.70948082169556E-04  0.38128665780649E-04  0.12801015260604E-02
 -0.16287831338595E-03  0.54020864662584E-04  0.41996804898897E-03
 -0.46984262444736E-04  0.17792590184663E-04  0.31037117615041E-03
  0.98478871064885E-04 -0.25449685601152E-04  0.29633339542486E-03
 -0.58381560153329E-05 -0.25444952319943E-05  0.14163291793996E-03
 -0.26916537891328E-05 -0.88472726940698E-05  0.15501517349014E-03
 -0.27175158516281E-04 -0.74290540485658E-05  0.13564167031752E-02
 -0.12308787041615E-04 -0.63811496351125E-05  0.15499371225285E-03
 -0.14996407715027E-04 -0.15659884844897E-04  0.13557188553363E-02
 -0.27113118045610E-05 -0.11485716858601E-04  0.15761531944122E-03
 -0.94579856631852E-06 -0.22286996335116E-04  0.13537582299386E-02
  0.54164757491234E-05 -0.17087282853372E-04  0.16175286597305E-03
 -0.26137361136089E-04 -0.14624611937287E-05  0.15596653067732E-03
  0.13352532227267E-04 -0.28603023595224E-04  0.13499258776544E-02
  0.26913524973303E-04 -0.34919321764919E-04  0.13443576723971E-02
  0.23930584859346E-04 -0.28402947880926E-04  0.18092693845666E-03
  0.38943283603030E-04 -0.38957398862695E-04  0.13375283262736E-02
  0.36996275094550E-04 -0.33801084214949E-04  0.19899274966920E-03
  0.50645928371233E-04 -0.39966447137421E-04  0.13285416712533E-02
  0.54776658721489E-04 -0.41043589538872E-04  0.22846673812918E-03
  0.13675759920449E-04 -0.22705479266125E-04  0.16873023098457E-03
  0.34157792597537E-06 -0.46426225742077E-05  0.13482841025199E-02
 -0.37427342217578E-04  0.13260102582647E-05  0.13545114926988E-02
 -0.45100684200336E-04  0.10143596397609E-04  0.13486595515609E-02
 -0.95163683787086E-06 -0.94146093504078E-06  0.13407752269690E-02
  0.28422493073327E-05 -0.16341607462466E-04  0.19645011346815E-03
 -0.78987505799772E-05  0.45470419266958E-05  0.13323951566703E-02
  0.71882329066947E-05 -0.22173885103644E-04  0.26580091740861E-03
 -0.19349941590585E-04  0.11755293138359E-04  0.13259962328049E-02
 -0.12405786805884E-04 -0.22035236363282E-04  0.32709961719092E-03
 -0.46198415402528E-04  0.29173318039160E-05  0.16722530110517E-03
 -0.32666460990552E-04  0.18975048178929E-04  0.13234723298791E-02
 -0.44183358454420E-04  0.23184604683643E-04  0.13254517154249E-02
 -0.10558844770349E-03 -0.42932452004014E-05  0.32619310601391E-03
 -0.49841798771532E-04  0.23266462593265E-04  0.13311021921035E-02
 -0.10314155289219E-03  0.18379762409917E-05  0.26437820451271E-03
 -0.49385310793855E-04  0.18378549054442E-04  0.13395624510081E-02
 -0.74218429441032E-04  0.41706404995803E-05  0.20134300847132E-03
 -0.63341160382805E-04 -0.14203357466142E-04  0.34970961710370E-03
  0.65903848699690E-04 -0.38193592795227E-04  0.13080140957053E-02
  0.64660389163761E-04 -0.16864454050703E-04  0.23324796801830E-03
  0.61062274770534E-04 -0.41185205219784E-04  0.13224963858293E-02
 -0.89846707470428E-04  0.27781809808811E-04  0.13086902514419E-02
 -0.88839271834348E-04  0.32433204633586E-04  0.28762605064288E-03
 -0.85929551451214E-04  0.27993155765374E-04  0.13222711854422E-02
 -0.16659144063220E-04  0.68616540574879E-04  0.13306915329230E-02
 -0.78047829629033E-04  0.27299942053274E-04  0.13330934526634E-02
 -0.29822719992171E-04  0.16643967985571E-04  0.17857396317250E-03
 -0.14034939111770E-03  0.40686108740959E-04  0.37393561224335E-03
 -0.67526869020301E-04  0.26352731125530E-04  0.13413038682408E-02
 -0.54412636163714E-04  0.23526793101638E-04  0.13472127131520E-02
 -0.15480547770672E-04  0.97070444357826E-05  0.14732102867272E-03
 -0.39624395375589E-04  0.19843943571472E-04  0.13513883913010E-02
 -0.13143856948138E-04  0.85737369972508E-05  0.14453947000447E-03
 -0.25184280302082E-04  0.15028375997645E-04  0.13539238920158E-02
 -0.11215546341822E-04  0.71055427168182E-05  0.14416647963256E-03
 -0.20098818864984E-04  0.12439162013087E-04  0.15725587863689E-03
 -0.12485573247744E-04  0.10141063956700E-04  0.13553303363356E-02
 -0.86897796979562E-04  0.25053323005688E-04  0.12920858562843E-02
 -0.76905429068231E-04  0.19635481215883E-04  0.12740578198892E-02
  0.66672156787368E-04 -0.43119948478403E-04  0.13138478475619E-02
  0.83716865911058E-04  0.57717085777829E-05  0.27974424854374E-03
  0.65628526975173E-04 -0.41227359770340E-04  0.12975403824075E-02
  0.12034586248086E-03 -0.10161603173735E-04  0.35206304566585E-03
  0.58911231477822E-04 -0.34877876621598E-04  0.12793852388270E-02
  0.15495851539745E-03 -0.34616334062907E-04  0.42263615160006E-03
 -0.17941014178909E-03  0.37842738207764E-04  0.43470372359588E-03
  0.46809828716985E-04 -0.25624646550898E-04  0.12610813525845E-02
  0.29401081790484E-04 -0.13221940880572E-04  0.12461032264180E-02
  0.92765511046149E-04 -0.37042503286725E-04  0.37417134877034E-03
 -0.41209146953989E-04  0.21762565202928E-05  0.12446903702340E-02
 -0.11220869806525E-03 -0.13335091038504E-04  0.36146011992780E-03
 -0.60679259560006E-04  0.11544603592159E-04  0.12570366670623E-02
 -0.16995643388150E-03  0.16097337672412E-04  0.42368179462600E-03
  0.15129835045498E-03 -0.50085073668334E-04  0.43578513267634E-03
 -0.85848638146506E-05  0.53078441707423E-05  0.14272177660688E-03
 -0.18962676758860E-05  0.65808745517685E-05  0.13547521253316E-02
 -0.55101932456608E-05  0.18058232461024E-05  0.14077167674843E-03
 -0.34190404502817E-04  0.59163583277751E-05  0.15843598306816E-03
 -0.22912053519989E-04  0.65791392389588E-05  0.13572033264077E-02
 -0.17728413622017E-04  0.29817281446636E-05  0.15319773629815E-03
 -0.11434663820561E-04 -0.26947539955970E-05  0.13579060923233E-02
 -0.62343776621626E-05  0.21297613378322E-06  0.15394720774094E-03
  0.14400307627433E-05 -0.12338778736128E-04  0.13565128262972E-02
 -0.31802242043627E-04  0.15774423355874E-04  0.13529208909278E-02
  0.24004666709144E-05 -0.16550741373695E-05  0.15653589853856E-03
  0.29071060333055E-04 -0.28924378516091E-04  0.13495583782138E-02
  0.17850417824273E-04 -0.49934330198835E-05  0.16583803685887E-03
  0.42170404244790E-04 -0.35220421671657E-04  0.13429648274694E-02
  0.29300615354389E-04 -0.74391061323567E-05  0.17681184018060E-03
  0.52510001217238E-04 -0.40187522228638E-04  0.13339603128146E-02
  0.43374556801366E-04 -0.11554336711076E-04  0.19672127815863E-03
  0.15274389099173E-04 -0.21073702311778E-04  0.13538849864289E-02
 -0.57553203382766E-04  0.79219516823230E-05  0.17912509913084E-03
 -0.37887246869353E-04  0.25269690400307E-04  0.13449505099452E-02
 -0.87467742841598E-04  0.73049131400263E-05  0.22900319914999E-03
  0.52495053714646E-05  0.64264358104806E-05  0.13509759998319E-02
 -0.34525792896106E-05 -0.39476674264134E-05  0.14547945829681E-03
  0.73375963016651E-05  0.98012248808782E-05  0.13443155907283E-02
 -0.67665251587354E-07 -0.11252690417067E-04  0.17132613228819E-03
  0.30411707488204E-05  0.15329739035490E-04  0.13360526807882E-02
  0.70402249771484E-05 -0.17116874827036E-04  0.23055211082792E-03
 -0.65659808752205E-05  0.21724152341527E-04  0.13287048831465E-02
  0.30639110030311E-05 -0.18864982098610E-04  0.30162627755700E-03
 -0.18840445460498E-04  0.28907457337150E-04  0.13242751684683E-02
 -0.34772480217925E-04 -0.13520541979987E-04  0.34522099768820E-03
 -0.30907184151280E-04  0.34721525064095E-04  0.13241470813406E-02
 -0.87748526461840E-04 -0.35813635116532E-05  0.34416982141715E-03
 -0.39467345191513E-04  0.36655059323358E-04  0.13284437451103E-02
 -0.10809248124325E-03  0.42651954954023E-05  0.29804923685513E-03
 -0.41357832955958E-04  0.33240282625527E-04  0.13357213591396E-02
  0.62817306609140E-04 -0.42016433812066E-04  0.13267599432931E-02
 -0.93576910281248E-04  0.21756257380028E-04  0.31915109789853E-03
 -0.12889806358239E-04  0.24429643976733E-04  0.28251219422052E-03
 -0.56013733862624E-04  0.13138316528635E-04  0.34924543668141E-03
  0.36873537500208E-04  0.28138642995580E-05  0.33654006989048E-03
  0.46019645636235E-04  0.21074169893837E-05  0.13235063426409E-02
  0.36099947112568E-04  0.24725168833067E-04  0.31614362207997E-03
  0.54573288954232E-04  0.18951531429002E-04  0.13201225256998E-02
  0.37356280769492E-04  0.39128361225240E-04  0.29204287775372E-03
  0.57799931037043E-04  0.37717564002259E-04  0.13143923658732E-02
  0.31967470512222E-04 -0.10975546396927E-04  0.13247199515948E-02
  0.43992509737792E-04  0.47707351911628E-04  0.27787763983630E-03
  0.57514532723633E-04  0.54713463045027E-04  0.29356359744987E-03
  0.42253856493097E-04  0.70309467879749E-04  0.13002274892307E-02
  0.65590119291470E-04  0.62778661046519E-04  0.33664674317080E-03
  0.27609649766413E-04  0.81578381479165E-04  0.12962750397219E-02
  0.33112474683543E-04  0.72434496455434E-04  0.37128141419195E-03
  0.13930577495764E-04  0.88169021658647E-04  0.12973425272325E-02
  0.53175623960245E-04  0.55495532604796E-04  0.13071358811072E-02
 -0.29605620456737E-04  0.83386550016084E-04  0.37357091971179E-03
  0.39472165540470E-04 -0.23625113213052E-04  0.34818138329504E-03
  0.41258032072364E-04 -0.49114330755573E-04  0.34838122331657E-03
  0.90262006629187E-05  0.11594783097535E-03  0.40894323251148E-03
  0.64738576139793E-05  0.87329625257387E-04  0.12876834463408E-02
 -0.50129062551488E-04  0.12566195140652E-03  0.39042660486261E-03
 -0.35546104505575E-05  0.88399153286581E-04  0.12953613459143E-02
 -0.55648245594697E-04  0.12268655598522E-03  0.34004492617405E-03
 -0.75141987740973E-05  0.84550936447926E-04  0.13047524502663E-02
  0.16096574291516E-04 -0.21700580979912E-04  0.13249340561788E-02
 -0.28621977248498E-04  0.11450227013642E-03  0.29331996967624E-03
 -0.38639951135958E-05  0.11111117988246E-03  0.28774370518588E-03
 -0.89907477585501E-05  0.65909228339986E-04  0.13202986295694E-02
  0.10505774074795E-04  0.10726196957711E-03  0.30839009154142E-03
 -0.60771223160650E-05  0.52577977687050E-04  0.13232261727161E-02
  0.13112654026729E-04  0.96295932034415E-04  0.33115093448872E-03
 -0.53888929947527E-06 -0.28729707574061E-04  0.13255208546920E-02
 -0.93301303604573E-05  0.76532595624604E-04  0.13139704039156E-02
  0.20192016568781E-04  0.81968344677420E-04  0.12832680599149E-02
  0.30658262334598E-05  0.90497994018732E-04  0.13024805332216E-02
 -0.25651945182755E-05  0.87580404228377E-04  0.13098899266990E-02
  0.22358747420906E-04  0.31081243168154E-04  0.28902698927507E-03
  0.43431683346945E-04  0.19227057641829E-04  0.13301787393117E-02
  0.23798839869533E-04  0.34362176793656E-04  0.25417790994938E-03
  0.50285700087612E-04  0.35646114679604E-04  0.13270667321435E-02
  0.26394453080729E-04  0.32487026210207E-04  0.22541493575694E-03
  0.50749886685617E-04  0.52247913137612E-04  0.13211249082243E-02
  0.31963892817860E-04  0.56382926869049E-05  0.13303134468302E-02
  0.31672885133821E-04  0.30941371848074E-04  0.22413674058954E-03
  0.42404040872615E-04  0.33735158710607E-04  0.26598183947040E-03
  0.32422162121620E-04  0.78016527984901E-04  0.13087574455585E-02
  0.37096103173905E-04  0.40225824103538E-04  0.32630992933678E-03
  0.19047762598011E-04  0.86179309598435E-04  0.13065438361713E-02
 -0.85990552359687E-05  0.49944550354775E-04  0.35887650728840E-03
  0.71765919463620E-05  0.90555858856948E-04  0.13090214268774E-02
  0.44246097108733E-04  0.66683289725442E-04  0.13142717938422E-02
 -0.62919947347150E-04  0.87780096067547E-04  0.33397943930031E-03
  0.22022284706174E-04  0.18128998665953E-04  0.31880378470398E-03
  0.22467940604925E-04 -0.18443966747908E-05  0.33954374843229E-03
 -0.48391179402213E-04  0.84123691398978E-04  0.27041478088080E-03
 -0.38826704390724E-05  0.79966278278098E-04  0.13179560414471E-02
 -0.19715456865717E-04  0.83841123853810E-04  0.23515387751548E-03
 -0.27497610408649E-05  0.70171528621070E-04  0.13239344978788E-02
  0.40703931371275E-05  0.90569318988045E-04  0.24362389495745E-03
  0.97833300872913E-06  0.58514849496129E-04  0.13264628000977E-02
  0.16697428404313E-04 -0.59843492268685E-05  0.13293050527270E-02
  0.20132750327927E-04  0.98298233488607E-04  0.27519376054671E-03
  0.27599562855453E-04  0.99622615934454E-04  0.30962148969562E-03
  0.11915046626612E-04  0.29891279975853E-04  0.13262847277592E-02
  0.25165247797524E-04  0.89416708731057E-04  0.33513689726963E-03
 -0.18048416860229E-04 -0.22594355038525E-04  0.13259902200478E-02
  0.24422401585913E-04 -0.25464602149933E-04  0.34919807321585E-03
 -0.29491770973634E-06 -0.15102686385132E-04  0.13275060768641E-02
  0.65104776185985E-05  0.45211969249431E-04  0.13268885506037E-02
  0.72726713677125E-04  0.10307153530566E-03  0.40348753473896E-03
  0.35187141467757E-04  0.71416639306896E-04  0.12844697339915E-02
  0.88813296699748E-04  0.91081479942115E-04  0.37860223929789E-03
  0.63804171327373E-04 -0.17460684608778E-04  0.13006153870856E-02
  0.11121377638368E-03 -0.40611741312687E-04  0.36944915444945E-03
  0.64415274308483E-04 -0.87795506870260E-06  0.12872162104827E-02
  0.12822328881877E-03  0.13084870125631E-05  0.40680756918860E-03
  0.57970272487877E-04  0.17471692753032E-04  0.12740641012688E-02
  0.13496640879272E-03  0.56981467936077E-04  0.43317776538165E-03
 -0.97199429839800E-04  0.15279612794219E-03  0.43751656714302E-03
  0.45493294935423E-04  0.34972682916360E-04  0.12633661031058E-02
  0.26957980237939E-04  0.50673872846062E-04  0.12574853387357E-02
  0.69350494978731E-04  0.13239098311630E-03  0.42893444400638E-03
  0.89218368219293E-05  0.62806353142438E-04  0.12581835985356E-02
 -0.65538763961566E-05  0.15798200390521E-03  0.43280464401773E-03
 -0.84220962008612E-05  0.71283179100795E-04  0.12659853333310E-02
 -0.62945550263266E-04  0.17713981656102E-03  0.44355287665153E-03
  0.12010590161907E-03  0.10397911033098E-03  0.43874225366481E-03
 -0.21181031065486E-04  0.76160047956593E-04  0.12780386810735E-02
 -0.28648775319240E-04  0.61383250531769E-04  0.12649007216363E-02
 -0.11093235349915E-04  0.53533430642071E-04  0.12525452881143E-02
  0.28939088240029E-04  0.71563334879236E-05  0.12440637178590E-02
  0.84574752823900E-04  0.18708677595324E-04  0.35917229243878E-03
  0.82409140312790E-05  0.21053669016504E-04  0.12393885559660E-02
  0.14144902898189E-04  0.46984105076508E-04  0.32141440678955E-03
 -0.13993176297415E-04  0.33350394903920E-04  0.12426250455113E-02
 -0.54074476534187E-04  0.79258813542845E-04  0.34852576820534E-03
 -0.60691312586353E-04  0.14317741616253E-03  0.41161788933719E-03
  0.59008959301764E-04 -0.24634133398736E-05  0.12713907572452E-02
  0.46349012528216E-04  0.12931087944183E-04  0.12571267547154E-02
  0.13650844811254E-03  0.45025781328952E-04  0.42250359636821E-03
  0.28965355326975E-04  0.28382876207525E-04  0.12482757886110E-02
  0.79508563050956E-04  0.81257301067877E-04  0.38624792561592E-03
  0.86647424490598E-05  0.42747550368483E-04  0.12467263452852E-02
  0.82465632568314E-05  0.11087065485153E-03  0.37729343775247E-03
  0.16235310679234E-03 -0.19449772652132E-05  0.43657007803725E-03
 -0.68352721838035E-04  0.16794365417735E-03  0.42138853004372E-03
 -0.28586625275665E-04  0.75611484474894E-04  0.12916699014958E-02
 -0.50077527257038E-04  0.13579534963274E-03  0.38214683951575E-03
 -0.20487243063433E-04  0.12938471952704E-03  0.33733872092898E-03
 -0.19956474826538E-04  0.69949369729976E-04  0.13128670877343E-02
 -0.86638402813394E-05  0.10905887206355E-03  0.33887737936101E-03
  0.32830881816892E-04 -0.26182219542936E-04  0.13220765917655E-02
  0.56866601775321E-04 -0.44657851826963E-04  0.34669763758325E-03
  0.46354415038219E-04 -0.14574441581588E-04  0.13189495057877E-02
 -0.17937864918983E-04  0.78980890257552E-04  0.13032382660687E-02
  0.55581957616840E-04 -0.15919430829291E-04  0.34872982470274E-03
  0.56615862404973E-04  0.15326171370229E-04  0.34327473848223E-03
  0.61391011532847E-04  0.19205332795407E-04  0.13075766742665E-02
  0.60642713172672E-04  0.45787941858754E-04  0.33850518066989E-03
  0.60108435887938E-04  0.38960342902951E-04  0.12988574197400E-02
  0.73892432560927E-04  0.72312384858835E-04  0.34913238235316E-03
  0.50019000205678E-04  0.56664082540001E-04  0.12906399283786E-02
  0.56589350433981E-04  0.73344886786590E-06  0.13144972749187E-02
 -0.44140342936586E-04  0.14911219756878E-03  0.36451723733822E-03
 -0.13832185912657E-04  0.83705949035603E-04  0.12915636440752E-02
 -0.60746339341395E-04  0.16312916880383E-03  0.41166326350485E-03
  0.57332043450288E-04 -0.16707451190789E-04  0.13114261239127E-02
  0.80350133293824E-04 -0.32591568752797E-04  0.35670696632225E-03
  0.63505722013632E-04 -0.68805907060393E-07  0.13022564480094E-02
  0.87890798952254E-04  0.65355906255354E-05  0.37199488550060E-03
  0.63250479207545E-04  0.18510154664897E-04  0.12917178839569E-02
  0.97120173590680E-04  0.53473381646944E-04  0.39120289432179E-03
  0.56267923627698E-04  0.37906398038684E-04  0.12812591719989E-02
  0.10978724986762E-03  0.97368062601386E-04  0.41928565507550E-03
  0.41238526875912E-04  0.54939736691500E-04  0.12733558184211E-02
  0.10138022463145E-03  0.12451288232048E-03  0.43733703039076E-03
  0.24446791400731E-04  0.68878108882342E-04  0.12696440079686E-02
  0.46392010953441E-04  0.14187039057315E-03  0.43874198733680E-03
  0.87256197892058E-05  0.78232799332620E-04  0.12724623267814E-02
 -0.28625930937615E-04  0.15881168889653E-03  0.43571225917529E-03
 -0.53805423802926E-05  0.83103224052664E-04  0.12805948113152E-02
 -0.59727683567865E-04  0.58762960383028E-04  0.34354520745715E-03
 -0.73422736253212E-06  0.89222601777842E-04  0.13148656455593E-02
 -0.67548117493521E-04  0.59716133356259E-04  0.28403765591723E-03
 -0.29194854219165E-05  0.82615544454657E-04  0.13225143873329E-02
 -0.10263254489411E-04  0.73372665786284E-04  0.13327127604158E-02
 -0.63793320663046E-04  0.30718889320427E-04  0.21544854949391E-03
 -0.79137003742049E-05  0.63616874984254E-04  0.13405599866842E-02
 -0.35112822139695E-04  0.30770974191879E-04  0.17485719907090E-03
 -0.24610757234854E-05  0.51759177345278E-04  0.13451858123854E-02
 -0.11551442514171E-04  0.34418999922988E-04  0.16430088327263E-03
 -0.86742408581278E-04  0.31719379795670E-04  0.28334038138287E-03
  0.55876018074961E-05  0.38677172146587E-04  0.13457377243993E-02
  0.15681993648192E-04  0.24742165090006E-04  0.13433172237307E-02
  0.20337572898476E-04  0.51924788667332E-04  0.19145786697781E-03
  0.26523632125006E-04  0.10442124932445E-04  0.13394035407639E-02
  0.31347092374206E-04  0.62768373526951E-04  0.21924852034543E-03
  0.36978772751937E-04 -0.35029748415921E-05  0.13351021570415E-02
  0.40926841022690E-04  0.71152509319116E-04  0.25260024822426E-03
  0.64219521767262E-05  0.41954306326981E-04  0.17235523672322E-03
  0.46116819619094E-04 -0.16998325609763E-04  0.13311529597550E-02
 -0.86021106741649E-05  0.78889016380083E-04  0.13248830962653E-02
 -0.13525981176561E-05  0.79796068341499E-04  0.13195426117602E-02
  0.16545490263992E-04  0.20559653410650E-04  0.13421579329780E-02
  0.87544769358640E-05  0.24700625883898E-04  0.19669612521883E-03
  0.29174429409974E-04  0.29940544389970E-04  0.13429693442991E-02
  0.88870984640596E-05  0.20055198315218E-04  0.17080625110063E-03
  0.36803412700002E-04  0.40167021792341E-04  0.13412481980691E-02
  0.80740405474449E-05  0.13918997140184E-04  0.15943814312426E-03
 -0.74314071310915E-04  0.27307845837924E-04  0.33846068654172E-03
  0.38368173133704E-04  0.51379119673999E-04  0.13361851873091E-02
  0.32864325592624E-04  0.61554551027270E-04  0.13284985138440E-02
  0.17766288075145E-04  0.45116077773146E-05  0.23063771140409E-03
  0.22066986788661E-04  0.70213627591129E-04  0.13218351537052E-02
  0.14591488471127E-04  0.78161097019721E-05  0.30299353690866E-03
  0.95898181305739E-05  0.76564405832596E-04  0.13183647502793E-02
 -0.24339915150255E-04  0.16844593104894E-04  0.34615705200043E-03
  0.10201796740407E-04  0.76938859273592E-05  0.17561841176656E-03
  0.47766429676622E-04  0.73129936385590E-04  0.28613836705875E-03
  0.52733626059961E-04 -0.31047815807702E-04  0.13269457354798E-02
  0.49930076378499E-04  0.65219601080477E-04  0.31579531862611E-03
  0.36022058068344E-05  0.20439296327457E-04  0.17449553107132E-03
  0.15496815358219E-04  0.24760948381213E-04  0.13475402616837E-02
  0.35113140630753E-05  0.17333908909287E-04  0.15697610783972E-03
  0.26728288955864E-04  0.31664410517622E-04  0.13471286249079E-02
  0.24847491016964E-05  0.11421924347158E-04  0.14833866434057E-03
  0.31782776523014E-04  0.40791779908343E-04  0.13434097834169E-02
  0.55469972458762E-06  0.19252485155807E-04  0.13456752541704E-02
  0.30078741318469E-05  0.34299426481467E-05  0.15582513448416E-03
  0.83473966801670E-05 -0.29251303707638E-05  0.19424251444877E-03
  0.20546405849607E-04  0.57630258839659E-04  0.13283761401182E-02
  0.14417628084780E-04 -0.37364076503672E-05  0.26431535828260E-03
  0.89882856414087E-05  0.63890567477107E-04  0.13224130054156E-02
 -0.47534000320469E-05  0.23480615022317E-05  0.32838205831864E-03
 -0.29837770957233E-05  0.68852012147187E-04  0.13207062863857E-02
  0.29170891653909E-04  0.50163490672282E-04  0.13363667290056E-02
  0.27258425376250E-05  0.22878598311443E-04  0.19677139523098E-03
 -0.15978137173917E-04  0.13801423454098E-04  0.13426329220675E-02
  0.17706313269054E-06  0.25064859914454E-04  0.22256981726404E-03
  0.57181180206403E-04 -0.43775196013280E-04  0.13219442628407E-02
  0.47901965519854E-04  0.46294711284123E-04  0.33806712543855E-03
  0.57597697696771E-04 -0.53453293251471E-04  0.13153450454481E-02
  0.41866223955888E-04  0.15619382457120E-04  0.35114601776764E-03
 -0.99245531307443E-04 -0.16217930080984E-04  0.13105653735304E-02
 -0.48756860394714E-04 -0.16187970270258E-04  0.35437631974538E-03
 -0.92524774360741E-04 -0.12537816920167E-04  0.13178473194689E-02
 -0.34106247801700E-04  0.43540516255764E-05  0.33647502180325E-03
 -0.82010157502647E-04 -0.78251386465422E-05  0.13239862592555E-02
 -0.22909573944955E-04  0.17679639862730E-04  0.31224138786528E-03
 -0.68156403907255E-04 -0.29636954594019E-05  0.13296954587549E-02
  0.59449736812061E-04 -0.37122962684169E-04  0.13168259973250E-02
 -0.51895572147340E-04  0.22338087367755E-05  0.13346071535583E-02
 -0.51024741435599E-05  0.26536878735765E-04  0.25147977695258E-03
 -0.33818195540099E-04  0.75245901455945E-05  0.13389949191498E-02
  0.70351315240758E-05  0.28178050825577E-04  0.22837692100810E-03
 -0.12358912983860E-04  0.70794570709076E-04  0.13241006727183E-02
  0.11466890931359E-05  0.11489356823786E-04  0.13392579724329E-02
 -0.15988204144306E-04  0.34234585653972E-05  0.13356075483754E-02
  0.83449915995643E-05 -0.20043103695023E-05  0.33846213964383E-03
 -0.17494173097657E-04 -0.89458156240783E-05  0.13294340735625E-02
  0.88215294728618E-05  0.15440189249157E-04  0.31982472221640E-03
  0.62695996135524E-06 -0.47495540517142E-06  0.13326537262983E-02
  0.10458751315963E-04  0.27385125307938E-04  0.29345580396007E-03
  0.17348915064917E-04  0.91159934525220E-05  0.13355794658386E-02
 -0.35594275024903E-04 -0.16453870420371E-04  0.13265692813879E-02
  0.13299170029096E-04  0.31709093027375E-04  0.25997361755997E-03
  0.15002065619690E-04  0.29875113434703E-04  0.22360888449888E-03
  0.40323360903179E-04  0.33215125130361E-04  0.13365618731874E-02
  0.16030656829079E-04  0.24426447872939E-04  0.19224178206314E-03
  0.44946772035812E-04  0.46620413078592E-04  0.13327763369839E-02
  0.17071695369188E-04  0.19211234136998E-04  0.18173328094647E-03
  0.43008867208714E-04  0.59815933074251E-04  0.13262541382032E-02
  0.30581774660224E-04  0.20645791540864E-04  0.13371442518462E-02
  0.22599225380261E-04  0.16591396064695E-04  0.21070361052501E-03
  0.92798475396272E-05 -0.23568035895887E-04  0.34854511798247E-03
  0.21518216702554E-04  0.55908107193838E-04  0.34856078308618E-03
 -0.42634929271392E-04  0.57968856739885E-04  0.22236662264393E-03
 -0.20136411245090E-05  0.72934786119558E-04  0.13293083641705E-02
 -0.15182086506763E-04  0.62022165624257E-04  0.19862935710823E-03
  0.16615814004481E-05  0.61692319226043E-04  0.13323027202933E-02
  0.70573001536172E-05  0.72026779148337E-04  0.21033685080918E-03
  0.83473231815064E-05  0.49342557761976E-04  0.13320091412964E-02
 -0.52582780219479E-04 -0.22432040116327E-04  0.13243497041160E-02
  0.23650421711658E-04  0.84487204495606E-04  0.24254184393608E-03
  0.34197247786609E-04  0.93276513667525E-04  0.28132828614078E-03
  0.23557678789888E-04  0.20221719479006E-04  0.13283408810130E-02
  0.37702312506183E-04  0.92354325448721E-04  0.31517204300023E-03
  0.29395728165884E-04  0.32281810163902E-05  0.13263959060918E-02
  0.33155935817052E-04  0.79317949681243E-04  0.33809651819271E-03
  0.34413425172217E-04 -0.14351463980536E-04  0.13248582677727E-02
  0.16223683224567E-04  0.35628698951831E-04  0.13304051327631E-02
  0.34259083712043E-04  0.71010620047749E-04  0.13192672279478E-02
  0.28752006007879E-04  0.18323748604133E-04  0.27679486142310E-03
  0.21841423043580E-04  0.80294931240616E-04  0.13146973663074E-02
  0.38995737006839E-04 -0.71327338490920E-05  0.13284057769387E-02
  0.43843538171373E-04  0.80497064697184E-04  0.31684506464557E-03
  0.44737300845163E-04 -0.23477699888264E-04  0.13256530122073E-02
  0.38839615495765E-04  0.64452459047540E-04  0.33796617059406E-03
  0.48180537803090E-04 -0.38726001745066E-04  0.13229132356762E-02
  0.28287458339805E-04  0.39543622488723E-04  0.34809882508985E-03
  0.42123323578370E-04  0.85284972749038E-04  0.28618901787171E-03
 -0.82204709838104E-04 -0.21203375673485E-04  0.13208099150823E-02
 -0.68731198317556E-04 -0.17151262244471E-04  0.13239699868779E-02
 -0.72287089241049E-05 -0.10442129051252E-06  0.33590723633753E-03
 -0.52349187661663E-04 -0.10455073087981E-04  0.13279164048606E-02
 -0.37886974266914E-05  0.15888406381563E-04  0.31541570978383E-03
 -0.34454981374781E-04 -0.40767639776539E-05  0.13318662226557E-02
  0.10360739648272E-07  0.25008962075984E-04  0.28953055855256E-03
 -0.10584890757034E-04 -0.20252186258797E-04  0.34704087867377E-03
  0.31546039084418E-04  0.86160576474546E-05  0.13312656914028E-02
  0.34690940770530E-04  0.80013690384528E-04  0.24957295430794E-03
  0.22714778087181E-04  0.23659461547500E-04  0.13345035713241E-02
  0.69773875345102E-05  0.25268025358092E-04  0.33606325002636E-03
  0.92385343098732E-05  0.86082327754450E-04  0.13142029740468E-02
 -0.45561963551753E-04  0.35568323992087E-04  0.35088273381539E-03
 -0.54765557586296E-06  0.86879418571697E-04  0.13179413801409E-02
 -0.78102396997099E-04  0.42295002675265E-04  0.31348665177615E-03
 -0.50082644524454E-05  0.82898969120956E-04  0.13246064380295E-02
 -0.67255691875268E-04  0.42035669488092E-04  0.24502873145826E-03
 -0.48568014103509E-05  0.74754879746762E-04  0.13325844995246E-02
 -0.38957911267900E-04  0.41858780948669E-04  0.19289072398911E-03
 -0.20016407011404E-05  0.63655253360548E-04  0.13382219626123E-02
 -0.12995166673667E-04  0.46094725157358E-04  0.17678970273172E-03
  0.43004501895586E-05  0.51275715750679E-04  0.13394830039094E-02
  0.74873598080828E-05  0.55904401838318E-04  0.18721462312914E-03
  0.12933742847535E-04  0.37788747286190E-04  0.13376052378236E-02
  0.22804120391397E-04  0.68329889689681E-04  0.21401973899185E-03
  0.40625719538903E-05  0.28936248499840E-04  0.25989670016392E-03
  0.80154519561826E-04 -0.48489625466306E-04  0.27461217094620E-03
  0.98976507521082E-05 -0.30926526171625E-05  0.15981806245629E-03
 -0.77428092780510E-04 -0.36786368100868E-04  0.12898836979086E-02
 -0.71923073941173E-04 -0.12858381001932E-04  0.13278849550886E-02
  0.69067871396024E-05  0.27892117622882E-04  0.34665600407619E-03
 -0.11192332611296E-03 -0.22351696550832E-04  0.30421278248355E-03
 -0.66437474522914E-04 -0.14483188288243E-04  0.13222747257359E-02
  0.38992210825136E-04 -0.46028995488522E-04  0.13227826226709E-02
 -0.85903059689362E-04 -0.30647235599809E-04  0.34533132557836E-03
 -0.52050224561298E-05  0.90397838849457E-06  0.33145917464265E-03
 -0.54792146502299E-04 -0.19611302483790E-04  0.13194954148570E-02
 -0.30867187361473E-04 -0.37377343890516E-04  0.33661299226346E-03
 -0.39184313159720E-04 -0.26556122868927E-04  0.13210325510373E-02
  0.37051510947960E-04 -0.57916781391108E-04  0.13204989280684E-02
 -0.91936235038517E-04 -0.17457629828619E-04  0.23755245045414E-03
  0.94319245417212E-06 -0.35992366368867E-04  0.28196904400412E-03
 -0.23435679379065E-04 -0.33754855230062E-04  0.13265797262181E-02
  0.12614714232141E-05 -0.26301102153979E-04  0.20993653547159E-03
 -0.10889776957420E-04 -0.38858436177717E-04  0.13339127762785E-02
  0.30940456858043E-04 -0.65360887180416E-04  0.13157283796969E-02
 -0.10200744397876E-04 -0.42285501847942E-04  0.27938572979656E-03
 -0.60369489884247E-05 -0.14264505787323E-04  0.16278905824533E-03
 -0.38742905694118E-05 -0.41187973339545E-04  0.13403508073031E-02
  0.20252971030584E-04 -0.67864620439510E-04  0.13079309530312E-02
 -0.12345082566907E-04 -0.45234978197368E-05  0.15068649265219E-03
 -0.14444951481041E-05 -0.39286486737857E-04  0.13443724320525E-02
 -0.10528021100508E-05 -0.65469123061996E-04  0.28298753558439E-03
 -0.11283554076279E-04 -0.21764101877161E-04  0.30491411940568E-03
  0.37870256418724E-04 -0.31164876770433E-04  0.13237944392001E-02
 -0.72271548248089E-04 -0.15657189654847E-04  0.13353825514902E-02
 -0.58666091354042E-04 -0.17805473139558E-04  0.19143414541336E-03
  0.55067352600213E-04 -0.67145680638775E-04  0.33534594977854E-03
  0.17306367392501E-04 -0.33877011517355E-04  0.13251563950998E-02
 -0.48928991394201E-04 -0.74207233089824E-04  0.28147263040519E-03
  0.49697074177626E-04 -0.79777667311104E-04  0.31591392139334E-03
  0.14469218539795E-05 -0.37412250663722E-04  0.13283141357180E-02
 -0.92313008242486E-04 -0.33007059223643E-04  0.13177461025692E-02
  0.40924424073093E-04 -0.81992389174735E-04  0.28972980390676E-03
 -0.14538770677648E-04 -0.38666836880572E-04  0.13317248722894E-02
 -0.22588904906508E-04 -0.77321481752126E-04  0.29553971732709E-03
  0.30322280916729E-04 -0.76538677259347E-04  0.26044677809170E-03
 -0.29613058855241E-04 -0.38704663257625E-04  0.13351962680094E-02
 -0.88913326568598E-04 -0.32224941297317E-04  0.13207281249749E-02
 -0.53217710000996E-05 -0.76124157499287E-04  0.31893215629216E-03
  0.19477946349359E-04 -0.65257023348040E-04  0.23070984002136E-03
 -0.43338618531088E-04 -0.35494367426608E-04  0.13387281002708E-02
  0.56987496683964E-05 -0.52718093537263E-04  0.20482005319308E-03
 -0.80593883975373E-04 -0.30371399023203E-04  0.13222349505070E-02
 -0.55036332571015E-04 -0.31232720199777E-04  0.13418162518599E-02
  0.45225935784054E-05 -0.66485455464340E-04  0.33870975325513E-03
 -0.10705116657021E-04 -0.38300962648741E-04  0.18512151242906E-03
 -0.64178016320480E-04 -0.25662470047089E-04  0.13432619699084E-02
 -0.31733778655554E-04 -0.25865482866032E-04  0.17783562963568E-03
 -0.68010158513495E-04 -0.27361639595323E-04  0.13230937164531E-02
 -0.70090520062473E-04 -0.20843188541182E-04  0.13412336923196E-02
  0.88264402644536E-05 -0.47278321449845E-04  0.34890618783738E-03
 -0.19548122649167E-04  0.15703514677842E-05  0.16033946116344E-03
 -0.29083149629493E-05 -0.32349585870411E-04  0.13451822526427E-02
  0.30617254429602E-05 -0.66613081224734E-04  0.12985166422155E-02
 -0.26601177168865E-04  0.40003139653245E-05  0.18309830414034E-03
  0.52681648953926E-04 -0.76736129003825E-04  0.28427097471643E-03
  0.20389954436613E-04 -0.39351242224722E-04  0.13295872368833E-02
 -0.95750131694430E-04 -0.29407594719099E-04  0.13059990007996E-02
  0.39236616517434E-04 -0.71605937060309E-04  0.25352379306018E-03
 -0.51032877794585E-04 -0.80477783967513E-04  0.33888211813816E-03
  0.49958255168295E-05 -0.40489421099205E-04  0.13343381239380E-02
  0.28047709982764E-04 -0.62493823069741E-04  0.22547510635754E-03
 -0.10265804008743E-04 -0.38597406495784E-04  0.13387858236398E-02
 -0.97157181163077E-04 -0.27302336722016E-04  0.13126621366048E-02
  0.17698586960982E-04 -0.52216297138676E-04  0.20215494979994E-03
 -0.29685232889968E-04 -0.63654865486521E-04  0.34441506443657E-03
 -0.24514736101960E-04 -0.34330702637872E-04  0.13432447901869E-02
  0.62755892328867E-05 -0.40801419413627E-04  0.18438096402447E-03
 -0.37706038942776E-04 -0.28562098738797E-04  0.13470113105371E-02
 -0.92703153580742E-04 -0.24789640596036E-04  0.13173390133362E-02
 -0.17273582312044E-04 -0.43420482465979E-04  0.34949345977896E-03
 -0.75353565388780E-05 -0.29060127128965E-04  0.17175559772895E-03
 -0.49348987823563E-04 -0.22737069224830E-04  0.13489289848689E-02
  0.49203752253403E-04 -0.51403234941705E-04  0.13192143732382E-02
 -0.23689280694882E-04 -0.18116698474727E-04  0.16598384408028E-03
 -0.58180487536062E-04 -0.16270403771457E-04  0.13480598810145E-02
  0.16213410371582E-04  0.78329963349505E-05  0.34659664163498E-03
 -0.45578210191767E-04 -0.10303087057362E-04  0.17285323358605E-03
 -0.63389921632453E-04 -0.93479966780647E-05  0.13438646401985E-02
  0.45848921947915E-04 -0.60490549802690E-04  0.13137197695244E-02
 -0.83153183917736E-04 -0.94125840435910E-04  0.34766895868185E-03
 -0.90484401292607E-04 -0.32766301473368E-04  0.13127537991426E-02
  0.34604269607528E-04 -0.34984568880156E-04  0.13244371395958E-02
 -0.88789718390631E-04 -0.31750607549947E-04  0.12972936304505E-02
 -0.64053405901787E-05 -0.20994223675551E-04  0.13432571093851E-02
  0.11806123969055E-04 -0.91899161600307E-04  0.33258900422944E-03
 -0.33208194147095E-04  0.42960599653241E-05  0.21414768228356E-03
 -0.11650685953740E-04 -0.74077033280279E-05  0.13397209887640E-02
 -0.18517124857451E-04 -0.60445504185147E-04  0.12900956014578E-02
 -0.39058842467307E-04  0.49640370578401E-05  0.24890473433818E-03
 -0.18008328363766E-04  0.69955243477237E-05  0.13357139442141E-02
 -0.44967428985682E-05 -0.10903588318742E-03  0.38797458648926E-03
 -0.41920990005675E-04  0.10256082765754E-04  0.28196411146190E-03
 -0.23652442542376E-04  0.21858035004958E-04  0.13316335527209E-02
 -0.41234179752148E-04 -0.52295248809081E-04  0.12850392610988E-02
 -0.68610401239071E-04 -0.11179723484091E-03  0.40983154513028E-03
 -0.41751351622930E-04  0.22144172743810E-04  0.31064156222744E-03
 -0.28855672690266E-04  0.36072853628877E-04  0.13270222844531E-02
 -0.39142517719480E-04  0.41711824588607E-04  0.33319548533307E-03
 -0.61626561551129E-04 -0.44096991671299E-04  0.12852217521684E-02
 -0.32643046056614E-04  0.49131126203678E-04  0.13218057205267E-02
 -0.12296695169601E-03 -0.10956942827520E-03  0.40386434081036E-03
 -0.36619840000474E-04  0.68849224217661E-04  0.34893073368536E-03
 -0.34295197110925E-04  0.60519227322433E-04  0.13149203119567E-02
 -0.38295832304001E-04  0.10103586697102E-03  0.36064116633260E-03
 -0.32881888717241E-04  0.69792072654317E-04  0.13050085535448E-02
 -0.11945345436630E-03 -0.10481488524054E-03  0.37682450886329E-03
  0.73293524014319E-04 -0.59300973698716E-04  0.33801093980967E-03
  0.47779767107652E-04 -0.28211734631947E-04  0.13184586893150E-02
  0.63900162060166E-04 -0.73394978426624E-04  0.31255723476342E-03
 -0.75924160555785E-04 -0.76724454140740E-05  0.20439746376020E-03
 -0.19937687463742E-04  0.58289035161085E-04  0.13190633869179E-02
 -0.86003606673839E-04 -0.73714189274731E-04  0.29586746530026E-03
 -0.51252497675222E-04 -0.31084328982310E-04  0.13260564152904E-02
 -0.27085792275394E-04  0.87842011822001E-05  0.31440215941616E-03
  0.25532330251683E-04 -0.69523421780215E-04  0.34012012647168E-03
  0.12160366697003E-04 -0.10720442780144E-04  0.13283537142239E-02
 -0.19030516835657E-04  0.27665273101001E-04  0.33664358935134E-03
  0.81104594349039E-05  0.58794049686330E-05  0.13265096562311E-02
 -0.35295564195577E-04 -0.28120574462918E-04  0.13256082967150E-02
  0.26334638887176E-04 -0.49526435237560E-04  0.34951800737382E-03
 -0.69892395180694E-05  0.52363447849781E-04  0.34662182985145E-03
  0.31235451994735E-05  0.21965652914440E-04  0.13253591060859E-02
  0.17510432888706E-04  0.13320669180845E-04  0.13254290979641E-02
  0.15152568240166E-04 -0.27614825602839E-04  0.13308041197807E-02
  0.59533181717335E-05  0.77088911422634E-04  0.34476214324246E-03
  0.14831481838932E-04  0.68859350550498E-04  0.34820878017614E-03
  0.40370036018830E-04 -0.69535309040276E-04  0.33838207570924E-03
 -0.17445155505780E-04 -0.32779551319680E-04  0.13270010598803E-02
  0.22286264817441E-04 -0.38610573889548E-05  0.13250385195301E-02
  0.36002963710670E-04 -0.81704713363331E-04  0.32018913680483E-03
 -0.33779915994469E-04 -0.35224577952674E-04  0.13291658339193E-02
  0.57521558267097E-06  0.42444493178952E-04  0.34829193812899E-03
  0.27951344877215E-04 -0.83388659010834E-04  0.29418187954927E-03
 -0.48453590260546E-04 -0.36066255729221E-04  0.13312626100092E-02
  0.25726833789683E-04 -0.21082394229627E-04  0.13254807422511E-02
  0.16593384474274E-04 -0.76244664085944E-04  0.26214326156035E-03
 -0.13374230812233E-05  0.37747868050358E-04  0.13244647623556E-02
 -0.28879455411828E-04 -0.20217468615902E-05  0.27926106977816E-03
  0.16590425889157E-04 -0.43177488132084E-04  0.13326535051713E-02
  0.19503897100587E-04 -0.81254693525449E-04  0.32106048909930E-03
 -0.79864217139533E-04 -0.30350546395072E-04  0.13133957779659E-02
 -0.84984564310445E-04 -0.30003128165394E-04  0.13201739050497E-02
 -0.59268888273506E-04 -0.50138881101585E-04  0.23442014397728E-03
 -0.11406310374184E-03 -0.52659410516114E-04  0.32754081835945E-03
 -0.69929397471471E-04 -0.34543357836587E-04  0.13088638269614E-02
 -0.80951734599356E-04 -0.58935445314060E-04  0.35803603000054E-03
 -0.85676884158337E-04 -0.31749128811866E-04  0.13253182835613E-02
 -0.53797892084486E-04 -0.40945600418693E-04  0.13080630572549E-02
 -0.28267948936005E-04 -0.58821589417523E-04  0.23443753547239E-03
 -0.25035537997250E-04 -0.60598837566605E-04  0.34124095332942E-03
 -0.34745612299266E-04 -0.49177768138134E-04  0.13112207593195E-02
  0.50477668594744E-06 -0.51039824301446E-04  0.27998587841295E-03
 -0.83143272512440E-04 -0.33765706731579E-04  0.13271330613521E-02
 -0.15740468817602E-04 -0.56502454222573E-04  0.13174286226069E-02
 -0.65868698414314E-05 -0.70877309733554E-04  0.25859899274301E-03
 -0.39927436999670E-05 -0.33797965709759E-04  0.21212029033621E-03
 -0.51145245515791E-06 -0.60495138559660E-04  0.13244963310720E-02
 -0.75439475964900E-04 -0.34774097309004E-04  0.13274704753212E-02
 -0.12246941172458E-04 -0.18573707888619E-04  0.18419192046440E-03
  0.10117594825433E-04 -0.60705856964949E-04  0.13303095934595E-02
  0.89492718466861E-05 -0.80393366454620E-04  0.29119166739339E-03
 -0.19356221087293E-04 -0.10012326856643E-04  0.19883997783519E-03
  0.15244701675674E-04 -0.54890523847750E-04  0.13330786849679E-02
 -0.65041047682196E-04 -0.34019339193240E-04  0.13267404881848E-02
 -0.25434401807857E-04 -0.64239562684303E-05  0.23692825305781E-03
 -0.60518935635160E-04 -0.35528832601624E-04  0.13333789726658E-02
 -0.12722275518000E-04  0.16734425701422E-04  0.33487383872998E-03
  0.18136090680878E-05 -0.62892317175070E-04  0.22902611511716E-03
 -0.70102908571609E-04 -0.32469893855516E-04  0.13352687519722E-02
 -0.17543827446890E-04 -0.60558346633405E-04  0.13048859082575E-02
 -0.12984947279994E-04 -0.94982657884960E-05  0.16237008426084E-03
  0.39510415819470E-05 -0.51267500787625E-04  0.13382926015423E-02
 -0.65181919086625E-06 -0.75173021412755E-04  0.32962337358698E-03
 -0.19770290428829E-04 -0.23111754313476E-05  0.17561304653611E-03
  0.63244187417543E-05 -0.44432945741952E-04  0.13396582083387E-02
 -0.38702263402816E-04 -0.52015513411914E-04  0.12989767734711E-02
 -0.26935983895049E-04 -0.15571914171414E-07  0.20748884069942E-03
 -0.44363318531008E-04 -0.81690619198629E-04  0.37254538267799E-03
  0.50381477786315E-05 -0.32634783068317E-04  0.13383665523740E-02
 -0.32622029788179E-04  0.10346627467665E-05  0.24671032375677E-03
  0.16211093099578E-05 -0.17589431731729E-04  0.13354813776624E-02
 -0.58999938465484E-04 -0.44363984541372E-04  0.12971706927129E-02
 -0.35486588160112E-04  0.51928737628012E-05  0.28455974894469E-03
 -0.10405637820881E-03 -0.79284234410621E-04  0.37199565995072E-03
 -0.29910102344295E-05 -0.16145618670695E-05  0.13319880520032E-02
 -0.34076708009009E-04  0.16247503808283E-04  0.31392241925238E-03
 -0.76154670181543E-05  0.14188093849968E-04  0.13289468869597E-02
 -0.74640676388208E-04 -0.37887836792546E-04  0.12999289110812E-02
 -0.11747793385492E-03 -0.75694374769853E-04  0.33788804443062E-03
 -0.26854718947038E-04  0.34724484999590E-04  0.33383823270617E-03
 -0.12069908988177E-04  0.29614003521713E-04  0.13260051006156E-02
 -0.85070127930965E-04 -0.33944912752054E-04  0.13057362423414E-02
 -0.17136599589334E-04  0.59086362488697E-04  0.34445881096190E-03
 -0.16797178965998E-04  0.44291385303472E-04  0.13230279219064E-02
  0.65610179571491E-04 -0.29437240471075E-04  0.13031257920637E-02
 -0.90757389062765E-05  0.85282102976150E-04  0.34571505023925E-03
 -0.23019435096074E-05 -0.52244602317512E-04  0.13335179131984E-02
 -0.13422966938466E-04 -0.49088704459439E-04  0.13266161046431E-02
  0.27788110092922E-04 -0.37531102066570E-04  0.13264907038447E-02
 -0.20368425683238E-04 -0.24063512364955E-05  0.30788717302136E-03
 -0.17415670096829E-04 -0.47882628728199E-04  0.20431006483742E-03
 -0.76629238059032E-04 -0.28854447824702E-04  0.13352756807286E-02
 -0.42765338148284E-04 -0.35234002855625E-04  0.19798221472319E-03
  0.26992843014484E-04 -0.51828927432067E-04  0.13266880749135E-02
 -0.79319858497018E-04 -0.25484656215610E-04  0.13319211640351E-02
 -0.21306846498691E-04 -0.14290555113516E-04  0.27025553904405E-03
 -0.74924398445768E-04 -0.29537327465984E-04  0.22216086028968E-03
 -0.78293779912951E-04 -0.22724073878821E-04  0.13252294074754E-02
 -0.10677956480676E-03 -0.32071475191281E-04  0.28036261448596E-03
  0.23664811142901E-04 -0.61843992431616E-04  0.13250069189216E-02
 -0.74021917380337E-04 -0.23405877978700E-04  0.13190110949604E-02
 -0.16503347949155E-04 -0.22906078436353E-04  0.23382340247410E-03
 -0.10443574629010E-03 -0.38994689470419E-04  0.33594348744272E-03
 -0.63324890775904E-04 -0.27791461883029E-04  0.13157740650114E-02
  0.15022816387855E-04 -0.66305800449552E-04  0.13201591416976E-02
 -0.55961496180974E-04 -0.45848663216296E-04  0.34924648432252E-03
 -0.47442180616393E-04 -0.35100103185812E-04  0.13160303929941E-02
 -0.95643924275299E-05 -0.36338555944002E-04  0.22357224957494E-03
 -0.93886521150911E-05 -0.45885051006765E-04  0.31182175098586E-03
 -0.29669518626646E-04 -0.42859492831800E-04  0.13200468151274E-02
  0.16017442926185E-05 -0.65546625077035E-04  0.13129580236671E-02
  0.13319446924894E-05 -0.35834973884180E-04  0.24048770891599E-03
  0.14180755677342E-05 -0.56155384837286E-04  0.26202867914639E-03
 -0.55740935368726E-05 -0.21054231952609E-04  0.18074025456059E-03
 -0.66054367047489E-04 -0.34699008905158E-05  0.13361431074301E-02
 -0.95740567925065E-04 -0.48267252014915E-04  0.27161256184470E-03
 -0.77637543082488E-04  0.83273417169772E-04  0.37608839638122E-03
  0.70293708763719E-04 -0.66448005019693E-04  0.28744372892031E-03
  0.48805613739918E-04 -0.36027780251432E-04  0.13226529397930E-02
  0.34913093223086E-04 -0.78516969671267E-04  0.37768695514944E-03
 -0.25878540610609E-04  0.26955365355992E-05  0.13499361198413E-02
 -0.21562691652057E-04  0.49065131619463E-05  0.15407992635034E-03
  0.52265322554477E-04 -0.62704025328930E-04  0.25095889739600E-03
  0.36674500912007E-04 -0.39109686888678E-04  0.13304241882977E-02
 -0.40523037891424E-04 -0.10097838411057E-03  0.37899991980345E-03
  0.27287326521229E-04 -0.58887309951200E-04  0.12790351342121E-02
  0.42989671462708E-04 -0.12914389498551E-03  0.41889197460726E-03
  0.36283859834681E-04 -0.55128424096888E-04  0.22078982811628E-03
 -0.17590265973040E-04 -0.28042428241290E-04  0.12471170046353E-02
  0.23422373000361E-04 -0.39780951128387E-04  0.13368649335969E-02
 -0.16288652105552E-04 -0.66746764758570E-05  0.13524649842960E-02
  0.24533257863248E-04 -0.46391622343834E-04  0.19740192316725E-03
  0.57142701023910E-05 -0.53240887070616E-04  0.12670385969211E-02
 -0.15841638153535E-04  0.32035534980486E-05  0.14629041772351E-03
  0.97844475765903E-05 -0.36714061676761E-04  0.13422284794262E-02
  0.29747343595407E-04 -0.15356008346217E-03  0.44413883260348E-03
  0.42726317356358E-04 -0.60327160375281E-04  0.12927018245825E-02
  0.14706290984135E-04 -0.38016636192905E-04  0.18075718734293E-03
 -0.27251562067448E-04  0.63925628314975E-05  0.16583311638273E-03
 -0.42253341213872E-04 -0.16788945619795E-04  0.12488112036494E-02
 -0.53202748067690E-04  0.32472620058798E-04  0.13357437089341E-02
 -0.56395620821812E-04  0.29854510359476E-04  0.30998606708831E-03
 -0.64146603296699E-04 -0.67802128874659E-05  0.12577894903103E-02
 -0.49080005256732E-04  0.50768233730565E-04  0.13207273656306E-02
 -0.40652406404225E-04  0.11387854452240E-04  0.20583720839767E-03
 -0.99014825915982E-04 -0.19589906887581E-04  0.13014656768805E-02
 -0.64984463170107E-04  0.51467877570823E-04  0.34219722869095E-03
 -0.49650197294299E-04  0.59061464296204E-04  0.13103568791316E-02
 -0.67740767749911E-04 -0.44326015158573E-04  0.36823947786550E-03
 -0.44258994870504E-04  0.23275832801348E-04  0.13413762991047E-02
 -0.33250295684888E-04  0.85931486138875E-05  0.18226271948449E-03
 -0.10856147393174E-03 -0.77523234849674E-04  0.38860416453221E-03
 -0.46694405826024E-04  0.64482932545027E-04  0.12962275448706E-02
  0.53117137186181E-04 -0.58485011721975E-04  0.13058296722465E-02
 -0.93657318503519E-04  0.12410204942477E-03  0.41599259260027E-03
 -0.40045178921524E-04  0.65561217751073E-04  0.12802010580719E-02
  0.36095014278370E-04 -0.26548692389257E-04  0.35878491670007E-03
 -0.35426859580203E-04  0.13113664755546E-04  0.13459630683965E-02
  0.90971751530841E-04 -0.61194667426420E-04  0.32852265899345E-03
  0.58730355283862E-04 -0.28822742570377E-04  0.13125970653100E-02
 -0.95755787833563E-04 -0.78379224098005E-04  0.38760031291539E-03
 -0.47837815018241E-05 -0.31611335567675E-04  0.13471702985735E-02
 -0.87835940732610E-05 -0.13775691885833E-04  0.13529814701155E-02
 -0.77158796366466E-06 -0.14169309902459E-04  0.16955262331715E-03
  0.29161179064353E-04 -0.48156785687548E-04  0.12650516449532E-02
 -0.84249924533370E-05 -0.11972956260765E-04  0.13363813989993E-02
 -0.91463755605825E-04 -0.15987870718233E-05  0.23100339639581E-03
 -0.58699205951184E-04  0.97358963504762E-05  0.13341279422812E-02
 -0.82725342158678E-04 -0.15281811275748E-04  0.12739088512876E-02
 -0.11154163752635E-03 -0.62237194949890E-05  0.29921894418771E-03
  0.56812332851895E-05 -0.22711820009706E-04  0.22556757071477E-03
 -0.14456528552975E-03 -0.68753238179890E-04  0.43049029691497E-03
 -0.55216932140020E-04  0.10932731303080E-04  0.13268211156033E-02
  0.78910698475737E-04 -0.82121644552487E-04  0.41531369925501E-03
 -0.88647269463652E-04 -0.14931976908183E-04  0.34328234571242E-03
 -0.45435674442779E-04  0.74889330185728E-05  0.13231521299954E-02
 -0.93982438180336E-04 -0.10173742443065E-04  0.12868902147938E-02
 -0.18840135495425E-04 -0.59296852809762E-05  0.13287737815152E-02
 -0.12014195166245E-03 -0.22586241165967E-04  0.40097662236020E-03
 -0.34734585749806E-04 -0.24337621092243E-04  0.34140632533862E-03
  0.18686905965978E-05 -0.27301508818071E-04  0.29547110233069E-03
 -0.32219829536570E-04  0.12279945501382E-05  0.13239533568425E-02
 -0.56919389621004E-04  0.38865492086629E-05  0.13432210233248E-02
  0.31154341689039E-04 -0.12626192598790E-03  0.41391999993957E-03
 -0.14497422765980E-03 -0.10748337278587E-03  0.43925487764715E-03
 -0.64510166684793E-04 -0.23319911243936E-04  0.12635727542256E-02
 -0.10465268957535E-04 -0.18662082464028E-06  0.14165143517450E-03
  0.52271300394645E-05 -0.29218271159939E-04  0.16992825358620E-03
 -0.17405500439616E-04 -0.44014082150128E-04  0.12593233009731E-02
 -0.18991825822949E-04 -0.25769438918405E-04  0.13508914877922E-02
 -0.31646534972262E-04 -0.14534346469101E-03  0.43386029707072E-03
  0.69446825817090E-05 -0.26685947893772E-04  0.33538823635704E-03
  0.65603262227253E-05 -0.38760962892159E-04  0.12528209768970E-02
 -0.50757604565750E-05 -0.20256344559942E-04  0.16263703828316E-03
 -0.32111453438130E-04 -0.19368583372137E-04  0.13531028269037E-02
 -0.43815878783847E-05 -0.17033469960512E-04  0.13504518995206E-02
 -0.41796325461479E-04 -0.33042467049776E-04  0.12582770517796E-02
 -0.17635986111167E-04 -0.12225462261094E-04  0.15893288385355E-03
 -0.57220899971408E-05 -0.61896556888335E-05  0.14558930102656E-03
 -0.43381321913586E-04 -0.12108192557698E-04  0.13529782615518E-02
 -0.10479654344455E-03 -0.12829485889901E-03  0.43034067707978E-03
 -0.34841701242831E-04 -0.53119286982844E-05  0.16188448552509E-03
 -0.51592370669004E-04 -0.37194898931769E-05  0.13500547094349E-02
  0.73965207170995E-04 -0.12564803331308E-03  0.43905248299224E-03
 -0.36719190354120E-05 -0.15891859153213E-04  0.13445552293430E-02
 -0.60148557281426E-04 -0.12253252188184E-05  0.18169340605580E-03
 -0.15701337330654E-03 -0.47258843672965E-04  0.42378842653016E-03
  0.45892480556438E-04 -0.52904531240490E-04  0.12800727302036E-02
 -0.44955560583484E-04  0.40302132873274E-04  0.13279625543552E-02
 -0.11407962982768E-04 -0.17494733236174E-05  0.14437240906920E-03
 -0.12258150468152E-03  0.65539806294358E-04  0.39565728949575E-03
 -0.61716534136391E-05 -0.26790258110717E-04  0.13494378513267E-02
  0.15703592338520E-04 -0.10198595110857E-03  0.35661052117591E-03
  0.65247969748712E-05 -0.21099874289727E-04  0.12429808773874E-02
 -0.34066639619346E-04  0.42857459430321E-04  0.12536710360026E-02
 -0.10989791119413E-04 -0.31957871801882E-04  0.31821804556288E-03
 -0.41564153271095E-04 -0.46400679568307E-04  0.12709978163521E-02
  0.23674359483558E-04 -0.65816083939359E-04  0.12938363416386E-02
 -0.64902615383972E-04  0.52563509032614E-04  0.13042950512055E-02
 -0.10468272289896E-04 -0.19526169817282E-04  0.13494159993320E-02
 -0.91414689002660E-04 -0.13767231987033E-03  0.43971859159641E-03
 -0.91855661505075E-04  0.38720279702457E-04  0.33590095562255E-03
 -0.60863082106966E-04 -0.26521216127743E-04  0.34736993819470E-03
 -0.17827106917731E-04  0.31215811106522E-05  0.15123120141881E-03
 -0.29660854409491E-04 -0.16394055338964E-04  0.13252206008783E-02
  0.25448523229759E-04 -0.67073939228632E-04  0.34988250173704E-03
 -0.93035839145820E-04 -0.23300251108842E-04  0.12907680047255E-02
 -0.16208035424574E-04 -0.22768357153685E-04  0.13318602832461E-02
 -0.17942918662349E-04 -0.96247775236737E-05  0.12396719563498E-02
  0.22626319173945E-04 -0.13327350080842E-03  0.40789874303914E-03
 -0.50609003155444E-04  0.50121585602040E-04  0.12699336294613E-02
  0.52091749069880E-06 -0.20013682367572E-04  0.18770872273476E-03
 -0.72465582763517E-05 -0.27413382001834E-04  0.13395384102236E-02
 -0.14096221982341E-03  0.98064370897150E-04  0.43474706446802E-03
  0.54329470458148E-05 -0.28955670890591E-04  0.25362250581529E-03
 -0.11659636241134E-03  0.10620136789242E-03  0.41123506950486E-03
 -0.56484249328679E-05 -0.99935345803360E-05  0.15244623291298E-03
 -0.43820369526708E-04 -0.38761140471188E-04  0.32286895568692E-03
 -0.18478172050022E-04 -0.55724129915323E-04  0.12744563195188E-02
 -0.60607195556807E-04  0.53855740045688E-04  0.12876150665977E-02
 -0.42770303405774E-05 -0.29187422907654E-04  0.13460273762409E-02
 -0.16907499276018E-04 -0.14334230591754E-03  0.43580000311597E-03
 -0.24512217747639E-04  0.49478554272792E-05  0.16565692504078E-03
 -0.16567941530434E-04 -0.92355007168605E-05  0.13469478806817E-02
 -0.44087872645578E-04 -0.96013069866892E-05  0.13217113564045E-02
 -0.31900647444521E-04  0.15680281696669E-04  0.13390496970160E-02
  0.92881952621744E-04 -0.88147797091975E-04  0.41381825264729E-03
 -0.80401980887152E-04 -0.28906156243778E-04  0.12805494410072E-02
  0.14858022737472E-03 -0.38477484561429E-04  0.40246681897106E-03
  0.65561485287267E-04 -0.18263197696723E-04  0.12873904886467E-02
  0.37867558935398E-04 -0.64650467191329E-04  0.13049381986275E-02
 -0.43857853474815E-04  0.92980924941361E-05  0.24398908218231E-03
 -0.12652066089704E-03 -0.11061935754723E-03  0.41666338343062E-03
  0.29195315546683E-04 -0.32502917563333E-04  0.12536904092232E-02
 -0.64806503665984E-04 -0.14551390867554E-05  0.13282643981232E-02
 -0.60759212454458E-04  0.40796807896069E-04  0.13284444530093E-02
 -0.39126093984274E-04  0.28328267542699E-04  0.13338487368227E-02
 -0.50959393043304E-04  0.15944398526018E-04  0.23872932900705E-03
  0.18570024201563E-04 -0.93576695718122E-05  0.30996701635284E-03
  0.11480110585793E-03 -0.50838713271163E-04  0.33757087919662E-03
 -0.10603970299059E-03 -0.10230325497722E-04  0.26700674212346E-03
 -0.49569925293765E-04  0.16175780134076E-04  0.27679035375493E-03
  0.77301111727324E-05 -0.73624410013776E-06  0.12380242788188E-02
 -0.10627490360752E-03 -0.17122919424682E-04  0.32768569106460E-03
  0.44884785872998E-05 -0.62405946478828E-04  0.12830222070319E-02
 -0.67636598709303E-04  0.24109978165116E-04  0.28243321035620E-03
 -0.63323518000408E-04 -0.36817737680906E-04  0.12735692129805E-02
 -0.57006556335977E-04 -0.38004549906846E-05  0.13230066472417E-02
 -0.65022804490153E-04  0.47938490871300E-04  0.13180636243584E-02
 -0.24300177354577E-04  0.28442192948076E-05  0.13433176901183E-02
  0.59641250736137E-05 -0.63037800784876E-04  0.32973727870961E-03
 -0.13540036895750E-03 -0.12912021917912E-03  0.43712854920921E-03
 -0.37568287360165E-04  0.65248351358738E-05  0.21326838216761E-03
 -0.31448041506824E-04  0.56554480522891E-05  0.18676083224290E-03
  0.50386939084249E-04  0.71829065478983E-04  0.11994936580131E-02
  0.21418312681479E-04 -0.36268860061206E-04  0.93265188251473E-03
 -0.52974383121914E-04 -0.15994962224002E-04  0.12139824097515E-02
  0.62966483157077E-06 -0.62767741841835E-04  0.11831139676704E-02
  0.87379760762627E-04  0.23240989937903E-04  0.98724881232637E-03
  0.60847247151027E-04  0.37268519146283E-04  0.97086094870584E-03
 -0.55585052300212E-04 -0.31575113249158E-04  0.12141326161998E-02
 -0.12309575853040E-04  0.14991403797067E-04  0.94138773837038E-03
  0.33131903170424E-04  0.72149598257505E-04  0.11907622331851E-02
  0.65042661768133E-05 -0.97255354971045E-04  0.11809346525557E-02
  0.28660217504645E-05 -0.80102968204909E-04  0.11804803955041E-02
  0.76425068126625E-05 -0.11271455190208E-03  0.12155773132856E-02
  0.28688719057560E-04  0.50752788629273E-04  0.97899746793237E-03
  0.24027598910880E-04 -0.11722082316123E-03  0.12078658081936E-02
  0.69792047068304E-04  0.67792117831235E-04  0.12083766529358E-02
  0.40900284557894E-04 -0.11026365909557E-03  0.10434526417203E-02
  0.22187483586063E-04 -0.43786736418127E-05  0.92616103767285E-03
 -0.44449247375339E-04  0.50777725159033E-06  0.12071622504518E-02
  0.19259769035258E-04 -0.93403693536974E-04  0.10044591494695E-02
  0.57610019490709E-04  0.85154075172520E-05  0.94464426869899E-03
 -0.31645177852651E-04 -0.69095045048149E-04  0.11832603172517E-02
  0.35508069274448E-05  0.22769193914068E-04  0.12163888778469E-02
 -0.16123499075761E-04  0.29483935179601E-04  0.11891404354651E-02
 -0.40358016301076E-04  0.48324325858696E-04  0.10151723325616E-02
  0.64999758227700E-04  0.66667277913996E-04  0.11751915350283E-02
  0.46673307236229E-04 -0.85842116120821E-04  0.99495230229170E-03
  0.92126516719309E-04  0.60093151036479E-04  0.11635683511058E-02
  0.35443561662607E-04 -0.11677399299518E-03  0.11892824101524E-02
 -0.34338321838491E-04 -0.51296463146460E-04  0.11790706815329E-02
 -0.68793565408885E-04 -0.25199569555831E-04  0.10229088372710E-02
  0.39233829397629E-04  0.67584630251526E-04  0.11942136559148E-02
 -0.91013399197493E-05  0.40660586276582E-04  0.96843128074773E-03
  0.24639050879793E-04  0.25878084816797E-04  0.94289184123867E-03
 -0.31694816655902E-06  0.40805849090513E-04  0.11827682670017E-02
  0.20218632100108E-04  0.59870499479382E-04  0.12114723148841E-02
  0.91262101079294E-05  0.44110826430256E-04  0.12192043560193E-02
 -0.41772048621608E-04 -0.49483212586699E-04  0.99291782376923E-03
  0.11165133139544E-03 -0.48833189957799E-05  0.11152202774243E-02
  0.19491483771612E-04 -0.66688901856228E-04  0.95989491779512E-03
 -0.73054841983033E-05 -0.10621038436081E-03  0.12124991492238E-02
  0.10963439472657E-03  0.52146908599421E-04  0.12095997556706E-02
 -0.12819054425732E-04 -0.45151740161675E-04  0.95138269540728E-03
 -0.34713954442398E-06 -0.43991273881089E-04  0.11890143074145E-02
  0.10415080411326E-03 -0.22358621873935E-04  0.10216836817071E-02
  0.10598417333547E-03  0.10637001441716E-04  0.10233008833939E-02
  0.12420286576657E-03  0.45958812428433E-04  0.11969418187119E-02
 -0.10292816552673E-04 -0.72852270746924E-04  0.98586377535404E-03
 -0.18485051364084E-04 -0.96733393998530E-04  0.12032318834483E-02
 -0.31922255719874E-06 -0.23257030001201E-04  0.11972787875666E-02
  0.11351109574475E-03  0.89821950036135E-06  0.10693325556386E-02
  0.85412979307526E-04 -0.84586070550518E-05  0.97357845828695E-03
  0.12725886597286E-03  0.46672683224918E-04  0.11795492107917E-02
 -0.31063793043879E-04  0.15286503922395E-04  0.11978347806061E-02
 -0.26140687782177E-04 -0.84262449660851E-04  0.11921919227283E-02
  0.88194725235638E-06 -0.40754463325224E-06  0.12073600154174E-02
  0.11479251052080E-03  0.52611998118192E-04  0.11657206557452E-02
  0.90090296471064E-04  0.60721320907396E-04  0.12132412825073E-02
 -0.48073452829944E-04  0.42655955904091E-06  0.11785122244592E-02
  0.96437512602302E-06  0.52372486434044E-04  0.11991831746434E-02
  0.16434312807631E-04  0.67733378216076E-04  0.11841459908953E-02
  0.41985035431484E-04  0.78671696681309E-04  0.11267199739300E-02
  0.94025433318362E-04  0.65162164310625E-04  0.10615603933649E-02
 -0.28427844617840E-04 -0.81673630510470E-04  0.11153823132470E-02
  0.14267807254607E-04  0.73182413153847E-04  0.11500323887127E-02
 -0.50034731914905E-04 -0.68798155540131E-04  0.10811221219648E-02
  0.11038749389905E-03  0.57349278141049E-04  0.10777040104844E-02
 -0.76685935418853E-05  0.57816726441711E-04  0.11711399879742E-02
 -0.11638939683364E-05 -0.10036046709943E-03  0.11141806267956E-02
  0.11519249619959E-03  0.51650114454660E-04  0.11025507978211E-02
 -0.20850306575020E-04  0.36549149058918E-04  0.11832535058160E-02
 -0.75527295196094E-04 -0.45034848112835E-04  0.11037831018557E-02
 -0.20373966426088E-04 -0.90575345122860E-04  0.10729024317105E-02
  0.19858659220751E-04 -0.11495064258561E-03  0.11301520124802E-02
  0.11160586186212E-03  0.48312166941278E-04  0.11284352407328E-02
 -0.33690260780664E-04 -0.98711002585864E-05  0.11826866003958E-02
  0.29694122954254E-04 -0.12446173553718E-03  0.11557521386633E-02
 -0.87385497040176E-04 -0.19511430954993E-04  0.11313621996720E-02
  0.10148741238758E-03  0.44829350865723E-04  0.11495901948419E-02
 -0.35116926472408E-04 -0.31364654380587E-04  0.11793099722640E-02
  0.26521029716821E-04 -0.12817689573384E-03  0.11799073146219E-02
  0.16746911368239E-04  0.50536570173620E-04  0.11797506872249E-02
  0.86977364223666E-04  0.40966152351156E-04  0.11649078068138E-02
 -0.88383933992534E-04  0.63447779814755E-05  0.11549029320064E-02
  0.34510641123985E-04  0.60554345230913E-04  0.11800892382799E-02
 -0.28723868743653E-04  0.13235840552176E-04  0.11857080761782E-02
 -0.56665955278049E-04 -0.61394923145845E-04  0.11307055708997E-02
  0.71278847785529E-04  0.75924476640476E-04  0.11089194134623E-02
 -0.52087561498630E-04  0.44751262022521E-04  0.11814541946893E-02
  0.33832632023657E-04  0.41169500513114E-04  0.11823662348443E-02
  0.25582476952144E-04 -0.13298109891697E-03  0.11670117193955E-02
  0.18239596966311E-04 -0.12580065426333E-03  0.11799341847497E-02
  0.51499493420016E-04  0.49112299454205E-04  0.11783047238082E-02
 -0.43518131581588E-04  0.20843140388046E-04  0.11731629356509E-02
  0.11425683247056E-04 -0.11299875612494E-03  0.11824476406371E-02
  0.69422042669550E-04  0.55617473521482E-04  0.11760219407454E-02
  0.29574808649574E-04 -0.13241759198410E-03  0.11421024948091E-02
 -0.33711277385274E-04  0.41803689505372E-04  0.11597962212381E-02
  0.85616738370672E-04  0.59466569992001E-04  0.11732320768001E-02
 -0.65083486381396E-04  0.27619062383096E-04  0.11821092694434E-02
  0.10057385661336E-03  0.60210562740775E-04  0.11661625702089E-02
 -0.16309479010601E-04  0.60473321717812E-04  0.11367399360035E-02
  0.23426068751351E-04 -0.12452751595947E-03  0.11108554697782E-02
 -0.76040118669757E-04  0.68093406432237E-05  0.11797703770966E-02
  0.11291179756936E-03  0.59697496053591E-04  0.11522640615087E-02
  0.91640734146696E-05  0.73638271272590E-04  0.11072278584786E-02
  0.11911066272547E-03  0.60227274660240E-04  0.11329865752062E-02
 -0.80846728557082E-04 -0.15756609252127E-04  0.11703928935506E-02
  0.56080474115286E-05 -0.10992465735788E-03  0.10838657821263E-02
  0.38416037237493E-04  0.76191983198710E-04  0.10790766807183E-02
  0.11435015118322E-03  0.64123874341986E-04  0.11143440030219E-02
 -0.75758639831593E-04 -0.40244538925803E-04  0.11521940247285E-02
  0.97591829456651E-04  0.69947704917407E-04  0.11041651075038E-02
  0.68484712238365E-04  0.71895267074686E-04  0.10613268493453E-02
  0.15191226820743E-04 -0.12577119972228E-03  0.11947535278711E-02
  0.51752778061472E-04 -0.12095155395176E-03  0.10888461351517E-02
  0.69464166385667E-04  0.34167107709191E-04  0.11763596138788E-02
  0.34388913813009E-04 -0.12773774213740E-03  0.11576798200721E-02
 -0.67915965370193E-04 -0.34853135652947E-04  0.11890401412563E-02
 -0.82879141113068E-05  0.30316279460180E-04  0.12015839068217E-02
 -0.34546481553527E-04 -0.73434608192531E-04  0.10300447443668E-02
 -0.54718806963700E-04 -0.54344709993117E-04  0.11722431374133E-02
  0.11451252183810E-03  0.30652973057995E-04  0.10786696684432E-02
 -0.14262953156142E-04  0.55855551953674E-05  0.11966051916413E-02
 -0.63354927573445E-04 -0.49322130316227E-04  0.10475346387490E-02
 -0.17735757476443E-04 -0.17867710216459E-04  0.11888597331069E-02
 -0.30686780642270E-04 -0.70852350198275E-04  0.11536108239357E-02
  0.11170439739293E-03  0.25135170938302E-04  0.11145435899031E-02
 -0.19132604656683E-04 -0.39176146363594E-04  0.11820067918678E-02
  0.10751182255464E-03  0.38229839786561E-04  0.10439323056617E-02
  0.10220563902484E-03  0.19830523314436E-04  0.11457877759190E-02
 -0.18241802224171E-04 -0.58441260641881E-04  0.11787245818407E-02
 -0.83684379236691E-04 -0.23029455729830E-04  0.10798502354484E-02
 -0.15634049050678E-04 -0.75632467613830E-04  0.11802407183544E-02
 -0.57244075800683E-04  0.48537871483083E-04  0.11029605747383E-02
  0.19849417585349E-04 -0.10059919082986E-03  0.11484761954649E-02
 -0.18138445330846E-04  0.50091587305834E-04  0.11797890935208E-02
 -0.93919592706267E-04  0.24591693190486E-05  0.11167161798337E-02
 -0.34641129432648E-04  0.58220295440451E-04  0.10551279810317E-02
  0.34306897322222E-04 -0.11085002026075E-03  0.11665769761366E-02
 -0.76499616520932E-06  0.60608273521623E-04  0.11803145670457E-02
 -0.50251291434203E-05  0.58880006746063E-04  0.10100033901862E-02
 -0.34502466983896E-05 -0.86449002185159E-04  0.11436395803310E-02
  0.17242470659765E-04  0.68316935713031E-04  0.11858576394359E-02
  0.90581409760238E-04  0.48550528541451E-04  0.10191645864060E-02
 -0.68678254892308E-04 -0.15152311844280E-04  0.11969286493534E-02
  0.38972263240573E-05 -0.11783998423982E-03  0.11974209380504E-02
  0.67867579593331E-04  0.67664577659073E-04  0.11881726968928E-02
 -0.57771370224460E-04  0.27784560845631E-04  0.11590482495053E-02
  0.85607514163498E-04  0.67016525175024E-04  0.11915505440000E-02
 -0.48269873852109E-05 -0.10601349784359E-03  0.11926501923045E-02
 -0.46161849785209E-04  0.45977207884329E-04  0.11333358357440E-02
  0.10304213299776E-03  0.62739463138907E-04  0.11889423516115E-02
  0.37743183882776E-04 -0.13180818096142E-03  0.11311703497210E-02
 -0.11106105212833E-04 -0.91822243176652E-04  0.11856169423418E-02
 -0.25854948109481E-04  0.61042326230593E-04  0.10974677013285E-02
  0.11811993482067E-03  0.57839717943110E-04  0.11777961937145E-02
  0.34539411874842E-04 -0.12685651893299E-03  0.10950945693826E-02
  0.12456983227867E-03  0.56510027420361E-04  0.11608469715894E-02
 -0.34389369105107E-04  0.37753890554614E-04  0.11834526381737E-02
  0.19259103801194E-05  0.68978631309233E-04  0.10588636920196E-02
  0.11703913523397E-03  0.60815052406182E-04  0.11455349438079E-02
 -0.48280630577455E-04  0.23669668132691E-04  0.11896775488862E-02
  0.96956270955147E-04  0.67492585483590E-04  0.11395588470596E-02
  0.33043185572892E-04  0.66967271995335E-04  0.10271485971281E-02
  0.20023591447622E-04 -0.11365206860275E-03  0.10582178425332E-02
  0.70459968124860E-04  0.73636296506239E-04  0.11474803709652E-02
 -0.60945941561925E-04  0.48880892235971E-05  0.11953579415517E-02
  0.64686647859050E-04  0.59681899199356E-04  0.10122669836833E-02
  0.41969961225712E-04  0.75306089455009E-04  0.11655691502289E-02
 -0.43983443631473E-05 -0.94969629517606E-04  0.10333904138707E-02
  0.51141182857805E-04  0.65973549984270E-04  0.11833255732103E-02
  0.10990954070316E-03 -0.37105675818591E-04  0.11288949943292E-02
  0.48253874241791E-04  0.46462941919360E-04  0.12063035589510E-02
 -0.36392124608984E-04  0.57659620745002E-04  0.11818064182500E-02
 -0.33743382160953E-04 -0.21680191207946E-04  0.12451300749618E-02
 -0.51753293472543E-04  0.50659470351893E-04  0.12428074756925E-02
 -0.15967942413709E-04 -0.30541447797535E-04  0.12530305305008E-02
 -0.70702781459646E-04  0.55651664624576E-04  0.12278368194513E-02
 -0.86074108774421E-04  0.56171851925181E-04  0.12046352591509E-02
  0.36235666417460E-05 -0.39833990756894E-04  0.12579565225742E-02
 -0.95559839162593E-04  0.50438677818817E-04  0.11704198457923E-02
  0.24968721349475E-04 -0.49336780889808E-04  0.12571442276697E-02
 -0.98349667364646E-04  0.37239289281104E-04  0.11237803017375E-02
 -0.90446099304828E-04  0.20655674473469E-04  0.10685786637765E-02
  0.46514365704462E-04 -0.58918892845375E-04  0.12477179180535E-02
 -0.72080787714380E-04  0.86617822892942E-07  0.10131648757024E-02
  0.66220016344821E-04 -0.65582587210085E-04  0.12292211562971E-02
 -0.44420329668140E-04 -0.21696445453231E-04  0.97071041232806E-03
  0.52017627706851E-04 -0.56494672526775E-04  0.95894422510727E-03
 -0.31746194070202E-04  0.42511085393312E-04  0.12518083770425E-02
 -0.12548844769944E-04  0.32634302078980E-04  0.12572686779006E-02
 -0.50898250562376E-04 -0.14381932331823E-04  0.12356841407831E-02
  0.65018939942363E-05  0.21517216452469E-04  0.12605356285488E-02
  0.10207105612324E-03 -0.94836924453044E-05  0.11555742667139E-02
  0.53555336175597E-04  0.36861168714701E-05  0.11926066845473E-02
 -0.64466736837262E-04  0.48104353712195E-04  0.10711056834323E-02
  0.75982877630813E-04 -0.49821447740006E-05  0.11783708701589E-02
  0.94329607642492E-04 -0.14036375960599E-04  0.11786993770065E-02
 -0.80232066159300E-04  0.39721031784376E-04  0.11246427741722E-02
  0.10471390772727E-03 -0.20846300267769E-04  0.11935858310444E-02
  0.77660038177891E-04 -0.66212713558326E-04  0.12064099879108E-02
 -0.86069194418898E-04  0.27561749311430E-04  0.11667709479216E-02
  0.87124609730419E-04 -0.20176759710860E-04  0.12408496946483E-02
 -0.83353303188351E-04  0.15416303056594E-04  0.11952273628366E-02
  0.66119408237372E-04 -0.11086110478188E-04  0.12563810531772E-02
 -0.76025788916796E-04  0.41120573249795E-05  0.12132662315031E-02
  0.45646368932915E-04 -0.31432097398520E-06  0.12622181022849E-02
  0.26224618839071E-04  0.11217502510612E-04  0.12623436948910E-02
 -0.64942137172191E-04 -0.58071402595532E-05  0.12253846107849E-02
  0.10232412852885E-03 -0.23857155500180E-04  0.12172513133050E-02
  0.31724372357074E-04  0.91271285782331E-05  0.12148113950869E-02
  0.75407575554611E-04 -0.73163192435504E-04  0.10070863784401E-02
  0.88717249263102E-04 -0.84664185099620E-04  0.10647926757087E-02
  0.46867044557734E-04  0.20314739553125E-04  0.12042512338669E-02
  0.11272206320422E-04 -0.14987814743104E-04  0.12364487124773E-02
  0.70202192308117E-04  0.13828540084421E-04  0.11848769612602E-02
  0.24898419123047E-04 -0.10082818113983E-04  0.12280150342855E-02
  0.92178557437615E-04  0.48656569166395E-05  0.11772576808449E-02
  0.10824430827093E-03 -0.36778032439859E-05  0.11856083218447E-02
  0.40299781012329E-04 -0.27838278717349E-05  0.12180420511274E-02
  0.11363130309855E-03 -0.90708320095723E-05  0.12062092956298E-02
  0.55871916166852E-04  0.29724608741348E-05  0.12056701176501E-02
  0.10473770110757E-03 -0.93836528446436E-05  0.12307090059185E-02
  0.85892121252591E-04 -0.25907767768130E-05  0.12496678300672E-02
  0.71097785680493E-04  0.94094409108428E-05  0.11900460119409E-02
  0.64675682304412E-04  0.80376967442553E-05  0.12584930112164E-02
  0.87292138923158E-04  0.15031712606548E-04  0.11706008675546E-02
  0.44470078271351E-04  0.19961683311182E-04  0.12590970242236E-02
  0.28167357319425E-04  0.22030654549575E-04  0.12270577685685E-02
  0.18160812762389E-06 -0.19355066719793E-04  0.12432567601223E-02
  0.18176085849747E-04  0.18771671666455E-04  0.12446616150673E-02
 -0.84262419391387E-05 -0.22568505724866E-04  0.12476776446717E-02
  0.91666832621096E-04 -0.88968876739308E-04  0.11199250100584E-02
  0.63077077949189E-04 -0.52436882241986E-04  0.11772600783939E-02
  0.86661524756931E-04 -0.85410571581701E-04  0.11640899397898E-02
  0.43865061069915E-04 -0.42838758686832E-04  0.11825106651656E-02
  0.79144475745700E-04 -0.76412439185584E-04  0.11945193163628E-02
  0.71272918505410E-04 -0.62552470314019E-04  0.12147143026745E-02
  0.21074970145078E-04 -0.34582794231800E-04  0.12002770800878E-02
  0.75763597035614E-04 -0.60577683473360E-04  0.11866157419841E-02
  0.63631778617788E-04 -0.48582793845164E-04  0.12281867772508E-02
  0.53752775754198E-04 -0.34904098112136E-04  0.12378350521380E-02
  0.43316075577950E-04 -0.22400530395527E-04  0.12452594837752E-02
 -0.11778279666953E-04 -0.26447533843398E-04  0.12399398142490E-02
  0.33303512845254E-04 -0.10319793283657E-04  0.12506096163315E-02
 -0.13765546456135E-04 -0.24558067077967E-04  0.12475222904206E-02
  0.24394584407499E-04  0.10032770369659E-05  0.12536460965392E-02
  0.18268540130371E-04  0.10858752596964E-04  0.12526986056216E-02
  0.39625426725640E-06 -0.29480892873264E-04  0.12226976658371E-02
  0.24912347521203E-04  0.32546653181461E-04  0.12559839556652E-02
  0.16938908134255E-04  0.93852827421743E-05  0.12359616336756E-02
  0.12811538757604E-04  0.57008889309967E-05  0.12494355179301E-02
 -0.51443809648206E-04  0.63967726712145E-05  0.12450633752566E-02
  0.59311843044731E-04 -0.15282247791586E-04  0.11839688989312E-02
  0.79663119212598E-04 -0.24983048229439E-04  0.11764962735671E-02
 -0.33572472263518E-04 -0.89314492906410E-06  0.12521812332677E-02
  0.93616082201256E-04 -0.32886388690757E-04  0.11840669872599E-02
 -0.14289600354036E-04 -0.93229366021730E-05  0.12580390236137E-02
  0.97238644122800E-04 -0.38049414118794E-04  0.12038423275189E-02
  0.87677366033595E-04 -0.37744541786483E-04  0.12283676083148E-02
  0.46843417700335E-05 -0.18954071788012E-04  0.12619345003613E-02
  0.68144482661920E-04 -0.30551382058708E-04  0.12490619034239E-02
  0.25196661155142E-04 -0.29008135218812E-04  0.12619749544972E-02
  0.46209255475905E-04 -0.20052092076943E-04  0.12607336784673E-02
  0.25989047512902E-04 -0.87720665561736E-05  0.12640265825697E-02
  0.47061710348629E-04 -0.39926786728188E-04  0.12552325851561E-02
  0.63026307188973E-05  0.93681647524213E-06  0.12628464011250E-02
  0.36312878102001E-04 -0.70212319324797E-05  0.12028189124226E-02
 -0.67000030140018E-04  0.14853653746523E-04  0.12351039950888E-02
  0.17078504129220E-04 -0.31579097190062E-05  0.12250987616684E-02
  0.73940332512973E-05 -0.33777121326533E-05  0.12432579995798E-02
  0.11182728719639E-03 -0.32181005830720E-04  0.10766816168830E-02
  0.10182115101014E-03 -0.38285043045072E-04  0.11723711460013E-02
  0.88485583490675E-04 -0.36466018804339E-04  0.12042520844378E-02
 -0.43579908405966E-04  0.30478583573061E-04  0.98317612716242E-03
  0.73817372256420E-04 -0.35026341152273E-04  0.12252431630828E-02
 -0.69334333428606E-04  0.39812571304608E-04  0.10420490820509E-02
  0.60413098476926E-04 -0.31894908525389E-04  0.12386111222918E-02
  0.68634282282297E-04 -0.49098678997431E-04  0.12392731982057E-02
  0.47926207439886E-04 -0.27187407953038E-04  0.12465506081788E-02
  0.35420258592135E-04 -0.22999709625968E-04  0.12508354728980E-02
 -0.93081062421034E-04  0.37155388350542E-04  0.11548854789527E-02
  0.23375422006872E-04 -0.17639309028363E-04  0.12531953637929E-02
  0.13175868835996E-04 -0.12372374306493E-04  0.12548499789899E-02
 -0.90573452264176E-04  0.30408000095105E-04  0.11933933162126E-02
  0.73130470594587E-05 -0.67066153647476E-05  0.12527758435648E-02
 -0.80927137681256E-04  0.22415066211051E-04  0.12189512347514E-02
 -0.85356491211533E-04  0.42159255987838E-04  0.11029398400430E-02
  0.89818903683708E-04 -0.12042405253770E-04  0.11869553967164E-02
 -0.13491968601684E-04  0.10692782219300E-04  0.12601354335806E-02
  0.84357478289277E-04 -0.53169431987813E-04  0.12163219235981E-02
  0.10305564977000E-03 -0.64641783437584E-04  0.11477878148031E-02
  0.80580831786260E-05 -0.19109078321258E-04  0.12517203587924E-02
  0.92956092402166E-04 -0.61355138045266E-04  0.11873887819043E-02
  0.81088715518830E-04 -0.53474099753697E-04  0.12143812863248E-02
  0.18880036857117E-04 -0.20332059575393E-04  0.12482019891802E-02
  0.70076046267953E-04 -0.45099803897482E-04  0.12314811587931E-02
  0.30804827475410E-04 -0.21157155471411E-04  0.12431783645553E-02
  0.59917131769628E-04 -0.35729375823411E-04  0.12420928840959E-02
  0.47574887423586E-04 -0.27008840923987E-04  0.12484994456832E-02
  0.44087274982531E-04 -0.20089708021909E-04  0.12358548116194E-02
  0.35714852839500E-04 -0.18539687365512E-04  0.12524875188758E-02
  0.59206470288503E-04 -0.18638676107707E-04  0.12254958031571E-02
  0.24726453618115E-04 -0.98815158863827E-05  0.12551571969258E-02
  0.16886832776340E-04 -0.14569694768802E-05  0.12549168815813E-02
  0.74886698869149E-04 -0.15546468500318E-04  0.12097550336101E-02
  0.91116264179164E-10 -0.17372983692381E-04  0.12525581547329E-02
  0.10574322093689E-03 -0.63495077611089E-04  0.10961639723175E-02
  0.98923086798631E-04 -0.54978687380642E-04  0.10373644678999E-02
 -0.27569610237173E-05 -0.15602638497518E-04  0.12479918316757E-02
 -0.50758020742508E-04  0.29116039586673E-04  0.12490303777644E-02
  0.88223557140160E-04 -0.50492716401800E-04  0.11935213173109E-02
 -0.69127508090687E-04  0.36450747935651E-04  0.12368800835173E-02
 -0.84467529696548E-04  0.42013320246502E-04  0.12160497239850E-02
  0.79844144580593E-04 -0.43621039836311E-04  0.11790426531334E-02
 -0.94376409925659E-04  0.44499335957093E-04  0.11843243491060E-02
  0.62649260844847E-04 -0.34426555452042E-04  0.11784649184253E-02
 -0.32575366636468E-04  0.19935313902447E-04  0.12560415076482E-02
 -0.96120214802808E-04  0.42434787138963E-04  0.11395271772871E-02
  0.40951093606127E-04 -0.25198556930094E-04  0.11918839693692E-02
 -0.71451684567591E-04  0.22867252768138E-04  0.10208454217741E-02
  0.18827757139552E-04 -0.18690870793071E-04  0.12134169304552E-02
 -0.44877124885136E-04  0.56402657560075E-05  0.96707520252895E-03
 -0.12637102750982E-04 -0.15049365546224E-04  0.93534392404652E-03
  0.31210950216201E-05 -0.15587586378054E-04  0.12345433655625E-02
  0.82040653437082E-04 -0.41746872095355E-04  0.98140013582295E-03
 -0.88691809560643E-04  0.35874717847330E-04  0.10825451468263E-02
 -0.47993138099725E-04 -0.46139490228378E-04  0.12034188555922E-02
 -0.70497737399143E-04  0.34078345831519E-04  0.11437106204864E-02
 -0.75250672020694E-04  0.18143921668972E-04  0.11725860688091E-02
 -0.25479281664490E-04 -0.48264232566763E-04  0.12092424942920E-02
  0.38187449996880E-04  0.61915359078159E-04  0.12316676028344E-02
  0.17172848070965E-04  0.71104181633147E-04  0.12217478372874E-02
 -0.38321644610694E-04 -0.39142584883028E-04  0.12244925152124E-02
 -0.24144631357123E-05  0.76562167262672E-04  0.12118363400876E-02
 -0.40963605271849E-04 -0.28978673204578E-04  0.12302602997357E-02
 -0.20813215487446E-04  0.76752667064366E-04  0.12026624970468E-02
 -0.38126962856119E-04  0.72364343558352E-04  0.11947214617496E-02
 -0.36221189165074E-04 -0.17138501990254E-04  0.12267088607097E-02
 -0.54396421913905E-04  0.63045063012018E-04  0.11875665266148E-02
 -0.27009850150022E-04 -0.57390120482697E-05  0.12181413880676E-02
 -0.69721528613637E-04  0.47416214003042E-04  0.11803330326518E-02
 -0.81080257409301E-04  0.28710939396247E-04  0.11707344531888E-02
 -0.13313695759936E-04  0.75784817112834E-05  0.12076907117888E-02
  0.29810036474918E-04 -0.11620183074960E-03  0.11720509520486E-02
  0.59027566840022E-04  0.49515135565004E-04  0.12403389239225E-02
 -0.22938464350244E-05 -0.57145166354862E-04  0.11901211958697E-02
  0.80191523128824E-04  0.36653463992989E-04  0.12450431137032E-02
  0.10115145878024E-03  0.24361449586816E-04  0.12404162170448E-02
  0.21561105544527E-04  0.84558081433577E-05  0.12390619454066E-02
  0.29597272809047E-05 -0.80819849907928E-04  0.12428896208355E-02
  0.18655943619232E-04  0.24385189103722E-04  0.12432699500344E-02
  0.20345956027974E-04  0.37306967619280E-04  0.12398244406320E-02
  0.23209063889818E-04 -0.86879492660942E-04  0.12414835171846E-02
  0.29464199809115E-04  0.44991008253408E-04  0.12266351699588E-02
  0.42775788992716E-04 -0.91017368638883E-04  0.12285270545607E-02
  0.21847262642039E-05  0.19954458874198E-04  0.11978028312800E-02
  0.72989423213206E-04  0.41771040725504E-04  0.11873541987242E-02
  0.96938295163007E-04  0.33479180669202E-04  0.11787103259301E-02
  0.54833525641425E-04 -0.86431416149113E-04  0.11867571284832E-02
  0.11639535104108E-03  0.25198045350869E-04  0.11849187477289E-02
  0.12555812974285E-03  0.18882454320400E-04  0.12027250577718E-02
  0.43483508211410E-04 -0.77658922144618E-04  0.11742151722735E-02
  0.11896172248719E-03  0.18167619232324E-04  0.12244107419260E-02
  0.23198155706517E-04 -0.67238360044774E-04  0.11759900668702E-02
  0.54679957076612E-04 -0.91259381020183E-04  0.12077301521199E-02
 -0.15768767354446E-04 -0.74320799448121E-04  0.12353868506361E-02
  0.25956518027591E-04 -0.10123676673142E-03  0.11790887937148E-02
  0.17392309520586E-04  0.30774928331206E-04  0.11889749789603E-02
  0.12703100315007E-03  0.31948543567691E-04  0.12051114307339E-02
  0.39026770937058E-04 -0.10458225150017E-03  0.12124805664763E-02
  0.11543849234232E-03  0.34956683815216E-04  0.12224929641825E-02
  0.96573918402177E-04  0.44261088976213E-04  0.12307876099018E-02
  0.45622822096277E-04 -0.10189489459741E-03  0.11912399559367E-02
  0.75146712706533E-04  0.55953003138048E-04  0.12292021958393E-02
  0.39278473710367E-04 -0.94437960378477E-04  0.11721465745008E-02
  0.54042901650243E-04  0.65851032682197E-04  0.12209502717312E-02
  0.33935677358653E-04  0.72988869797634E-04  0.12101789649793E-02
  0.21493574345719E-04 -0.83925219176362E-04  0.11633849631398E-02
  0.14994669994251E-04  0.75359214301029E-04  0.11997875429607E-02
 -0.32551543559324E-05 -0.71754656521560E-04  0.11687985049706E-02
 -0.19010829428679E-05  0.74384566146234E-04  0.11914751963762E-02
 -0.19172354833246E-04  0.67809359812714E-04  0.11853538763642E-02
 -0.29212679496419E-04 -0.59982467535010E-04  0.11850928122264E-02
  0.22676399588632E-04 -0.10219623151902E-03  0.12278965511099E-02
  0.12431087364108E-03  0.35517455454839E-04  0.11862059873868E-02
  0.10732324522869E-03  0.43119529959834E-04  0.11750559268385E-02
  0.33586409901194E-05 -0.97706392070987E-04  0.12316612164723E-02
  0.20984564585242E-04 -0.66298903586600E-04  0.11895822690673E-02
 -0.50196310932062E-04 -0.20177598313175E-04  0.11808743984106E-02
  0.19351148318953E-04 -0.47093675306303E-04  0.11975844491720E-02
  0.17141155583406E-04 -0.26459495921876E-04  0.12080863776028E-02
 -0.48329054123399E-04 -0.39847603989417E-04  0.11843107779424E-02
  0.14911842080971E-04 -0.51916276305430E-05  0.12192575230284E-02
 -0.44605963232038E-04 -0.57585739080686E-04  0.11911526368228E-02
  0.23103914986969E-04 -0.84123351693538E-04  0.11840009823578E-02
  0.13657570961997E-04  0.15771021700739E-04  0.12288660973326E-02
 -0.38214756295080E-04 -0.72802681090579E-04  0.12007966434758E-02
  0.20900456742635E-04  0.49314811918203E-04  0.12283176539740E-02
 -0.27718257140222E-04 -0.83862242090547E-04  0.12130499547161E-02
  0.35176272086370E-04  0.56998972352810E-04  0.12131076663704E-02
  0.57443941843876E-04  0.57251743722049E-04  0.11934939578301E-02
 -0.13885313346193E-04 -0.91882155564698E-04  0.12250547174266E-02
  0.83186150974462E-04  0.51399566295019E-04  0.11783074664095E-02
  0.15001690509137E-04  0.34592272183773E-04  0.12331924438202E-02
  0.56584638873911E-05  0.44438719662056E-04  0.12512256440402E-02
  0.26832855944645E-04 -0.97269660310054E-05  0.12297579505862E-02
 -0.32570984557607E-04 -0.66735315400326E-04  0.12237646844745E-02
  0.62765245805986E-04 -0.83378239656163E-04  0.11938698440445E-02
  0.58453832909064E-04 -0.67048121913198E-04  0.12076585258733E-02
  0.45410848740824E-04 -0.76580429912423E-04  0.12391533452331E-02
  0.51712152685244E-04 -0.50103141006648E-04  0.12192430594984E-02
  0.62424019091616E-04 -0.79791482897275E-04  0.12195034443777E-02
  0.44557433218546E-04 -0.32449585846731E-04  0.12297153552207E-02
  0.36661516781566E-04 -0.15873428645548E-04  0.12383311687558E-02
  0.67765482759643E-04 -0.77215235626040E-04  0.11973135764668E-02
  0.28628922623487E-04 -0.47968066995983E-06  0.12455274173562E-02
  0.61086329837929E-04 -0.69809580131213E-04  0.11806533065656E-02
  0.21689603903001E-04  0.12824122585735E-04  0.12500221258148E-02
  0.19297276409926E-04  0.24152069335765E-04  0.12483299108823E-02
  0.45247506311090E-04 -0.60539850528556E-04  0.11770343694350E-02
  0.24345294413354E-04  0.31981089146241E-04  0.12368924974373E-02
  0.23010976005961E-04 -0.50578124638871E-04  0.11878362463359E-02
  0.24340244724415E-04 -0.69195499734632E-04  0.12503367214484E-02
  0.66632642246209E-04 -0.97335318811758E-04  0.11735980721145E-02
  0.37677291015786E-05 -0.61131753352176E-04  0.12515190159654E-02
  0.71095119607828E-04 -0.10640754382135E-03  0.11420152830780E-02
 -0.13980560943031E-04  0.55313872335157E-04  0.12455992005319E-02
 -0.34899153772582E-04  0.62798032735747E-04  0.12377364140020E-02
 -0.74138654999585E-04  0.28837277303001E-05  0.11909436946774E-02
 -0.54452863222780E-04  0.67235851087998E-04  0.12262691115580E-02
 -0.69290330194629E-04 -0.11655411815876E-04  0.12034362342408E-02
 -0.72399563694085E-04  0.66022366502870E-04  0.12103565528203E-02
 -0.86391575387298E-04  0.58680676564600E-04  0.11880564103362E-02
  0.38474447351902E-04  0.34336776395141E-04  0.12168802850479E-02
 -0.60829731175159E-04 -0.24376303789532E-04  0.12139330038789E-02
 -0.48410489617514E-04 -0.35553393580489E-04  0.12243544360650E-02
 -0.97500717780657E-04  0.22361949034934E-04  0.11139845277881E-02
 -0.88875594624784E-04 -0.41976548858538E-06  0.10667481762587E-02
 -0.33662170067232E-04 -0.44879404977721E-04  0.12350628184394E-02
  0.65072365874112E-04 -0.10031745492669E-03  0.10449734203011E-02
 -0.16282741419089E-04 -0.53489924611406E-04  0.12451506661760E-02
  0.72121374802265E-04 -0.10792266261926E-03  0.10976060665249E-02
 -0.96095707043792E-04  0.43399695463081E-04  0.11563068069640E-02
  0.32232973311334E-04 -0.29061207124527E-04  0.12187473761576E-02
  0.60662460713365E-04  0.31261408323466E-04  0.11952242355629E-02
  0.85292924041746E-04  0.23669284350783E-04  0.11806974086887E-02
  0.51844338024544E-04  0.26837072141858E-04  0.11870656834166E-02
 -0.71739900638892E-04  0.62317655667331E-04  0.11917985607951E-02
 -0.85320829796615E-04  0.47247574277472E-04  0.11740010203046E-02
 -0.62426506608251E-04  0.94767548345976E-05  0.11751152206184E-02
 -0.93310841318731E-04  0.26878424903424E-04  0.11492732687758E-02
 -0.62753337909409E-04 -0.83945461957375E-05  0.11854811170974E-02
  0.52666306484788E-04 -0.12271372657572E-03  0.11296071778064E-02
  0.49558249105275E-04 -0.11507286705820E-03  0.11595506081830E-02
 -0.60341655688072E-04 -0.25790857015377E-04  0.11935493331437E-02
  0.46238410896848E-04 -0.10169359127793E-03  0.11774093633149E-02
 -0.53975503485966E-04 -0.42003004874717E-04  0.12018846963163E-02
  0.43936279786777E-04 -0.85666309395550E-04  0.11889882285840E-02
  0.40577189836882E-04 -0.68296005137758E-04  0.11987007938106E-02
 -0.45181595791210E-04 -0.56247726767790E-04  0.12119362109076E-02
  0.37061016649173E-04 -0.49559116115285E-04  0.12081526178366E-02
 -0.55829951643322E-04  0.71960211756903E-04  0.12050812983862E-02
  0.36390969480664E-04  0.19273679351508E-04  0.11975759379762E-02
 -0.38116601692419E-04  0.74444799527955E-04  0.12159978069397E-02
 -0.18705490973704E-04  0.72171630999870E-04  0.12256649745352E-02
 -0.19212516245247E-04 -0.37548098894673E-04  0.12267699634584E-02
  0.10584860053973E-03  0.14488662645083E-04  0.11805096023089E-02
  0.11888177921248E-03  0.71770752704396E-05  0.11950354913148E-02
 -0.26584735942077E-04 -0.32300235801268E-04  0.12386965249891E-02
  0.11882399674459E-03  0.34494752688383E-05  0.12177492474604E-02
 -0.24988982762508E-04 -0.26007485507122E-04  0.12410636803719E-02
  0.10428557892200E-03  0.60681092854748E-05  0.12394896587316E-02
 -0.11043188577487E-05 -0.43145325297573E-04  0.12074796005635E-02
  0.83512927023164E-04  0.16148905346301E-04  0.12520336309516E-02
  0.62577416301871E-04  0.28617536558745E-04  0.12538478712448E-02
 -0.83326848930289E-05 -0.10422269524713E-04  0.12277065519056E-02
  0.42230504971404E-04  0.42059900182532E-04  0.12489953011020E-02
  0.21914373576658E-04  0.54950514929419E-04  0.12418918516298E-02
  0.53960817896305E-05 -0.57968588575650E-06  0.12180231492751E-02
  0.18911141323452E-05  0.65224251980983E-04  0.12342295135979E-02
  0.20950089515147E-04  0.90124235986903E-05  0.12077416339804E-02
 -0.18181297233564E-04 -0.19183666277460E-04  0.12364410366545E-02
  0.55577559990595E-04 -0.24230773715420E-04  0.94077747051371E-03
