 -0.53797851514445E-04  0.52520980982185E-04 -0.12757852498041E-02
 -0.15670297500340E-04  0.17910949433973E-04 -0.15525059684364E-02
  0.10300763485002E-03  0.23388099570315E-04 -0.14126339082793E-02
 -0.16250338679445E-04 -0.40689217569411E-05 -0.15398045712734E-02
  0.90959174848494E-04  0.23957898605896E-04 -0.13674779660723E-02
  0.71634990595567E-04  0.24166409527423E-04 -0.13099733613658E-02
 -0.17689363742592E-04 -0.25162807327741E-04 -0.15239923391998E-02
  0.46869408120639E-04  0.21724875959564E-04 -0.12502018039002E-02
  0.10616826842971E-03  0.15784864910421E-04 -0.14426104269300E-02
 -0.19037440315192E-04 -0.46598668221252E-04 -0.15071444446675E-02
 -0.68865990322508E-04  0.27284192193962E-04 -0.14315959610345E-02
 -0.23734153752931E-04 -0.67818170743563E-04 -0.14910393741058E-02
 -0.59426303288298E-04  0.18477975558014E-04 -0.14588370147522E-02
 -0.27725153862398E-04 -0.86146647355835E-04 -0.14752160581682E-02
 -0.47054638238624E-04  0.78621273511148E-05 -0.14829918003390E-02
 -0.30883717878860E-04 -0.31037996019266E-05 -0.15041671492060E-02
 -0.31831319492765E-04 -0.10243982862551E-03 -0.14569503603590E-02
  0.21574984556584E-04  0.17248411813095E-04 -0.12000148169036E-02
 -0.16663846968182E-04 -0.11552329400779E-04 -0.15228255368992E-02
  0.99281515206545E-04  0.70837663006690E-05 -0.14608276031985E-02
  0.87453871879429E-04 -0.37271662098535E-05 -0.14720054128509E-02
 -0.11240603820277E-03  0.45411194232819E-04 -0.14459838710291E-02
 -0.60512530049710E-04 -0.77135258889517E-04 -0.14493626503024E-02
 -0.10762181897182E-03  0.44278564616530E-04 -0.14356102749338E-02
 -0.58653247792984E-04 -0.76861681984994E-04 -0.14687620833902E-02
 -0.49078659799734E-04 -0.73108552965006E-04 -0.14878945547998E-02
 -0.96466829827596E-04  0.46419604390238E-04 -0.14394637151723E-02
 -0.31915727870306E-04 -0.66756782557896E-04 -0.15005970697730E-02
 -0.18615419622820E-04  0.35895681913145E-04 -0.15575356076054E-02
 -0.79427682522646E-04  0.50139250045717E-04 -0.14598334075188E-02
  0.12615469132623E-04 -0.49547079819081E-04 -0.15020064879102E-02
 -0.59276776918212E-04  0.54338429650051E-04 -0.14923059676059E-02
  0.35134610266983E-04 -0.39001162122218E-04 -0.14957874234197E-02
 -0.39642379902515E-04  0.55335451206533E-04 -0.15259459872454E-02
  0.55085507469887E-04 -0.27376416691065E-04 -0.14881083129591E-02
  0.72750814455790E-04 -0.16078883178642E-04 -0.14803860961580E-02
 -0.24221948581196E-04  0.47932729186706E-04 -0.15495298274215E-02
 -0.10797383758926E-04 -0.58118822990615E-04 -0.15047877125816E-02
 -0.52715632144085E-04 -0.72431876016158E-04 -0.14380834932756E-02
 -0.35542905766586E-04 -0.11384147455604E-03 -0.14319196092177E-02
  0.92882483138565E-05 -0.18369951857690E-04 -0.15507642575578E-02
 -0.26881107668904E-04  0.63671480760131E-04 -0.14806119630071E-02
 -0.32050953749319E-04 -0.45036601374599E-04 -0.15054510279571E-02
 -0.48747032697502E-04  0.58756799885964E-04 -0.14896924179715E-02
 -0.87008084711059E-05 -0.36577779845341E-04 -0.15081110064338E-02
  0.15067510073888E-04 -0.26970711678604E-04 -0.15060329410082E-02
 -0.67671465162132E-04  0.51145626399643E-04 -0.14952333087615E-02
  0.36756443849262E-04 -0.17383394728914E-04 -0.15016328217835E-02
 -0.51675158681500E-04 -0.53274852496269E-04 -0.14952676853667E-02
 -0.85775045495014E-04  0.42774686792471E-04 -0.14930965909509E-02
  0.75796778114751E-04  0.17443604879796E-05 -0.14901109629987E-02
 -0.99800191633576E-04  0.35439899092497E-04 -0.14806697647449E-02
  0.92529389016634E-04  0.12826675941040E-04 -0.14804432517210E-02
 -0.10616797801036E-03  0.29972246246704E-04 -0.14619923625095E-02
  0.10465608411184E-03  0.20310760579502E-04 -0.14649052987400E-02
  0.11105704696956E-03  0.24754422358095E-04 -0.14388353157754E-02
 -0.10628491247769E-03  0.28466800774413E-04 -0.14452195327032E-02
  0.57159591940367E-04 -0.80036424514077E-05 -0.14963588299478E-02
 -0.28372442753143E-05 -0.15257136839693E-04 -0.15383705074648E-02
 -0.63955466471871E-04 -0.59658268321752E-04 -0.14773062222115E-02
 -0.69968019711009E-04 -0.60642148410871E-04 -0.14562347258721E-02
 -0.39348962910724E-04 -0.11762554992035E-03 -0.13962147079882E-02
  0.21645512187669E-04 -0.19792366123850E-04 -0.15606759229073E-02
 -0.39879770056321E-04 -0.11355826751488E-03 -0.13501074903155E-02
  0.30145987761170E-04 -0.18496158028113E-04 -0.15664437213169E-02
  0.33613827444767E-04 -0.17604305754158E-04 -0.15640157926028E-02
  0.93538474162675E-04  0.47721346107127E-04 -0.14361835438633E-02
  0.26740359364000E-04 -0.19577283743025E-04 -0.15479044891575E-02
 -0.50733731913564E-05  0.65561670090647E-04 -0.14707698785104E-02
  0.78483330411279E-04  0.54573996158910E-04 -0.14412126662561E-02
 -0.11893412686440E-04 -0.34141250495599E-04 -0.14812463756614E-02
  0.59820860955438E-04  0.60543561894132E-04 -0.14466057406089E-02
 -0.35609383216822E-04 -0.45885809663961E-04 -0.14515844095192E-02
  0.39053802374559E-04  0.63748129546574E-04 -0.14531889286500E-02
 -0.55204032582166E-04 -0.54631867439641E-04 -0.14374669941702E-02
 -0.65727196016946E-04 -0.58168326143202E-04 -0.14404345486935E-02
  0.17009638507589E-04  0.64793624636572E-04 -0.14614216913531E-02
  0.10871035725873E-04 -0.25568774573073E-04 -0.15176130384383E-02
  0.10913561214262E-03  0.25517072962998E-04 -0.13986295789348E-02
 -0.37570766856225E-04 -0.64755185154698E-04 -0.14412825039338E-02
 -0.15278609588016E-04 -0.53626745414872E-04 -0.14610033540134E-02
  0.59446276020834E-04 -0.12675815094988E-04 -0.15343736116361E-02
 -0.10405497469396E-03  0.58370782517440E-04 -0.14246723381322E-02
  0.61118930826511E-04 -0.21538450260181E-04 -0.15372973074598E-02
 -0.88425061268250E-04  0.60290850551741E-04 -0.14395161687091E-02
  0.52715993151995E-04 -0.33293514710567E-04 -0.15251413358584E-02
  0.33104342288507E-04 -0.43509736623639E-04 -0.14986295283017E-02
 -0.68284123512902E-04  0.62493564404316E-04 -0.14683449728612E-02
  0.51206458528123E-04 -0.54750262716235E-05 -0.15214232113841E-02
  0.68850245049078E-05 -0.58598629667292E-04 -0.14670960892598E-02
 -0.18143707515646E-04 -0.72215468684727E-04 -0.14434867712808E-02
 -0.38295217494381E-04 -0.81941963445002E-04 -0.14352510819898E-02
 -0.27259795231879E-04  0.57924154591119E-04 -0.15281960471219E-02
 -0.48989982844060E-04 -0.89817141547051E-04 -0.14425589554109E-02
 -0.14180730394043E-04  0.45650145201012E-04 -0.15387467703296E-02
 -0.52803626090545E-04 -0.93918163713675E-04 -0.14601112309096E-02
 -0.47253090945376E-04 -0.92498037762820E-04 -0.14796994011272E-02
 -0.47001964869328E-04  0.63659634956456E-04 -0.15020356932581E-02
 -0.70291885531393E-05  0.26966986682933E-04 -0.15344176178540E-02
 -0.11183288227728E-03  0.59215143787921E-04 -0.14259434714670E-02
 -0.11169048482602E-03  0.61964723119602E-04 -0.14393888618114E-02
  0.56573285167642E-04 -0.48269394741991E-04 -0.14568262423056E-02
 -0.24066749182989E-04  0.70958883713151E-04 -0.14438452725431E-02
  0.68892739037527E-04 -0.32662408230089E-04 -0.14495308292628E-02
 -0.44658153166609E-04  0.75546763201162E-04 -0.14520412302659E-02
  0.78395337233754E-04 -0.18535802769046E-04 -0.14446409985181E-02
  0.83011417685170E-04 -0.27625226481306E-05 -0.14399786264144E-02
 -0.64488810249887E-04  0.75878774191757E-04 -0.14612569631429E-02
  0.39231113192090E-04  0.30119067645765E-05 -0.15041259916289E-02
  0.81669576634242E-04  0.11914317839514E-04 -0.14312959458321E-02
  0.73839436852736E-04  0.23609058250179E-04 -0.14129315078500E-02
 -0.24649334751487E-04  0.45282096612692E-04 -0.14450375368660E-02
 -0.96894336884355E-04  0.71540133000979E-04 -0.14665458462341E-02
 -0.77704292887921E-05  0.33177378716922E-04 -0.14553480574120E-02
 -0.10599521218421E-03  0.65636552210820E-04 -0.14557410421576E-02
  0.93972531169578E-05  0.23581751687890E-04 -0.14691886013877E-02
  0.25618965654095E-04  0.12111313801857E-04 -0.14858925105251E-02
 -0.82016364350721E-04  0.74950547644280E-04 -0.14676214708223E-02
 -0.10852248171980E-03  0.49502474166172E-04 -0.14636531226885E-02
 -0.32942768083604E-04 -0.87677647328140E-04 -0.14935796063056E-02
 -0.13816233346919E-04 -0.80848598975501E-04 -0.14982641908731E-02
 -0.27808479078063E-04  0.21236146551547E-04 -0.14698079652103E-02
  0.16880832970232E-04  0.65479595152146E-04 -0.14441414906992E-02
 -0.11205795903266E-04  0.99723552921569E-05 -0.14866386001155E-02
 -0.39658236836335E-05  0.69473311077715E-04 -0.14512520720262E-02
  0.44335589898744E-05  0.22723008847691E-05 -0.15042523667715E-02
  0.17628876962587E-04 -0.63367818731477E-05 -0.15216093836011E-02
 -0.25773776071366E-04  0.71451272713076E-04 -0.14606066562504E-02
 -0.42012323655334E-04  0.33656497096284E-04 -0.14537791390821E-02
  0.30498029209547E-04 -0.12100106739331E-04 -0.15375405281778E-02
  0.46298293565346E-04 -0.19123429117917E-04 -0.15552942794519E-02
 -0.66180265951131E-04  0.67492860907691E-04 -0.14806591307562E-02
  0.45890886079162E-04 -0.24033273941135E-04 -0.15487843384871E-02
 -0.84765484069409E-04  0.62991018932134E-04 -0.14844266025756E-02
  0.32175093698633E-04 -0.31742127119366E-04 -0.15265970173218E-02
  0.10527311590254E-04 -0.41609284165177E-04 -0.14933398850518E-02
 -0.98949116182527E-04  0.57067474220664E-04 -0.14785993066418E-02
  0.40215776410479E-04 -0.15767548922025E-04 -0.15497007221304E-02
 -0.34078524818937E-05  0.44228780554375E-05 -0.15209363040445E-02
  0.38342286081365E-04  0.60135241219732E-04 -0.14397469598718E-02
  0.57193294865025E-04  0.53984687089753E-04 -0.14387314357978E-02
  0.75245020619856E-05 -0.70669747733570E-04 -0.14951597955050E-02
 -0.24674675080166E-05 -0.17546895777553E-04 -0.15035847074797E-02
  0.29808648017280E-04 -0.58238984106205E-04 -0.14872842760289E-02
 -0.40211177214918E-05 -0.40807355634136E-04 -0.14865650150761E-02
  0.49149503784840E-04 -0.46124589762196E-04 -0.14776046436114E-02
  0.66509914944055E-04 -0.32531119448995E-04 -0.14684836892458E-02
 -0.53531118071955E-05 -0.62063559705071E-04 -0.14720406640059E-02
  0.38947467936015E-04  0.30180619631470E-04 -0.12885094520108E-02
  0.80783064996758E-04 -0.18633615454956E-04 -0.14605145119109E-02
  0.89776703270624E-04 -0.62461215500947E-05 -0.14526310079153E-02
  0.95187414916592E-04  0.61723910462019E-05 -0.14419496052812E-02
 -0.16137208868560E-04 -0.10115672402696E-03 -0.14491732847124E-02
  0.94572405827692E-04  0.17542723627377E-04 -0.14229578709559E-02
 -0.21553465651727E-04 -0.11707571481898E-03 -0.14361309579342E-02
  0.84832524773264E-04  0.25180003335902E-04 -0.13903594625536E-02
  0.64218744021722E-04  0.29488074901667E-04 -0.13432329946583E-02
 -0.10121919522822E-04 -0.81888126807794E-04 -0.14601939348633E-02
  0.41093204888636E-04 -0.62288229839763E-04 -0.14663981689055E-02
 -0.99075797042444E-04  0.29213137075603E-04 -0.14390314921995E-02
  0.77336103473505E-04  0.19808173098867E-04 -0.12819042854869E-02
 -0.32941331406714E-04 -0.22570753635818E-04 -0.15649964399074E-02
 -0.29418780806450E-04  0.80012637198877E-06 -0.15089416648732E-02
 -0.41483132504811E-04 -0.38538506165742E-04 -0.15547941893737E-02
 -0.77674968430596E-05  0.11018901903496E-04 -0.15078075311275E-02
  0.14945986881560E-04  0.21515171691836E-04 -0.15052870636638E-02
 -0.47243181786669E-04 -0.52893097491827E-04 -0.15415214775106E-02
  0.37922965026056E-04  0.30084546454314E-04 -0.15011736366132E-02
 -0.49175376090533E-04 -0.87531351615460E-05 -0.15062102914762E-02
 -0.53045445882118E-04 -0.67191798353247E-04 -0.15231633604876E-02
  0.80575269112359E-04  0.39957495818051E-04 -0.14865837823730E-02
 -0.57901562818707E-04 -0.76619106624057E-04 -0.14974608326237E-02
  0.98374540808077E-04  0.40969271942367E-04 -0.14719119982820E-02
 -0.59164144991403E-04 -0.83314813845384E-04 -0.14600097036570E-02
  0.11153902260104E-03  0.39224181650352E-04 -0.14483566930180E-02
  0.11634795446942E-03  0.34767203905262E-04 -0.14137319479165E-02
 -0.59041811704708E-04 -0.82721590349949E-04 -0.14081251331104E-02
  0.59653693453119E-04  0.36507052174458E-04 -0.14953480896834E-02
  0.11360065118335E-03  0.30016420315644E-04 -0.13673179650857E-02
 -0.67605093606076E-04 -0.18897180752989E-04 -0.14955737828681E-02
 -0.79365371623228E-04 -0.23117019924331E-04 -0.14766866463115E-02
 -0.87078125494587E-04  0.14419493178118E-04 -0.14402768714136E-02
  0.44334301011551E-05 -0.85699878402114E-05 -0.15771716066269E-02
 -0.70885605361807E-04  0.19724150803235E-04 -0.14570609152952E-02
  0.95057650757780E-05 -0.27186101102295E-06 -0.15717900867238E-02
  0.50102213627064E-05  0.36423425373123E-05 -0.15542408604044E-02
 -0.49700914110988E-04  0.24661201876642E-04 -0.14890889652043E-02
 -0.99957701423426E-05 -0.90363003561136E-07 -0.15227797883349E-02
 -0.23892552196828E-04 -0.53412504371140E-05 -0.15725505479368E-02
 -0.29303152481063E-04  0.29761182880395E-04 -0.15264453993404E-02
 -0.53068652018260E-04 -0.12312723348879E-04 -0.14530302839642E-02
 -0.16807418570575E-04  0.29440698930841E-04 -0.15567015024629E-02
 -0.70826574513479E-04 -0.19488117484206E-04 -0.14373546781093E-02
 -0.12687850703795E-04  0.20874338521739E-04 -0.15727910103738E-02
 -0.81384739836480E-04 -0.24265372022353E-04 -0.14394048173727E-02
 -0.84389120871790E-04 -0.24874076137823E-04 -0.14551899285604E-02
 -0.15089548607633E-04  0.90495133665832E-05 -0.15763638936826E-02
 -0.31692002154263E-04 -0.52320845000080E-05 -0.14847229227490E-02
 -0.51465955787311E-05 -0.16491690382951E-04 -0.15763720346720E-02
 -0.54705892918434E-04 -0.75198853319019E-04 -0.13459074808421E-02
  0.81701510164606E-04  0.65820301451569E-05 -0.12591437614299E-02
  0.60504191207361E-04  0.51649950579936E-04 -0.14823340459709E-02
 -0.29911277446864E-05  0.56685038663412E-05 -0.15771055770576E-02
  0.37775909435013E-04  0.48589104909141E-04 -0.14905744995847E-02
 -0.24838775888789E-05  0.13482836490409E-04 -0.15663697278022E-02
 -0.13250266740693E-04  0.15920935425000E-04 -0.15414930320563E-02
  0.15803544493427E-04  0.42726332196917E-04 -0.14967967237781E-02
 -0.30638263036984E-04  0.12670612559206E-04 -0.15053277567266E-02
 -0.11297656785796E-04 -0.45417174849183E-05 -0.15782153692401E-02
 -0.75774835562347E-05  0.35023981055009E-04 -0.15018749063621E-02
 -0.72289090877614E-04 -0.87816745767393E-07 -0.14441774700511E-02
 -0.29241366012852E-04  0.24885133688276E-04 -0.15059534769659E-02
 -0.86097682616351E-04 -0.54416632861909E-05 -0.14372129289343E-02
 -0.49646493782467E-04  0.13822196873337E-04 -0.15068625499324E-02
 -0.92558921017988E-04 -0.71571371548129E-05 -0.14465396284853E-02
 -0.91797714925762E-04 -0.64983250102175E-05 -0.14661887853354E-02
 -0.68022807753712E-04  0.36719000667673E-05 -0.15014784941579E-02
 -0.52170023937127E-04  0.68290778815197E-05 -0.14687983515319E-02
  0.10120508112052E-03  0.19742939865345E-04 -0.13132179367693E-02
 -0.23314130056206E-04 -0.16294189521900E-04 -0.15750340513754E-02
 -0.34067191043795E-04 -0.28784880798473E-04 -0.15693218037545E-02
 -0.47913938593340E-04 -0.63104509222024E-04 -0.12816339349681E-02
 -0.42239647148012E-04 -0.18932205414865E-04 -0.12099767202395E-02
 -0.37724386661056E-04 -0.47322820159043E-04 -0.12241424792878E-02
 -0.52313315069768E-04 -0.30108704389647E-04 -0.12613410387127E-02
 -0.61112408739846E-04 -0.42804054206494E-04 -0.13233736401289E-02
 -0.26529404716861E-04 -0.31925792544294E-04 -0.11797883256623E-02
 -0.66846109516732E-04 -0.52768402312039E-04 -0.13882801190728E-02
  0.82412227218286E-04  0.51654689906374E-04 -0.14710502514579E-02
  0.11347224488854E-03  0.26620192763373E-04 -0.13622114564539E-02
 -0.66761732732706E-04 -0.61342787147161E-04 -0.14942613637737E-02
  0.11630513648805E-03  0.37427143400232E-04 -0.14026657631617E-02
 -0.62484232952066E-04 -0.58072045873920E-04 -0.15266371037524E-02
  0.11186653029829E-03  0.45809829919059E-04 -0.14335527163099E-02
 -0.54835446419329E-04 -0.49426236767381E-04 -0.15473078030970E-02
 -0.44670125533637E-04 -0.40767247756033E-04 -0.15606648603281E-02
  0.99223095077761E-04  0.50388467348604E-04 -0.14555889944822E-02
 -0.67855500518639E-04 -0.59880111470818E-04 -0.14474769333920E-02
  0.98001081733775E-04  0.22644497368116E-04 -0.13438464348231E-02
 -0.17737425228661E-04 -0.23741695922407E-04 -0.15723240426105E-02
 -0.30751751259061E-04 -0.31167898623207E-04 -0.15659453917755E-02
 -0.31088120513645E-04 -0.31859546313506E-04 -0.15416192068470E-02
  0.12755848488767E-04 -0.18223850776068E-04 -0.15728170989599E-02
 -0.35376710948986E-04 -0.50895944901166E-04 -0.15266719406836E-02
  0.20068275665689E-04 -0.12278176742079E-04 -0.15725569732084E-02
  0.19295285498331E-04 -0.96760872059665E-05 -0.15625072574902E-02
 -0.39642725123736E-04 -0.69262621488400E-04 -0.15097991931508E-02
  0.95467392511706E-05 -0.10746233912886E-04 -0.15382111653984E-02
  0.14324506687319E-05 -0.22696282336605E-04 -0.15683170678836E-02
 -0.42944122352588E-04 -0.85303450403620E-04 -0.14891574205027E-02
 -0.34779589867834E-04 -0.24658066497375E-04 -0.14664917363660E-02
 -0.46918281573776E-04 -0.97018886425687E-04 -0.14617456950299E-02
 -0.54860839430618E-04 -0.33587561422884E-04 -0.14425556233763E-02
 -0.48972459400407E-04 -0.10341114457992E-03 -0.14233751197247E-02
 -0.69483864209869E-04 -0.40205107103042E-04 -0.14360811296376E-02
 -0.76523300557389E-04 -0.43530685160480E-04 -0.14459424546572E-02
 -0.48191558913298E-04 -0.10055164303806E-03 -0.13725238556567E-02
 -0.10576214746515E-04 -0.16009872514014E-04 -0.15024647506516E-02
 -0.76419723962002E-04 -0.43074037109420E-04 -0.14655794372575E-02
 -0.10822076824948E-04 -0.24314293614871E-04 -0.15612467112042E-02
 -0.24476057117555E-04 -0.25573142297045E-04 -0.15514423759722E-02
 -0.84305571778423E-04  0.33280166719192E-04 -0.14487080719030E-02
  0.52960672120426E-04  0.14050223975669E-04 -0.12228798442621E-02
 -0.65773299032237E-04  0.38710726160799E-04 -0.14747568251965E-02
  0.29331261295221E-04  0.54915050025264E-05 -0.11775920413311E-02
  0.68866676891476E-05 -0.57354839926337E-05 -0.11535449260336E-02
 -0.44324700691190E-04  0.43503406674215E-04 -0.15101284935397E-02
 -0.75385174154757E-04  0.14128119225583E-04 -0.13611783776907E-02
 -0.25590866402446E-04 -0.12859415306290E-04 -0.15550760665799E-02
 -0.27561828534972E-04  0.43636530362051E-04 -0.15432929573653E-02
 -0.71399799436399E-04 -0.31187573313429E-05 -0.14523868078462E-02
 -0.18544208545578E-04  0.36489526079663E-04 -0.15638764357376E-02
 -0.62473403664052E-04 -0.11752863942780E-04 -0.14879492348357E-02
 -0.18268842317001E-04  0.22851910973876E-04 -0.15696409254652E-02
 -0.50825849622567E-04 -0.18836465311796E-04 -0.15158330292575E-02
 -0.37452074548142E-04 -0.23836675364293E-04 -0.15364894574374E-02
 -0.20946558060544E-04  0.62750318727180E-05 -0.15652627421680E-02
 -0.75127793159783E-04  0.59811919711734E-05 -0.14091333718077E-02
 -0.97574164260846E-04  0.10548295645086E-04 -0.14409154558637E-02
 -0.44270391736236E-04 -0.91588199089703E-04 -0.13134503354056E-02
 -0.51278803695052E-04 -0.32542246040060E-04 -0.15016658007038E-02
 -0.59617475130454E-05  0.53326789895467E-04 -0.14891278885184E-02
  0.56843363719033E-04  0.42331069550411E-05 -0.12101651176257E-02
 -0.27280764281732E-04  0.46721777723361E-04 -0.14967663360157E-02
  0.32217234441993E-04 -0.93639891439186E-05 -0.11739624366864E-02
 -0.66111036701079E-04 -0.89447380458214E-05 -0.13109631092878E-02
 -0.49206512194942E-04  0.37983502422544E-04 -0.15023042050195E-02
 -0.71194632575058E-04 -0.19275715063213E-04 -0.13703727327892E-02
  0.80783136648409E-04  0.14507794051846E-04 -0.12632012438804E-02
 -0.69034981813277E-04  0.27741269964518E-04 -0.15020192095159E-02
 -0.71471072955229E-04 -0.35665176054334E-04 -0.14767486302335E-02
 -0.85753633116902E-04  0.19798855682277E-04 -0.14930225916706E-02
 -0.64551669240233E-04 -0.39074093026684E-04 -0.15140591460908E-02
 -0.95903183922945E-04  0.14376672108943E-04 -0.14756795218532E-02
 -0.55648708765518E-04 -0.38530946781607E-04 -0.15397534882616E-02
 -0.43681337073739E-04 -0.36601970363805E-04 -0.15559531830253E-02
 -0.10037826184123E-03  0.10571192690808E-04 -0.14554333669611E-02
 -0.73680088843481E-04 -0.28375919811678E-04 -0.14279228100939E-02
 -0.67123165976749E-04 -0.39533148694776E-04 -0.14866392538464E-02
  0.99848977866467E-04  0.22662674321117E-04 -0.13239931942801E-02
  0.11288124433932E-03  0.28186720686833E-04 -0.13814331562523E-02
 -0.36692857700657E-04 -0.76564839180787E-04 -0.12550378231059E-02
 -0.30645961181772E-04 -0.22772452500255E-04 -0.15085833297550E-02
  0.11499388068999E-03  0.33264399601920E-04 -0.14020273820372E-02
 -0.70964405926532E-05 -0.12846003295768E-04 -0.15093441108775E-02
  0.14586490707591E-04 -0.27428950716424E-05 -0.15072008732856E-02
  0.10944723391102E-03  0.45407744944678E-04 -0.14246255384515E-02
  0.36974645377951E-04  0.65757458103418E-05 -0.15041819316705E-02
  0.16192989519845E-04  0.58267217554157E-04 -0.14811770398839E-02
  0.96890853034351E-04  0.53147643648147E-04 -0.14413172689499E-02
  0.79002015809706E-04  0.21964131990766E-04 -0.14929827443799E-02
  0.81064555956493E-04  0.57090155573720E-04 -0.14534803949517E-02
  0.96327972842978E-04  0.28262540238928E-04 -0.14811860914214E-02
  0.61252506161967E-04  0.59696218711944E-04 -0.14636311686297E-02
  0.10818906047680E-03  0.31435048995476E-04 -0.14610299866944E-02
  0.11427821224041E-03  0.30468767137969E-04 -0.14282652792706E-02
  0.38299500675399E-04  0.60216421199121E-04 -0.14727073596535E-02
  0.59380667132183E-04  0.14774853670676E-04 -0.15000507884739E-02
 -0.46285143377330E-05  0.65073815482088E-04 -0.14383203278072E-02
 -0.47057050738928E-04  0.71682781368082E-04 -0.14711707539835E-02
  0.69615455345168E-04 -0.31852183213678E-04 -0.14116123806166E-02
 -0.71968747576896E-04  0.71296199884295E-04 -0.14308282436932E-02
  0.24478693851560E-04 -0.65611083076241E-04 -0.14395251977975E-02
  0.74102236925936E-04  0.44989367190168E-04 -0.14413661805143E-02
 -0.86107799934638E-04  0.75299258682392E-04 -0.14235831304999E-02
  0.89627307454932E-04  0.34808559948927E-04 -0.14460689608516E-02
 -0.95272975467178E-04  0.74861303791893E-04 -0.14109388450170E-02
  0.16817406909974E-04 -0.85659421795825E-04 -0.14396426189516E-02
  0.98461798528746E-04  0.22225780627850E-04 -0.14491626259863E-02
 -0.10131704519942E-03  0.73605166063698E-04 -0.13931947901816E-02
  0.89256887204639E-04 -0.10203522631018E-04 -0.14330730849918E-02
 -0.10258554655793E-03  0.71135465785535E-04 -0.13754826426157E-02
  0.22336169040654E-04 -0.75802612286048E-04 -0.14770825045299E-02
  0.43307973211890E-04 -0.52878840138347E-04 -0.13893247721694E-02
 -0.99229359897603E-04  0.69177626444856E-04 -0.13648660769346E-02
  0.99196938200339E-04  0.58979392633026E-05 -0.14462175825293E-02
 -0.56766320078866E-04  0.63646195074857E-04 -0.14346242730439E-02
  0.56498684827595E-05 -0.10337025062093E-03 -0.14425411713113E-02
 -0.60082638283405E-05 -0.11720823391296E-03 -0.14442502675586E-02
 -0.30452751902134E-04 -0.75398936693354E-05 -0.11743220880387E-02
  0.58595065794836E-04 -0.36334674813428E-04 -0.13461421603450E-02
  0.12247684221019E-04  0.52251743339198E-04 -0.14336133271417E-02
  0.29922008434330E-04 -0.57909682223274E-04 -0.13296238451660E-02
  0.32866350974461E-04  0.39231455760639E-04 -0.14524584570302E-02
  0.35719737722911E-05 -0.79850412910450E-04 -0.13286336372637E-02
 -0.16498737731219E-04 -0.99594215854461E-04 -0.13441850417999E-02
  0.45597512071174E-04  0.20715604348056E-04 -0.14564639365899E-02
 -0.26816337721341E-04 -0.11597848394325E-03 -0.13711449477963E-02
  0.50942910316556E-04  0.17997074676524E-05 -0.14515956503412E-02
 -0.31000038786689E-04 -0.12773414628644E-03 -0.14013228861471E-02
 -0.28221814070061E-04 -0.13152313391335E-03 -0.14260356985597E-02
  0.51401814930619E-04 -0.17965421428191E-04 -0.14441494142595E-02
 -0.18614667470664E-04 -0.12838759319924E-03 -0.14401774948550E-02
 -0.40071236747161E-04  0.55557101027820E-04 -0.14386592575486E-02
  0.15289797079742E-04 -0.73814623991491E-04 -0.13752403679022E-02
 -0.88405102959231E-04  0.67714949168017E-04 -0.13675867539476E-02
 -0.84145921963551E-05 -0.94240441831559E-04 -0.13763004051362E-02
 -0.24450482870886E-04 -0.11098746905999E-03 -0.13919089493886E-02
  0.81442401211199E-04  0.17828111546540E-04 -0.14703983929438E-02
  0.31236508661281E-04 -0.46343169282821E-04 -0.14439271833729E-02
  0.87606634233686E-04  0.46775897678564E-05 -0.14803409164897E-02
 -0.46263238331318E-05  0.52340071278507E-04 -0.14382266807965E-02
  0.86060344892234E-04 -0.11823959153015E-04 -0.14810163965046E-02
  0.72709664689618E-04 -0.27058858917149E-04 -0.14681803476821E-02
 -0.23481159702256E-04  0.62133834514415E-04 -0.14368055213024E-02
  0.50966565054369E-04 -0.47386511218320E-04 -0.14453301447500E-02
 -0.41147989018085E-04  0.70309436926638E-04 -0.14392958553799E-02
  0.24471279807405E-04 -0.66327309147041E-04 -0.14219799641677E-02
 -0.20476490383811E-05 -0.84390968975488E-04 -0.14088072705466E-02
 -0.60566733360076E-04  0.74046002115425E-04 -0.14438337591772E-02
 -0.22204576748634E-04 -0.10109487466837E-03 -0.14112556029032E-02
 -0.77886252449049E-04  0.77274734171802E-04 -0.14474130340301E-02
 -0.34182068761269E-04 -0.11313653373671E-03 -0.14261981974937E-02
  0.69604170851534E-04  0.27663290909980E-04 -0.14575241621909E-02
  0.83667711382886E-04 -0.13849817334661E-04 -0.13714034409076E-02
  0.33350666897404E-04 -0.24934440195728E-04 -0.14531823908503E-02
  0.32349019029415E-04 -0.33777965490854E-05 -0.14657463176286E-02
 -0.70783859693491E-04  0.67432988180763E-04 -0.13867052568529E-02
 -0.32021120249056E-04 -0.12206101720550E-03 -0.14158043123361E-02
 -0.47698875494780E-04  0.67653107618520E-04 -0.14188634043750E-02
 -0.32441209053107E-04 -0.12749747740867E-03 -0.14392148279988E-02
 -0.23415058273605E-04 -0.12567627655681E-03 -0.14547338086804E-02
 -0.21246328261149E-04  0.63150235237685E-04 -0.14534250702007E-02
 -0.10634129168888E-04 -0.11946232485396E-03 -0.14592489180019E-02
  0.23840953910292E-05  0.54625881061384E-04 -0.14772261279708E-02
  0.30397052469437E-05 -0.10644874158123E-03 -0.14556474145855E-02
  0.17759791252133E-04 -0.92130155754219E-04 -0.14481324340630E-02
  0.17951889210833E-04  0.36815985110096E-04 -0.14846027574558E-02
  0.31142383011307E-04 -0.74716137989133E-04 -0.14409871570240E-02
  0.27881658264522E-04  0.16782425570693E-04 -0.14781636000834E-02
  0.41416371309340E-04 -0.56244249284382E-04 -0.14373189288581E-02
  0.47505229172561E-04 -0.37578795850664E-04 -0.14385552110652E-02
  0.53321325653095E-04  0.39611132939094E-04 -0.14463285987858E-02
 -0.36677432454564E-04 -0.11959781330568E-03 -0.14473508825038E-02
 -0.14915235456393E-04  0.58468402458864E-04 -0.14002035189538E-02
 -0.17435039857539E-04  0.33548555621580E-05 -0.11592600902983E-02
 -0.35954819412896E-04 -0.10088669358198E-03 -0.12980207944016E-02
  0.60919637036280E-04  0.22820310637996E-04 -0.14348475227650E-02
  0.55821330004530E-04  0.33891508007638E-04 -0.13800169271503E-02
  0.99409387190514E-04  0.13702257196185E-04 -0.13167714999328E-02
  0.77330299725045E-04 -0.28651119290402E-05 -0.12730543624484E-02
  0.30498593759728E-04  0.39466626142052E-04 -0.13344114186961E-02
 -0.76580207360475E-04  0.36443939037258E-04 -0.14007155277257E-02
 -0.56657024848624E-04  0.43655454761367E-04 -0.14390042399006E-02
  0.39915286927060E-05  0.40885015151052E-04 -0.12859313275044E-02
  0.24185894454153E-04 -0.43375792922997E-04 -0.12259845286635E-02
 -0.68629514529586E-04  0.54188820964138E-04 -0.14238523142789E-02
  0.15983655594137E-05 -0.64397026390578E-04 -0.12333257749371E-02
 -0.20872684864882E-04  0.39798375707774E-04 -0.12465233597524E-02
 -0.16878605912726E-04 -0.85568850089022E-04 -0.12602072802506E-02
  0.51798543591981E-04 -0.20858805312446E-04 -0.12400128447933E-02
 -0.25477276812652E-04 -0.83181472150686E-04 -0.12479705842619E-02
  0.45570953137690E-04  0.37756234481716E-04 -0.14172519933371E-02
 -0.12816142126888E-04 -0.63111313886980E-04 -0.12091817102449E-02
 -0.11554159402736E-04 -0.18502100813308E-04 -0.11547730865533E-02
 -0.32213344229223E-04  0.52163732134682E-04 -0.13023027579145E-02
 -0.66986540476339E-04  0.52515372534653E-04 -0.12677367899685E-02
  0.10117885957129E-04 -0.23598983882257E-04 -0.11608866048921E-02
 -0.92222846640010E-05 -0.40303964069149E-04 -0.11724255012448E-02
 -0.75623334945108E-04  0.52292114360570E-04 -0.12769074650572E-02
 -0.50194696994783E-05  0.50967304793914E-04 -0.13421153849042E-02
 -0.26213426917249E-04 -0.58702135468455E-04 -0.12054532530512E-02
 -0.81026824759916E-04  0.51525559332730E-04 -0.13002722547567E-02
  0.56311207830331E-04 -0.79374011916920E-05 -0.12156990517754E-02
  0.21975950874791E-04  0.47390702774709E-04 -0.13843105735651E-02
  0.30827635248893E-04 -0.24681085544525E-04 -0.11907053445818E-02
 -0.81646504851590E-04  0.48407822170503E-04 -0.13318759785806E-02
  0.70318119434732E-05 -0.42970880861619E-04 -0.11890453927433E-02
 -0.80661242877662E-04  0.43531998077206E-04 -0.13667267051134E-02
 -0.37761154219592E-04  0.38359068013828E-04 -0.12243768112495E-02
 -0.28275030025271E-04 -0.10433325323915E-03 -0.13001021761439E-02
 -0.80934882616423E-04  0.61694764247594E-04 -0.14065180869525E-02
 -0.33581255908339E-04 -0.11797037776497E-03 -0.13445365736287E-02
 -0.26621967318311E-04  0.22828592611263E-04 -0.11838338652039E-02
 -0.30214166760026E-04 -0.11995928762997E-03 -0.13532367218741E-02
 -0.80368429838613E-04  0.63206932954156E-04 -0.13184569363316E-02
 -0.40394090594769E-04  0.17394982101870E-04 -0.11895105541369E-02
 -0.30561940330976E-04 -0.12905582477012E-03 -0.13886348465446E-02
 -0.26500256334943E-04 -0.13101331975996E-03 -0.14156886523745E-02
 -0.50396378446212E-04  0.93124855889132E-05 -0.12153072966189E-02
 -0.63119589170892E-04  0.62194578626619E-04 -0.13322946842372E-02
 -0.16493358933892E-04 -0.12429489460618E-03 -0.14316279466151E-02
 -0.59299582232565E-04  0.94918418419656E-06 -0.12571260502967E-02
 -0.80051550388174E-05 -0.11161826615545E-03 -0.14388424410663E-02
 -0.40778373162343E-04  0.61677210490740E-04 -0.13621653371674E-02
  0.10544588554450E-03  0.36441332055308E-04 -0.14293800447516E-02
  0.63340662993009E-06  0.10967335046748E-04 -0.11679833844837E-02
  0.10926268802134E-03  0.22448951095303E-04 -0.14171084009797E-02
 -0.23225972768094E-04 -0.10439740106490E-03 -0.13170584497963E-02
  0.10073245142521E-03  0.63059664487171E-05 -0.13971721754195E-02
 -0.88809683411952E-04  0.64043431772932E-04 -0.13214863767263E-02
 -0.86175083036791E-05  0.26472278879903E-04 -0.12003527353002E-02
 -0.52639018829503E-04  0.36787786089426E-04 -0.12221660316253E-02
 -0.32775355781676E-04 -0.12683699112636E-03 -0.13849532033304E-02
 -0.87985140256552E-04  0.64866431736549E-04 -0.13853873275844E-02
 -0.62713110275948E-04  0.35100452268255E-04 -0.12392222675239E-02
 -0.29668691340787E-04 -0.12517869123281E-03 -0.14160112113630E-02
  0.10991668481130E-03  0.18739947803879E-04 -0.13719550475446E-02
 -0.68857529423899E-04  0.29949173470299E-04 -0.12712741080937E-02
 -0.91924691320785E-04  0.65926222098317E-04 -0.13608682754060E-02
  0.94285411818246E-04  0.14045755100665E-05 -0.13367798393526E-02
 -0.73162469780811E-04  0.22591914050146E-04 -0.13133703408538E-02
  0.69926408051317E-04 -0.18896707511548E-04 -0.13036765422976E-02
 -0.93276502142956E-04  0.65826153426889E-04 -0.13373469428035E-02
  0.41853828930668E-04 -0.38649168246671E-04 -0.12807704866688E-02
  0.12646578665828E-04  0.29041052510562E-04 -0.12371706490987E-02
  0.14396210688827E-04 -0.62571058229955E-04 -0.12749522585182E-02
 -0.74012687573052E-05 -0.83827155146711E-04 -0.12885148559723E-02
 -0.91900721022823E-04  0.78108156648821E-04 -0.14461300271473E-02
 -0.82041238261550E-04 -0.22929479364895E-05 -0.14871367027539E-02
  0.71814606914747E-04 -0.21849933798150E-06 -0.15033275920925E-02
  0.15793101603947E-04 -0.10351203446252E-04 -0.14835041333618E-02
 -0.21508435692686E-04 -0.86634721110293E-04 -0.14275417924807E-02
  0.45420398229501E-04 -0.61911562451630E-04 -0.14470833582905E-02
  0.89245206634015E-05 -0.75394247501940E-04 -0.14475759091553E-02
  0.51904436978939E-05  0.34065400806084E-04 -0.15116726262409E-02
 -0.36624780260198E-05 -0.10480480469122E-03 -0.14742867786108E-02
 -0.32362078068813E-04 -0.10586819794501E-03 -0.14829163565157E-02
  0.13028408514813E-04 -0.54448123099266E-04 -0.14554764934949E-02
 -0.10830665262741E-03  0.72934274850377E-04 -0.14210347011273E-02
  0.12473525816209E-04  0.43449800721163E-04 -0.14444974305791E-02
  0.54519491630629E-04 -0.39154415762643E-04 -0.14912312032481E-02
  0.17731754387101E-05 -0.94660840006206E-04 -0.14429651925066E-02
 -0.48612774841236E-04  0.68561492587564E-04 -0.14665296794642E-02
 -0.41651970295062E-04 -0.10961011465044E-03 -0.14674727547114E-02
  0.13744232607237E-04 -0.91416567910364E-04 -0.14665882486289E-02
  0.75354096000058E-04 -0.11669207852971E-04 -0.15131292135768E-02
 -0.36770982991165E-04 -0.98919287996842E-04 -0.14315946404857E-02
  0.68740873298631E-04 -0.10392812672702E-04 -0.14399104902572E-02
  0.15066314370407E-04 -0.32378748752448E-04 -0.14678677632090E-02
 -0.73563138755864E-04  0.67749832238089E-04 -0.14332975142026E-02
  0.67319233101743E-04  0.74875175341708E-05 -0.14402047443368E-02
  0.30784644301619E-04 -0.77538026325116E-04 -0.14560467063452E-02
  0.12073540385274E-04  0.11001792943252E-04 -0.14996878154261E-02
 -0.43047630867820E-04 -0.10627151177490E-03 -0.14475323807631E-02
  0.69859435243742E-04 -0.25331900498140E-04 -0.15098746756121E-02
  0.34855794232970E-04  0.49970122678840E-04 -0.14389744091314E-02
 -0.10434666172524E-03  0.67165433011116E-04 -0.14004150915883E-02
 -0.10872637729768E-03  0.69569538371582E-04 -0.14062786037465E-02
 -0.16435931022694E-04 -0.98944197088904E-04 -0.14888102959208E-02
  0.47264837634467E-04  0.22028393113772E-04 -0.14700349110393E-02
  0.15874690705529E-04  0.57963763140334E-04 -0.14364755390902E-02
 -0.92072751882839E-04  0.66223201515668E-04 -0.14091122385443E-02
 -0.69543553495558E-05  0.52868016235990E-04 -0.15128043178511E-02
 -0.31335946851421E-04 -0.11907285600496E-03 -0.14658271152116E-02
  0.28746707452368E-05 -0.73401896079419E-04 -0.14391933049109E-02
  0.30130882134430E-04 -0.56774126962978E-04 -0.14636539488033E-02
  0.25089534171869E-05 -0.88412906409241E-04 -0.14858062899247E-02
 -0.25770980836060E-04  0.63595057865330E-04 -0.14967122078582E-02
  0.64222551051214E-04 -0.27609830110805E-04 -0.14393878508389E-02
 -0.10323806431338E-03  0.75066833746195E-04 -0.14369115245305E-02
  0.55886292014056E-04 -0.44126719598843E-04 -0.14413836953053E-02
  0.60815969415987E-04  0.10648201030406E-04 -0.14870770682564E-02
  0.30433225730808E-04  0.32450934297941E-04 -0.14554909734532E-02
 -0.19618128391787E-04 -0.11509450056993E-03 -0.14750876361060E-02
  0.79609279574374E-04  0.70804521466253E-05 -0.16918563731222E-04
 -0.38277749298624E-04  0.59799233973249E-04 -0.97536941379377E-03
 -0.47260955213868E-04  0.46371878493167E-04 -0.97600957407674E-03
 -0.51606331858291E-04  0.32328584752429E-04 -0.97701323451355E-03
 -0.75734788711553E-05  0.40191244180825E-04 -0.99080873475800E-03
  0.40511085251741E-04  0.46292013658643E-05  0.52741491390206E-04
 -0.41030646027764E-04 -0.32457172815829E-05 -0.14616052032025E-03
 -0.92708319414270E-05  0.29721932901633E-04 -0.98348381737148E-03
 -0.42178137315524E-04  0.90882846321664E-04 -0.65830850891751E-04
  0.11458909775310E-03  0.96355124521708E-05 -0.97848214939373E-04
  0.26894173896318E-04  0.40187198866741E-04 -0.98808930184417E-03
 -0.53987637485667E-04  0.78561451251097E-04 -0.30595400956663E-03
  0.14650367850138E-04  0.65912738129039E-04 -0.98782296297030E-03
  0.10731649276704E-03  0.76939651607138E-05 -0.14447086513248E-03
  0.26554385664004E-04  0.28302954927202E-04 -0.99107490767715E-03
  0.20265503530226E-04  0.42805124181694E-04 -0.98620826653955E-03
  0.91894534414019E-04  0.17845303134689E-04 -0.15471799497910E-03
 -0.40561914256827E-06  0.36669522557461E-04 -0.98395777557929E-03
 -0.81374611946396E-05 -0.23154376779697E-05 -0.16551918009383E-03
 -0.51677520588486E-04  0.75526738442458E-04 -0.26677011813327E-03
 -0.18424210500845E-04  0.28108983441297E-04 -0.99001718757693E-03
 -0.26200329235235E-04  0.73898047505294E-04 -0.27056259504805E-04
  0.11473705151998E-03  0.21647152260562E-04 -0.11724444155082E-03
  0.10125207787964E-04  0.41521369804323E-04 -0.98465466864834E-03
  0.86499836989245E-05  0.70767703010818E-04 -0.98580585862566E-03
 -0.14029955964578E-05  0.71261710202128E-04 -0.98402343168165E-03
  0.54516303788825E-04  0.24502980209968E-05 -0.16030432876402E-03
 -0.69382615055225E-04  0.81272794903812E-04 -0.30616423850128E-03
  0.29089433063073E-04  0.34070672514774E-04 -0.98994196657767E-03
 -0.36675403374304E-04  0.51303277804142E-05 -0.10796952507627E-03
 -0.18703635087919E-04  0.13262175441319E-04 -0.98323196408198E-03
 -0.33327980105907E-04 -0.47423256512543E-06 -0.88924490075810E-04
  0.15781901660545E-04  0.26393552293414E-04 -0.66634860572339E-04
  0.19308495032241E-04  0.38629257687736E-04  0.10200017368475E-04
  0.27946603049309E-04  0.12571017542122E-04 -0.98256744258913E-03
  0.96697883784764E-04  0.92637537686879E-04 -0.24417679021989E-03
 -0.15409290988157E-05  0.36087123563143E-04  0.43220055130925E-04
  0.20035356168484E-04  0.35607285680874E-04 -0.97811558908701E-04
  0.39688109389173E-04  0.10680085238130E-04 -0.98235305915293E-03
  0.96867548299603E-05  0.60441267317039E-04 -0.98942954951067E-03
  0.25126884592247E-04  0.42071517992659E-04 -0.13244041229599E-03
 -0.11301902811911E-05  0.78271718915003E-04 -0.98016995456210E-03
  0.73412822347080E-05  0.74979225816426E-04 -0.98305792897878E-03
 -0.11287205474627E-04  0.32995361342233E-04 -0.99143182005787E-03
 -0.17523563030667E-04  0.53019078128378E-04  0.16707909434408E-04
  0.30254744178728E-04  0.41333626195140E-04 -0.16746893493228E-03
  0.63912427781426E-04  0.40740829313709E-05 -0.98023873564552E-03
  0.75982428461978E-04  0.97584623972049E-04 -0.19628697714709E-03
  0.35281950681626E-04  0.28383859242165E-04 -0.20056588235541E-03
  0.58400431476470E-04  0.32201246611160E-04 -0.26140280383205E-04
  0.72693964609854E-04  0.22516935916668E-06 -0.97816313255652E-03
  0.10691010627736E-04  0.68162709529556E-04 -0.98545222506905E-03
  0.51893088567899E-04  0.76334038851254E-05 -0.98165173120378E-03
  0.88548464262870E-04  0.19615480604979E-04 -0.46347576448903E-04
 -0.31832795963106E-07  0.42755824143676E-04 -0.99137741643857E-03
  0.12045485192530E-04  0.18693346863522E-04 -0.41191967024663E-04
 -0.15446123747881E-04  0.21764117451157E-04 -0.98318013511993E-03
 -0.12298667138434E-04  0.41226297383720E-05 -0.28859554218305E-04
  0.14854038738323E-04  0.59308972128859E-04 -0.98927999544946E-03
 -0.18769863601324E-04  0.15985051732993E-04 -0.98291771855361E-03
 -0.26424519720145E-04  0.70264479643170E-04 -0.97585019257619E-03
  0.24031343293024E-06  0.76402860173617E-04 -0.27808797999365E-03
 -0.11788457365069E-06  0.60643269873230E-05  0.10056040997334E-05
 -0.66798710690916E-05  0.53665469005928E-04  0.39381378823308E-05
  0.45990336380390E-04  0.18573955592644E-04  0.21097730655420E-04
  0.15730844497448E-04  0.13953359908272E-04 -0.98277446941897E-03
  0.45320374987258E-05  0.65495704737084E-05  0.49983063435709E-05
  0.24554942190066E-05  0.51077561951178E-04 -0.99047557016936E-03
 -0.13585983372257E-04  0.76870390511907E-04 -0.97758776315388E-03
  0.71873025747983E-05  0.85734855380979E-05 -0.48349975534318E-05
 -0.64512807201966E-05  0.13817164353023E-04 -0.98317416543587E-03
  0.99876732294250E-05  0.52019661180987E-04 -0.99056129898437E-03
  0.17017518450308E-04  0.24312020796680E-04  0.49011217899943E-04
  0.95477084582945E-05  0.12927379471840E-04 -0.20729491199008E-04
  0.63751273295582E-04  0.82357521434635E-04 -0.25979742715000E-03
  0.43093500828496E-05  0.14412021080285E-04 -0.98270792038687E-03
 -0.14536025303385E-04  0.13173673021886E-04 -0.98353431197169E-03
  0.29877798737651E-04  0.11424196402355E-04 -0.17129952957405E-03
 -0.27472160648273E-04  0.15614371829998E-04 -0.98909717859377E-03
  0.18426154427246E-04  0.46636068741405E-05  0.86914567572365E-04
  0.19862014121812E-04  0.21442819509388E-04 -0.76586476757266E-04
  0.47054257485959E-04  0.18553479827746E-04 -0.98153714426532E-03
  0.12345194149134E-04  0.67781968616269E-04 -0.98300341063567E-03
 -0.42256295388099E-04  0.66132614891433E-04 -0.15079421076627E-03
  0.30828759232409E-04  0.31288809361054E-04 -0.12545803948410E-03
  0.35653333938244E-04  0.13569029240380E-03 -0.23029952921038E-03
  0.57556626478976E-04  0.17275898376662E-04 -0.98049969394766E-03
 -0.28594293152600E-04  0.11408627296035E-04 -0.98350414583305E-03
  0.48067444532524E-04  0.37868832856944E-04 -0.18742198649720E-03
  0.66454634008010E-04  0.14568849974157E-04 -0.97830623056250E-03
 -0.45644955699335E-04 -0.22094240135088E-04 -0.98632177816823E-03
  0.13339725507877E-04  0.60898233645503E-04 -0.98537997359164E-03
  0.71557120340167E-04  0.30966333716477E-04 -0.25180137030907E-03
  0.76648961964139E-05  0.39915587868341E-04 -0.98557099183244E-04
  0.73020261576637E-04  0.97488307409220E-05 -0.97589663194112E-03
 -0.76866225734903E-05  0.12703272705809E-03 -0.17553160321021E-03
  0.92436095232281E-04  0.55362850572959E-05 -0.30289920749944E-03
  0.74276958973889E-04  0.37621828466891E-05 -0.97354237053560E-03
 -0.36228658291260E-04  0.17029816377993E-04 -0.98311114806709E-03
 -0.46848585962448E-04  0.64543114666548E-05 -0.26460960287720E-03
  0.37995395282078E-05  0.31463955290837E-04 -0.74222143987175E-04
  0.94322543352694E-05  0.45542562288628E-04 -0.12681742535364E-03
 -0.36199565029233E-04 -0.65392489654861E-05 -0.97152692305304E-03
 -0.17906753018068E-04  0.66846890929331E-05 -0.98296166563355E-03
  0.13586303426581E-04  0.13227296250553E-04 -0.41860473951493E-04
  0.19725739979921E-04 -0.92369603506012E-05 -0.98216951572972E-03
  0.16177141149500E-05  0.51996133320154E-05  0.96449175109576E-05
 -0.10205065363112E-04  0.69309601898671E-05 -0.98361396337577E-03
  0.73285560340770E-05 -0.36919710899898E-05 -0.98225666924422E-03
  0.46103406909443E-05  0.34033704915822E-04 -0.16068608302103E-03
  0.42696849383576E-05  0.44652265210475E-05  0.10439166535893E-04
 -0.40739838936879E-05  0.73517579493333E-04 -0.97716076180853E-03
 -0.33919660332045E-05  0.10219643898994E-04 -0.98411530157341E-03
  0.76932719923739E-04  0.12841161792936E-03 -0.31208232774551E-03
  0.61738179428863E-05  0.43209610830463E-05  0.47883203132582E-05
  0.55848875060778E-05  0.13935720212663E-04 -0.98365650750495E-03
 -0.11515331064631E-04 -0.11320597628332E-04 -0.16385812025810E-03
 -0.58135555612976E-05  0.14593596411180E-05 -0.98258125371551E-03
  0.77695527152708E-05  0.53449282359817E-05 -0.44432669617453E-05
  0.31366939437630E-04 -0.15282990385409E-04 -0.98266921094399E-03
  0.15746862579069E-04  0.16580450245066E-04 -0.98276500916000E-03
  0.66099450204104E-05  0.72521840871999E-04 -0.97998907632740E-03
  0.85481569695175E-05  0.44097289884469E-04 -0.14821192166344E-03
  0.99516187505502E-05  0.80359464118274E-05 -0.19034754453193E-04
  0.26335949456383E-04  0.17963096555929E-04 -0.98204690034327E-03
  0.77139169707697E-04  0.13837837803493E-03 -0.29112068166742E-03
  0.36868757056955E-04  0.18754681977770E-04 -0.98182628261689E-03
  0.18911044060759E-04  0.23262001909225E-04 -0.99208649076355E-03
 -0.52579299571792E-04  0.86346593732787E-04 -0.14089764438579E-03
 -0.10369794175090E-03 -0.30363809617046E-05 -0.30410298750009E-03
 -0.33153980138720E-04  0.48726452113388E-04 -0.98221329362599E-03
 -0.22353081242358E-04  0.25692302276375E-04  0.49012057826549E-04
 -0.46782646621429E-04  0.91227866183467E-05 -0.15656406270269E-03
 -0.39156678874273E-04 -0.10792426852011E-04 -0.99138090363023E-03
 -0.48922822734678E-04  0.58651251386364E-05 -0.98059758536048E-03
 -0.12907567115171E-04  0.19537680595318E-04  0.70383292010425E-04
 -0.27577456942545E-04 -0.32668200181281E-05 -0.99210670204398E-03
 -0.52389419342555E-04  0.99308199666050E-04 -0.10037063978129E-03
 -0.28793934775924E-04  0.29434139695756E-04 -0.18837400664236E-03
 -0.56078277894720E-05  0.13947020640900E-04  0.84369843808169E-04
 -0.24482420892964E-04  0.59679975987262E-04 -0.98238389353104E-03
 -0.15452287062557E-04  0.35445261498940E-05 -0.99247628587496E-03
 -0.29239919410268E-04  0.78299226537077E-05 -0.17961144133426E-03
 -0.22628752653778E-04  0.22456211248020E-04 -0.99063388274364E-03
  0.70851594278663E-06  0.94474260959563E-05  0.93638807422120E-04
 -0.35238045080130E-05  0.10172657238028E-04 -0.99288074855417E-03
 -0.52326010322584E-04  0.18116469603574E-04 -0.97825428576525E-03
  0.73812937919856E-05  0.63699846212880E-05  0.96265568077072E-04
 -0.32663882331744E-04  0.56910682904598E-04 -0.21946161638001E-03
  0.77834885255909E-05  0.17140340400446E-04 -0.99261573168334E-03
 -0.13230364485571E-04  0.67442127390125E-04 -0.98298700421945E-03
 -0.49383762344714E-04 -0.18127584274046E-04 -0.99010122927172E-03
  0.93597203091207E-05  0.53267989229813E-04 -0.98700063352940E-03
 -0.34640426330356E-04  0.32877004136426E-04  0.15548108233500E-04
 -0.35547445237310E-04  0.35832585501545E-05 -0.98803157946223E-03
 -0.48391052923144E-04 -0.16897454380433E-04 -0.97181100552261E-03
 -0.28171128295310E-04  0.11670460726441E-03 -0.15337104492913E-03
 -0.41736791628618E-04 -0.92012950845483E-05 -0.98693022707737E-03
 -0.14998847035141E-03 -0.73461094307657E-05 -0.33651099375639E-03
 -0.39244990599236E-04  0.24210779337845E-04 -0.98198181115561E-03
 -0.57366750764772E-04 -0.24322118649365E-04 -0.97356608420328E-03
 -0.61444135360218E-05  0.21803064960548E-04 -0.71046681246408E-04
 -0.15238054369797E-03  0.38178009030918E-05 -0.30311140556932E-03
 -0.63400151125741E-04 -0.28934946846043E-04 -0.97721801938746E-03
 -0.33844576264846E-04 -0.12384976684972E-04 -0.98433236819310E-03
 -0.11844083301159E-03  0.24619316707161E-04 -0.20909265172440E-03
 -0.55932558866487E-04  0.98018645353251E-04 -0.12542105391835E-03
 -0.65088184616831E-04 -0.30172549101240E-04 -0.98090168307226E-03
 -0.47446427971617E-04 -0.34069373808613E-04 -0.16201406561494E-03
 -0.38220449614349E-04  0.35834959443818E-04 -0.98184758507256E-03
 -0.80150355617966E-04  0.37891739170923E-04 -0.10958523308115E-03
 -0.64090973949217E-04 -0.28690268632285E-04 -0.98429588002462E-03
 -0.27670459425943E-04  0.14039678118280E-04 -0.10499449733140E-03
 -0.52361239364196E-04  0.39002165005072E-04 -0.35165385653004E-04
 -0.43179463107476E-04 -0.40268540973492E-05 -0.98251880464854E-03
 -0.58442850941349E-04 -0.24262647486493E-04 -0.98765290595689E-03
 -0.37120062914173E-04 -0.24697102036708E-05 -0.17165584615748E-03
  0.43876889888524E-04  0.39721872032155E-06 -0.23377476878394E-03
  0.11761754453107E-04  0.68017770403557E-04 -0.98783363566099E-03
  0.25175576962145E-04  0.99652335263728E-04 -0.13629775324795E-03
 -0.94272289064337E-04 -0.93960823130067E-06 -0.28113408824727E-03
 -0.53340430968566E-04 -0.45860348188947E-04 -0.97714903710219E-03
 -0.63197329049882E-05  0.88459975744630E-05 -0.98265403227591E-03
 -0.11948425200448E-04  0.78366993872636E-04 -0.48194242157015E-04
 -0.82853579968754E-04  0.46056732598973E-04 -0.21664513872515E-03
 -0.59458143121034E-04 -0.43437926097462E-04 -0.98014700546004E-03
  0.13243331324270E-04  0.39203935168838E-04 -0.10112326055780E-03
 -0.29946399643053E-05  0.46208904909012E-04 -0.99013838055164E-03
 -0.75987575805404E-04  0.76064391086233E-04 -0.16476926026408E-03
 -0.61838013342006E-04 -0.37627279063350E-04 -0.98383598546436E-03
 -0.33454011207868E-04  0.95456926985694E-04 -0.73766424780892E-04
 -0.12512454069856E-04  0.61563167406505E-05 -0.98351884898500E-03
 -0.71178041844759E-04  0.87758262326024E-04 -0.12516800282812E-03
 -0.46404956104512E-04  0.25901130364529E-04 -0.17364779684696E-03
 -0.59673638629794E-04 -0.28099262820046E-04 -0.98661148146204E-03
 -0.12620205563835E-04  0.34085624041523E-04 -0.98940443183382E-03
 -0.17474532807817E-04  0.11547958568950E-04 -0.98293946210582E-03
 -0.63818417565162E-04  0.87423156965919E-04 -0.89292174638435E-04
 -0.54250374142560E-04 -0.17393182801502E-04 -0.98872652701635E-03
 -0.45870270532057E-04  0.10556835814018E-03 -0.10491486635436E-03
  0.98915092883297E-05  0.30364462353961E-04 -0.70419294563204E-04
  0.56567749309204E-05  0.56793358615246E-04 -0.98934843456308E-03
 -0.52150774797846E-04  0.79039454512537E-04 -0.52775327017098E-04
  0.66704899807064E-04 -0.93668907857496E-05 -0.98078962763819E-03
  0.12718930418753E-04  0.12061853139838E-04 -0.17740095897419E-03
  0.18257763902769E-04  0.33454424486184E-06 -0.98217234153299E-03
  0.14066348001269E-04  0.29590993552345E-04 -0.70892779047097E-04
  0.45023038419678E-05  0.11113522549437E-04 -0.98272823959210E-03
  0.29490827781930E-05  0.78755811444764E-04 -0.98297831020995E-03
  0.17979857810802E-04  0.38447446143945E-04 -0.99692517196046E-04
  0.10518766754451E-03  0.56244637183214E-04 -0.16436166768243E-03
  0.16831467583860E-04  0.83332160480174E-05 -0.98267448862525E-03
  0.15348544151837E-04  0.44166126062205E-04 -0.14890325639385E-03
  0.20421560481831E-04  0.44722472685995E-04 -0.12668848070573E-03
  0.29330259002928E-04  0.45405849422117E-05 -0.98260550592299E-03
  0.90117452361660E-05  0.73147117691297E-04 -0.98554701950306E-03
 -0.47609125345414E-04  0.19410539737280E-04 -0.20096746383247E-03
  0.21011719668368E-04  0.44538898764390E-04 -0.14962071284829E-03
  0.69165756620485E-04  0.57805094379218E-04 -0.99060779837401E-04
  0.42298815168184E-04  0.34185462740657E-06 -0.98273286317970E-03
  0.56660771529442E-05  0.52508712982008E-05 -0.98246470840560E-03
  0.15480291156527E-04  0.45094421395182E-04 -0.12799818968936E-03
  0.18243065963615E-04  0.33388754243443E-04 -0.16643285966419E-03
  0.55127949983624E-04 -0.44519150921091E-05 -0.98209020082950E-03
  0.96927557286082E-05  0.65500192934793E-04 -0.98771163861718E-03
  0.21460384217612E-04  0.63452768841470E-04 -0.50813117244344E-04
 -0.35046181989473E-04  0.59188102297517E-04 -0.97996570097321E-03
 -0.45692081696581E-04 -0.62695168353686E-05 -0.99014562121527E-03
 -0.20855853895019E-04  0.21000491292289E-04 -0.98828121705909E-03
 -0.49601885641312E-04  0.10335365783436E-03 -0.12929149269305E-03
  0.19351590929963E-04  0.54424947897334E-04 -0.98925237293866E-03
 -0.18551884288617E-04 -0.19757639515861E-05 -0.98326758494674E-03
  0.10958605690489E-03  0.15432945481321E-04 -0.85597617121735E-04
 -0.31728548792544E-05  0.35447687042152E-04 -0.15924888363280E-03
  0.16221300438045E-04  0.60706162650943E-04 -0.98761389477180E-03
 -0.32261645991240E-04  0.26783966485123E-04 -0.98271435553466E-03
  0.11000731101321E-03  0.15052764352613E-04 -0.13879452106057E-03
  0.87204244217643E-05  0.63034446479815E-04 -0.98582502852870E-03
 -0.29703196303993E-04  0.48411745494723E-05 -0.98317673841201E-03
 -0.13227814170972E-04  0.89175043867099E-05 -0.51954495201501E-04
  0.60955772943904E-04  0.10005592967996E-04 -0.15969039399551E-03
  0.22649545091481E-05  0.46331995151346E-04 -0.14666606365141E-03
 -0.23662047149066E-05  0.60843812126647E-04 -0.98444921779858E-03
 -0.31905752345757E-05  0.42116332793471E-04 -0.11961359935291E-03
 -0.45533848872546E-05  0.45955701368530E-05 -0.16986833860076E-03
 -0.13323791800394E-04  0.54793451906244E-04 -0.98379658245460E-03
 -0.38630590345759E-04  0.12375847772328E-04 -0.98301331028446E-03
  0.31392731224573E-05  0.47893995076762E-04 -0.12997559240358E-03
 -0.42619205738926E-04  0.33257766596405E-05 -0.15837630999529E-03
 -0.28638726823847E-04  0.36985937296727E-04 -0.98328129141490E-03
 -0.22244354538076E-04  0.46857668177285E-04 -0.98350816036689E-03
  0.71677609258835E-04  0.12079399437572E-04 -0.64800182067622E-05
 -0.44656743089862E-04  0.32330777305331E-04 -0.98098937332653E-03
 -0.11076002285783E-04  0.15362215590054E-04 -0.16412538734746E-03
  0.16868399452939E-04  0.47755867755464E-04 -0.99032486727105E-03
 -0.38641092629785E-04  0.65233054600029E-04 -0.15373809696090E-04
 -0.36439561320496E-04  0.45861028818662E-05 -0.99086299506476E-03
 -0.42139467183519E-04  0.46087688644476E-04 -0.98015898796288E-03
 -0.26985763356085E-04  0.14636087891406E-04 -0.98264739109722E-03
 -0.24106202627786E-04  0.50309863828550E-04  0.20708166434730E-04
 -0.27919994361067E-04  0.79997676476220E-05 -0.98755056067041E-03
 -0.25548466579558E-04  0.15446059119844E-04 -0.99110320500867E-03
 -0.45740882591919E-04  0.90226850351479E-04 -0.14416042272974E-03
 -0.11065658441806E-04  0.36234344354149E-04  0.50902248557648E-04
 -0.14092726141287E-04  0.24977655375138E-04 -0.99144865797721E-03
  0.91918818736301E-04  0.50129827807747E-04 -0.19993182531785E-03
  0.61902848335392E-05  0.21769426306188E-04 -0.42856125375629E-04
  0.68600643278780E-05 -0.13301490117207E-04 -0.98282983169271E-03
 -0.24442135119283E-05  0.33025103704636E-04 -0.99187614289563E-03
 -0.20333121819150E-04 -0.10499260427867E-04 -0.16354646219636E-03
 -0.21141023210574E-04  0.34180317288603E-04 -0.13363750910101E-03
  0.14032398905649E-04  0.15615557359420E-04  0.74730719420817E-04
  0.92034029031481E-05  0.40743366943775E-04 -0.99159845238038E-03
 -0.32227752934198E-04  0.19506950359997E-04 -0.98249311779139E-03
 -0.54939875162067E-05 -0.78233535775738E-05 -0.98326501574935E-03
  0.34908963041158E-04  0.11432350811682E-04  0.52526657936705E-04
  0.73334418243805E-06  0.14711356461153E-04 -0.31103899851606E-04
  0.49593153952648E-06  0.24293637947825E-04  0.70813506124399E-04
 -0.71500906208703E-05  0.13322414152150E-04 -0.98254677160615E-03
 -0.23718394030338E-04  0.70146382344999E-04 -0.98062152477522E-03
  0.99832777182400E-05  0.21130541454191E-04 -0.43352937010853E-04
  0.82364699285749E-05  0.74324044807184E-04 -0.98574385425698E-03
 -0.48681023618319E-04 -0.12016766190328E-04 -0.99060432413443E-03
 -0.38644208113498E-04  0.94802406968472E-04 -0.14532910533774E-03
 -0.58201112834650E-04  0.93548629449978E-04 -0.93940315383197E-04
 -0.28430174122701E-04  0.45482639426008E-04  0.24138366372387E-04
 -0.38122978144771E-04 -0.24199555232319E-05 -0.99153901948502E-03
 -0.19939260142156E-04 -0.10964610956602E-04 -0.98431158507364E-03
 -0.16613356875999E-04  0.33956017137813E-04  0.52277203520507E-04
 -0.29131052187844E-04 -0.85235431250561E-05 -0.16292333318573E-03
 -0.26688905376644E-04  0.69923125932699E-05 -0.99200732018804E-03
 -0.48490562261775E-04 -0.13168195507035E-04 -0.98782499292899E-03
 -0.72767737211339E-05  0.23586718995795E-04  0.73330566852382E-04
 -0.15391972552410E-04  0.14923351565380E-04 -0.99199284021010E-03
 -0.31240471335960E-04 -0.38839678208495E-05 -0.98342989675805E-03
 -0.62456513854057E-04  0.93734428151662E-04 -0.12020995882102E-03
  0.15166497098174E-05  0.15988188903081E-04  0.86631391891746E-04
 -0.18007816023779E-04  0.19020569121340E-04 -0.16482797891292E-03
 -0.35487665299054E-05  0.22401569298967E-04 -0.99194930612107E-03
  0.10937493580561E-03  0.31249933620076E-04 -0.15357193883649E-03
  0.10793718584270E-04  0.10598688067672E-04  0.89875861875648E-04
  0.82112464285080E-05  0.29525184659580E-04 -0.99204406634731E-03
 -0.42487612979110E-04  0.57504385901096E-04 -0.11069906584695E-04
 -0.12424644870029E-04  0.26194047426846E-04 -0.98794276291478E-03
 -0.41679404988103E-04 -0.11428985500078E-05 -0.98894302286585E-03
 -0.57101583536433E-04 -0.21467907509808E-04 -0.98878379244881E-03
 -0.10683172190940E-03 -0.20480834532056E-04 -0.31544230228745E-03
 -0.33543581993282E-04  0.70766245571552E-04 -0.21044396807480E-04
 -0.47174500222663E-04 -0.32283822759435E-04 -0.97312697140182E-03
  0.89944742664991E-05  0.59682844087467E-04 -0.98760272537331E-03
 -0.14705225999631E-04  0.10580582380899E-03 -0.11087159433485E-03
 -0.13362669918136E-03 -0.31526219381462E-05 -0.31834311570680E-03
 -0.56757769875872E-04 -0.36795906442060E-04 -0.97543393030019E-03
 -0.43946308331880E-04  0.20453020294107E-04 -0.98195978934205E-03
 -0.12253337784674E-03  0.34635891873382E-04 -0.25937039066250E-03
  0.23688414304559E-05  0.50833867298217E-04 -0.98877758862888E-03
 -0.40990809593271E-04  0.45610665224037E-05 -0.98238777700146E-03
 -0.62545212029767E-04 -0.37608074365948E-04 -0.97806835297838E-03
 -0.34872683656384E-04  0.11220755855056E-03 -0.11710265793098E-03
 -0.96983885975199E-04  0.64587572250081E-04 -0.17865043328978E-03
 -0.64741568001238E-04 -0.35493008166033E-04 -0.98194093476187E-03
 -0.47895056143708E-04  0.85463213052087E-04 -0.60321860627778E-04
 -0.75532418106567E-04  0.73443621128725E-04 -0.10997901420112E-03
 -0.52398454996034E-05  0.39060549786402E-04 -0.98900314777776E-03
 -0.63115200173591E-04 -0.30222204268067E-04 -0.98586644330346E-03
 -0.41435080672267E-04  0.10879527478813E-03 -0.13226094166279E-03
  0.10050476836932E-03  0.32669387608059E-04 -0.97237397851774E-04
 -0.58060375799940E-04  0.68281286097157E-04 -0.55225626163694E-04
 -0.32760314671706E-04  0.11081588550721E-04 -0.98972789551840E-03
  0.77650406201030E-04 -0.45837308164530E-05 -0.97579591079250E-03
 -0.99911908729879E-05  0.40164569622528E-04 -0.16510547281100E-03
 -0.53291962771243E-04 -0.25127244396181E-04 -0.98680720837748E-03
 -0.42195551198086E-04  0.53971524510612E-04 -0.97765818174995E-03
 -0.60137446014541E-04  0.47773087427705E-04 -0.24793533424082E-03
 -0.42845349521125E-04  0.54463371995859E-06 -0.12620093305222E-03
 -0.19189395849592E-04  0.34006319710084E-04 -0.98347316531063E-03
  0.52300469427061E-05  0.15195979881591E-04 -0.16641757580795E-03
 -0.23171766180487E-04  0.35844424446885E-05 -0.62844001701670E-04
 -0.32325641868498E-04  0.67108232971053E-04 -0.97745303232833E-03
 -0.23466205429401E-04  0.25856540138923E-04 -0.98299915002150E-03
 -0.31863828852938E-04  0.41696062997309E-04 -0.24098149082054E-03
 -0.44374263789877E-05  0.67123635625337E-05 -0.17773988212490E-04
 -0.25726236801665E-04  0.19477859723794E-04 -0.98283016938618E-03
 -0.28142367410856E-05  0.18518336438827E-04 -0.19468294181028E-03
  0.31052646624586E-04 -0.51880417594737E-05 -0.98249291958329E-03
  0.35550227509027E-05  0.98023235094443E-05 -0.77177813744542E-05
 -0.19810883336428E-04  0.76197481957670E-04 -0.97867808121708E-03
 -0.24111226386746E-04  0.15978686848498E-04 -0.98267104737027E-03
  0.32059691565360E-04  0.42248506214614E-04 -0.21749942090949E-03
  0.11898991643905E-04  0.34279449397343E-04 -0.16155814130257E-03
  0.72890804841288E-05  0.14356052934087E-04 -0.19818313682377E-04
 -0.16706249946731E-04  0.14419166089656E-04 -0.98272997990613E-03
 -0.68224231610552E-05  0.80105947455664E-04 -0.98059336520172E-03
 -0.11832737933015E-04  0.42254516701222E-04 -0.98399595534035E-03
  0.43396940056106E-04 -0.10217487638596E-04 -0.98302987325720E-03
 -0.30222485312448E-04  0.30951672212251E-06 -0.16280771869038E-03
 -0.10979699103229E-04  0.76570801645231E-04 -0.98167227453733E-03
  0.18256168700218E-04  0.35190180327979E-04 -0.99160497303771E-03
  0.49516890560718E-06  0.77877453785093E-04 -0.98331282355910E-03
 -0.47323101494331E-04  0.14706730542607E-04 -0.98104985392408E-03
  0.55543610156535E-04  0.74804154299256E-05  0.26562502921712E-04
  0.23485804394914E-04  0.41297262065525E-04 -0.99036125476382E-03
 -0.59790303137273E-04  0.83959344708597E-04 -0.14031790876367E-03
 -0.86177110681235E-05  0.52762861657020E-04 -0.16807340925836E-03
  0.96712581333015E-04  0.11029369385682E-04 -0.53090327842052E-04
  0.22827582845609E-04  0.48184649209489E-04 -0.98880508226045E-03
 -0.49099769088692E-04  0.26481383474431E-04 -0.97996871714675E-03
  0.26020251263082E-04  0.69310993814833E-05  0.74387556822278E-04
  0.11742534440801E-03  0.12325071546381E-04 -0.12233440599182E-03
 -0.20502294807858E-04  0.56813477153247E-04 -0.18439450394281E-03
 -0.56096305302858E-04 -0.36229832389781E-04 -0.98490993508419E-03
  0.88092631143890E-04  0.88952165072234E-05 -0.15289554634555E-03
 -0.52532559530809E-04  0.64936094458340E-04 -0.16073598776968E-03
  0.94053199654267E-05  0.52473146771070E-04 -0.98552630672565E-03
 -0.47570700064528E-04  0.40236406844592E-04 -0.97892315462457E-03
  0.65065989709549E-04  0.24202337453621E-04 -0.17793144159185E-03
  0.24398014066251E-04  0.38566342122299E-05 -0.16408898433609E-03
 -0.16346625238751E-05  0.48970108450986E-04 -0.98448247669903E-03
 -0.45873790986299E-04  0.54524591749064E-04 -0.22004021365733E-03
  0.18287594613354E-04  0.52512005144505E-04 -0.98708937944371E-03
 -0.26609638982588E-05  0.14606120631132E-04 -0.16532609230413E-03
 -0.54175528077117E-04  0.20791887699703E-04 -0.97567387296612E-03
 -0.11131850541224E-04  0.10165607835190E-04 -0.98324735018475E-03
 -0.34351958932707E-04 -0.31444513931886E-04 -0.17198089327848E-03
  0.25674791121946E-04 -0.34506084167451E-04 -0.98351743543568E-03
  0.10393809442343E-05 -0.34726273619392E-04 -0.18736727334683E-03
  0.36377846381570E-04 -0.31533185107088E-04 -0.98343982609108E-03
  0.65075155779145E-04 -0.35896390711038E-04 -0.18624188087812E-03
  0.47316452247445E-04 -0.30615391179335E-04 -0.98371701327336E-03
  0.16499868707221E-04 -0.37819529483663E-04 -0.98333857995716E-03
  0.11256856935977E-03 -0.40770808978531E-04 -0.18448804522957E-03
  0.10733676068713E-03 -0.49070522691931E-04 -0.15900149653605E-03
  0.63414345627742E-04 -0.35485822927244E-04 -0.98404129927209E-03
  0.57996765821150E-04 -0.59005222514471E-04 -0.10613896321745E-03
  0.66507895916382E-04 -0.37468498418547E-04 -0.98436934685273E-03
  0.83021141018393E-05 -0.71321587832434E-04 -0.71532824205081E-04
  0.63918990329583E-04 -0.37883711050239E-04 -0.98549400970529E-03
  0.56345969112494E-04 -0.31866134383744E-04 -0.98397915331067E-03
 -0.27885494452280E-04 -0.23069003294833E-04 -0.12390424911614E-03
  0.95412043425229E-05 -0.40531072286211E-04 -0.98291249442164E-03
 -0.58493529559993E-05 -0.16404786284458E-04 -0.78344710889677E-04
  0.37419813321363E-05  0.24676500239965E-04 -0.98614118024196E-03
  0.12893125809543E-04  0.22355217377752E-04 -0.16100724040037E-03
 -0.39257918149219E-06  0.13474291497974E-04 -0.98509949639351E-03
  0.24603758810441E-04 -0.27830253382433E-05 -0.16298960148506E-03
 -0.34819120744066E-05  0.22216849245248E-05 -0.98480109493333E-03
  0.31450152266819E-04 -0.21771310817117E-04 -0.15863894510512E-03
 -0.55895285669862E-05 -0.84860185317779E-05 -0.98440227886071E-03
  0.32994318356175E-04 -0.32022286921653E-04 -0.14397302649036E-03
 -0.58598268754514E-05 -0.19310118693209E-04 -0.98407760841746E-03
  0.29448153902927E-04 -0.33499431988671E-04 -0.11880392190661E-03
 -0.49297428852032E-05 -0.29108930076076E-04 -0.98384025149501E-03
  0.22031466329761E-04 -0.27502194530791E-04 -0.88577285027311E-04
 -0.18994322240597E-05 -0.36482800911251E-04 -0.98327589152423E-03
  0.10657480591618E-04 -0.19037699368001E-04 -0.68119072233055E-04
  0.33371351294349E-05 -0.40278539115515E-04 -0.98250297896989E-03
 -0.20711063915473E-04 -0.85793336308792E-04 -0.73974346823414E-04
 -0.29737916565747E-07  0.50305572409146E-04 -0.15899311697659E-03
  0.56893620256140E-04 -0.36880068303325E-04 -0.98547726542884E-03
  0.48483649649675E-04 -0.33714656381811E-04 -0.98528681893507E-03
 -0.15539596836649E-04 -0.28311170183137E-04 -0.98443916358771E-03
  0.31025859132425E-04 -0.36213488573121E-04 -0.14618295849757E-03
 -0.13884299064303E-04 -0.37515486652309E-04 -0.98394464019417E-03
  0.26771827378138E-04 -0.36915729347395E-04 -0.12685140163585E-03
 -0.91925937758926E-05 -0.43650054528586E-04 -0.98301068266156E-03
  0.14091289704030E-04 -0.32852297346426E-04 -0.11778620777686E-03
  0.27761958303314E-04 -0.25893600639830E-04 -0.16054961311989E-03
 -0.19416141059664E-05 -0.47489648075701E-04 -0.98273586972731E-03
  0.59691044870098E-05 -0.46628961305607E-04 -0.98271944494961E-03
 -0.32296092331279E-04 -0.43319669474143E-04 -0.18801810978423E-03
  0.14875709986465E-04 -0.44081024208111E-04 -0.98227608995695E-03
 -0.25731629399510E-04 -0.50642741310516E-04 -0.22010908285293E-03
  0.25786999683025E-04 -0.40176164954066E-04 -0.98153742220264E-03
  0.24021663567537E-04 -0.54411556843694E-04 -0.22265416318545E-03
 -0.83205983232943E-05 -0.34867976360165E-04 -0.13867826947749E-03
 -0.15799290866605E-04 -0.17181189529552E-04 -0.98438869964620E-03
  0.18624130755413E-04 -0.65785850093802E-05 -0.16573215848341E-03
 -0.14360542503877E-04 -0.56864093174183E-05 -0.98475577993696E-03
 -0.41957153154867E-04 -0.97419570697623E-04 -0.12391724858806E-03
  0.39053561734182E-04 -0.29333355718714E-04 -0.98440744299634E-03
 -0.41977894095518E-04 -0.85197645746736E-04 -0.14256865086574E-03
  0.29666235708610E-04 -0.24931236899363E-04 -0.98375861859147E-03
 -0.36967646028897E-04 -0.64582324680044E-04 -0.15306586243878E-03
  0.18654613297221E-04 -0.19442904878590E-04 -0.98309871460129E-03
 -0.29598333752470E-04 -0.38930359103661E-04 -0.15948166432415E-03
  0.33090003290412E-05  0.43077780539846E-04 -0.98742003015874E-03
 -0.29854365837517E-04  0.99725660839510E-04 -0.15003387723599E-03
 -0.27195528745369E-05  0.31362693642664E-04 -0.98715760677446E-03
 -0.21515870133551E-04  0.76055132876083E-04 -0.15303290596329E-03
 -0.76579885133986E-05  0.19252742983083E-04 -0.98638199608243E-03
 -0.82358141844777E-05  0.48277583775024E-04 -0.15850869743561E-03
 -0.11686422370095E-04  0.66029513346632E-05 -0.98573371969932E-03
  0.60163722477408E-05  0.19116730445643E-04 -0.16362162966377E-03
 -0.35661753022192E-04 -0.97307270309914E-04 -0.98228052759749E-04
  0.88918555924635E-05  0.35504331081450E-04 -0.98669130257452E-03
 -0.97561420414693E-05  0.79290559785296E-04 -0.16357382193585E-03
  0.14521060883766E-04  0.46103563567324E-04 -0.98587993061487E-03
  0.21060867339254E-04  0.39186320187104E-04 -0.98525842006493E-03
  0.22842617527304E-04  0.22681677669484E-04 -0.16612091334890E-03
  0.15755233474830E-04  0.30259021173582E-04 -0.98528921411668E-03
  0.31089500747831E-04 -0.31735113218526E-06 -0.16038900427964E-03
  0.10872554315588E-04  0.20276721355860E-04 -0.98478733767055E-03
  0.36025935322215E-04 -0.17233399789389E-04 -0.15347178294263E-03
  0.16085875700260E-04  0.51554501044252E-04 -0.17898409660857E-03
  0.73772230536592E-05  0.10304975755451E-04 -0.98457749012946E-03
  0.43969289245609E-05  0.75516115780423E-06 -0.98412221240290E-03
  0.31918054232769E-04 -0.29094529069915E-04 -0.11648899510692E-03
  0.27901253499219E-05 -0.95195535805326E-05 -0.98354362224170E-03
  0.23931732290468E-04 -0.25237151965678E-04 -0.85017281556600E-04
  0.30698681777685E-05 -0.18938979116129E-04 -0.98304517563630E-03
  0.15756163871976E-04 -0.17123519666506E-04 -0.53312429256907E-04
  0.36497775280545E-04 -0.27247243024521E-04 -0.13982584531951E-03
  0.25706580953681E-04  0.46658189016575E-04 -0.98446148379352E-03
  0.21793528711336E-04  0.86224738056549E-04 -0.21333343708619E-03
  0.27794163845354E-04  0.51655367143405E-04 -0.98205592833436E-03
 -0.31214314569477E-04 -0.67358255169548E-04 -0.23278698195162E-04
  0.18845135659145E-04 -0.32558973160168E-04 -0.98771131787616E-03
 -0.43303725981032E-04 -0.81932850356056E-04 -0.62355242413418E-04
  0.91225109561337E-05 -0.31664620932068E-04 -0.98746427455696E-03
 -0.53859063990242E-04 -0.90653740869887E-04 -0.97911705201162E-04
 -0.60072712861944E-06 -0.29169957998179E-04 -0.98681664373609E-03
 -0.60047717141009E-04 -0.90164952989630E-04 -0.12560329708688E-03
 -0.11027360256361E-04 -0.25443214074991E-04 -0.98595889706781E-03
 -0.60781228498692E-04 -0.80280233419135E-04 -0.14380413009724E-03
 -0.22977665861383E-04 -0.20026983089956E-04 -0.98554281106780E-03
 -0.56691100596028E-04 -0.61873273424897E-04 -0.15425119238584E-03
  0.21120229043458E-04  0.57075898745738E-04 -0.97666182032408E-03
  0.73297489317628E-04  0.13928372934331E-03 -0.32532424828316E-03
  0.27104872115756E-04  0.55247652675905E-04 -0.97942821427823E-03
  0.48321005432677E-04  0.12166057058927E-03 -0.27471866675146E-03
  0.44678607268745E-05 -0.27453188046505E-04 -0.98273382773506E-03
  0.75233411709307E-05 -0.94767350856546E-05 -0.32754832497121E-04
  0.74866915879091E-05 -0.32755431865411E-04 -0.98267543876633E-03
 -0.35203239024224E-05 -0.72446721410758E-05 -0.38009048239046E-04
 -0.22141921446019E-04 -0.68783962192015E-04 -0.26010519835013E-04
  0.43159614395610E-04 -0.35644741573154E-04 -0.98718087786945E-03
 -0.34912363997030E-04 -0.84935629774473E-04 -0.60948484966829E-04
  0.34138835476590E-04 -0.33656930660765E-04 -0.98629900817844E-03
 -0.44574286926106E-04 -0.94816742212614E-04 -0.97132402738080E-04
  0.25033425290996E-04 -0.31199817817283E-04 -0.98557208363990E-03
 -0.50308411973730E-04 -0.94291780585534E-04 -0.12512642291904E-03
  0.15441622157707E-04 -0.27936726935229E-04 -0.98467155334575E-03
 -0.50750665966377E-04 -0.83016439869046E-04 -0.14324657187838E-03
  0.42560039321128E-05 -0.22730873055522E-04 -0.98464062981400E-03
 -0.46865006730121E-04 -0.62456900712096E-04 -0.15333552220985E-03
 -0.74376770756629E-05 -0.17106907836293E-04 -0.98457590481625E-03
 -0.38900831082052E-04 -0.36986672601794E-04 -0.15892706582261E-03
  0.18339514489634E-04  0.54026009382982E-04 -0.98447754828112E-03
 -0.92661921161986E-05  0.10674928948587E-03 -0.18298897016381E-03
  0.51581949440464E-04 -0.36420991587414E-04 -0.98778230880450E-03
  0.38457451682693E-04 -0.37081049950109E-04 -0.98123357562521E-03
 -0.25462587620373E-05 -0.51392651355607E-04 -0.69921783593254E-05
  0.32038760485407E-04 -0.38338458720851E-04 -0.24098366693532E-04
  0.11808623035868E-04 -0.33574255183221E-04 -0.98333905772163E-03
 -0.21521862935435E-04 -0.12121192945131E-04 -0.79015330394961E-04
  0.16581383702693E-04 -0.30995986731289E-04 -0.98405065515396E-03
 -0.35683737405212E-04 -0.20529860944341E-04 -0.13602266915876E-03
  0.23501465331800E-04 -0.27632327532869E-04 -0.98440297546729E-03
 -0.17918825317802E-04 -0.25903849270450E-04 -0.16778468795495E-03
  0.33166089278845E-04 -0.24329565417079E-04 -0.98488566710556E-03
  0.38417535856879E-04 -0.25147423744129E-04 -0.16966576299909E-03
  0.42857327094179E-04 -0.22664157737876E-04 -0.98561520747821E-03
  0.98768847090756E-04 -0.23903470844342E-04 -0.16410814417213E-03
  0.51286917874497E-04 -0.23303212370394E-04 -0.98635251497458E-03
  0.11845523798889E-03 -0.25453969651092E-04 -0.14073095482057E-03
  0.57242060667747E-04 -0.27652837693110E-04 -0.98673653290862E-03
  0.83348931974643E-04 -0.30560817775078E-04 -0.81889317092995E-04
  0.60679760179258E-04 -0.31903013709826E-04 -0.98698670308471E-03
  0.58740139421151E-04 -0.34741997045560E-04 -0.98751141194194E-03
  0.86251861179129E-04 -0.61969129853246E-04 -0.22709214504151E-03
  0.51123239560898E-04 -0.36014291143332E-04 -0.98111929482302E-03
  0.11521735489186E-03 -0.74728080684685E-04 -0.23373136223761E-03
 -0.69705772153120E-05 -0.51641030964920E-04 -0.97581115058486E-03
 -0.23805017722382E-04 -0.10461775574267E-03 -0.34741188576451E-03
  0.88097294063582E-05 -0.45964253633788E-04 -0.97470122148708E-03
  0.16647910759277E-04 -0.98732739338621E-04 -0.31933372206518E-03
  0.26507481331160E-04 -0.39002054693326E-04 -0.97394246121781E-03
  0.54484594144213E-04 -0.95826920742332E-04 -0.30798214099574E-03
 -0.40082893240133E-04 -0.97803737594336E-04 -0.34287927658912E-03
  0.43937311850198E-04 -0.31775639580650E-04 -0.97248386698067E-03
  0.60203057741387E-04 -0.24731593757060E-04 -0.97178634035457E-03
  0.90728427346937E-04 -0.99544576178062E-04 -0.32715435545941E-03
  0.71129178005338E-04 -0.18097983459868E-04 -0.97218182950522E-03
  0.80553781878843E-04 -0.80025606892507E-04 -0.30929581529710E-03
  0.76729255375536E-04 -0.11347221652313E-04 -0.97361472568730E-03
  0.59776202874597E-04 -0.40785382931008E-04 -0.27150978769784E-03
  0.80268515825123E-04 -0.99831098872858E-04 -0.31940884079356E-03
 -0.21163886605553E-04 -0.55418587759982E-04 -0.97736292983878E-03
 -0.24476492262220E-04 -0.66764508369108E-04 -0.28302992576228E-03
 -0.32499442864235E-04 -0.55950091741932E-04 -0.97924793293667E-03
  0.98231310126771E-04 -0.12740919183715E-03 -0.33363289442333E-03
  0.69282232354116E-04 -0.29176018843189E-04 -0.97386928470581E-03
  0.70142577921642E-04 -0.11958508410353E-03 -0.30274725542245E-03
  0.76464585910770E-04 -0.24370655703169E-04 -0.97448773771346E-03
  0.32615771021425E-04 -0.92508578671028E-04 -0.24984054386333E-03
  0.78158262297954E-04 -0.19113957383757E-04 -0.97655201092148E-03
  0.10491854349236E-04 -0.54841289991586E-04 -0.20899337373453E-03
  0.74769161834722E-04 -0.14330901854097E-04 -0.97905003145287E-03
  0.74418820846122E-05 -0.18144573433674E-04 -0.18818981022857E-03
 -0.47372359437859E-04 -0.33520344018120E-04 -0.98493039158793E-03
 -0.28333547177328E-04  0.40865511513810E-04 -0.16161121715942E-03
 -0.46102595112106E-04 -0.44794775551920E-04 -0.98346543231826E-03
 -0.13986027931454E-04  0.10290368070843E-04 -0.18003584249813E-03
 -0.40964869488605E-04 -0.52443958759401E-04 -0.98122561410538E-03
 -0.10300828809217E-04 -0.25666065225553E-04 -0.21789785570964E-03
 -0.53903047710770E-04 -0.45875386376882E-04 -0.98195391581850E-03
 -0.45219273495338E-04  0.33858461643030E-04 -0.19118576531334E-03
 -0.47965816913214E-04 -0.50908897619280E-04 -0.97901703486122E-03
 -0.48481523040225E-04 -0.99924449264284E-05 -0.24466987171077E-03
 -0.59864654283985E-04 -0.42792676002037E-04 -0.30381479170015E-03
 -0.14645529412244E-04 -0.31684768135155E-04 -0.97275166631341E-03
 -0.15643218994689E-04 -0.29156288344663E-04 -0.27066970831428E-03
  0.40771684485356E-05 -0.22681777899945E-04 -0.97186113142266E-03
  0.12603116192347E-04 -0.20396295014442E-04 -0.25719552578956E-03
  0.23910232206623E-04 -0.12606371299349E-04 -0.97101953934883E-03
  0.31929348064696E-04 -0.18830321215225E-04 -0.25803317744650E-03
  0.42044608227784E-04 -0.27084584185904E-05 -0.97065693330532E-03
  0.58433008932774E-04 -0.17584314861509E-04 -0.27574471967221E-03
 -0.33558430215807E-04 -0.24851921148154E-04 -0.97157968327668E-03
 -0.53318323800215E-04 -0.13610300899201E-04 -0.27697669051681E-03
 -0.17216476140488E-04 -0.15227441036298E-04 -0.97120944464597E-03
 -0.11937766863171E-04 -0.31536081585227E-05 -0.25469340573094E-03
  0.19664953031013E-05 -0.44053751942637E-05 -0.97178975883523E-03
  0.10049438863591E-04  0.24510975574440E-05 -0.25050429887219E-03
 -0.30955491066861E-04 -0.39919588027317E-04 -0.97351760138648E-03
  0.57907538201267E-04 -0.34583839750833E-04 -0.97428001805309E-03
 -0.93281234335564E-04 -0.38156996662450E-04 -0.32043014013243E-03
  0.10013391198817E-03 -0.29155292156730E-04 -0.32291311915145E-03
 -0.38670524883591E-04 -0.52214512854434E-04 -0.97702603482589E-03
 -0.61304816589579E-04 -0.55697670021284E-04 -0.31098008519539E-03
 -0.27040272198620E-04 -0.50176113548345E-04 -0.97529205786360E-03
 -0.55906282529791E-04 -0.76676936395615E-04 -0.33667802071408E-03
 -0.11448301824799E-04 -0.44629861010787E-04 -0.97390548861853E-03
 -0.19747897135763E-04 -0.70625895716313E-04 -0.31078634468604E-03
  0.63696936205120E-05 -0.37143705723473E-04 -0.97301656903558E-03
  0.17560527125150E-04 -0.59716770733115E-04 -0.28272949996448E-03
  0.25681597022411E-04 -0.28223176908015E-04 -0.97158558110568E-03
  0.43197670971088E-04 -0.55837937514683E-04 -0.27770273767407E-03
  0.43897414154959E-04 -0.19112269819973E-04 -0.97080586378441E-03
  0.66154539758869E-04 -0.58170511866979E-04 -0.29128119693171E-03
  0.59448382031727E-04 -0.10300840874263E-04 -0.97104281717618E-03
  0.89050274975218E-04 -0.53022855695626E-04 -0.31299893739072E-03
  0.69874065479202E-04 -0.28291317892308E-05 -0.97210220980827E-03
 -0.43772179519571E-04 -0.44572399733717E-04 -0.97465003253228E-03
  0.28712645974475E-04 -0.33363156392211E-04 -0.98836304557348E-03
  0.93574328987803E-04 -0.11954251095810E-03 -0.32808163894431E-03
  0.57587997302126E-04 -0.11032223000939E-03 -0.31460760127370E-03
  0.54813210088447E-06  0.15657603802350E-04 -0.16353137049129E-03
 -0.26419298238854E-04 -0.24511026933884E-04 -0.98499864945205E-03
  0.14871056744473E-04 -0.10230289911586E-04 -0.16535039659554E-03
 -0.26060260565439E-04 -0.35463248473124E-04 -0.98416176334255E-03
  0.24458453390233E-04 -0.30047048902691E-04 -0.16455537956473E-03
 -0.23272137160038E-04 -0.44899107469506E-04 -0.98339438061717E-03
 -0.25027391347566E-04 -0.12644416867642E-04 -0.98557727689292E-03
  0.25729060983920E-04 -0.41945835220389E-04 -0.16368484607764E-03
  0.13940758977627E-04 -0.49995017281731E-04 -0.17641178352140E-03
 -0.82232223624456E-05 -0.52622618273949E-04 -0.98207094982518E-03
 -0.12775498248030E-04 -0.61970083117796E-04 -0.21872280468992E-03
  0.93887020326389E-06 -0.51380906426722E-04 -0.98133682225481E-03
 -0.32426997182658E-04 -0.75320144795795E-04 -0.26719924874176E-03
  0.13143224553181E-04 -0.48542762979749E-04 -0.98064111296055E-03
 -0.16928453286747E-04 -0.50720444443412E-04 -0.98253345935209E-03
 -0.14399648036616E-04  0.44487719103878E-04 -0.15952869928333E-03
 -0.22157241096729E-04  0.19582141681641E-06 -0.98592020944289E-03
 -0.29024309440873E-04  0.72604566221870E-04 -0.15428797542915E-03
  0.61576898413132E-04 -0.36645636037714E-04 -0.98068636010291E-03
  0.90178793155117E-04 -0.87649919240849E-04 -0.21036156066229E-03
  0.68917462078246E-04 -0.37919958459010E-04 -0.98034418271522E-03
  0.35120140779060E-04 -0.97843359625687E-04 -0.16528061083778E-03
  0.71709104867240E-04 -0.37130628549193E-04 -0.98139357366587E-03
 -0.88707030638763E-05 -0.10374073847789E-03 -0.13932535565622E-03
  0.69073606576490E-04 -0.34936434436706E-04 -0.98303857595093E-03
 -0.29797413958955E-04 -0.10187998420607E-03 -0.13737448558146E-03
  0.61825433195005E-04 -0.31937558432940E-04 -0.98350341276629E-03
 -0.34897269949895E-04 -0.89719137029616E-04 -0.14589560368193E-03
  0.52730678239155E-04 -0.27141912827479E-04 -0.98345516755680E-03
 -0.29951967501690E-04 -0.67660020754015E-04 -0.15405423805213E-03
  0.42480706896379E-04 -0.21377716645625E-04 -0.98335335891956E-03
 -0.21047421612713E-04 -0.40022300131823E-04 -0.15982450969449E-03
 -0.18071681302703E-04  0.13620840635440E-04 -0.98634701610574E-03
 -0.10370303062829E-04 -0.82345583431626E-04 -0.27952523766558E-03
  0.26622497189162E-04 -0.44095282539406E-04 -0.97960963731795E-03
  0.45859085396772E-04 -0.87732371273434E-04 -0.27553705899085E-03
  0.40960526407634E-04 -0.40392188928298E-04 -0.97847914696426E-03
 -0.37191907125480E-04 -0.30025900942199E-04 -0.98502846367388E-03
 -0.47735025534946E-05  0.13153684883855E-04 -0.16406499229220E-03
 -0.36987079515895E-04 -0.41429547841293E-04 -0.98426885200857E-03
  0.87375849295153E-05 -0.13935260870382E-04 -0.17390517839569E-03
 -0.32523228091824E-04 -0.50414043444093E-04 -0.98250675786345E-03
  0.14715596034811E-04 -0.38231484362433E-04 -0.19359338407190E-03
 -0.24871844170200E-04 -0.55031593267271E-04 -0.98100071718345E-03
  0.25458243270171E-05 -0.63764263498555E-04 -0.23601853809427E-03
 -0.15100616487518E-04 -0.55776870661186E-04 -0.97994635073667E-03
 -0.23254340580240E-04 -0.89951798644915E-04 -0.29820130192360E-03
 -0.30866217815813E-05 -0.53664444215094E-04 -0.97895328253500E-03
 -0.28838677257902E-04 -0.10532010839685E-03 -0.33344683160815E-03
  0.11541001519577E-04 -0.49299233397066E-04 -0.97794226142877E-03
  0.69342624071986E-05 -0.10731250859536E-03 -0.32375026300900E-03
  0.27161970946723E-04 -0.44267177992133E-04 -0.97679225778422E-03
 -0.21496130441966E-04  0.41915320264449E-04 -0.15806934178170E-03
  0.43199921385810E-04 -0.39456371135175E-04 -0.97526362882971E-03
 -0.36361985190010E-04 -0.17510449995142E-04 -0.98535550956229E-03
 -0.32952494035132E-04 -0.50320857520782E-05 -0.98632654377334E-03
  0.96764261977876E-04 -0.99538079168145E-04 -0.28844096865613E-03
  0.54786703631656E-04 -0.38104907695359E-04 -0.97763995527473E-03
  0.10851328561200E-03 -0.11418475982035E-03 -0.29849544115618E-03
  0.65810243163275E-04 -0.36113241018569E-04 -0.97708257978026E-03
  0.74694692020394E-04 -0.12213805965555E-03 -0.27125554123753E-03
  0.73551936717477E-04 -0.34251028254761E-04 -0.97710621435639E-03
  0.24090359836339E-04 -0.11797470165108E-03 -0.22186587796561E-03
  0.76416260283981E-04 -0.30864842461117E-04 -0.97833883800228E-03
 -0.97675878862966E-05 -0.10026787873113E-03 -0.18603189116427E-03
  0.73059034561250E-04 -0.26894807471219E-04 -0.98033006165952E-03
 -0.19479101262433E-04 -0.74153899658455E-04 -0.17020719302228E-03
  0.65422286031389E-04 -0.22051205067460E-04 -0.98207950533296E-03
 -0.14728176351562E-04 -0.43385888440891E-04 -0.16622054345832E-03
  0.55417901377360E-04 -0.16203433047236E-04 -0.98285569972945E-03
 -0.43227268126197E-05 -0.12148588198428E-04 -0.16670750470972E-03
 -0.35681989465991E-04  0.68407431830776E-04 -0.15240630388658E-03
 -0.18991503381547E-04 -0.51382013401585E-04  0.11951029024816E-04
  0.38697609102720E-04 -0.32437053025889E-04 -0.98925782385377E-03
 -0.49868625234662E-05 -0.37169840513426E-04  0.33875016568575E-04
 -0.86394898634329E-05 -0.86526242876779E-05  0.78340464415676E-04
 -0.15342232064902E-04 -0.20070403875123E-04 -0.99195309687301E-03
 -0.15093118605995E-04 -0.12591040281856E-04  0.64049140117921E-04
  0.33912782500377E-04  0.11258916622230E-03 -0.31035223728258E-03
 -0.23490925215431E-04 -0.18414253783446E-04  0.42253501464195E-04
 -0.38411630463267E-04 -0.24409231668195E-04 -0.98922209359810E-03
 -0.33106508112085E-05 -0.15641955224089E-04 -0.99254488475456E-03
 -0.35395770727542E-04 -0.28717335157457E-04  0.95022708561225E-05
 -0.52675194598180E-04 -0.42588695210920E-04 -0.39414358151498E-04
 -0.52879283686522E-04 -0.22429054086222E-04 -0.98554616367767E-03
 -0.75620067903954E-04 -0.55343784444102E-04 -0.10508844326855E-03
 -0.56762875410547E-04 -0.19378228741431E-04 -0.98214980340624E-03
 -0.10351406060898E-03 -0.58805377002105E-04 -0.18132752060420E-03
 -0.59079601670775E-04 -0.14056487855876E-04 -0.97864518534571E-03
 -0.47152301472226E-04 -0.23970554285495E-04 -0.98762815728490E-03
 -0.22663747476756E-05 -0.51712437483452E-05  0.87496002262847E-04
  0.92544246539841E-05 -0.10406563799517E-04 -0.99293951656919E-03
  0.48748039163158E-05 -0.29792405477652E-05  0.90615280057541E-04
  0.98956452784928E-05  0.15691575578654E-04 -0.98425276016165E-03
 -0.87949860109495E-05 -0.97773630969164E-05 -0.16634091526922E-03
  0.19477935317938E-04  0.20549368513527E-04 -0.98455248444910E-03
  0.51548349525907E-04 -0.63107728842634E-05 -0.16089436491179E-03
  0.29159452101277E-04  0.21737409672314E-04 -0.98619114490613E-03
  0.10544007255442E-03 -0.23470783273941E-05 -0.14494923031754E-03
  0.36076974530091E-04  0.19597882075369E-04 -0.98775465799272E-03
  0.11544339045424E-03  0.12978502789413E-07 -0.10143932302305E-03
  0.39071586469017E-04  0.14143335693496E-04 -0.98924975040910E-03
  0.80196056402492E-04  0.27684745809826E-06 -0.22907699577668E-04
  0.37974730214603E-04  0.74007311144008E-05 -0.99092668079169E-03
  0.38984667814130E-04 -0.10420409805074E-05  0.47574181121334E-04
  0.31655103086057E-04  0.14184198614330E-05 -0.99225748259284E-03
  0.15777521036388E-04 -0.18802277505586E-05  0.81919532405723E-04
  0.21580142207450E-04 -0.45694642952210E-05 -0.99291752925508E-03
 -0.12818005138660E-03 -0.44103411569717E-04 -0.25315773865748E-03
 -0.59018743802437E-04 -0.49781694814939E-05 -0.97585030834672E-03
 -0.13827984300426E-03 -0.10614814390599E-04 -0.30163425875118E-03
  0.21030101348607E-04  0.60817012017548E-05 -0.97165024265166E-03
  0.22065828959888E-04  0.16803298662399E-04 -0.98264944693911E-03
  0.95407325032008E-05 -0.46303926974568E-05 -0.60287126085769E-05
  0.15317360394147E-04  0.86207400933139E-05 -0.98267895968544E-03
  0.53792602086952E-05 -0.19857675355348E-05  0.57245739142701E-05
  0.88304400135268E-05  0.15747417612513E-06 -0.98308081976860E-03
  0.28744110054552E-05  0.19758154020498E-06  0.12959566169981E-04
  0.46806820496936E-05 -0.66348455253799E-05 -0.98333678115645E-03
  0.10541898608558E-05  0.21328451611145E-05  0.11755315009616E-04
  0.31430277992061E-05 -0.10397963690674E-04 -0.98371896678431E-03
 -0.46876821524009E-05  0.17819318129817E-05 -0.66423066182783E-05
  0.35284774927342E-05 -0.88098356533717E-05 -0.98413050659386E-03
 -0.20309051961618E-04 -0.18953015352365E-05 -0.54272206701867E-04
  0.65228741031145E-05 -0.44986802565055E-05 -0.98476510512048E-03
 -0.36844859181365E-04 -0.86018897109930E-05 -0.11923102343426E-03
  0.11332108132045E-04  0.73637327473922E-06 -0.98472378390530E-03
  0.14270475697505E-04 -0.70130121883442E-05 -0.22542702365021E-04
 -0.38978319762597E-04 -0.92925007303569E-05 -0.14609952364083E-03
  0.28207046643381E-04  0.23721533106582E-04 -0.98265108080268E-03
  0.35173367567466E-04  0.28100376185147E-04 -0.98260678100570E-03
  0.28572434174259E-04  0.81572150200807E-05 -0.25327977869701E-03
  0.37842845442853E-04  0.14506545301161E-04 -0.97128071360808E-03
  0.61629079027313E-04  0.18802473522202E-04 -0.27742476329077E-03
  0.50388591254301E-04  0.21955971512034E-04 -0.97146052774531E-03
  0.10469985855737E-03  0.32813436290077E-04 -0.32469542545563E-03
  0.57066540587843E-04  0.28151632525884E-04 -0.97357923062924E-03
  0.12372375235300E-03  0.34583946813493E-04 -0.34186510532693E-03
  0.58009313688441E-04  0.31530436375285E-04 -0.97713957588977E-03
  0.10487394206744E-03  0.18994610827114E-04 -0.29264609216175E-03
  0.55363334520296E-04  0.32544135901468E-04 -0.97996018684152E-03
  0.72063444774642E-04  0.32572385915238E-06 -0.20898105339061E-03
  0.49452738925030E-04  0.32777919538677E-04 -0.98153742702286E-03
  0.46299843694919E-04 -0.91379077923509E-05 -0.13521631550117E-03
  0.42300581267967E-04  0.30950872624317E-04 -0.98221461097767E-03
  0.30617344236552E-04 -0.11310230475136E-04 -0.82535442207162E-04
  0.20977077225322E-04 -0.95966707662569E-05 -0.46239644533336E-04
 -0.28437286610771E-04 -0.12898783043281E-04 -0.16071830162499E-03
  0.21541496024772E-05  0.93202277532272E-05 -0.98436905100907E-03
 -0.22542654847840E-05  0.32886380611815E-05 -0.98414563276978E-03
  0.83044357388750E-05  0.34729165928099E-05 -0.99322124112750E-03
  0.33676947431314E-05  0.23409573757721E-05  0.95519976937344E-04
 -0.35837346129306E-05 -0.27322628477062E-05 -0.99307423459082E-03
 -0.21388759316618E-05  0.25272165820552E-05  0.91882588721629E-04
 -0.16198557870566E-04 -0.86928027214721E-05 -0.99271576780074E-03
 -0.80674225008710E-05  0.27227389945391E-05  0.83941259193682E-04
  0.11394277645825E-04  0.14751753222501E-05  0.92003234182593E-04
 -0.28178245973966E-04 -0.13947511927936E-04 -0.99182251259839E-03
 -0.39244368314131E-04 -0.19042545545899E-04 -0.99041934133419E-03
 -0.22879177104199E-04  0.38279485535174E-05  0.47218435361570E-04
 -0.49363876480104E-04 -0.22662864698253E-04 -0.98848531681728E-03
 -0.35956693172384E-04  0.17412980904116E-05  0.98796777847009E-05
 -0.56995697910782E-04 -0.24430299805460E-04 -0.98615543175588E-03
 -0.57984326931021E-04 -0.48907307570418E-05 -0.50540314027000E-04
 -0.14655397962824E-04  0.39062948283946E-05  0.70160412641554E-04
  0.19768314090932E-04  0.91639582520106E-05 -0.99273746049282E-03
  0.26971105433728E-04  0.12804907882548E-05  0.71484978725329E-04
  0.29032188660937E-04  0.14466411354662E-04 -0.99154723882363E-03
 -0.22014581159156E-04  0.10082096609735E-05 -0.54964713935508E-04
 -0.63657604633404E-05  0.16558572598286E-04 -0.98364483734799E-03
 -0.39462333951290E-04 -0.45417956104966E-05 -0.12026822869450E-03
  0.20483892676985E-06  0.23489186146750E-04 -0.98396233381660E-03
 -0.29780070751546E-04 -0.70950827657087E-05 -0.16038537925383E-03
  0.98644817836667E-05  0.29416180851429E-04 -0.98402714024969E-03
  0.19928597499320E-04 -0.45300601475324E-05 -0.16473703465996E-03
  0.20226257999838E-04  0.32186655253607E-04 -0.98495202006490E-03
  0.82609982378266E-04  0.52144497443181E-06 -0.15498271357011E-03
  0.28608341494891E-04  0.31248633535580E-04 -0.98708578223066E-03
  0.11669879351067E-03  0.42484145910305E-05 -0.12791330283349E-03
  0.33145785814649E-04  0.27148154276875E-04 -0.98912193969902E-03
  0.10057792749706E-03  0.51416328699465E-05 -0.62370161901926E-04
  0.33920749592560E-04  0.20994933572609E-04 -0.99026763458104E-03
  0.58692731824043E-04  0.35108902525737E-05  0.18957461147522E-04
 -0.61383394609820E-04 -0.24629079088656E-04 -0.98351493846013E-03
 -0.92911550930810E-04 -0.15635236891470E-04 -0.14065188231932E-03
 -0.62825218190533E-04 -0.22358349667490E-04 -0.98005258356986E-03
 -0.13383275922014E-03 -0.23126288414680E-04 -0.24460584145984E-03
  0.16887782424576E-04  0.18077754432387E-05 -0.42927815522793E-04
  0.32925443712593E-04  0.24089093763090E-04 -0.98189775322477E-03
  0.11278912274082E-04  0.38894575761340E-07 -0.16198666341771E-04
  0.24478462973912E-04  0.19923477881532E-04 -0.98245993727358E-03
  0.82726288607574E-05 -0.80515207583087E-06 -0.91160336226503E-06
  0.16405723267595E-04  0.14459287013042E-04 -0.98304430244484E-03
  0.58315349572956E-05 -0.25288226801694E-06  0.77552322288640E-05
  0.79035162533678E-05  0.84036182264403E-05 -0.98350148010003E-03
  0.38505026358744E-05  0.14575632202478E-05  0.12447455464424E-04
  0.43493225803839E-06  0.22463103440753E-05 -0.98366721782322E-03
  0.21589179391959E-05  0.34840541573168E-05  0.13882660720693E-04
 -0.44312952691644E-05 -0.19135923469904E-05 -0.98377490175976E-03
 -0.15814915492227E-05  0.42247319017024E-05  0.50964637130983E-05
 -0.43351363837747E-05 -0.87250666075428E-06 -0.98391770287201E-03
 -0.11866149525649E-04  0.25835492704034E-05 -0.27477750234539E-04
  0.41723255352335E-04  0.26198460361404E-04 -0.98161246801732E-03
 -0.31098700779951E-04 -0.34867816871964E-05 -0.88650394483034E-04
  0.27704986321768E-04  0.63845473435679E-05 -0.86402288534332E-04
  0.47758644534764E-04  0.15022555837849E-04 -0.15356237071220E-03
 -0.61349607343124E-04 -0.17454110767128E-04 -0.97606578920641E-03
 -0.15827529305444E-03 -0.17158015257301E-04 -0.31841125494411E-03
 -0.56779931504655E-04 -0.97672422633781E-05 -0.97321611237860E-03
 -0.14365325821562E-03  0.66756298073574E-06 -0.32852133979218E-03
 -0.48770560217299E-04  0.86707548373269E-06 -0.97216341005581E-03
 -0.95491874227635E-04  0.17797401036019E-04 -0.29616319827162E-03
  0.55903384442068E-04  0.56350654823647E-05 -0.97076373145307E-03
  0.94883398553614E-04 -0.81629272983333E-05 -0.31495501517166E-03
  0.65467508344070E-04  0.12953450499786E-04 -0.97181374976593E-03
  0.11980677933599E-03  0.11155942135994E-04 -0.34362706290696E-03
  0.67759468213413E-04  0.18868907866260E-04 -0.97449640550544E-03
  0.11106406545406E-03  0.25048756573158E-04 -0.31723075783295E-03
  0.65304802851405E-04  0.23150206578194E-04 -0.97759960935223E-03
  0.79429564260715E-04  0.24599473050106E-04 -0.23965799317931E-03
  0.58505477639439E-04  0.25584866895401E-04 -0.97981566888464E-03
  0.50099615263827E-04  0.26563629912942E-04 -0.98113576520325E-03
 -0.53147157589943E-05  0.45033798130700E-05 -0.74599315648755E-05
  0.19309456891698E-04  0.65292602196391E-05 -0.98500569881359E-03
  0.28336582629526E-04  0.11007673374605E-04 -0.98568121654583E-03
 -0.69210355940187E-04 -0.87498011644098E-04 -0.12828697721415E-03
 -0.36986519649192E-04 -0.20099892155701E-04 -0.98559677867958E-03
 -0.70572085328771E-04 -0.77425099331194E-04 -0.15009105127772E-03
 -0.45870219317998E-04 -0.12009218052690E-04 -0.98315865889982E-03
 -0.67268035896100E-04 -0.54608117762004E-04 -0.16794394068701E-03
  0.13805909858655E-04  0.42030703201440E-04 -0.97222977122927E-03
 -0.27235757073357E-04 -0.25211735594088E-04 -0.98697248826313E-03
  0.52266093589012E-04  0.78004661926014E-04 -0.28443992411624E-03
  0.80781382316548E-04  0.10249005544787E-03 -0.31336558441178E-03
  0.35230673736621E-04  0.47879096321889E-04 -0.97752013898071E-03
  0.83148675071652E-04  0.97817824345241E-04 -0.30510342724233E-03
  0.38423173252609E-04  0.46758251694155E-04 -0.97978833267292E-03
  0.62875080548890E-04  0.63398732425959E-04 -0.25487405573157E-03
  0.36978078039764E-04  0.44205578351424E-04 -0.98164005847724E-03
  0.26964378267845E-04  0.46489627120599E-04 -0.97439795243527E-03
 -0.62090483466828E-04 -0.86261975714889E-04 -0.97848033979793E-04
 -0.17517607487421E-04 -0.28529056880363E-04 -0.98828110685885E-03
 -0.50775773088338E-04 -0.76466004576382E-04 -0.61620152417325E-04
  0.49152846884107E-04 -0.75695163806787E-05 -0.98945439642012E-03
  0.82297427840666E-04 -0.98249653686658E-05 -0.37080138979589E-04
  0.49319096374486E-04 -0.13296340705017E-04 -0.99006570525516E-03
  0.36533476387412E-04 -0.11621775311890E-04  0.31720619301753E-04
  0.44430363540164E-04 -0.18927522018114E-04 -0.99091945723181E-03
  0.93496790272188E-05 -0.17126770280507E-04  0.62045077330924E-04
  0.35539365673613E-04 -0.23700702007449E-04 -0.99105744719957E-03
 -0.48969301746712E-05 -0.24619158943045E-04  0.61369510870154E-04
  0.25007246193635E-04 -0.27518003914602E-04 -0.99071235756889E-03
 -0.15507831209808E-04 -0.34289756673356E-04  0.42407542345783E-04
  0.14136702046601E-04 -0.30224577888348E-04 -0.99008341791260E-03
 -0.25788491011273E-04 -0.46743431865700E-04  0.12956029292046E-04
  0.28148108445663E-05 -0.31567600980483E-04 -0.98930044385647E-03
 -0.37867573504556E-04 -0.61920494525126E-04 -0.22921888921540E-04
 -0.76878743248351E-05 -0.30550965627947E-04 -0.98868255630368E-03
  0.47073211119084E-04  0.25552294861484E-04 -0.20532101734606E-03
  0.32733642968552E-04  0.40024495787463E-04 -0.98355207524149E-03
  0.42993741851585E-04 -0.75702778729819E-06 -0.17410008121087E-03
  0.27703320963250E-04  0.34095184472460E-04 -0.98480237338490E-03
  0.19273040975576E-04 -0.20666820796767E-04 -0.98472811626918E-03
 -0.30510083175344E-04 -0.19638211955806E-04 -0.15457328988844E-03
  0.26872480860074E-04 -0.16061381405774E-04 -0.98514404200979E-03
  0.11844037151221E-04 -0.20189936544981E-04 -0.16551432639669E-03
  0.36169319706499E-04 -0.12317851461431E-04 -0.98625073697395E-03
  0.75630215115580E-04 -0.17232304902302E-04 -0.15953382455024E-03
  0.45146084879803E-04 -0.12051158681442E-04 -0.98766270317550E-03
  0.11782831159513E-03 -0.15256809623084E-04 -0.14198778143886E-03
  0.51506885567611E-04 -0.16014562553703E-04 -0.98825311185935E-03
  0.10566505677619E-03 -0.16243299495876E-04 -0.90720036441337E-04
  0.54592547668766E-04 -0.21579711147795E-04 -0.98867105788231E-03
  0.57254649481540E-04 -0.19240710039057E-04 -0.16585906593770E-04
  0.53390378288395E-04 -0.25692553156687E-04 -0.98924086606003E-03
  0.16554410956289E-04 -0.25678997877683E-04  0.28989006756795E-04
  0.47870642841722E-04 -0.29824447422751E-04 -0.98980379818724E-03
 -0.33210992148151E-04 -0.14151835733235E-04 -0.10788580414089E-03
  0.11802428216120E-03 -0.99436684357045E-05 -0.11089531513557E-03
  0.14621095197579E-04 -0.25146283250780E-04 -0.98436256277498E-03
  0.11607223365988E-04 -0.26721914572409E-04 -0.98323353454078E-03
  0.42627234814667E-04 -0.15802532043843E-04 -0.15277670974785E-03
  0.22337463007609E-04  0.26414419341419E-04 -0.98469669180127E-03
  0.39663645197458E-04 -0.23206990671235E-04 -0.13315094005286E-03
  0.17674545535940E-04  0.17946806015305E-04 -0.98414378063206E-03
  0.33799812975442E-04 -0.24902598843349E-04 -0.11035129247309E-03
  0.13407034245685E-04  0.90620885857379E-05 -0.98370284115691E-03
  0.26050878133448E-04 -0.21731905992640E-04 -0.82130726339574E-04
  0.10264670316779E-04 -0.41126879709678E-08 -0.98312583020378E-03
  0.17501512953028E-04 -0.15962507741876E-04 -0.51688149363936E-04
  0.84685537109749E-05 -0.90521783910804E-05 -0.98279272012541E-03
  0.10621554684886E-04 -0.97724301331632E-05 -0.24407948594577E-04
  0.76983432214852E-05 -0.17518364775385E-04 -0.98272666702871E-03
  0.47477310999376E-05 -0.44736093087418E-05 -0.85945728077474E-05
  0.89690715490317E-05 -0.24309941792420E-04 -0.98294707762250E-03
 -0.21921939331337E-05 -0.28636872705817E-05 -0.12825201092720E-04
 -0.15651646277105E-04 -0.62346619551759E-05 -0.48064381817723E-04
  0.18807737200378E-04 -0.11994454532532E-04 -0.16504636780887E-03
  0.44406201630585E-04 -0.23200170846793E-05 -0.98832898868262E-03
  0.37178244904036E-04 -0.14608504011795E-06 -0.98673702642715E-03
 -0.24570647530421E-04 -0.27402916457417E-04 -0.98941893328896E-03
 -0.43320981672371E-04 -0.54403827568247E-04 -0.21013751303563E-04
 -0.33548566801105E-04 -0.26396753252630E-04 -0.98859914056018E-03
 -0.57469419017687E-04 -0.70338556105945E-04 -0.63815698727645E-04
 -0.41716754418651E-04 -0.23731777584669E-04 -0.98679809897735E-03
 -0.71732875011727E-04 -0.80622694947723E-04 -0.10961420316778E-03
 -0.30169637153806E-04 -0.39793766356375E-04  0.14917498758461E-04
 -0.48498048664927E-04 -0.19081186932733E-04 -0.98401805313590E-03
 -0.53495106164341E-04 -0.11923355972701E-04 -0.98110584148087E-03
 -0.92310459987121E-04 -0.60112060468457E-04 -0.19381696524323E-03
 -0.55941875582196E-04 -0.29457438576198E-05 -0.97812212937686E-03
 -0.98833549664000E-04 -0.23827705242037E-04 -0.23727013427201E-03
 -0.88393842255993E-06  0.15600213371858E-04 -0.97124085370078E-03
  0.12540169928973E-04  0.20793514014496E-04 -0.25132084874405E-03
 -0.83682151033037E-04 -0.78628935337639E-04 -0.15299921325879E-03
 -0.13291327600602E-04 -0.27905520655274E-04 -0.99026432260626E-03
 -0.19735888103717E-04 -0.28593943581919E-04  0.42903565928959E-04
 -0.12377289611602E-05 -0.26560254465073E-04 -0.99114155940454E-03
  0.81468162844975E-04 -0.77085761822897E-05 -0.15488662544666E-03
  0.37301555768571E-04  0.11119718689854E-04 -0.98715911982774E-03
  0.11856479805451E-03 -0.51398890378725E-05 -0.13006205750676E-03
  0.42630934921141E-04  0.68012304720393E-05 -0.98873714372391E-03
  0.10276724420202E-03 -0.46160509185757E-05 -0.68618868965093E-04
  0.44833220658190E-04  0.38043747214075E-06 -0.99006460586210E-03
  0.57982870812901E-04 -0.48913964971112E-05  0.11250193222786E-04
  0.42005541377951E-04 -0.58493612702994E-05 -0.99107901697482E-03
  0.23452052170144E-04 -0.62739332160433E-05  0.63434133903502E-04
  0.33543789219367E-04 -0.11798797265458E-04 -0.99191850343349E-03
  0.59127746154634E-05 -0.92540885531546E-05  0.81359466398437E-04
  0.22815501832391E-04 -0.17128587334062E-04 -0.99240644238022E-03
 -0.38848031838267E-05 -0.13570534251237E-04  0.78511127697084E-04
  0.11230896395835E-04 -0.22199151688537E-04 -0.99198124287490E-03
 -0.11362040184526E-04 -0.19521824971480E-04  0.63994214123928E-04
  0.17320182218277E-04  0.24793697664771E-04 -0.97169490251922E-03
  0.36648132192143E-04  0.36688981775123E-04 -0.25957747818564E-03
  0.32610179130405E-04  0.31985512048671E-04 -0.97259451570891E-03
  0.73351331665291E-04  0.59091553259516E-04 -0.29185966554070E-03
  0.67624562561345E-05 -0.47282638662122E-05 -0.47918710743986E-05
  0.93263869772298E-05 -0.83883712265769E-05 -0.98283584317171E-03
  0.37720726874481E-05 -0.15977528864786E-05  0.63857199349426E-05
  0.76343335482435E-05 -0.15753134697135E-04 -0.98330857372672E-03
 -0.41099428926671E-06 -0.36668146017756E-06  0.33415570153608E-05
  0.82652526392689E-05 -0.18812241399817E-04 -0.98346290092940E-03
 -0.10337184826269E-04 -0.19074570883232E-05 -0.24426955957150E-04
  0.10243841384285E-04 -0.17345667450937E-04 -0.98399362509774E-03
 -0.28127759329452E-04 -0.78234701085635E-05 -0.82044498858621E-04
  0.13562098478209E-04 -0.13368819288964E-04 -0.98496863360337E-03
 -0.36896877601603E-04 -0.14266521697007E-04 -0.14052304307438E-03
  0.19041785542147E-04 -0.78397459641209E-05 -0.98529567714930E-03
 -0.11579846026177E-04 -0.16372493363230E-04 -0.16469544406796E-03
  0.27948529691848E-04 -0.23390465150449E-05 -0.98577048909929E-03
  0.48290535815181E-04 -0.13728678870372E-04 -0.16129048741752E-03
  0.12336122097626E-04  0.25033634368010E-06 -0.98267049359890E-03
  0.10514817886610E-03 -0.10851802612558E-04 -0.14843877700032E-03
  0.12289186434613E-04 -0.88510329756740E-05 -0.24049068034065E-04
  0.19739252869359E-04 -0.13358331112138E-04 -0.48501408321163E-04
  0.42842466869000E-04  0.37016826643642E-04 -0.97422981645542E-03
  0.10364899637239E-03  0.68028302560895E-04 -0.32344382991489E-03
  0.47765775802512E-04  0.39522409638458E-04 -0.97701460028292E-03
  0.10249313584495E-03  0.46846443473287E-04 -0.30524613368259E-03
  0.48106949702359E-04  0.39395991890556E-04 -0.97950753018686E-03
  0.79849489380917E-04  0.12996903867827E-04 -0.24603177592778E-03
  0.44384391981194E-04  0.37889947540326E-04 -0.98151809148095E-03
  0.59114391919470E-04 -0.10617904089692E-04 -0.18649030249368E-03
  0.38871303192107E-04  0.35763587722082E-04 -0.98312651249527E-03
  0.46208097578109E-04 -0.19147472696064E-04 -0.14072299019372E-03
  0.32777377667243E-04  0.30618656636504E-04 -0.98398845298332E-03
  0.36701593609235E-04 -0.20672110734986E-04 -0.10464492819823E-03
  0.27554112516493E-04  0.24872565984514E-04 -0.98378705556486E-03
  0.27746751269760E-04 -0.17858283303997E-04 -0.74892920171051E-04
  0.21907078013599E-04  0.17626050307296E-04 -0.98302203518366E-03
  0.16628861536695E-04  0.90872056234775E-05 -0.98267902853182E-03
 -0.27531706158375E-04 -0.22743910603011E-04 -0.99058746538438E-03
 -0.93255930091106E-05  0.12720405410682E-04 -0.25172931945890E-03
 -0.23166493030646E-04  0.10279903957414E-03 -0.32552258731359E-03
 -0.53395231100120E-04  0.20633814299851E-04 -0.97338427413339E-03
 -0.10424472452311E-03  0.22994984809251E-04 -0.28575109317956E-03
 -0.56351881288777E-04  0.82402450257522E-05 -0.97547214133591E-03
  0.66305938741576E-04  0.12549281314115E-03 -0.32335286896784E-03
  0.96719095749485E-05  0.55985967508144E-04 -0.97452232147111E-03
  0.34901191371395E-04  0.95719042801842E-04 -0.29527895565191E-03
 -0.56522561743996E-05  0.51355380734152E-04 -0.97264153020383E-03
 -0.60474020868718E-06  0.71619809333276E-04 -0.28229272042980E-03
 -0.21908464760523E-04  0.42728946454754E-04 -0.97158066611261E-03
 -0.40748309214142E-04  0.56981942610132E-04 -0.28967446555697E-03
 -0.35999527533359E-04  0.30483665961611E-04 -0.97160713740750E-03
 -0.87156068877124E-04  0.46009267877019E-04 -0.30755325220172E-03
 -0.47405207001566E-04  0.17747819010744E-04 -0.97202534326469E-03
 -0.55374749308047E-04  0.59910934756791E-05 -0.97356402944414E-03
  0.20995301216006E-04  0.50470957741062E-04 -0.26215383318182E-03
 -0.34520927722015E-05  0.34563498768143E-04 -0.97156226327483E-03
 -0.59529030973266E-05  0.33545217476897E-04 -0.25794300558891E-03
 -0.20748802524119E-04  0.23872653591470E-04 -0.97134731057597E-03
 -0.43517763782187E-04  0.26184623045609E-04 -0.26758013166476E-03
 -0.36661376958786E-04  0.12645097949941E-04 -0.97152414743705E-03
 -0.17789916363488E-04  0.69716723884601E-04 -0.97556956874520E-03
 -0.10100297626063E-03  0.61247197090815E-04 -0.32502952720057E-03
 -0.46229387451138E-04  0.34475878596888E-04 -0.97199125975238E-03
 -0.12434683260940E-03  0.24743762800069E-04 -0.31746608432002E-03
 -0.34991830609180E-04  0.47954350953178E-04 -0.97226705635778E-03
 -0.77893456284652E-04  0.81769515752128E-04 -0.33596311003823E-03
 -0.67712680840156E-04  0.98626200109163E-04 -0.34605499737489E-03
 -0.43379107209251E-04  0.48973032052548E-04 -0.97341700501759E-03
 -0.80919577413080E-04  0.88982473097172E-04 -0.33371831780130E-03
 -0.50615298215511E-04  0.34745206189366E-04 -0.97394857624333E-03
 -0.71375141721074E-04  0.62363798181813E-04 -0.28359236036805E-03
 -0.19501140715129E-04  0.46125605842088E-05 -0.97129100012396E-03
 -0.61329756071191E-04  0.21082411601513E-04 -0.22836653219647E-03
 -0.53522571790054E-04  0.77432138083990E-05 -0.97782592247484E-03
 -0.61706295021241E-04 -0.20687269654982E-04 -0.19053874587087E-03
 -0.50857333160099E-04 -0.31637546872309E-05 -0.98054841765635E-03
 -0.31468556284221E-04  0.61116028994852E-04 -0.97424811335064E-03
  0.19193208193531E-04  0.59385355134339E-04 -0.98285813915367E-03
 -0.35416937892718E-04  0.92873045444972E-04 -0.32238010450706E-03
  0.13784116466040E-04  0.13299561098775E-03 -0.23129728693292E-03
 -0.20865319860039E-04  0.58127463096716E-04 -0.97344457451427E-03
 -0.53475494046489E-05  0.64321891029556E-04 -0.97480849434724E-03
  0.54606509851641E-04  0.13158415819282E-03 -0.32794922949898E-03
  0.11623495321643E-04  0.10793770238367E-03 -0.31387012497806E-03
  0.74427204716898E-04  0.15250103403096E-03 -0.33859472361277E-03
  0.15909366371249E-04  0.64231819264182E-04 -0.97984326778624E-03
  0.54140127335511E-04  0.15297449573133E-03 -0.30065249813894E-03
  0.73389885929620E-05  0.66352694061944E-04 -0.97666526519750E-03
 -0.12184707636622E-04 -0.14626097849163E-04  0.15280163664559E-03
 -0.24035658616271E-04 -0.45029157809552E-04  0.13439308976752E-02
 -0.55780797143897E-04 -0.18539624771557E-04  0.18797580008230E-03
 -0.29841248463686E-04 -0.16847688476784E-04  0.16092862695885E-03
 -0.19279704596514E-04 -0.34940930423371E-04  0.13521285730768E-02
 -0.12027554238101E-04 -0.24530476531782E-04  0.13572509522090E-02
  0.96924678165794E-05 -0.37863628816933E-05  0.13579126727914E-02
 -0.19882256747473E-05 -0.14238868915438E-04  0.13589673376847E-02
  0.90207567179471E-05 -0.11796473625009E-04  0.15449565448111E-03
 -0.25602712436123E-04 -0.51636277048243E-04  0.13349010988626E-02
  0.16795882786230E-04 -0.11879140485870E-04  0.15777835400882E-03
  0.22777765772627E-04  0.64516717234557E-05  0.13549843246558E-02
  0.24216085394536E-04 -0.11967102731605E-04  0.16360308357327E-03
  0.15562841566288E-07 -0.13055832815900E-04  0.15248196976627E-03
 -0.85548659354676E-04 -0.18619725935355E-04  0.24493960285279E-03
 -0.48271593615018E-06 -0.46303792209769E-04  0.13254387217677E-02
 -0.98070314244320E-04 -0.15630050489545E-04  0.31270415513852E-03
 -0.12745743099060E-04 -0.51092587883070E-04  0.13244233045970E-02
 -0.66565138939862E-04 -0.80715129031796E-05  0.34872880005868E-03
 -0.12903239794382E-04  0.14915380873844E-05  0.33708225179637E-03
  0.11964135562904E-04 -0.40060029044377E-04  0.13306524323924E-02
  0.15578444586186E-04  0.67946589193597E-05  0.28204230936531E-03
  0.21401469389467E-04 -0.34138032528474E-04  0.13386350324119E-02
  0.13756985713794E-04  0.52200544572597E-05  0.20915191578543E-03
  0.25128505988822E-04 -0.28565685102989E-04  0.13467585291361E-02
  0.78010286007164E-05 -0.80137644264844E-06  0.16033311801662E-03
  0.22220949453189E-04 -0.23859462452951E-04  0.13521449354327E-02
  0.55317319212078E-05 -0.73046079503655E-05  0.14281552894457E-03
  0.13965571572344E-04 -0.21946848529707E-04  0.13542004409857E-02
  0.35719843074756E-04  0.15934830826348E-04  0.13508088257228E-02
 -0.21978068629505E-04 -0.53270589808147E-04  0.13278288748009E-02
  0.33700248812293E-04 -0.11464121032200E-04  0.17363111908394E-03
 -0.33014830966456E-04 -0.24620057923367E-04  0.20661136554718E-03
  0.46106406836369E-04 -0.91449991718292E-05  0.19057104458837E-03
 -0.84148443768006E-04 -0.21571580518721E-04  0.12998544516789E-02
 -0.63134887661044E-04 -0.33595119157924E-04  0.26270155756800E-03
 -0.83276434306989E-04 -0.24981749498990E-04  0.13147511782151E-02
  0.41466363409139E-05 -0.12571238241585E-04  0.14123430797835E-03
 -0.77617740059761E-04 -0.26380541268662E-04  0.13271013667062E-02
 -0.16868441390831E-04 -0.18865233475868E-04  0.17324622457271E-03
 -0.10787121312604E-03 -0.40693083484907E-04  0.33965143562746E-03
 -0.68127372760070E-04 -0.27524485309428E-04  0.13369047172411E-02
 -0.55990121055137E-04 -0.27388183016651E-04  0.13439320492595E-02
 -0.66142020052113E-05 -0.13140187135968E-04  0.14736408347032E-03
 -0.42410669330670E-04 -0.26347818277345E-04  0.13491419678495E-02
 -0.48627250948880E-05 -0.12311509495573E-04  0.14422722928619E-03
 -0.27264804936309E-04 -0.22851347246115E-04  0.13527424673747E-02
 -0.29599437935284E-05 -0.11415356875398E-04  0.14349602622696E-03
 -0.99846814210452E-05 -0.15044870888402E-04  0.15578514760640E-03
  0.47886293210331E-04  0.24151534524877E-04  0.13450223555953E-02
 -0.78622702210957E-04 -0.16076025798383E-04  0.12836803321324E-02
 -0.67390404251652E-04 -0.85412808361631E-05  0.12673143477962E-02
  0.58250185578867E-04  0.29630121874161E-04  0.13372959541373E-02
  0.64935750077969E-04 -0.46115023210348E-05  0.22115493884453E-03
  0.66750930981693E-04  0.32568966683743E-04  0.13265493332546E-02
  0.93291345856841E-04  0.31094756775131E-05  0.27421532657286E-03
  0.70918585539865E-04  0.33204018254854E-04  0.13126368872829E-02
  0.13384571831035E-03  0.15263947854916E-04  0.35209298337076E-03
 -0.15290780836353E-03 -0.36728452535215E-04  0.41222093525214E-03
  0.71116651242879E-04  0.30689706675472E-04  0.12966958269713E-02
  0.66175154419719E-04  0.24465837985394E-04  0.12796130340296E-02
  0.16947872530488E-03  0.26022459300867E-04  0.43793750156819E-03
  0.55475472202268E-04  0.14998652019825E-04  0.12622919638527E-02
  0.11591679963585E-03  0.44346464611723E-05  0.38166317825414E-03
  0.39510190308249E-04  0.32816539810772E-05  0.12479500241359E-02
 -0.17037840243272E-03 -0.12567003857643E-04  0.43802325317725E-03
  0.17071719961696E-03  0.27923028217828E-04  0.42504671849450E-03
  0.86513916564380E-06 -0.22123860784389E-04  0.13541327869581E-02
  0.71228105404039E-04  0.36944234843186E-04  0.13174916927209E-02
 -0.15038769536368E-04 -0.23399301501074E-04  0.13522964044641E-02
  0.12909403459609E-04 -0.57123988402188E-04  0.13260714554075E-02
 -0.38670490596670E-04 -0.10634002961829E-04  0.34978681774205E-03
  0.37482127670224E-06 -0.62526548205252E-04  0.13229568933449E-02
 -0.85845113961142E-04 -0.19824731773753E-04  0.33398513581196E-03
 -0.10446639859451E-04 -0.65400784329953E-04  0.13249420464641E-02
 -0.91433832209762E-04 -0.23812917856601E-04  0.27502108710413E-03
  0.73983878235570E-05 -0.16674649217438E-05  0.31561984209377E-03
 -0.16539352794273E-04 -0.65187051796723E-04  0.13307846741236E-02
 -0.17165909622749E-04 -0.60694825728512E-04  0.13392865459502E-02
 -0.37147865167595E-04 -0.23306881669872E-04  0.16954590019508E-03
 -0.13871162613760E-04 -0.51728105401553E-04  0.13481134986197E-02
 -0.14834931991886E-04 -0.22437843847829E-04  0.15537205333382E-03
 -0.78074366822874E-05 -0.40781466333200E-04  0.13541902863453E-02
  0.40437083819401E-06 -0.22494360684871E-04  0.15283184864147E-03
 -0.65437854250249E-04 -0.24100695455668E-04  0.20848294586888E-03
  0.84705803885080E-06 -0.28674584766413E-04  0.13565497210838E-02
  0.24479334680704E-04 -0.51107161161127E-04  0.13331507902482E-02
  0.31928041200665E-04 -0.44752245001247E-04  0.13413525970671E-02
 -0.50314136243332E-04 -0.13179214667710E-04  0.13380835024009E-02
  0.50740837101072E-05 -0.24273888058067E-04  0.19256093790364E-03
 -0.33547855113713E-04 -0.17904057675836E-04  0.13428595155745E-02
  0.70460297899878E-05 -0.22331166789320E-04  0.17287033437956E-03
 -0.16002012781044E-04 -0.22035521981643E-04  0.13466813961866E-02
  0.76497206865480E-05 -0.20837298914705E-04  0.15847751813887E-03
  0.18081678698179E-04  0.14323152871992E-05  0.24519262787966E-03
  0.55433836919315E-06 -0.25145383632846E-04  0.13496624471505E-02
  0.15517976006601E-04 -0.27711018582795E-04  0.13515571977304E-02
  0.74513047460837E-05 -0.14292685618292E-04  0.14226227068527E-03
  0.27315055003302E-04 -0.31093864344001E-04  0.13512220921766E-02
  0.79355709913360E-05 -0.79191814289573E-05  0.14883729949117E-03
  0.33173727191437E-04 -0.37486921670811E-04  0.13479218301945E-02
  0.11760272672420E-04 -0.13651325861298E-05  0.18044362419535E-03
  0.76093723947816E-05 -0.18835915284702E-04  0.14731248012752E-03
  0.29296233845777E-05 -0.15484571461315E-04  0.14431895832880E-03
  0.10459758606687E-04 -0.23912934211607E-04  0.15567085280515E-03
  0.18916686813151E-04 -0.26399786017494E-04  0.16158356616941E-03
 -0.87930504283989E-04 -0.36055284417116E-05  0.12974511187267E-02
 -0.68340283525375E-04 -0.33481165334969E-04  0.31484772078582E-03
 -0.88661192030509E-04 -0.92057096572618E-05  0.13107476990718E-02
 -0.38482085191960E-04 -0.30827067959960E-04  0.26107080100880E-03
 -0.84031316730849E-04 -0.13748736646057E-04  0.13221794158939E-02
 -0.17900106775236E-04 -0.25272869968238E-04  0.21742107309484E-03
 -0.10346908727691E-03 -0.24408202733707E-04  0.36964966559566E-03
 -0.75397054895634E-04 -0.16942411704757E-04  0.13316690632345E-02
 -0.62163469389797E-04 -0.20350556342933E-04  0.13393609454052E-02
 -0.97703801723887E-06 -0.18274635778320E-04  0.16812856862542E-03
 -0.47683281733864E-04 -0.22462539201822E-04  0.13447476024804E-02
  0.11282062714742E-05 -0.16741744121438E-04  0.15628379187180E-03
 -0.31431438919298E-04 -0.23862992356450E-04  0.13490788853900E-02
  0.19501665553408E-05 -0.16106257600388E-04  0.14903736333363E-03
 -0.61083882963768E-05 -0.21469940118089E-04  0.18713808630103E-03
  0.11964347692798E-04 -0.16217010816187E-04  0.13560448655445E-02
  0.54408726632992E-04  0.32237894418964E-04  0.12679625713761E-02
  0.65154891695510E-04  0.36931010025081E-04  0.12851825902850E-02
  0.24069668416238E-04 -0.42574771862925E-05  0.13535614744876E-02
  0.27709807244374E-04 -0.29977230619237E-04  0.17095101167354E-03
  0.36041729609132E-04  0.73501847720814E-05  0.13493578771585E-02
  0.36103232003474E-04 -0.33326020549010E-04  0.18498518523204E-03
  0.47411838288613E-04  0.18479850120685E-04  0.13438938453797E-02
  0.46843805425356E-04 -0.35397612181392E-04  0.20601316615609E-03
  0.15212692212636E-03  0.50819642520596E-04  0.44071361834937E-03
  0.58339860420730E-04  0.27458447200546E-04  0.13370492971631E-02
  0.66479987171574E-04  0.33653007669418E-04  0.13286719251339E-02
  0.82655995917572E-04 -0.26169759551942E-04  0.27917377759965E-03
 -0.12397546780489E-04 -0.18742553826142E-04  0.13549877821853E-02
  0.11065518669413E-03 -0.96542783221654E-05  0.33758156604173E-03
  0.70993468765594E-04  0.37954271299694E-04  0.13026036130377E-02
  0.14136637462559E-03  0.19936461461290E-04  0.40428074052078E-03
  0.61396038830111E-04 -0.34066107372633E-04  0.23628035163221E-03
  0.22410864136479E-07 -0.99649308180696E-05  0.14174049808215E-03
 -0.87351942840420E-05 -0.55661538591361E-05  0.15269798455835E-03
  0.26658081798471E-05 -0.67697796379219E-05  0.14082208118911E-03
  0.30317066755592E-04  0.26602671765649E-04  0.13427305988083E-02
  0.35550508474952E-04  0.35187021959987E-04  0.19281466937227E-03
  0.17531971317635E-04  0.22862375131423E-04  0.13486194234559E-02
  0.24150901554115E-04  0.27132122764428E-04  0.17683709253986E-03
  0.40232938318712E-05  0.18286371766171E-04  0.13527603828331E-02
  0.14568084265863E-04  0.19101675728146E-04  0.16651357964482E-03
 -0.93455419352814E-05  0.11914592837312E-04  0.13554050096250E-02
  0.60517325310398E-05  0.12077037298322E-04  0.15939962342625E-03
 -0.21304845778722E-04  0.48544745632734E-05  0.13567133793813E-02
 -0.31087921997377E-05  0.58485624468570E-05  0.15542622468156E-03
 -0.31037014792440E-04 -0.26471759395765E-05  0.13556813929060E-02
 -0.15649827217999E-04 -0.27011603712502E-06  0.15518044384731E-03
 -0.38273035879122E-04 -0.10746033880346E-04  0.13509946527648E-02
 -0.34595653783228E-04 -0.65915778037031E-05  0.16370322643408E-03
 -0.42391750102829E-04 -0.19048585749306E-04  0.13426686029209E-02
 -0.60636351946814E-04 -0.94108309807178E-05  0.19197710803203E-03
 -0.42891950743787E-04 -0.24821159577082E-04  0.13338387505855E-02
  0.72247964296046E-05 -0.77729509560097E-06  0.13534942927286E-02
  0.60641617028568E-05  0.42107749221158E-05  0.16075189711628E-03
  0.99380719586928E-05 -0.14524020238462E-05  0.13477690556382E-02
  0.11718648554876E-04  0.11042924729866E-04  0.20772877014798E-03
  0.71548622816225E-05 -0.50809199696640E-05  0.13399821265209E-02
  0.13489335667925E-04  0.15934388893148E-04  0.27860714319999E-03
  0.49732937894881E-04  0.42608823484574E-04  0.21668396182308E-03
 -0.12628518859957E-05 -0.10015018393010E-04  0.13322039360663E-02
 -0.13803029241375E-04 -0.16976543011249E-04  0.13265285100077E-02
 -0.66984164561107E-04  0.51340290901798E-05  0.34902544376563E-03
 -0.27110432950757E-04 -0.23729742334074E-04  0.13248416959466E-02
 -0.10143959764668E-03 -0.31155822447069E-05  0.31609527886181E-03
 -0.38005181315865E-04 -0.26687049003917E-04  0.13274391635062E-02
 -0.90597601490305E-04 -0.78163122927704E-05  0.24982953419186E-03
 -0.13291382990301E-04  0.13838169197000E-04  0.33463235542703E-03
  0.42416399304439E-04  0.29132843356321E-04  0.13354229800088E-02
  0.67641131977173E-04  0.49479515807664E-04  0.25157670356614E-03
  0.53940648184807E-04  0.28703498291276E-04  0.13268790158705E-02
 -0.54434596173322E-04 -0.23284792337367E-04  0.25526787777949E-03
 -0.59790526350543E-04 -0.44607598294704E-04  0.13221556492156E-02
 -0.40340650512347E-04 -0.17320424542035E-04  0.21700508019792E-03
 -0.54426548262344E-04 -0.38858237674917E-04  0.13316675998879E-02
 -0.31005527254598E-04 -0.13504772892710E-04  0.18978868249950E-03
 -0.45515958971640E-04 -0.31690300215653E-04  0.13382966201547E-02
 -0.62711118631699E-04 -0.49154096852098E-04  0.13095931949037E-02
 -0.24387833500423E-04 -0.11473630451874E-04  0.17156773282093E-03
 -0.18215049229808E-04 -0.94764861489624E-05  0.15867947475348E-03
 -0.25921735949929E-04 -0.14398725473281E-04  0.13482416825845E-02
 -0.13132590830516E-04 -0.86725650234969E-05  0.14892533780658E-03
 -0.15944794277461E-04 -0.56094690381714E-05  0.13519827304754E-02
 -0.74448166453872E-05 -0.73613354889820E-05  0.14249592439065E-03
 -0.62176589102179E-05  0.30605132520810E-05  0.13540963476863E-02
 -0.36032155208414E-04 -0.23750133649377E-04  0.13436557086905E-02
  0.22522749896832E-05 -0.24222834230652E-05  0.14292235142553E-03
 -0.79125955074549E-04 -0.32971631915966E-04  0.30826496614778E-03
 -0.11289588108702E-03 -0.51826650083619E-04  0.37451182937953E-03
  0.90495082832253E-04  0.53192181402990E-04  0.29661228114509E-03
  0.64085805047763E-04  0.24438186246832E-04  0.13171654646379E-02
  0.11561770423058E-03  0.46503414787506E-04  0.34711877588038E-03
  0.69941159732707E-04  0.17105021338588E-04  0.13051765640306E-02
  0.13780895137190E-03  0.18884969858393E-04  0.39349258253537E-03
  0.71067081515557E-04  0.49443754983172E-05  0.12918391218791E-02
 -0.60535163076372E-04 -0.50595812161970E-04  0.12936818991113E-02
 -0.18499444082282E-04 -0.48177321128653E-04  0.31332465147606E-03
 -0.84297597438785E-04 -0.77801817041321E-04  0.36732703748868E-03
 -0.22124889004441E-04 -0.31955640952237E-04  0.12461561516281E-02
 -0.13652952978675E-03 -0.94243409651027E-04  0.42895240557443E-03
 -0.40097959697268E-04 -0.41465879354082E-04  0.12594614494207E-02
 -0.14294436218971E-03 -0.79182859492582E-04  0.43019500625708E-03
 -0.53839344644905E-04 -0.47933424733984E-04  0.12765045213257E-02
 -0.10429265319284E-05 -0.21466884206626E-04  0.12396534084293E-02
  0.57979101217554E-06 -0.14879630877113E-04  0.13561020042867E-02
  0.40480329280088E-07 -0.39688679259767E-05  0.13560478883771E-02
 -0.99520393994017E-05 -0.97728389879934E-05  0.13557030940235E-02
  0.33674111144416E-04  0.22140499960638E-04  0.13491800111767E-02
  0.26326525754997E-04  0.89349762976172E-05  0.16838647668571E-03
  0.20557177685454E-04  0.15652995763061E-04  0.13537839738223E-02
  0.17184037186899E-04  0.48645905543780E-05  0.16111206672405E-03
  0.73506871676647E-05  0.80312510482004E-05  0.13567247205333E-02
  0.96324200066334E-05  0.18221374403331E-05  0.15652045500854E-03
 -0.54439007098492E-05 -0.78097321738366E-06  0.13586779811962E-02
  0.21148897010344E-05 -0.16368092716651E-05  0.15364877485468E-03
 -0.16166815129583E-04 -0.90408988131982E-05  0.13584134482616E-02
 -0.57087500695937E-07 -0.26636472898505E-04  0.21883379917948E-03
 -0.24806358305643E-04 -0.17739919816002E-04  0.13550114077295E-02
 -0.23375798953848E-04 -0.99000142304570E-05  0.15612997933380E-03
 -0.30951239277933E-04 -0.27265707987069E-04  0.13478058882698E-02
 -0.44551966862861E-04 -0.12933834084266E-04  0.17256782383926E-03
 -0.34035301965433E-04 -0.35809290365858E-04  0.13388277079534E-02
 -0.73417536968904E-04 -0.13568590445213E-04  0.21529187197837E-03
 -0.32616287656551E-04 -0.39980605556615E-04  0.13309312473727E-02
  0.10318735203672E-04 -0.12621381270281E-04  0.13550516700989E-02
  0.53856726452943E-05 -0.12400402182089E-05  0.14850898630491E-03
  0.16278756321574E-04 -0.13218188207150E-04  0.13508698568300E-02
  0.97196442363728E-05  0.54041683613415E-05  0.18147029872366E-03
  0.16428264211549E-04 -0.16980382141260E-04  0.13435044134619E-02
  0.15949172420197E-04  0.10662938260221E-04  0.24518945190856E-03
  0.37729041388135E-04  0.14111386218092E-04  0.18071614476047E-03
  0.10273551438398E-04 -0.22027069524785E-04  0.13353323815059E-02
 -0.74443202085684E-06 -0.28196672986542E-04  0.13285771800079E-02
 -0.39343484396715E-04  0.38347154080333E-05  0.34810714142611E-03
 -0.13563428849406E-04 -0.34620700388165E-04  0.13250459956849E-02
 -0.88969439631348E-04 -0.57038268795816E-05  0.33746107941348E-03
 -0.25458110887435E-04 -0.39215436286244E-04  0.13258754011648E-02
 -0.99207601039189E-04 -0.11617072090813E-04  0.28302743501819E-03
  0.54596600782259E-05  0.10786946730877E-04  0.31298143765949E-03
  0.45844773484052E-04  0.26977157960710E-04  0.13422534731903E-02
  0.53341822207718E-04  0.20302408903064E-04  0.20296929495717E-03
  0.56667477083587E-04  0.29832294202256E-04  0.13328435835437E-02
 -0.95526183256457E-04 -0.34887835544684E-04  0.31031514030233E-03
 -0.75615488646885E-04 -0.37747585765968E-04  0.13042164573436E-02
 -0.56932293064332E-04 -0.25834410554029E-04  0.23917220359185E-03
 -0.73255077093873E-04 -0.37497776372105E-04  0.13188622445803E-02
 -0.34456031679672E-04 -0.19965271506950E-04  0.19379662614968E-03
 -0.66848370888778E-04 -0.35728014898924E-04  0.13302984588746E-02
 -0.72179538168303E-04 -0.35126872772055E-04  0.12877739845136E-02
 -0.23359896074685E-04 -0.15414569869913E-04  0.16788410255363E-03
 -0.17301555043505E-04 -0.12889163475057E-04  0.15401686431559E-03
 -0.13171768098171E-04 -0.10631764400807E-04  0.14721278180949E-03
 -0.34636105779215E-04 -0.22582586394676E-04  0.13501432184810E-02
 -0.96865889027617E-05 -0.92615616847987E-05  0.14450404352853E-03
 -0.21799447008453E-04 -0.16205379372060E-04  0.13531793970653E-02
 -0.58474891186736E-05 -0.84542026011890E-05  0.14226708627418E-03
 -0.58366124219302E-04 -0.32439810090703E-04  0.13391141917657E-02
 -0.15738546757368E-05 -0.65077053242788E-05  0.14000145138394E-03
 -0.14418303009476E-03 -0.47328112809282E-04  0.39460308165091E-03
 -0.17169534858663E-03 -0.53707651781533E-04  0.44081110771635E-03
  0.75575957830610E-04  0.27498382473385E-04  0.24230423878653E-03
  0.64998332232061E-04  0.30907788007143E-04  0.13211931295130E-02
  0.10854370865821E-03  0.34843088338284E-04  0.30424718689439E-03
  0.70720700524583E-04  0.27382695626342E-04  0.13081140159499E-02
  0.14775195229300E-03  0.35807831548657E-04  0.37909168635842E-03
  0.71873266715189E-04  0.19522049119070E-04  0.12929628481938E-02
 -0.61908540213219E-04 -0.29240540470459E-04  0.12701269519675E-02
  0.17354054140365E-03  0.17369044525962E-04  0.43181145200061E-03
  0.16094375133800E-03 -0.20707613869898E-04  0.43053863583106E-03
  0.56109508365134E-04 -0.52725671480396E-05  0.12614010811842E-02
 -0.82641910829843E-04 -0.15662340762988E-04  0.33949405142136E-03
 -0.26326780812681E-04 -0.10373221507510E-04  0.12427963220769E-02
 -0.14674065036459E-03 -0.40770013647007E-04  0.40975308276619E-03
 -0.45748120915547E-04 -0.20426327376772E-04  0.12539340455050E-02
  0.67079055071498E-04  0.79671367136655E-05  0.12766806303738E-02
 -0.65295535812573E-04 -0.84878730776137E-05  0.13323011110772E-02
  0.13224563505659E-04 -0.29978992897873E-04  0.13521471097153E-02
 -0.77585213528096E-04 -0.34189156524222E-05  0.13255045640563E-02
  0.56561876924142E-04 -0.32115294184088E-04  0.13277164340699E-02
  0.33545889673884E-04 -0.42411756047859E-04  0.25058506033561E-03
  0.46492839306201E-04 -0.17726795464041E-04  0.13291018502423E-02
  0.31251167505230E-04 -0.37954239017576E-04  0.28419165089292E-03
  0.32768977914472E-04 -0.49299195241188E-05  0.13286146835465E-02
  0.30742629798674E-04 -0.25125422802433E-04  0.31647522537939E-03
  0.17015653265447E-04  0.55381984787305E-05  0.13275088171183E-02
  0.33116576901594E-04 -0.43526387351065E-05  0.33898001945986E-03
  0.75735092679722E-06  0.13183204185361E-04  0.13269057107610E-02
  0.36423524629363E-04  0.21353892781275E-04  0.34925341015190E-03
  0.13816595151183E-04 -0.44652269260282E-04  0.13271022456828E-02
  0.35506676260113E-04 -0.10226488377829E-03  0.31614784375938E-03
  0.82564287471400E-05 -0.58655355418942E-04  0.13268257301636E-02
  0.30605889699994E-04 -0.10398159420341E-03  0.28565490406165E-03
  0.39507065165009E-05 -0.70970982101560E-04  0.13246458855171E-02
  0.17310513051700E-04 -0.99155624201710E-04  0.25446223749679E-03
  0.16187382337846E-05 -0.81668563850262E-04  0.13192799891515E-02
  0.65562036644057E-04 -0.51078079584348E-04  0.13102142352545E-02
  0.76744814203483E-04 -0.73606885221645E-04  0.32192392390844E-03
  0.58870931392993E-04 -0.67416930331508E-04  0.13028014821585E-02
  0.72967992752635E-04 -0.81872685239378E-04  0.36169132442526E-03
  0.45225095182680E-04 -0.80591436864615E-04  0.12969480500574E-02
  0.23690834515448E-04 -0.91958093790055E-04  0.38228481231425E-03
  0.37615089952854E-04 -0.41928749704335E-04  0.23055594581540E-03
  0.30074970154103E-04 -0.89724425962158E-04  0.12948406688506E-02
  0.16553380597797E-04 -0.94403958074334E-04  0.12974672895811E-02
 -0.54978735559030E-04 -0.10081326178864E-03  0.32139747325954E-03
  0.65645762188423E-05 -0.95248782888753E-04  0.13034121288327E-02
 -0.32702922220763E-04 -0.94830121691100E-04  0.26239420305292E-03
  0.22006036684532E-05 -0.90566818037064E-04  0.13110344633251E-02
 -0.45357947615132E-05 -0.94074756893092E-04  0.23973931857937E-03
 -0.37169698966521E-04 -0.10103808293960E-03  0.37098731780890E-03
  0.60641759094617E-04 -0.47835118108075E-04  0.13238233334662E-02
  0.47561447824495E-04 -0.43053785828501E-04  0.24415098120652E-03
  0.58910158852607E-04 -0.63817034537613E-04  0.13176648842105E-02
  0.43878279190808E-04 -0.97917669928830E-04  0.28436220309551E-03
  0.24811071490972E-04 -0.36637932921490E-04  0.13307016561558E-02
  0.46060765333262E-04 -0.95894337315448E-04  0.31554751163968E-03
  0.31809433229457E-04 -0.21008443787386E-04  0.13286131789493E-02
  0.41244494359649E-04 -0.82685912304533E-04  0.33713507245956E-03
  0.37133827809417E-04 -0.42463621847102E-05  0.13264234725950E-02
  0.17038642254159E-04 -0.50784918751631E-04  0.13324735409957E-02
  0.20151073899138E-04 -0.31978563904482E-06  0.34102374105276E-03
  0.18911002755496E-04 -0.20292941743504E-04  0.32134177594497E-03
  0.58258986423630E-07 -0.37630986177102E-06  0.13305072473398E-02
  0.19904841861372E-04 -0.32853881636213E-04  0.29125211644803E-03
  0.17033492014185E-04 -0.97049670557667E-05  0.13332756779052E-02
  0.21583709862692E-04 -0.37541495523690E-04  0.25361255726531E-03
  0.32050535762567E-04 -0.19809397306154E-04  0.13354704056725E-02
 -0.16996221290288E-04  0.80173100596829E-05  0.13279682153205E-02
  0.61002248679030E-04 -0.64094117844891E-04  0.29356962998667E-03
  0.34616751776123E-04 -0.91622453029144E-04  0.24862440521138E-03
  0.20061850964950E-04 -0.80944030791386E-04  0.21693695064196E-03
  0.57024037102052E-04 -0.48128376805284E-04  0.29465409374986E-03
  0.49668845212566E-04 -0.77285436271461E-04  0.13114394759110E-02
  0.37655650821905E-04 -0.55586091123688E-04  0.34543084856912E-03
  0.36279242983955E-04 -0.87258453744539E-04  0.13070398725471E-02
 -0.17681108027351E-04 -0.65561944153915E-04  0.36182927580270E-03
  0.22755511902914E-04 -0.94247385501292E-04  0.13064091337114E-02
  0.99735501959671E-05 -0.63488909619644E-04  0.13327135826965E-02
 -0.59267348958551E-04 -0.71554094482166E-04  0.33128584868324E-03
 -0.53961152355988E-04 -0.69501071410461E-04  0.26635092614928E-03
  0.39540624568787E-05 -0.93116160988286E-04  0.13166348024004E-02
 -0.26573233438923E-04 -0.67293428680259E-04  0.21378410179385E-03
  0.24229645935073E-05 -0.85187658013956E-04  0.13241970851473E-02
  0.95637665931092E-07 -0.71626760056289E-04  0.20060464066993E-03
  0.50053546392806E-05 -0.74888762339236E-04  0.13303101506803E-02
  0.10322334968108E-04 -0.96674672796139E-04  0.13101850167677E-02
  0.23501399679868E-04 -0.35727648227779E-04  0.21614806653473E-03
  0.65647826431974E-04 -0.33215161113133E-04  0.13166230530640E-02
  0.58937577956755E-04 -0.16505592603535E-04  0.13207783923025E-02
 -0.41274752477669E-04 -0.17525897524662E-03  0.43741726908238E-03
  0.23679064146080E-04 -0.74300599983305E-04  0.12682375414995E-02
  0.23054968974304E-04 -0.16055176146577E-03  0.43954461508112E-03
  0.40227356652301E-04 -0.63036847418727E-04  0.12691176842303E-02
  0.92407928262121E-04 -0.14387953144927E-03  0.44053868336109E-03
  0.56582551404500E-04 -0.48120647448194E-04  0.12751023547631E-02
  0.12256998906821E-03 -0.12208561643313E-03  0.43595626480995E-03
  0.67073101853959E-04 -0.31021529878124E-04  0.12843083655936E-02
  0.11901397139251E-03 -0.82568324880259E-04  0.41386268601831E-03
  0.70516075814848E-04 -0.13198264591161E-04  0.12949583431008E-02
  0.10839295971408E-03 -0.31932904248656E-04  0.38821946467513E-03
  0.68760499358749E-04  0.25219600578842E-05  0.13053835615213E-02
  0.99341753215901E-04  0.14389137276745E-04  0.36715815086530E-03
 -0.10932348706094E-04 -0.71388310126669E-04  0.12687720032319E-02
 -0.68583817820848E-04 -0.17934395260246E-03  0.44254154656516E-03
  0.49208246975207E-05 -0.64763628691437E-04  0.12589264695247E-02
 -0.29634424928615E-04 -0.16805200362239E-03  0.43065243349440E-03
  0.11087321736573E-03 -0.57638687936506E-04  0.38833566565011E-03
  0.40327583288999E-04 -0.18496122026221E-04  0.12499767485972E-02
  0.45627404882699E-04 -0.84687439102691E-04  0.35576947265419E-03
  0.22104290807434E-04 -0.31582418052827E-04  0.12447287219165E-02
 -0.22044589908570E-04 -0.11412549938150E-03  0.37064763537055E-03
  0.16008884451052E-05 -0.43757261467808E-04  0.12466624748735E-02
  0.76206153759063E-05 -0.81286331396394E-04  0.12734156919758E-02
  0.14960302036931E-03 -0.30078608809130E-04  0.42645180055746E-03
  0.14170446717980E-03 -0.82391941322275E-04  0.43588118385261E-03
  0.56759383399905E-04 -0.26631480674426E-04  0.12664256007559E-02
  0.10549513675162E-03 -0.11808318831389E-03  0.42329322196155E-03
  0.41096687427597E-04 -0.41375657207539E-04  0.12574843630902E-02
  0.41167295645786E-04 -0.14265913484273E-03  0.41407709388632E-03
  0.23047042093021E-04 -0.54862916764165E-04  0.12549582133427E-02
  0.67141131312695E-04 -0.10332764428036E-04  0.12783459250355E-02
 -0.53523462077644E-04 -0.17204820581094E-03  0.40911819519183E-03
 -0.51418632384753E-05 -0.84950280289758E-04  0.12830919843403E-02
 -0.31761727967624E-04 -0.15125087801079E-03  0.36532605518951E-03
  0.80893098761609E-05 -0.91365691624585E-04  0.12888254846440E-02
 -0.41875030903021E-04 -0.13406721120236E-03  0.33499101539377E-03
 -0.57503224501963E-06 -0.90971964037800E-04  0.12973325238310E-02
 -0.13465069678946E-04 -0.12374157827765E-03  0.29862856733107E-03
 -0.34496187185848E-05 -0.86016718195796E-04  0.13069098174436E-02
  0.79386691539228E-05 -0.11684555740053E-03  0.30022656576726E-03
 -0.50804520955739E-04 -0.14227182610535E-03  0.38728687398348E-03
 -0.46562767779709E-05 -0.76400220821788E-04  0.13155537620329E-02
 -0.31937878343308E-05 -0.64428011826501E-04  0.13209406200733E-02
  0.49879424295501E-04  0.16040356793089E-04  0.34764268322159E-03
  0.34105151682017E-04  0.99315127413698E-05  0.13240417634334E-02
  0.47435911143256E-04 -0.12259898148040E-04  0.33681243691980E-03
  0.47940880903501E-04 -0.17787982402089E-05  0.13230899376904E-02
  0.46401606554547E-04 -0.35435986724683E-04  0.31689785962746E-03
  0.18460705339230E-04 -0.10856264736062E-03  0.31957109826630E-03
  0.50547578360742E-04 -0.52008101983028E-04  0.29654372128577E-03
  0.21547002044412E-04 -0.87286358331717E-04  0.12826628524602E-02
  0.36545987281780E-04 -0.79403751106194E-04  0.12815822907275E-02
 -0.12207655666763E-04 -0.83621740919754E-04  0.12943456519389E-02
 -0.11936693299364E-04 -0.12712987236534E-03  0.34494120146723E-03
 -0.14690120111356E-04 -0.77520084350203E-04  0.13056981973839E-02
  0.69234886210911E-04  0.28198113286872E-05  0.35243841182182E-03
  0.60308342701515E-04  0.39598889633686E-07  0.13157767900803E-02
  0.71560717265724E-04 -0.32790314216030E-04  0.35084185753634E-03
 -0.70939243152104E-05 -0.13705772891696E-03  0.41409535888478E-03
  0.67632406194084E-04 -0.15193292652758E-04  0.13099435510943E-02
  0.69783943390611E-04 -0.33539340737318E-04  0.13016582900074E-02
  0.95241390705322E-04 -0.96605397455978E-04  0.37492615047715E-03
  0.64592738752558E-04 -0.51617345049623E-04  0.12932899442045E-02
  0.10181101399500E-03 -0.11403016348026E-03  0.40334913775873E-03
  0.52342495275433E-04 -0.66932016951934E-04  0.12860953615321E-02
  0.64606134602794E-04 -0.12471733245380E-03  0.41681754769266E-03
  0.79764573943209E-04 -0.67711237145887E-04  0.35416460638438E-03
  0.44332169980663E-04 -0.31529474413504E-04  0.13362828176218E-02
  0.24609197165252E-04 -0.30752854276356E-04  0.19039514261826E-03
  0.52555437035012E-04 -0.43975837788724E-04  0.13345496777862E-02
 -0.10387795723201E-04 -0.13959395253244E-04  0.34014709847726E-03
  0.26218101989609E-04 -0.66127202732046E-04  0.13271025634344E-02
  0.19885465650088E-04 -0.69792136925413E-05  0.28560799765400E-03
  0.36439259862078E-04 -0.58641451146390E-04  0.13346701903040E-02
  0.18438326484753E-04 -0.55991568492084E-05  0.21224680729001E-03
  0.41135148903570E-04 -0.50219139114589E-04  0.13421116343890E-02
  0.12222147636403E-04 -0.98922224483636E-05  0.16317641444544E-03
  0.38686025238577E-04 -0.41621042900106E-04  0.13467368039655E-02
  0.11056052061947E-04 -0.16399648111302E-04  0.14808846271236E-03
  0.29761225400559E-04 -0.34561639703168E-04  0.13478964119878E-02
  0.11714990082673E-04 -0.21215901824438E-04  0.15427122318142E-03
  0.16445269315800E-04 -0.28412408786674E-04  0.13462139850863E-02
  0.12003778140246E-04 -0.25032606011227E-04  0.17200711202671E-03
  0.59193166982813E-06 -0.22138051820388E-04  0.13433460077220E-02
  0.11314698469935E-04 -0.28455361410437E-04  0.19694021383519E-03
 -0.16473324778896E-04 -0.14968232175245E-04  0.13397818323454E-02
  0.87461118101879E-05 -0.30754831477867E-04  0.22523478512582E-03
  0.54580467298795E-04 -0.75434643359529E-04  0.27610032166302E-03
  0.53194405617430E-04  0.13559493784467E-04  0.13314095855860E-02
  0.58722512031622E-04 -0.68070395764121E-04  0.30616008951310E-03
  0.59595035522557E-04  0.27255722472982E-04  0.13267580208943E-02
  0.59994812916754E-04 -0.51333739093360E-04  0.33169449987587E-03
  0.64197807710687E-04  0.38980909256423E-04  0.13213970530370E-02
  0.13738511151013E-04 -0.72054717658356E-04  0.13219113132619E-02
 -0.15189498401159E-04 -0.40024820189404E-06  0.33999536243558E-03
 -0.84135818697758E-05 -0.17255498489658E-04  0.31813189825965E-03
 -0.65544257596829E-04  0.51714404901246E-05  0.13260945309025E-02
 -0.24180333924867E-05 -0.27018557629782E-04  0.28950061489590E-03
 -0.51151263678775E-04 -0.12160656858770E-05  0.13307909624431E-02
  0.37870731406673E-05 -0.30662510780428E-04  0.25698566416039E-03
 -0.34374808177139E-04 -0.80490765600317E-05  0.13356072972799E-02
 -0.77910003960789E-04  0.10680115170850E-04  0.13215422742831E-02
 -0.63001781355707E-04 -0.24007845770243E-04  0.34677311925680E-03
  0.16554391812404E-05 -0.76164214965530E-04  0.13217469385241E-02
 -0.88358256576772E-04 -0.29986688847516E-04  0.30310877525883E-03
  0.56279403925610E-04  0.21575044338659E-04  0.13345190585938E-02
  0.61518094156688E-04 -0.56019883284022E-04  0.27012510626656E-03
  0.64647832364950E-04  0.31786748243537E-04  0.13278500946498E-02
  0.73130946027290E-04 -0.45101647791333E-04  0.30549383634669E-03
  0.69376748479780E-04  0.39682631305363E-04  0.13199185056136E-02
  0.85696094249846E-04 -0.22398049897591E-04  0.34289430041133E-03
  0.51422958949117E-04 -0.57840714812119E-04  0.23757628176507E-03
  0.69038488140093E-04  0.43691102583658E-04  0.13090904896016E-02
  0.64103295111798E-04  0.45634342425575E-04  0.12939715470564E-02
 -0.57885639431560E-04 -0.28450478406265E-05  0.35383300185121E-03
 -0.90917582080194E-04  0.68308611362125E-05  0.13090346035243E-02
 -0.38516744474846E-04 -0.19474313042254E-04  0.32368104510629E-03
 -0.86646918569242E-04  0.15573379996060E-05  0.13178409075999E-02
 -0.22269417784930E-04 -0.26551919761259E-04  0.28834417901842E-03
  0.99144107640652E-04  0.16350940445046E-04  0.38437280546838E-03
  0.44495916099796E-04 -0.91472789599367E-07  0.13353854178063E-02
  0.46515661573509E-04  0.97600204784260E-05  0.13401447979634E-02
  0.35762551927865E-04 -0.25500658306889E-05  0.13452043865302E-02
 -0.70161011142582E-05 -0.77036344705985E-04  0.13264019968471E-02
 -0.72328769543338E-04 -0.30406697139243E-04  0.23387658345638E-03
 -0.98914479393503E-05 -0.73872504747291E-04  0.13339540043850E-02
 -0.43190150355908E-04 -0.29710583229413E-04  0.18192085399731E-03
 -0.83287287571585E-05 -0.66062431955531E-04  0.13427845340761E-02
 -0.18128783872506E-04 -0.30344523309862E-04  0.16016273115232E-03
  0.41864220193899E-04 -0.54899046116664E-04  0.21016798857929E-03
 -0.35168962824657E-05 -0.55400692999955E-04  0.13497442033040E-02
  0.37427296864178E-05 -0.43332208805195E-04  0.13527313022503E-02
  0.13909182031166E-04 -0.35319792128081E-04  0.16125598413250E-03
 -0.21454390321973E-05 -0.41235616376215E-05  0.14085688521540E-03
  0.24062978869124E-04 -0.41261571307290E-04  0.17154427275668E-03
  0.24005373122632E-04 -0.16215139226197E-04  0.13493762159183E-02
  0.32820835226989E-04 -0.48532590414337E-04  0.18798650047709E-03
  0.30030762884744E-06 -0.32029930147709E-04  0.15626748884031E-03
  0.47597751477089E-04 -0.73964186373900E-04  0.24442020032154E-03
  0.34385325351788E-04 -0.14649651916996E-04  0.13396649976466E-02
  0.39337293738332E-04 -0.67395672230613E-04  0.21410855073596E-03
  0.19632168759004E-04 -0.64748411327270E-04  0.18977725598112E-03
  0.12690965227987E-04 -0.54325037231727E-04  0.13401712524827E-02
  0.33391392181196E-04 -0.75490539340673E-04  0.21561218541744E-03
  0.21842272464940E-04 -0.40655143903633E-04  0.13378260132116E-02
  0.43681682754759E-04 -0.85011993509809E-04  0.24838888986682E-03
  0.31613672447241E-04 -0.26498922141727E-04  0.13347018829214E-02
  0.55576162905589E-05 -0.66691760308605E-04  0.13398121687247E-02
  0.50661726274660E-04 -0.88872228050711E-04  0.28212060562222E-03
  0.52591763512902E-04 -0.84367884035161E-04  0.31175586517873E-03
  0.46584274959286E-04  0.48253310948869E-05  0.13284884196325E-02
  0.48878288947620E-04 -0.69785592520666E-04  0.33384164298787E-03
  0.52085503462660E-04  0.20735304973029E-04  0.13256149043867E-02
  0.62530895276372E-05  0.30070385624432E-07  0.33964308565724E-03
 -0.50055497781951E-04  0.10718949635864E-04  0.13257698357801E-02
  0.40095733694368E-04 -0.11156330837967E-04  0.13315662979748E-02
  0.70499628956372E-05 -0.17801304066312E-04  0.32097121287071E-03
  0.11242030637838E-05 -0.55096571589835E-04  0.17703247269590E-03
 -0.22998403834304E-04 -0.49832055604728E-04  0.18516774330409E-03
  0.27783939686892E-04 -0.26712606780309E-04  0.19209287716252E-03
  0.54717387800199E-04 -0.57402426068675E-04  0.13301292871935E-02
  0.36113325023262E-04 -0.26855742353529E-04  0.23484960783092E-03
  0.49837833487513E-04 -0.70036158626600E-04  0.13237105758022E-02
  0.36777565307076E-04 -0.31193622767211E-04  0.30267838284658E-03
  0.39237208844287E-04 -0.80737043264186E-04  0.13174489066450E-02
  0.15608426876335E-05 -0.78294745744354E-04  0.13352832907425E-02
  0.12637212806801E-05 -0.39155400990742E-04  0.34806171074265E-03
 -0.51868976120435E-04 -0.48234114687747E-04  0.34567749431076E-03
  0.13345325980318E-04 -0.93425980678963E-04  0.13150958752423E-02
 -0.71262219142194E-04 -0.51222860445279E-04  0.29499175667901E-03
  0.43095813834808E-05 -0.92656668577823E-04  0.13199863444742E-02
 -0.51872579821901E-04 -0.49166158145143E-04  0.22700302962567E-03
  0.86773247682786E-06 -0.87227750944768E-04  0.13275489734467E-02
  0.25975718235461E-04 -0.89180845001488E-04  0.13138797893085E-02
 -0.92439611886744E-05 -0.27797039908646E-04  0.25173322362056E-03
 -0.34180126811955E-04  0.36506549128456E-05  0.13291247076423E-02
 -0.16969369275210E-04 -0.46973591122121E-05  0.13328644428536E-02
 -0.75120962792207E-04 -0.37073274893369E-04  0.32670582973908E-03
  0.32324375020754E-05 -0.86664470234430E-04  0.13212716648984E-02
 -0.74828630083472E-04 -0.38686047989906E-04  0.26277899897797E-03
 -0.27286924094648E-05 -0.84727049909985E-04  0.13275757811430E-02
 -0.48245501399206E-04 -0.37429017454726E-04  0.20002692493641E-03
 -0.30230256889819E-05 -0.78176055337521E-04  0.13361572811327E-02
  0.13596507570736E-04 -0.84780152724201E-04  0.13185263208313E-02
 -0.20841298174602E-04 -0.38412792270580E-04  0.16895089470911E-03
  0.81163387651590E-06 -0.42652586609069E-04  0.16333039482484E-03
  0.49827184932744E-05 -0.56141722983434E-04  0.13472845451952E-02
  0.16912715855422E-04 -0.49515322068301E-04  0.17227609203972E-03
  0.13522679121409E-04 -0.42913940449255E-04  0.13469360202046E-02
  0.29163468172404E-04 -0.57959890854374E-04  0.18995719412035E-03
  0.23629059761014E-04 -0.28938823489156E-04  0.13436880142472E-02
 -0.32692001003658E-06 -0.68201857509623E-04  0.13436524224859E-02
  0.91774398238346E-05 -0.29180737690343E-04  0.29320775651046E-03
 -0.33193822528306E-04 -0.29454499352929E-04  0.35060265900238E-03
  0.14848850420549E-04 -0.20382641098116E-04  0.32283503667940E-03
  0.12649555705288E-04 -0.34175339651083E-04  0.26000527693076E-03
  0.37532376974224E-06 -0.13211796340609E-04  0.13367341311226E-02
  0.15649358711060E-04 -0.33830069436800E-04  0.22478578729317E-03
  0.16928103635194E-04 -0.21824401502340E-04  0.13401050464430E-02
  0.16795288971002E-04 -0.30110790978522E-04  0.19163865287487E-03
  0.31127215151649E-04 -0.30556384997825E-04  0.13422502910939E-02
  0.26675591698952E-04 -0.79315845290447E-04  0.13206327139447E-02
  0.16835997427110E-04 -0.25064703166809E-04  0.16741307140660E-03
  0.16885988226948E-04 -0.19701904501839E-04  0.16245035656793E-03
  0.47704234141485E-04 -0.50246931292326E-04  0.13399586710174E-02
  0.20670784368852E-04 -0.15143043604356E-04  0.19014097170069E-03
  0.46882110629244E-04 -0.60685415273325E-04  0.13339935512356E-02
  0.27907004483941E-04 -0.15184099300865E-04  0.25527326157437E-03
  0.39096590050942E-04 -0.70954653324482E-04  0.13265123890991E-02
  0.41909214584840E-04 -0.40139755767525E-04  0.13424716190668E-02
  0.92567888616156E-06  0.89950101034354E-05  0.13536344576187E-02
 -0.47459463736216E-04 -0.28350480876113E-04  0.13455065814405E-02
 -0.39570156189769E-05  0.17072726681978E-05  0.15081589799650E-03
  0.33057713399129E-05  0.23789600018328E-04  0.13280657652454E-02
  0.38445521800870E-04  0.60482702293564E-04  0.13124774781230E-02
  0.52870313646933E-04  0.64989549834404E-04  0.33526610484884E-03
 -0.12164997650576E-04  0.28100682916052E-04  0.13308593480168E-02
  0.48027583621627E-04  0.76140614791501E-04  0.31422786451193E-03
  0.11574805190496E-04  0.75085937027167E-04  0.31234867782320E-03
 -0.26629925268178E-04  0.29837143943330E-04  0.13338470284927E-02
  0.27661442218842E-04  0.63341663529811E-04  0.13037040201562E-02
  0.40098923897433E-04  0.76280958349119E-04  0.28518178794020E-03
 -0.40023662478355E-04  0.28776392432615E-04  0.13370508971798E-02
  0.29142245388353E-04  0.68374295291226E-04  0.25195733676100E-03
  0.21450911287321E-05  0.46353922420129E-04  0.29944820912509E-03
  0.23466424519802E-04  0.10388592797783E-03  0.36385553757578E-03
 -0.51277403255657E-04  0.26094188090758E-04  0.13402122875826E-02
  0.15370058116684E-04  0.55697032779311E-04  0.22018768154028E-03
  0.20855327408648E-05  0.11986759659677E-03  0.41019687031036E-03
 -0.59779657039778E-04  0.22791924255637E-04  0.13421394064529E-02
 -0.11923653296121E-05  0.40795246481730E-04  0.19523382822271E-03
 -0.97568113353931E-05  0.55761415361189E-04  0.12858177982242E-02
 -0.64980779028787E-04  0.18874707637425E-04  0.13414541452336E-02
 -0.21215700833783E-04  0.26286607588172E-04  0.18296034089525E-03
 -0.64719769300253E-04  0.12107658164551E-03  0.42567010801939E-03
 -0.66623255677556E-04  0.15014587269347E-04  0.13367342531491E-02
 -0.47719986574248E-04  0.17273005931655E-04  0.19170375314756E-03
  0.11117530752064E-04  0.61794743453629E-04  0.12942841316495E-02
 -0.31179251903884E-04  0.48027602287270E-04  0.12809625355213E-02
  0.52935430600960E-04  0.43689118571824E-04  0.34681848435780E-03
  0.44860804184162E-04  0.54078321751393E-04  0.13180159718284E-02
  0.13476572879645E-04  0.31905965405310E-04  0.13382517379715E-02
 -0.19223175735223E-04 -0.28199332412674E-05  0.20303851281298E-03
 -0.64538286951426E-04  0.16588475033465E-04  0.13235755799298E-02
  0.95827599162416E-05  0.17834569653054E-04  0.13358838983514E-02
 -0.25123815794647E-04 -0.38917069483740E-05  0.23969320774857E-03
  0.30322070202382E-04 -0.60632384363673E-04  0.34780846457245E-03
  0.41588528904554E-04  0.12566844140318E-04  0.13245576982724E-02
  0.46374852023337E-05  0.22553797640874E-05  0.13327797314109E-02
 -0.28286576930080E-04 -0.72920849030603E-05  0.27702264432924E-03
 -0.31187561658954E-06 -0.12999683261713E-04  0.13296906530701E-02
  0.17403418645240E-04 -0.33303819486607E-04  0.34769855071104E-03
  0.19049007239675E-04  0.18311641340406E-04  0.13255190016801E-02
 -0.27881764208031E-04 -0.15843358217320E-04  0.30712874785349E-03
 -0.54045265149629E-05 -0.28236356688019E-04  0.13267864866019E-02
 -0.23038510712522E-04 -0.31743561938108E-04  0.32872365158673E-03
 -0.10030274031823E-04 -0.42311866774296E-04  0.13234494566551E-02
  0.60860774781201E-05 -0.56717422354534E-05  0.33618276417202E-03
 -0.15008587489768E-04 -0.53492846212601E-04  0.34203070871461E-03
  0.46697693782818E-04  0.42737270518937E-04  0.13211345477910E-02
 -0.13878772422614E-04 -0.55844594857246E-04  0.13199824125692E-02
 -0.71177321876710E-05 -0.78001315797075E-04  0.34712378334886E-03
  0.95783486516798E-06  0.20172152434119E-04  0.31619986543151E-03
 -0.15766346899309E-04 -0.67891678063894E-04  0.13144696582953E-02
 -0.49077188568464E-05 -0.10308622887397E-03  0.34543292843128E-03
  0.45055493964064E-04  0.28327465477792E-04  0.13228937928250E-02
  0.57177017638040E-05  0.23639303126875E-04  0.34871916301941E-03
 -0.64926421272804E-04  0.12797657620488E-04  0.13294135703939E-02
 -0.11959663071676E-03  0.11807062865986E-03  0.42303445226522E-03
 -0.86842883888469E-04  0.15401322282383E-04  0.13168438214456E-02
 -0.25104872857367E-04 -0.77041773754186E-05  0.20557375679148E-03
 -0.10359908065012E-04 -0.64233336178139E-05  0.13368970679384E-02
 -0.31478126187183E-04 -0.80195341865587E-05  0.23732816769999E-03
  0.40282837304401E-04 -0.45819158036484E-04  0.34653091435774E-03
 -0.16951556655765E-04 -0.20358968225388E-04  0.13333395787938E-02
  0.55363142613984E-04  0.35470809954217E-04  0.13221460319842E-02
 -0.35682733662180E-04 -0.11530966799476E-04  0.26890877883559E-03
 -0.22708640009211E-04 -0.33497967542562E-04  0.13288266240176E-02
 -0.36737836416570E-04 -0.20425291038961E-04  0.29757267528714E-03
  0.30806456394954E-04 -0.14732006460119E-04  0.35012436277921E-03
 -0.35438136181109E-05  0.67824711298546E-05  0.13405572862483E-02
  0.56667976192750E-04  0.47304724536879E-04  0.13177538590168E-02
 -0.35855429727081E-04 -0.35667157579447E-04  0.32251738870445E-03
  0.23555521497394E-04  0.22742070222593E-04  0.34760034687060E-03
 -0.29890767479333E-04 -0.57701528209123E-04  0.13173923869586E-02
 -0.34875435810553E-04 -0.58211569998077E-04  0.34282371926572E-03
  0.52811423770715E-04  0.54968114105415E-04  0.13109174871761E-02
 -0.29766411753641E-04 -0.66734324204226E-04  0.13079714717378E-02
 -0.36789806044837E-04 -0.87538790249769E-04  0.35923326668288E-03
  0.23320855564116E-04  0.64765612618195E-04  0.35261480378111E-03
 -0.27697838177121E-04 -0.73420679868674E-04  0.12953476502896E-02
 -0.46476939060534E-04 -0.12219944151000E-03  0.38065423891678E-03
  0.45620998370656E-04  0.58576010855303E-04  0.13008896025628E-02
 -0.27470790293674E-04 -0.46591165164858E-04  0.13237173656245E-02
 -0.80100192687184E-04  0.15499409742221E-04  0.23287181221204E-03
 -0.23130779853121E-04  0.22812116291053E-04  0.35252425051240E-03
  0.25784503491791E-05  0.19555136054827E-04  0.13436487990191E-02
 -0.59358170026151E-04  0.13051178345758E-04  0.13231510074767E-02
 -0.10401349795873E-03  0.19128176834574E-04  0.29852904302071E-03
 -0.51423280278244E-04  0.39976111047659E-04  0.12817934391422E-02
 -0.47903441351814E-04  0.16884929168472E-04  0.13199814803879E-02
 -0.84936344107446E-04  0.26125635424477E-04  0.34481300517296E-03
 -0.11948832430730E-03  0.11149787521435E-03  0.40338626985979E-03
 -0.67676464861332E-04  0.32880263777469E-04  0.12866200363721E-02
 -0.32923927140229E-04  0.22994501388613E-04  0.13209802140889E-02
 -0.31000428734484E-04  0.32959059774138E-04  0.34214901600811E-03
 -0.17220467138393E-04  0.29552824414488E-04  0.13261850034234E-02
 -0.87560543757241E-04  0.96250214013225E-04  0.37511122360234E-03
 -0.18251397313082E-04 -0.76142647082063E-05  0.17688460333500E-03
  0.55683990610020E-05  0.32498624389551E-04  0.29204535885344E-03
 -0.41643662495764E-05  0.34578054764159E-04  0.13335848071967E-02
  0.88923399300670E-05  0.23421484635049E-04  0.21929988287035E-03
  0.39002038162376E-05  0.37614226629034E-04  0.13401609602220E-02
 -0.56868831135682E-04  0.74164787619618E-04  0.35974845109196E-03
  0.20199023128426E-05  0.11802798807175E-04  0.16781310688003E-03
 -0.88091650332127E-04  0.23752351605274E-04  0.13034835413357E-02
  0.71924867633473E-05  0.36902708299478E-04  0.13444694111727E-02
 -0.36319555903558E-04  0.48813274739452E-04  0.35645948753927E-03
  0.59676967229700E-05  0.30075643901013E-04  0.13454122834451E-02
 -0.11276706637185E-04 -0.48049342941939E-05  0.15713776733513E-03
 -0.90683093736316E-04  0.19829924512651E-04  0.13111429347569E-02
 -0.80147476011224E-04  0.27905786195532E-04  0.12945098974817E-02
 -0.11718551853185E-04 -0.49800659802508E-08  0.17486510855331E-03
  0.14958647287889E-04  0.42597037343178E-04  0.13391337226825E-02
 -0.76123240867351E-04  0.21665485708456E-04  0.13219354154423E-02
  0.33568245229676E-04  0.19887817228626E-04  0.13247281141393E-02
 -0.87194355992595E-05  0.52705894657018E-04  0.13147428951778E-02
  0.80458890938597E-05  0.52915696089559E-04  0.29517275426568E-03
 -0.10946538807428E-04  0.28330639881853E-06  0.31100026139141E-03
  0.72011616373220E-05  0.57014849786732E-04  0.13218569650916E-02
  0.49295454495276E-05  0.35513602756672E-04  0.22640146776349E-03
  0.35502367010754E-04  0.35550325136332E-04  0.13254073518607E-02
  0.17683814839960E-04  0.57466060065521E-04  0.13283759984542E-02
 -0.37486371734716E-05  0.19707288315193E-04  0.19406851645962E-03
 -0.11972670091844E-04  0.13933570719737E-04  0.27681617811859E-03
  0.23153602752844E-04  0.52569515162593E-04  0.13318345823123E-02
 -0.41495906729044E-05 -0.19473481394784E-04  0.33595564934516E-03
 -0.11230059836655E-04  0.95745265305297E-05  0.20356790491886E-03
  0.24916098985922E-04  0.41835468910705E-04  0.13321891406561E-02
 -0.17121073638221E-04  0.49243305418511E-05  0.23766590373799E-03
 -0.72788497055004E-05  0.25389261016828E-04  0.24664964112833E-03
  0.23000972380945E-04  0.27830906788753E-04  0.13305075998325E-02
 -0.20806739338631E-04  0.12219775198225E-06  0.27748996669779E-03
  0.31424580787044E-04  0.58896414210595E-04  0.13228019744232E-02
  0.19695741278814E-04  0.11368758870195E-04  0.13284783427300E-02
 -0.19465185920445E-04 -0.98705091172404E-05  0.31140332608896E-03
  0.62259294403134E-06  0.41593542490041E-04  0.24218522108405E-03
  0.22574926891271E-04  0.62859125330951E-04  0.13171705323390E-02
  0.16185192196464E-04 -0.54568714369720E-05  0.13265600397480E-02
  0.35211405568387E-04  0.49725293019487E-04  0.13251977834759E-02
 -0.12704930525445E-04 -0.27609047761862E-04  0.33448677961369E-03
 -0.21467719352021E-04  0.62301930916255E-04  0.35177932767361E-03
 -0.78674299298441E-04  0.60486134135634E-04  0.36393003240061E-03
 -0.48450205782508E-04  0.19809335918975E-04  0.13259171126577E-02
 -0.61702353127561E-04  0.24601913183999E-04  0.13261924779968E-02
  0.20377128336342E-04  0.66875697560041E-04  0.33499142501189E-03
 -0.71788178522480E-04  0.28557559637465E-04  0.13264623163501E-02
  0.22582216949474E-04  0.23742456296956E-04  0.35000746618493E-03
  0.12425147541372E-04  0.74833939608747E-04  0.31072776082437E-03
 -0.33210532974546E-04  0.14621324304473E-04  0.13264186132833E-02
 -0.78199996010118E-04  0.29514106942191E-04  0.13256526295832E-02
 -0.85586242676701E-06  0.71230875103416E-04  0.28025741955907E-03
  0.31752728008986E-04 -0.90534595080687E-04  0.33780967347872E-03
 -0.80045824702418E-04  0.29098869309887E-04  0.13235756809335E-02
 -0.27954167948200E-04  0.46047852355400E-04  0.13088549760638E-02
 -0.21487813031917E-04  0.62096248089666E-04  0.25510262217463E-03
 -0.77967115571501E-04  0.28740964886399E-04  0.13188205187459E-02
 -0.51915635733340E-04  0.54151577800675E-04  0.25100910670826E-03
  0.21055099561808E-04 -0.70091617886781E-04  0.34857466411253E-03
 -0.72677445083138E-04  0.29953416256158E-04  0.13124264483928E-02
  0.25286104422671E-04 -0.13278188734117E-04  0.13249823870236E-02
 -0.88732162329430E-04  0.52152224010201E-04  0.28213789740531E-03
 -0.62476063903204E-04  0.32677542951478E-04  0.13076515741960E-02
 -0.10854941890285E-03  0.55025579379384E-04  0.33345279633439E-03
  0.77386344597237E-05 -0.44435876007806E-04  0.34828511900561E-03
 -0.46680068889929E-04  0.38625851678854E-04  0.13062179357329E-02
  0.30084129934313E-04  0.32354143869675E-05  0.13246633540794E-02
  0.19610355823843E-04 -0.29343143963938E-04  0.13259761601681E-02
  0.11299680209817E-04 -0.21512060943588E-04  0.13250006203555E-02
  0.12095819423118E-04  0.63279467533754E-04  0.28559854785033E-03
 -0.21731546358904E-05 -0.50408064558344E-04  0.34593923878984E-03
 -0.71919323672093E-04  0.22420650592407E-04  0.13255293812593E-02
 -0.77132035733766E-04  0.32086313582110E-04  0.13035493742204E-02
 -0.65003774334961E-04  0.30663007081665E-04  0.22562699267418E-03
 -0.66064482504300E-04  0.22411879786677E-04  0.13193283287897E-02
 -0.97517867430259E-04  0.31532689937176E-04  0.27905206439381E-03
 -0.47017447587667E-04  0.78525220254977E-04  0.30776349207364E-03
 -0.55958855546486E-04  0.26081524249889E-04  0.13154467815946E-02
 -0.83655324375128E-04  0.30278246504599E-04  0.13108801879637E-02
 -0.10010069940612E-03  0.37330396787626E-04  0.33563468346465E-03
 -0.40839097486060E-04  0.32232113280153E-04  0.13152139190693E-02
 -0.55061091045594E-04  0.43778681706691E-04  0.35355429821793E-03
 -0.82842931889763E-04  0.80993000113802E-04  0.32184526064285E-03
 -0.21258160782069E-04  0.74939395097911E-04  0.31830056729821E-03
 -0.23387954023003E-04  0.39442545260391E-04  0.13187993046444E-02
 -0.53672717300207E-05  0.44033784102275E-04  0.32138537552681E-03
 -0.61129198288174E-05  0.65431771608542E-04  0.33570302114096E-03
 -0.68844018803992E-05  0.45331304033109E-04  0.13252896668279E-02
  0.89061242984198E-05  0.34794664844440E-04  0.25208768413522E-03
 -0.83841813248249E-04  0.25579675246057E-04  0.13196581968797E-02
  0.51163610172684E-05  0.48434700441820E-04  0.13323202862117E-02
  0.24630229860178E-05  0.20288908081564E-04  0.18969855860931E-03
  0.23028993351187E-05  0.47698757620845E-04  0.34746661753206E-03
  0.12213673603740E-04  0.48258966749181E-04  0.13373294434547E-02
 -0.48345688931612E-05  0.77047043633012E-05  0.16580232828214E-03
 -0.85805211615597E-04  0.28281610511738E-04  0.13164522213787E-02
  0.22203360907401E-05  0.15921662951198E-05  0.14733888354205E-03
 -0.32961873696184E-04  0.37155805394873E-04  0.20717400737564E-03
 -0.73585222190392E-04  0.23969551030177E-04  0.13313245556170E-02
  0.88340068656899E-05  0.61958897548145E-04  0.13093551082849E-02
  0.59039098366171E-05 -0.36710807294404E-04  0.13241239574171E-02
  0.94237156705145E-05 -0.74183544037691E-04  0.34690495639916E-03
  0.74891146284687E-06 -0.50728080630825E-04  0.13232167925575E-02
  0.73225579706372E-05  0.82143261292804E-04  0.34996701669085E-03
  0.17743745918385E-04 -0.94538950617770E-04  0.33740850066421E-03
 -0.95930109258472E-05  0.56886880252982E-04  0.13013096790479E-02
 -0.15599577549885E-04  0.19242575811584E-04  0.13274934470363E-02
  0.39428119636953E-04  0.47436995570697E-04  0.34870076160939E-03
 -0.41557757592038E-04  0.88411133811015E-04  0.38646233649608E-03
 -0.30877330168459E-04  0.23829245967509E-04  0.13288445385738E-02
  0.38450946045098E-04  0.67421117418123E-04  0.33693201762277E-03
 -0.30313237823802E-04  0.49119963727729E-04  0.12956794706587E-02
 -0.45164236374229E-04  0.26825719110094E-04  0.13303383641672E-02
  0.32904521384904E-04  0.76880983986009E-04  0.31445263531618E-03
 -0.10108940108713E-03  0.86037475299138E-04  0.38593262230411E-03
 -0.56840507988885E-04  0.28613946670612E-04  0.13320197891979E-02
 -0.50107623956481E-04  0.41921979981941E-04  0.12945428487533E-02
  0.23718120091166E-04  0.75431766890242E-04  0.28293265033968E-03
 -0.65677047309981E-04  0.28027695071436E-04  0.13335949956054E-02
  0.10207316586425E-04  0.65059390341372E-04  0.24786764317392E-03
 -0.11402298187822E-03  0.83727927254089E-04  0.35808265950784E-03
 -0.71788751759837E-04  0.26067738132391E-04  0.13337113590961E-02
 -0.66328321211210E-04  0.35838881430482E-04  0.12974989673145E-02
 -0.83275947581275E-05  0.50391639999692E-04  0.21864903055589E-03
 -0.21896592163318E-04 -0.75330007515875E-04  0.12815092164157E-02
 -0.63585910507838E-04 -0.15935449542531E-03  0.41684327964242E-03
  0.23526382595071E-04  0.48243925187329E-04  0.34835841834964E-03
 -0.42328671045659E-04 -0.16293561404528E-04  0.25689968607520E-03
 -0.84811295324267E-04  0.47787394175436E-04  0.35835710593698E-03
  0.50633308851867E-04  0.53457745257141E-04  0.12888146618351E-02
 -0.37588085642261E-04  0.10223603109517E-04  0.13533932566366E-02
 -0.10212535165311E-05  0.16616748625589E-04  0.13503477666610E-02
 -0.89973131818212E-05 -0.67237058635092E-05  0.14771688630520E-03
  0.65385295053875E-04  0.12182023743930E-03  0.43387215266715E-03
  0.35686499508018E-04  0.50883652030291E-04  0.12746802426251E-02
 -0.74087522404743E-05  0.70366908410735E-05  0.13484021674576E-02
 -0.30145111100464E-05 -0.17126661306032E-05  0.14330695322157E-03
 -0.15716462114362E-04 -0.89042839239573E-05  0.15960857190560E-03
 -0.27239007351008E-04  0.16380067342660E-04  0.13525037283418E-02
 -0.51888730440044E-05  0.20612175090114E-04  0.12435410536792E-02
 -0.19216628774001E-04  0.70401084185646E-04  0.34913499089339E-03
 -0.15653467649021E-04 -0.40333846137032E-05  0.13448400872528E-02
  0.44492942854797E-04  0.14104235333186E-03  0.44059297379127E-03
  0.15353280273366E-04  0.31772098725774E-04  0.17790673137545E-03
 -0.22562508704174E-04 -0.92639007390234E-05  0.17737734217311E-03
  0.15494841743977E-04  0.45106551359663E-04  0.12621376456611E-02
  0.45831985582471E-05  0.21267171038416E-04  0.16643221470816E-03
  0.30553282729634E-05  0.23138690372478E-04  0.13499881224536E-02
 -0.76920962588314E-05  0.12038139805588E-04  0.15979457388230E-03
  0.60397577155822E-04  0.72176173610206E-04  0.39632309258494E-03
 -0.47619395832354E-04 -0.23746917613854E-05  0.17750568269708E-03
  0.58849895901982E-04 -0.21975122379597E-04  0.35151637202096E-03
 -0.23518866112840E-04  0.11890906080425E-04  0.13254575528942E-02
 -0.10336972782940E-04  0.26468366075238E-04  0.32653283229086E-03
 -0.14202527782521E-03  0.21119371188120E-04  0.40569085619424E-03
 -0.50459160502845E-04 -0.40857664817946E-05  0.13456636016385E-02
  0.64448776743262E-04  0.47696072342094E-04  0.13137919077920E-02
 -0.93690039973558E-05  0.18245893472799E-04  0.13317349639561E-02
  0.11506661138795E-04  0.24289880415753E-04  0.26422553986018E-03
  0.10951301671827E-03  0.66518837507432E-04  0.42662257802993E-03
 -0.23766481714791E-04  0.37210263746380E-05  0.16119929945554E-03
  0.57378074521526E-04  0.19498169108935E-04  0.36816611854639E-03
  0.13407184871227E-06  0.23211444590356E-04  0.13394100620974E-02
  0.86625011746233E-05  0.15824522097497E-04  0.19564770944764E-03
 -0.45789938132945E-04  0.32552302801155E-05  0.13513764167473E-02
  0.59865286797910E-04  0.52038413416489E-04  0.13030531326901E-02
  0.39895306942292E-05  0.25485286372478E-04  0.13460730582611E-02
 -0.29149660659835E-04  0.10212255845628E-04  0.12448291584862E-02
  0.25775708410552E-05  0.63919827570438E-05  0.15483615940199E-03
 -0.23961923247183E-04 -0.15648268438043E-04  0.13406956560649E-02
 -0.62058505445466E-04  0.20381849888358E-04  0.34902048706643E-03
 -0.29521179485211E-04 -0.98062512637092E-05  0.20064595863838E-03
 -0.31759190504847E-04 -0.27095609564148E-04  0.13358135651390E-02
 -0.41076496074715E-04 -0.63034764157439E-04  0.12851795569285E-02
  0.26112131236634E-04  0.29951000762194E-04  0.13347173144404E-02
  0.98498506176774E-04  0.10140690645757E-03  0.43544665775944E-03
 -0.93744045253839E-04 -0.10315808622515E-03  0.40863038557115E-03
 -0.15043910569492E-03  0.50897225098454E-04  0.43553877056756E-03
 -0.32348210481145E-04 -0.59802555600353E-04  0.12694174452645E-02
 -0.70367022547781E-04  0.88619232863913E-05  0.12694835029022E-02
 -0.10481762786680E-03 -0.13807995547318E-03  0.43753027741280E-03
  0.50319575540062E-04  0.61428256634145E-04  0.24657862813394E-03
  0.64179158677629E-04  0.66392380391516E-04  0.28042015760151E-03
 -0.17111835384767E-04 -0.53193246101578E-04  0.12556503009327E-02
 -0.80707855553275E-04 -0.14152830440432E-03  0.41761537708125E-03
 -0.13552183018190E-03  0.58885168885107E-05  0.41428746208362E-03
 -0.82482751148182E-04  0.27304386167752E-05  0.12828313554061E-02
  0.62064833650746E-04  0.14161366067040E-04  0.13147884812150E-02
  0.53147498672172E-04  0.44377561046467E-04  0.12771162153617E-02
  0.90351209054727E-04  0.46602564613651E-04  0.34389661083403E-03
  0.78669980426222E-04  0.62938022870013E-04  0.31465546931592E-03
  0.39404953983441E-04  0.27807734910329E-04  0.13291652410504E-02
 -0.74653560287401E-04 -0.66899977589296E-04  0.36489319876715E-03
 -0.52248305682259E-04  0.17401035655693E-04  0.12589905193792E-02
  0.37719041962640E-04  0.39724932271047E-04  0.12616118056672E-02
 -0.17149779372625E-04  0.12738480137743E-03  0.41511423720801E-03
  0.17085203152520E-04  0.30995564080123E-04  0.12493219078850E-02
 -0.35997131218940E-04 -0.11680612195387E-04  0.22724040633916E-03
 -0.69791298368848E-05  0.36536945045816E-04  0.12544466325388E-02
  0.26375032016534E-04  0.42738759446069E-04  0.19439883244135E-03
 -0.10446071745203E-05  0.25895033683268E-04  0.13450068708949E-02
 -0.38864213026930E-04 -0.38015361680941E-04  0.13306508269659E-02
  0.32919246235834E-04  0.10879630046136E-03  0.38684192558065E-03
 -0.87889346125797E-04  0.10802575871132E-03  0.40817028323508E-03
 -0.44720820197499E-04 -0.47698875334048E-04  0.13238330888554E-02
  0.48701284886565E-04  0.96595134292079E-04  0.39234124243952E-03
 -0.49871035314024E-04 -0.26067076997526E-04  0.29045439071241E-03
  0.37921099669254E-04  0.52788906724976E-04  0.21722295044186E-03
 -0.29627333776980E-04  0.27099122231157E-04  0.12534988896453E-02
 -0.46685101829533E-04 -0.55282714635926E-04  0.13140521527294E-02
  0.12830503322432E-04  0.28859580429916E-04  0.13399661198805E-02
 -0.59175272737571E-04 -0.41965482133951E-04  0.32592904424993E-03
 -0.13581149344963E-03  0.87543667326830E-04  0.42675925614975E-03
 -0.45845149766884E-04 -0.61229278369399E-04  0.13009406541771E-02
 -0.14853644402550E-04  0.21530334778533E-04  0.13493707252060E-02
 -0.50336224997830E-04 -0.46877431429381E-06  0.12538924048451E-02
  0.52205208657654E-04  0.22383623963645E-04  0.13226504794175E-02
 -0.51778939844247E-04 -0.99486501606577E-05  0.13369815775467E-02
  0.41005291777773E-04  0.67542811257565E-04  0.25044772757409E-03
 -0.18489891759485E-04  0.91156217089322E-05  0.30489826703565E-03
  0.48796372283575E-05  0.21193402255577E-04  0.30600673306320E-03
 -0.20865673672225E-04  0.28043345839735E-04  0.13409578406473E-02
 -0.82250169043932E-04  0.13673157594811E-03  0.44091512582120E-03
  0.29425446854374E-04  0.56608074654565E-04  0.22083455831650E-03
 -0.30637063275875E-04  0.40270136892903E-04  0.12662940016486E-02
 -0.12833321006894E-04  0.12300550022161E-05  0.13289192882540E-02
 -0.33536849826150E-04  0.24247130826982E-04  0.13454231227628E-02
 -0.37308906523635E-04  0.16534896983724E-04  0.34572008573485E-03
 -0.12985607191539E-03  0.12599231158952E-03  0.44316219497207E-03
 -0.44742308936502E-04  0.20191143983959E-04  0.13483489292660E-02
  0.18470981684883E-04  0.12473729382950E-04  0.12418570997844E-02
 -0.26661228146273E-04 -0.62554193021835E-05  0.13248451529484E-02
  0.26939437008287E-05  0.30548298199296E-04  0.17812772202254E-03
 -0.51696258904269E-04  0.31465879032407E-04  0.12692550659563E-02
  0.46834865391202E-04  0.35474449667897E-04  0.33621483099767E-03
 -0.71424723974627E-05  0.30999854495315E-04  0.13365999350703E-02
 -0.81044355144380E-05  0.49026030977550E-04  0.12695020477557E-02
 -0.14210755458792E-05  0.70874624127527E-05  0.13361586188134E-02
 -0.38756857409067E-05  0.17448174896684E-05  0.12383912271601E-02
  0.47733655543769E-05  0.12150543913107E-04  0.13504150187240E-02
  0.20591236732619E-04 -0.88399213383009E-05  0.12401137312948E-02
  0.49602856206881E-04  0.12074840596686E-04  0.13205182795031E-02
  0.68990785023956E-04  0.35175362541599E-04  0.34837534495391E-03
  0.32371667200913E-04  0.59221440766085E-04  0.12890798611855E-02
  0.44574270093892E-04 -0.22162701556064E-04  0.31991211575400E-03
  0.36950336484471E-04  0.20912223627820E-04  0.13245169018158E-02
  0.70622281196753E-05  0.94878619942847E-05  0.17613176667477E-03
 -0.53088445735581E-04  0.14639090324249E-04  0.13485182799679E-02
  0.66858954604369E-04  0.59604826658668E-04  0.33481968071948E-03
  0.35076840492600E-04  0.14040613371094E-03  0.43051482989351E-03
  0.13224984025745E-04  0.56096885831520E-04  0.12782537477054E-02
  0.22550354450964E-04  0.26915922665410E-04  0.13287658111874E-02
  0.60659857051782E-04  0.72150233510940E-04  0.31129039432904E-03
  0.13100719609558E-04  0.17410354529773E-04  0.23630413024748E-03
  0.75079018627176E-05  0.30496438695697E-04  0.13328569453342E-02
 -0.79979547970034E-05  0.14587640333150E-03  0.44339619516681E-03
  0.51485221747573E-04  0.73542609433090E-04  0.28179154449579E-03
  0.45043322933128E-05  0.10993496131948E-04  0.13441251963685E-02
 -0.88711651755136E-04  0.74453236508535E-05  0.33963952795696E-03
  0.16754159159254E-04  0.43813934662507E-04  0.19592759024498E-03
 -0.13069038717427E-04  0.18548843419324E-04  0.16874928297231E-03
 -0.10242256358284E-03  0.90655454496766E-07  0.28747504537324E-03
 -0.10697399869590E-03  0.66954069708728E-04  0.40567912200239E-03
 -0.48730233034711E-04 -0.12742340628632E-04  0.13289347727345E-02
 -0.57521530881878E-04  0.10208755401414E-05  0.13304084155951E-02
 -0.82826149643024E-04  0.17094654090380E-04  0.12870177037670E-02
 -0.94901998128470E-04  0.60455250456235E-05  0.25733838711661E-03
 -0.62914318772554E-04  0.50092825734022E-05  0.19929014636180E-03
 -0.59373563087779E-04  0.34879699840322E-05  0.13385494379569E-02
  0.11580520984668E-03  0.57377128776595E-04  0.40647318536690E-03
  0.38983377034183E-04  0.23760766618755E-04  0.12524375619337E-02
 -0.50581653383479E-04  0.16041057356381E-05  0.13242681412368E-02
 -0.34129458328223E-04  0.91236320271455E-05  0.17265052429314E-03
 -0.78415817413453E-04 -0.34270579221488E-05  0.22046831190222E-03
 -0.39832622785779E-04 -0.11522808979498E-04  0.13245635414568E-02
 -0.69751283766956E-04  0.23607481703309E-04  0.12766017058963E-02
 -0.10174028561505E-03  0.11276714244179E-04  0.32150029537117E-03
 -0.38017671920254E-04  0.57385331324561E-05  0.13225827036973E-02
 -0.13113792309786E-03  0.10436788834097E-03  0.43231282799404E-03
 -0.89949565309606E-04  0.12181634720280E-04  0.12985609710468E-02
 -0.57848600096453E-04  0.85000320058207E-05  0.13453697536576E-02
 -0.80716479972877E-04  0.26629640536377E-04  0.37886766761129E-03
 -0.53182487784413E-04  0.83617973905742E-04  0.11438541730110E-02
  0.67878632962092E-04 -0.44297211558990E-04  0.12302415813261E-02
 -0.12379406265815E-04  0.12644220811654E-04  0.12069084279314E-02
  0.34631764736741E-04 -0.50889907812806E-04  0.10048154479527E-02
  0.35782736828500E-04 -0.46224429825991E-04  0.12005365847089E-02
 -0.11013207643559E-04  0.54199845611492E-04  0.11884435962274E-02
  0.20710919045176E-04  0.26849739373630E-04  0.92793670301747E-03
 -0.25690150013627E-05 -0.41980446249133E-04  0.97956247747121E-03
 -0.20546413934475E-04 -0.34959732904403E-04  0.11816787011613E-02
 -0.30870115279644E-04  0.10908480071788E-03  0.12017667164673E-02
  0.47900457182503E-04 -0.53750567338809E-04  0.12231325530100E-02
 -0.25545649396276E-04  0.99516996704430E-04  0.11333343048270E-02
  0.62810651516454E-04 -0.40423466822581E-04  0.10018847606453E-02
  0.41156057373056E-04  0.78142629548265E-04  0.98188376188386E-03
  0.87350575661651E-04 -0.34353924002625E-04  0.12291672040749E-02
 -0.85953617995082E-06  0.11372095215858E-03  0.11372114618938E-02
 -0.19307085153699E-04  0.11904708579310E-03  0.12097239674946E-02
 -0.12676444221804E-04  0.34729994047910E-04  0.11969433184655E-02
  0.33966869618056E-04  0.10702516956098E-03  0.10239605529781E-02
  0.15296602642226E-04 -0.44110472092964E-04  0.12200955470169E-02
  0.23437401198156E-04 -0.42580925296736E-05  0.93305009471566E-03
  0.57480276907132E-04 -0.17349694027079E-04  0.96555117638103E-03
 -0.77455704723971E-05  0.72234322207727E-04  0.11828340439793E-02
 -0.46165274973311E-04  0.43739497438685E-04  0.11780831912009E-02
  0.81229531158144E-04 -0.42180188719891E-05  0.99322878482123E-03
  0.11127040740575E-03 -0.23403785170070E-04  0.11991519259020E-02
  0.95005967148690E-04 -0.88946013581685E-05  0.11250219107696E-02
  0.10322034358253E-04  0.13060895958999E-03  0.11993593679340E-02
 -0.42437600522102E-04  0.80718662096269E-04  0.11832500163279E-02
  0.10414337613256E-03 -0.26998265477653E-04  0.11821661456883E-02
 -0.48583274349490E-04  0.50927554153913E-04  0.97185636163959E-03
 -0.21909064888509E-04 -0.53205098528006E-04  0.11853511626551E-02
  0.19513922350080E-04  0.13073111305571E-03  0.11782514960755E-02
  0.10094290759998E-03 -0.14783813625193E-04  0.10879031681191E-02
  0.95446083395782E-04  0.73957978606938E-05  0.10356945650520E-02
  0.28951680331293E-04 -0.30741269353497E-04  0.96091259829832E-03
 -0.17871040650217E-04  0.72066448613869E-04  0.96534841967212E-03
  0.85325601480314E-04 -0.34387980118975E-04  0.11755961050562E-02
 -0.38865001946526E-04 -0.42418302040878E-04  0.11819232555789E-02
  0.15297002282596E-04  0.60379835227276E-04  0.94643438410370E-03
 -0.15790884983294E-04  0.40523589780522E-04  0.93607203439516E-03
 -0.46831708400756E-05 -0.59483061501868E-04  0.11919571338798E-02
  0.11973551941808E-04  0.91129841257554E-04  0.98437768071467E-03
  0.28631121644495E-04 -0.59949788891823E-04  0.12120091200676E-02
 -0.85168400170370E-05 -0.19495051372863E-04  0.94440811600045E-03
  0.60566949763626E-04 -0.41623528614821E-04  0.11831625708718E-02
 -0.50632225560772E-05  0.12628011580876E-03  0.12103587145746E-02
  0.83915909070239E-04 -0.30097649074790E-04  0.10191737917970E-02
  0.97360384093253E-04 -0.21822491978675E-04  0.10506485967255E-02
  0.15439127854090E-04  0.12471032838442E-03  0.11543551881110E-02
 -0.45070711985234E-04  0.63747032106214E-04  0.11785235931463E-02
 -0.33198093986791E-04 -0.47502712882208E-04  0.10182866947374E-02
  0.10391430958280E-03 -0.26409421570230E-04  0.12173374400047E-02
 -0.37413926217283E-04  0.95645828510941E-04  0.11915850787845E-02
  0.11776542192851E-04 -0.61833784783940E-04  0.12010873639226E-02
 -0.48398966120936E-05  0.88781436440710E-04  0.11806254532716E-02
 -0.75929873324541E-04  0.29160920337721E-04  0.10011285272261E-02
  0.18528128205338E-04  0.13952508342809E-03  0.11239898054160E-02
  0.45925826573742E-04  0.11787534612355E-03  0.10725577548025E-02
 -0.90707217233424E-04  0.54444814533391E-04  0.10847646731960E-02
  0.10439368011702E-03 -0.49758247385479E-04  0.11669662747452E-02
 -0.99049179873151E-04  0.25740439618550E-04  0.11590401789927E-02
  0.92598017738989E-04 -0.50540352953404E-04  0.11548029587196E-02
  0.10549726303851E-03 -0.49602937735498E-04  0.11501741081620E-02
 -0.94007724378297E-04  0.49760109559753E-04  0.11386620225584E-02
  0.93754815586347E-04 -0.54529072636926E-04  0.11372372113350E-02
  0.80904138672679E-04 -0.48640891229361E-04  0.11665983432767E-02
 -0.10313813878736E-03  0.28244538736760E-04  0.11150581438606E-02
  0.72224732899444E-04 -0.59872595456787E-04  0.11361758278600E-02
  0.66073151976556E-04 -0.43896494856649E-04  0.11727710893292E-02
  0.94579976492478E-04 -0.53586119984417E-04  0.11811242967139E-02
 -0.76372902113799E-04  0.73122789866744E-04  0.11154779041362E-02
 -0.10506823802259E-03  0.31269347946613E-05  0.11429107579000E-02
  0.49036055902781E-04 -0.36781377574421E-04  0.11774479670381E-02
 -0.49188639966865E-04  0.92871054196596E-04  0.10992637418507E-02
  0.19865013982655E-04 -0.63979577742649E-04  0.11688918383443E-02
 -0.21088632432099E-05 -0.55060157529378E-04  0.11885108911133E-02
 -0.58286909898615E-04 -0.72290542515679E-05  0.11739748847686E-02
 -0.21059458845206E-04  0.11087331949969E-03  0.10976257671392E-02
  0.23972880110050E-04  0.11954010412171E-03  0.11675588360035E-02
 -0.16686583315856E-04 -0.38222877942640E-04  0.11996702140584E-02
  0.14084111710033E-05  0.12587542012848E-03  0.11127509733761E-02
 -0.51798785273130E-04 -0.26997569240482E-04  0.11623019761230E-02
  0.46617722730511E-04 -0.64296627264017E-04  0.11486766187768E-02
 -0.24336421690060E-04 -0.16356348883674E-04  0.12004059068323E-02
  0.10060710114271E-03 -0.49787491808099E-04  0.11369554143616E-02
 -0.94183050703595E-04  0.20199282501850E-05  0.11719513853062E-02
 -0.83842072382472E-05 -0.59627266700959E-04  0.11526698855964E-02
 -0.27229702356543E-04 -0.43218843545515E-04  0.11730685286872E-02
  0.10193740619686E-04  0.13163534579528E-03  0.10899424219976E-02
 -0.37788133695344E-04 -0.22266516671943E-04  0.11831555778389E-02
  0.16587395681369E-04  0.13986585424307E-03  0.11533315342599E-02
  0.16739001160876E-04 -0.67958186254340E-04  0.11279405221270E-02
 -0.42962640993110E-04 -0.77235084046626E-07  0.11838595005188E-02
  0.10309948278784E-04  0.13301411966475E-03  0.11719547280434E-02
 -0.46072950505862E-04  0.22625149668055E-04  0.11807595484055E-02
  0.44624922102749E-04 -0.67458972653441E-04  0.11062302467238E-02
 -0.97928022329099E-05  0.11726869972490E-03  0.10624229579526E-02
  0.35000535113876E-05 -0.34733544246396E-04  0.12329974737843E-02
  0.14000310335644E-04 -0.37394242763926E-04  0.11803622754630E-02
  0.71767431063723E-04 -0.62713457560625E-04  0.10957794379850E-02
  0.31301848066051E-04 -0.47556380085767E-04  0.11802250233265E-02
 -0.36704673606538E-04  0.98874625419153E-04  0.10519410262802E-02
  0.91671920216316E-04 -0.56928652442774E-04  0.11012560200295E-02
 -0.22910123687600E-06  0.10471976822662E-03  0.11802811725829E-02
  0.48113714460442E-04 -0.54006979400729E-04  0.11833599435842E-02
  0.63801486668957E-04 -0.56752219509327E-04  0.11871183575611E-02
  0.10145725471236E-03 -0.51954429123805E-04  0.11173467324793E-02
 -0.84448185451307E-04 -0.19112852201861E-04  0.11783208848374E-02
 -0.66238137412053E-04  0.77868863784233E-04  0.10607665899952E-02
  0.79509160316733E-04 -0.56409452725665E-04  0.11876223377919E-02
  0.40394624757744E-05  0.11998463642474E-03  0.11792686465779E-02
 -0.11775674274169E-04 -0.89502743004447E-05  0.12157768819433E-02
  0.28857314446168E-04  0.13056887038895E-03  0.11471180260086E-02
 -0.28710706487848E-04  0.67588802289448E-05  0.11949557737711E-02
 -0.53885530997875E-04 -0.29996400018242E-04  0.11822395615836E-02
 -0.46097267017390E-04  0.78498391227380E-04  0.10075144475441E-02
  0.10940224468471E-03 -0.38364748220585E-04  0.11891138123143E-02
  0.94602580469762E-04 -0.35177563729952E-04  0.11337625348430E-02
  0.10693521767304E-03 -0.39986205210931E-04  0.11723327429335E-02
 -0.67054412968385E-04 -0.15519870257764E-04  0.11857316223903E-02
 -0.74460263151348E-04  0.55607366682201E-04  0.10256259229299E-02
  0.91702437459251E-04 -0.45798552729886E-04  0.11619506078980E-02
  0.82698783836221E-04 -0.28927847760284E-04  0.11548524344270E-02
 -0.79046999553386E-04  0.30748937559387E-05  0.11889731184133E-02
  0.68559591103909E-04 -0.52192780999172E-04  0.11651324564707E-02
  0.99400508880530E-04 -0.43620265980816E-04  0.12042285351761E-02
 -0.65548475330679E-04 -0.31520996773796E-04  0.11389943260105E-02
  0.42482606660386E-04 -0.57120949806649E-04  0.11801261132817E-02
 -0.87802154447729E-04  0.24982606894642E-04  0.11883651433910E-02
 -0.49886806613622E-04 -0.46901938027405E-04  0.11037695021988E-02
  0.18497561117039E-04 -0.55867545566099E-04  0.11997290260705E-02
 -0.87724074475026E-04  0.46366992638010E-04  0.11796123989229E-02
  0.18023028672005E-05 -0.46412278033701E-04  0.12148254994121E-02
 -0.10749476725191E-03  0.63883836487135E-05  0.10991523514195E-02
 -0.26036641049553E-04 -0.56854069173249E-04  0.10639414561607E-02
 -0.76201427235447E-05 -0.30170274387455E-04  0.12200077907417E-02
 -0.76087952432197E-04  0.65746507154678E-04  0.11625267022931E-02
  0.37953588912380E-05 -0.57951858785619E-04  0.10274782152508E-02
 -0.95705092733225E-04  0.30979411643547E-04  0.10592190568611E-02
 -0.38459010365347E-04 -0.46025415544183E-04  0.11401572188567E-02
  0.99559441879938E-04 -0.38230098566826E-04  0.11078031604279E-02
  0.82582082667145E-04 -0.50980346736375E-04  0.12111921456400E-02
  0.13745485975063E-04  0.13557882104843E-03  0.11391502478791E-02
 -0.29791045279141E-04  0.29638243179337E-04  0.11876209141447E-02
 -0.16966827145405E-04 -0.60859360635737E-04  0.11101567050783E-02
  0.13441314366086E-04  0.13915956837439E-03  0.11661746841060E-02
 -0.29631934162204E-04  0.50762887932150E-04  0.11808512371098E-02
  0.30679092313873E-04  0.13392405091063E-03  0.11147462951251E-02
  0.10624482292127E-04 -0.66169885191322E-04  0.10793193412696E-02
 -0.27444506424943E-04  0.69736282084619E-04  0.11776913773170E-02
  0.39181602151081E-05  0.13661119561425E-03  0.11854896345834E-02
  0.25878547804254E-04  0.12838886342778E-03  0.10744904042887E-02
 -0.37386883352212E-05 -0.45289385018337E-04  0.11811734815916E-02
 -0.23843554406122E-04  0.86284751369280E-04  0.11790519002575E-02
  0.40318654886730E-04 -0.63345463522238E-04  0.10559179165174E-02
  0.13514425592567E-04 -0.54021672820001E-04  0.11848695836314E-02
  0.67414382875226E-04 -0.56843927336191E-04  0.10487099036109E-02
  0.29909485993895E-04 -0.59672791881908E-04  0.11918983620879E-02
 -0.14402025797801E-04  0.11577762664811E-03  0.11905098826889E-02
  0.97706409593674E-05  0.11589796866218E-03  0.10354989540206E-02
  0.46584547304442E-04 -0.60121929249642E-04  0.12004808266114E-02
  0.87573217102206E-04 -0.48763376793190E-04  0.10586319766690E-02
 -0.20477276722831E-04  0.10213809790406E-03  0.11844439351848E-02
  0.64076027075565E-04 -0.56477521641890E-04  0.12085948938648E-02
 -0.15744079316483E-04  0.99177386410433E-04  0.10105881781399E-02
  0.98617948297359E-04 -0.42036834535957E-04  0.10805867861192E-02
 -0.67852054388955E-05  0.12852059781532E-03  0.11925662898311E-02
  0.36328566113351E-04  0.56532610627350E-04  0.12546492710183E-02
 -0.42015867463315E-04 -0.63036305340406E-04  0.12134891467316E-02
  0.20954484169535E-06 -0.19369631058199E-04  0.12353500181112E-02
 -0.22799894264658E-04  0.44590944315047E-04  0.12272442154090E-02
  0.21609264017292E-04  0.28916704334767E-04  0.12544739113713E-02
  0.95780515429452E-05  0.22617791516456E-04  0.12575245993212E-02
 -0.32907262585960E-04  0.41261404356186E-04  0.12427542833791E-02
  0.63544276402813E-06  0.16455938774062E-04  0.12578042143063E-02
 -0.33106813434591E-04  0.38086297108705E-04  0.12480509899333E-02
 -0.49853292491498E-05  0.10516983587642E-04  0.12539972168454E-02
 -0.31102950755240E-05  0.68064490349236E-05  0.12420911823961E-02
 -0.27255473059196E-04  0.34490459020592E-04  0.12458920316603E-02
  0.92084305463545E-05  0.65096167376305E-05  0.12218782735672E-02
 -0.18992618702764E-04  0.30329098372021E-04  0.12396600234938E-02
  0.30544288704753E-04  0.97116848534847E-05  0.11992493260907E-02
  0.54135669355909E-04  0.17392141987190E-04  0.11829546381030E-02
 -0.83773952181151E-05  0.23235666900370E-04  0.12306656668403E-02
  0.74319756759728E-04  0.26877710463729E-04  0.11800468962565E-02
  0.34076523575870E-04  0.36045763317195E-04  0.12496558601639E-02
  0.47577093371853E-05  0.14769774542645E-04  0.12206323174556E-02
 -0.28429767539243E-05  0.49534651340485E-04  0.12052754769507E-02
  0.57821594593489E-04  0.47504788162456E-04  0.12322756244935E-02
 -0.96596329267364E-04 -0.12084120568714E-04  0.10497431143948E-02
 -0.75729039237610E-04  0.30700735787084E-05  0.99407629925919E-03
  0.35366207604594E-04  0.75167853682409E-04  0.12470123316611E-02
 -0.47216463348617E-04  0.20716415385593E-04  0.95324245068101E-03
  0.53164742766316E-04  0.80986177362891E-04  0.12271368494827E-02
  0.76943204935252E-04  0.28149583146399E-04  0.98747352840201E-03
  0.90137902991578E-04  0.41322428164036E-04  0.10398907087857E-02
  0.61918287220247E-04  0.80482507920947E-04  0.12040085457038E-02
  0.94799948372528E-04  0.50762500680881E-04  0.10951405674281E-02
  0.57550491546347E-04  0.75541951819022E-04  0.11853041796640E-02
  0.90771019992521E-04  0.54794924058552E-04  0.11449234354572E-02
  0.81134211507820E-04  0.54837143532386E-04  0.11850366199767E-02
  0.42261192755681E-04  0.68222176263376E-04  0.11784816900419E-02
  0.69025694667971E-04  0.52308167260145E-04  0.12137117805463E-02
  0.21042829842458E-04  0.58422429083515E-04  0.11863715504319E-02
  0.46396496843171E-04  0.41669212888452E-04  0.12430538728908E-02
  0.13999135645433E-04  0.66428087194787E-04  0.12577549748731E-02
  0.87595795182768E-04  0.34204045653850E-04  0.11922291018744E-02
  0.19403813867649E-04  0.54810912626055E-05  0.12099705221632E-02
 -0.84936344860944E-04  0.12168786155615E-04  0.11964959207343E-02
 -0.11018221511011E-03 -0.11897454831902E-04  0.10974823538327E-02
 -0.78513754542249E-04  0.26912026296335E-04  0.12076777616332E-02
 -0.97811337350275E-04  0.75427807788547E-05  0.10461138074500E-02
  0.48396716045304E-04  0.45990634048030E-04  0.95490358517423E-03
 -0.69688730048023E-04  0.39651454707864E-04  0.12174240468538E-02
  0.68914350641386E-04  0.61823913421543E-04  0.10022822243470E-02
 -0.57497482124276E-04  0.50290902581839E-04  0.12273077282659E-02
  0.81540233507522E-04  0.73864833827752E-04  0.10590428846717E-02
  0.84278692359878E-04  0.80413868576722E-04  0.11144490616240E-02
 -0.44022490106794E-04  0.59911983148069E-04  0.12380650359371E-02
  0.79845037849893E-04  0.80044233217843E-04  0.11607603831225E-02
 -0.27700717633160E-04  0.68757035526281E-04  0.12477941279818E-02
  0.71540452889480E-04  0.73971117119585E-04  0.11949112140053E-02
  0.63438081739130E-04  0.64484748944593E-04  0.12172239829305E-02
 -0.11162137159323E-03 -0.28874923025855E-04  0.11453179503856E-02
  0.88583485723964E-04  0.37359765302866E-04  0.12146367735792E-02
 -0.10488910362052E-03 -0.40595569298218E-04  0.11832720757525E-02
 -0.91989860640830E-04 -0.46173074447480E-04  0.12114296671098E-02
  0.75550747013868E-04  0.34841314054493E-04  0.12384492826706E-02
  0.34856521768094E-04 -0.46854767416689E-05  0.11985201880402E-02
  0.55852396702345E-04  0.25626812050496E-04  0.12555346248911E-02
  0.35461061096337E-04  0.13529676951366E-04  0.12629854733609E-02
  0.50121784307434E-04 -0.12887751746817E-04  0.11858547676883E-02
  0.15872837235579E-04  0.24513052864267E-05  0.12634216274796E-02
  0.66553398128794E-04 -0.21089457893823E-04  0.11716905003108E-02
 -0.18433799381266E-05 -0.94914973675686E-05  0.12610406696324E-02
 -0.19531937634702E-04 -0.20437473051252E-04  0.12576896327246E-02
 -0.59012901696410E-04 -0.44552544785514E-04  0.10666772500499E-02
 -0.37773736582783E-04 -0.30981260081545E-04  0.12524480021132E-02
 -0.77047214901017E-04 -0.34347887440369E-04  0.11143111430391E-02
 -0.57197876455490E-04 -0.38968221780059E-04  0.12439629040992E-02
 -0.75785293354130E-04 -0.44678721485262E-04  0.12308161590570E-02
 -0.86508340763005E-04 -0.20060848455828E-04  0.11534718460943E-02
 -0.88054463369971E-04 -0.40193659974976E-05  0.11801626178508E-02
 -0.81676165953670E-05  0.77195472327754E-04  0.12530881704079E-02
 -0.10759409393656E-03 -0.24364109783059E-04  0.11076021266740E-02
 -0.10910456721971E-03 -0.31598576047034E-04  0.11580288495102E-02
 -0.71799877417311E-04 -0.19148676165719E-04  0.10056574863555E-02
 -0.22998240452824E-04  0.30073586513743E-04  0.12504062663841E-02
 -0.44453113520293E-04 -0.73869181058828E-05  0.95650438285046E-03
 -0.12253365579671E-04  0.89912112768800E-05  0.92880391418226E-03
 -0.18977399039935E-04  0.30745610625973E-04  0.12531253489574E-02
  0.98830338171435E-04  0.17087405938502E-04  0.10839674726280E-02
 -0.10076174048175E-04  0.31555829176615E-04  0.12507371379714E-02
  0.93974117459514E-04  0.22989122686036E-04  0.11302898175363E-02
  0.83682305378314E-04  0.28045497591302E-04  0.11699609739051E-02
  0.51047447648407E-06  0.30463098372046E-04  0.12459066272014E-02
  0.71257811431657E-04  0.31449107312688E-04  0.12002118758327E-02
  0.11908283348303E-04  0.28509040394751E-04  0.12395896631880E-02
  0.57193299216115E-04  0.34279660520607E-04  0.12217891876603E-02
  0.44262547691805E-04  0.35462259768636E-04  0.12362702307549E-02
  0.25315667390360E-04  0.24811562681295E-04  0.12308336789253E-02
 -0.18861712278172E-04  0.30864839908279E-04  0.12390758581097E-02
  0.31384513793635E-04  0.35173176453395E-04  0.12450310555418E-02
 -0.91671441371209E-04 -0.27183861073029E-04  0.10652878696387E-02
 -0.47532751506345E-05  0.33771070514550E-04  0.12195981275877E-02
  0.56755309505978E-04  0.65007012181178E-04  0.12370028150446E-02
  0.15121360630996E-04  0.45754061808411E-04  0.12628245142666E-02
 -0.40603985185227E-05  0.34479957924013E-04  0.12637672302212E-02
  0.70005594144903E-04  0.67284399165080E-04  0.12135759330961E-02
 -0.22557665166576E-04  0.24387667980501E-04  0.12608395595223E-02
  0.70864811138838E-04  0.64189707711218E-04  0.11918798059795E-02
 -0.40599997314171E-04  0.14927621503302E-04  0.12553588382955E-02
 -0.57526640913283E-04  0.61339877417843E-05  0.12488803442714E-02
  0.60013547705940E-04  0.58132700609302E-04  0.11797717737670E-02
 -0.73266871233904E-04 -0.29103002281220E-05  0.12401798099857E-02
  0.40491812052623E-04  0.49253975787827E-04  0.11823626185592E-02
 -0.87266400299255E-04 -0.11352173567150E-04  0.12263469019220E-02
 -0.99405114873405E-04 -0.17680335441716E-04  0.12040845893477E-02
  0.17092616911747E-04  0.39504874376502E-04  0.11978488292901E-02
 -0.10504434489602E-03 -0.24271462195146E-04  0.11702168381523E-02
 -0.10323704835060E-03 -0.27986339873633E-04  0.11229168188980E-02
 -0.69881233483950E-05  0.56682064266714E-04  0.12595674279601E-02
  0.39738695071055E-04  0.18829145384029E-04  0.12191503428453E-02
  0.69390358800884E-05  0.29212856206643E-04  0.12541433320989E-02
  0.35519215958798E-04  0.34888721663747E-04  0.12601467825229E-02
 -0.92561479648983E-04 -0.13827944436882E-05  0.12034912307949E-02
  0.15867003887899E-04  0.23669713793851E-04  0.12651534164936E-02
 -0.83448050574234E-04  0.89567056896223E-05  0.12192732240303E-02
 -0.25670637026786E-05  0.12643395699252E-04  0.12647886292592E-02
 -0.20724890055784E-04  0.25265237474508E-05  0.12621091791449E-02
 -0.72096643330916E-04  0.19587681208079E-04  0.12305064826362E-02
 -0.38460531922116E-04 -0.76685647553845E-05  0.12578143827037E-02
 -0.58356243348503E-04  0.28018697130719E-04  0.12400162476797E-02
 -0.56234746946392E-04 -0.16731281413387E-04  0.12517659155186E-02
 -0.74105662178185E-04 -0.25358630534616E-04  0.12411403892130E-02
 -0.42644572870285E-04  0.36875241535197E-04  0.12485080983649E-02
 -0.91135617282339E-04 -0.31204000456886E-04  0.12238767087285E-02
 -0.25526859726862E-04  0.46037505175339E-04  0.12553076273383E-02
 -0.10291778911911E-03 -0.33898055998757E-04  0.11968244277184E-02
  0.56168398444968E-04  0.46201187673726E-04  0.12471668626827E-02
  0.19068612256490E-04  0.32350990998740E-04  0.12504661494834E-02
 -0.98171818277496E-04 -0.13779994219944E-04  0.11778598321946E-02
 -0.96600718770098E-04 -0.25113875488937E-04  0.11395325533706E-02
  0.54585837488236E-04  0.12337552887028E-04  0.12034835614205E-02
 -0.41418088158510E-05  0.26123074869455E-04  0.12564710873493E-02
  0.68529267365234E-04  0.60492893764977E-05  0.11833629267813E-02
 -0.11431227099776E-04  0.21347795340343E-04  0.12552353248224E-02
 -0.12625500887821E-04  0.18896927495168E-04  0.12475960588200E-02
  0.83071901355821E-04 -0.12976438787650E-05  0.11571032889464E-02
 -0.52023070251357E-05  0.18854426124778E-04  0.12315189576022E-02
 -0.39200633623342E-04 -0.30638154135834E-04  0.97970656494530E-03
  0.12377342520149E-04  0.21567266626137E-04  0.12095218659155E-02
  0.35954609577573E-04  0.28398663343550E-04  0.11892739300101E-02
 -0.65997003573203E-04 -0.35695333623464E-04  0.10318666466804E-02
  0.58167195657499E-04  0.38099661016317E-04  0.11793656685077E-02
 -0.85735441653865E-04 -0.33760962551762E-04  0.10886319173503E-02
  0.74277616418338E-04  0.46135745328760E-04  0.11841315224446E-02
  0.81010785549393E-04  0.51160615457699E-04  0.12020506029539E-02
  0.74270081009202E-04  0.52099208188358E-04  0.12258626001900E-02
  0.54549519993609E-04  0.53082758463080E-04  0.12314579218337E-02
  0.12039033521249E-04  0.84766442834389E-04  0.12502072179849E-02
  0.43919121346745E-04  0.42080046900481E-04  0.12410250843014E-02
  0.37571571894129E-04  0.88135974008594E-04  0.11910240289768E-02
 -0.23988363452661E-05 -0.26403316394273E-04  0.11845631611545E-02
  0.34206094443468E-04  0.72498362305562E-04  0.12015792834904E-02
  0.29226341217810E-04  0.56471766944511E-04  0.12112848637329E-02
 -0.60682121966044E-04  0.13268290719315E-04  0.11784342968523E-02
  0.23521336084353E-04  0.38673893942199E-04  0.12216201411327E-02
 -0.61988696360700E-04  0.33995409418325E-04  0.11811302631740E-02
  0.16654284748098E-04  0.22347367368239E-04  0.12320847503147E-02
  0.97041526730298E-05  0.61769343795896E-05  0.12409539879293E-02
 -0.60104859976336E-04  0.53398382677016E-04  0.11849510496928E-02
  0.51723497350479E-05 -0.85806194085849E-05  0.12459738197064E-02
 -0.56927826017444E-04  0.71332166591370E-04  0.11918695105084E-02
  0.40073636891329E-05 -0.21341952645882E-04  0.12448078526449E-02
  0.10202581257357E-04 -0.30545752425631E-04  0.12338937268305E-02
 -0.50225168767992E-04  0.85852228478855E-04  0.12017454650313E-02
 -0.17768494149078E-04 -0.14664009416593E-04  0.11921448354151E-02
  0.26547316499618E-04 -0.33600933246537E-04  0.12146209788828E-02
  0.40720654939249E-04  0.10264188350682E-03  0.11765143506293E-02
 -0.32507015436180E-04 -0.18961641372724E-06  0.12015484055863E-02
  0.34183443609513E-04 -0.29534837749426E-04  0.12511822581571E-02
 -0.26045000619227E-04  0.71146273927417E-04  0.11895450671308E-02
  0.14594109756835E-04 -0.41632032578343E-04  0.12435252134010E-02
 -0.54819469369011E-05 -0.52127714428582E-04  0.12342701101894E-02
 -0.47436665384949E-04  0.61836941343651E-04  0.12086047865351E-02
 -0.24407047814150E-04 -0.59783282111005E-04  0.12237149963075E-02
 -0.58540234824531E-04  0.52538014197042E-04  0.12223758758689E-02
 -0.59109432956041E-04 -0.59887019155750E-04  0.12033685810493E-02
 -0.59841472468395E-04  0.41281879189696E-04  0.12262851458424E-02
 -0.75747076508972E-04 -0.51056413316576E-04  0.11927188581934E-02
 -0.55135731132522E-04  0.28175860978695E-04  0.12214860696237E-02
 -0.89815600796320E-04 -0.36749895218946E-04  0.11803564277176E-02
 -0.10009792814194E-03 -0.18669286070321E-04  0.11645482112271E-02
 -0.45522506408364E-04  0.14256968002589E-04  0.12121472790331E-02
  0.47569419111314E-04  0.12044491000820E-03  0.11184630035897E-02
  0.44753515491618E-04  0.11431660044149E-03  0.11537545561166E-02
 -0.88595334410386E-07  0.82777587645971E-04  0.11746907292999E-02
 -0.39670394792085E-04  0.97364648505505E-04  0.12132999352211E-02
  0.75000925586484E-04 -0.23193760319496E-04  0.11818845002845E-02
 -0.57830306548278E-04 -0.48730181754993E-04  0.11862695061176E-02
 -0.52064669206959E-04  0.72381274287930E-04  0.11807959298091E-02
 -0.72187769174394E-04 -0.35751578047842E-04  0.11819046425505E-02
 -0.69065716148106E-04  0.58595906375493E-04  0.11979654553472E-02
  0.19799605432756E-04  0.10531127720274E-03  0.11784549691373E-02
  0.16475925443100E-04  0.89165173735760E-04  0.11852256926962E-02
 -0.74953244888064E-04  0.43381900288637E-04  0.12072205009148E-02
  0.12776751081269E-04  0.73145400111867E-04  0.11913882283249E-02
 -0.71990380453628E-04  0.26320062553024E-04  0.12071151502262E-02
  0.10307815697673E-04  0.55659791240607E-04  0.11992976560168E-02
  0.64478748338203E-05  0.37580161857165E-04  0.12086924975564E-02
 -0.62387194413163E-04  0.79999910802162E-05  0.12012544342361E-02
  0.31303201411415E-05  0.18267536081652E-04  0.12194774358628E-02
 -0.49734426087872E-04 -0.80543602727479E-05  0.11931503753986E-02
  0.10014074147625E-05 -0.12454020301630E-05  0.12294507588872E-02
 -0.40778169719822E-04 -0.58390417466482E-04  0.11928738173439E-02
  0.50311281514624E-04 -0.30268916896300E-04  0.11941120520051E-02
 -0.26513244656189E-04  0.86507183464411E-04  0.11644570149124E-02
 -0.76198947895255E-06  0.98619894500047E-04  0.11577502404766E-02
 -0.26552976470683E-04  0.10586768004713E-03  0.12241341058991E-02
  0.95997252140782E-04 -0.15055367235585E-04  0.11834682438055E-02
 -0.91148753854574E-05  0.11216204168340E-03  0.12292073390544E-02
  0.10856813081795E-03 -0.92595026177601E-05  0.11984093426719E-02
  0.10632861825032E-03 -0.84007516883487E-05  0.12194323901107E-02
  0.91529630829480E-05  0.11722561878370E-03  0.12238415640654E-02
  0.91508267831130E-04 -0.14116284935147E-04  0.12375383052367E-02
  0.24222966526065E-04  0.11980517786931E-03  0.12068893213637E-02
  0.71663398138185E-04 -0.24072847611017E-04  0.12454001185987E-02
  0.51743945235446E-04 -0.37223625190655E-04  0.12430711635636E-02
  0.28635285955625E-04  0.11744206715149E-03  0.11844236555417E-02
  0.31355303090564E-04 -0.48798424702666E-04  0.12341337287887E-02
  0.19199782757532E-04  0.10945472121407E-03  0.11652375576522E-02
  0.11503223885608E-04 -0.57115191472135E-04  0.12230824857901E-02
 -0.69597240507025E-05 -0.62677493926227E-04  0.12116778328209E-02
 -0.23603415904558E-04 -0.63629251498750E-04  0.12014921202473E-02
  0.53564752376046E-04 -0.15872547158118E-04  0.12551463752388E-02
  0.74386407017765E-04 -0.30556236700008E-05  0.12512694438814E-02
  0.22597357896302E-04  0.93470643111476E-04  0.11717402449920E-02
  0.93028141691790E-04  0.22196516387235E-04  0.12271415379371E-02
  0.76150569874691E-04  0.16537879810892E-04  0.12481435143809E-02
 -0.46449787718657E-04  0.45899576124835E-04  0.12388646168769E-02
  0.55195032058215E-04  0.52808670842341E-05  0.12589387715329E-02
 -0.44124443954759E-04  0.38252272999091E-04  0.12387385494682E-02
  0.34677480185010E-04 -0.76581687803893E-05  0.12605921464758E-02
  0.15920753178299E-04 -0.19857726689557E-04  0.12570169536813E-02
 -0.37532412571991E-04  0.29672330350427E-04  0.12318409340736E-02
 -0.23347706768202E-05 -0.32536857814197E-04  0.12516829035092E-02
 -0.27966611175489E-04  0.19504302344830E-04  0.12216291229122E-02
 -0.21605664126868E-04 -0.43074344530340E-04  0.12446413722950E-02
 -0.40993009979920E-04 -0.51664221170409E-04  0.12362670053932E-02
 -0.14927183079224E-04  0.62635264801213E-05  0.12106065094968E-02
 -0.59432137260027E-04 -0.56284964906726E-04  0.12255086590147E-02
  0.61769347126121E-07 -0.57261833870968E-05  0.12000123746368E-02
 -0.40980852614784E-04  0.52168117632615E-04  0.12291170300783E-02
 -0.76037407445707E-04 -0.55711685762523E-04  0.12119967105056E-02
  0.98465007971151E-04  0.22018368220995E-04  0.12030361463428E-02
  0.89728892878666E-04  0.16369137568410E-04  0.11846477812429E-02
  0.32139537588411E-04  0.32137725418915E-04  0.12481253175389E-02
  0.32391837874372E-04  0.92099544789468E-04  0.12375849975294E-02
  0.20621191951719E-04  0.21726506977741E-04  0.12533764319433E-02
  0.47557980902301E-04  0.95076510510762E-04  0.12170693625958E-02
  0.10592671874680E-04  0.13259007667795E-04  0.12567567518329E-02
  0.28013876431346E-05  0.55373150601130E-05  0.12565957596557E-02
  0.50471466411586E-04  0.92217852902638E-04  0.11952013599306E-02
  0.63091083789754E-06 -0.15700851600356E-05  0.12500190036320E-02
  0.41214592443605E-04  0.85512056845349E-04  0.11798015322396E-02
  0.77402239117316E-05 -0.59007222784088E-05  0.12342340573827E-02
  0.24564075013172E-04 -0.58063080017002E-05  0.12120676023531E-02
  0.23094741638138E-04  0.76376431480134E-04  0.11775711674336E-02
  0.47868440663450E-04 -0.13900541130799E-05  0.11912032459614E-02
 -0.95069399403805E-06  0.65532646401273E-04  0.11896608052783E-02
  0.71109707635617E-04  0.72544482535933E-05  0.11802388454642E-02
 -0.24865665917532E-04  0.57497989759437E-04  0.12101829563941E-02
 -0.92042399218688E-04 -0.47985097196798E-04  0.11939668544726E-02
  0.15751603648186E-04 -0.16929936696204E-04  0.11906131234172E-02
 -0.10423536346225E-03 -0.34243655994042E-04  0.11698853905073E-02
 -0.27512370062492E-04  0.89264655840732E-04  0.12370468498384E-02
  0.35435916157183E-05 -0.74622920957414E-05  0.12521432570009E-02
  0.59893747403200E-05 -0.15797036428377E-04  0.12431682192112E-02
 -0.95880308235667E-05  0.95671711680632E-04  0.12430952404670E-02
  0.17135711872418E-04 -0.19716938045470E-04  0.12254379708764E-02
  0.10560985757627E-04  0.10217326837343E-03  0.12398385730032E-02
  0.37809145456877E-04 -0.18496589097336E-04  0.12032107270591E-02
  0.62606917100214E-04 -0.12344659494886E-04  0.11858398288488E-02
  0.29085246640981E-04  0.10683499589257E-03  0.12253601623623E-02
  0.84836040614659E-04 -0.33118399594168E-05  0.11812093606757E-02
  0.39182683456908E-04  0.10716518420003E-03  0.12043218291815E-02
  0.10082351510232E-03  0.39590244796442E-05  0.11919249855445E-02
  0.10487625410099E-03  0.75061511271381E-05  0.12134560065260E-02
  0.36505394303940E-04  0.10215538411887E-03  0.11834496935562E-02
  0.93982861921928E-04  0.50575708766907E-05  0.12361240369241E-02
  0.81422880700579E-05  0.24792096131041E-05  0.12530528223734E-02
 -0.43459649163677E-04  0.81382667081426E-04  0.12259437742871E-02
  0.16755969492195E-04  0.13631564078205E-04  0.12489662999128E-02
  0.26585714388815E-04  0.26640369851351E-04  0.12417884789679E-02
  0.31537694040931E-04 -0.27376808118825E-04  0.11827877233732E-02
 -0.11046076586643E-03 -0.15580676328798E-04  0.11379736702889E-02
  0.59352466526619E-04  0.92720011034554E-04  0.10324117761727E-02
 -0.72904031526487E-04 -0.13943161796228E-04  0.11640546062351E-02
  0.66253409710426E-04  0.10116473437131E-03  0.10872907643757E-02
 -0.75453852717615E-04  0.47963747804167E-05  0.11790932752035E-02
  0.66056390668074E-04  0.10186855792374E-03  0.11357232141592E-02
 -0.35563016393840E-04 -0.22454020183223E-04  0.11859583449459E-02
  0.61776452721747E-04  0.95602210772354E-04  0.11719281741636E-02
  0.57335980995429E-04  0.84120041292521E-04  0.11954534629760E-02
 -0.71495011504342E-04  0.41387998203832E-04  0.11956712235698E-02
  0.51861495256020E-04  0.70463407624854E-04  0.12112951562182E-02
  0.44953875210116E-04  0.55576711599480E-04  0.12233285607479E-02
 -0.64670301289433E-04  0.57302319170743E-04  0.12034364300661E-02
  0.35930173905738E-04  0.40905433312680E-04  0.12332922705299E-02
 -0.55891281247918E-04  0.71059424991996E-04  0.12139804959709E-02
 -0.74491594397281E-04  0.23371084033540E-04  0.11883128207383E-02
  0.54009660083574E-04  0.11769760764066E-04  0.94833918963646E-03
