  0.11944249876478E-03 -0.39205201870741E-04 -0.14049410142685E-02
 -0.19616953065791E-04  0.52656967726415E-04 -0.15029584060067E-02
 -0.40714540541622E-05 -0.25716115605851E-04 -0.15559460892726E-02
 -0.15094078384088E-04  0.30638551608890E-04 -0.15070854877044E-02
  0.12752873698679E-04 -0.11060246139467E-04 -0.15670324763062E-02
  0.25771465173810E-04  0.13077434152532E-05 -0.15724899742120E-02
 -0.10755311148766E-04  0.77632973574285E-05 -0.15094965562620E-02
  0.38187444725148E-04  0.72939836277400E-05 -0.15695262728139E-02
 -0.91361279124185E-05 -0.16296250045028E-04 -0.15093517114640E-02
  0.48854959569137E-04  0.61644675737386E-05 -0.15546072710772E-02
  0.57997094228329E-04 -0.40054124272273E-05 -0.15259972426212E-02
 -0.50762386461144E-05 -0.39465922884323E-04 -0.15043020369991E-02
  0.65360371249555E-04 -0.22004503836126E-04 -0.14906328905538E-02
 -0.27491498996540E-05 -0.59484317550475E-04 -0.14917836679965E-02
  0.71702587782696E-04 -0.39787366689979E-04 -0.14601568579157E-02
  0.76626451706176E-04 -0.56418427278120E-04 -0.14431127329844E-02
 -0.20957718300501E-04 -0.39841106789473E-04 -0.15408855069288E-02
 -0.38036479196588E-04 -0.54650612645492E-04 -0.15237797281979E-02
 -0.23637966086093E-04  0.73969098617910E-04 -0.14966305425961E-02
 -0.52214057872508E-04 -0.67940542634209E-04 -0.15042832609280E-02
 -0.14747014068563E-04  0.71239270428647E-04 -0.12368645633133E-02
  0.56653686115590E-04 -0.49953306400205E-04 -0.14488701977101E-02
 -0.19090920351168E-04  0.95424100105654E-04 -0.12946886632275E-02
 -0.15350085200774E-04 -0.72947006052350E-05 -0.11616058259444E-02
 -0.24675093299024E-04 -0.29704032761225E-04 -0.11827320471998E-02
 -0.22222953876165E-04  0.11269933418487E-03 -0.13537487192091E-02
 -0.36019439414536E-04 -0.50479952815363E-04 -0.12230435288224E-02
 -0.60359223973184E-06 -0.72062252885442E-04 -0.14723134019814E-02
 -0.24776143441813E-04  0.12141358883156E-03 -0.14049173739879E-02
 -0.56078622163817E-04 -0.78227670278525E-04 -0.13381799728238E-02
 -0.24719380928371E-04  0.12132870185733E-03 -0.14435530585062E-02
 -0.64696281842575E-04 -0.85361924427754E-04 -0.13954546448960E-02
 -0.25233828056876E-04  0.10987003384439E-03 -0.14697989513798E-02
 -0.64815211475075E-04 -0.85071486188153E-04 -0.14435190254714E-02
 -0.61304476784543E-04 -0.78578484315909E-04 -0.14792218219389E-02
 -0.24875702615632E-04  0.94010450642831E-04 -0.14863267764771E-02
 -0.47584422954307E-04 -0.67760386778901E-04 -0.12775603282767E-02
 -0.36918372130520E-04 -0.21561141845055E-04 -0.11929558266829E-02
  0.17768323068152E-05 -0.75262023938359E-04 -0.14518198746589E-02
 -0.48787825197838E-04 -0.47076164401384E-04 -0.12234390150014E-02
  0.51845830943389E-04  0.98677673963115E-05 -0.15581964610580E-02
 -0.28803210925119E-04  0.11457490981942E-03 -0.14218175030087E-02
  0.64549109533650E-04  0.30148714158625E-05 -0.15387408519403E-02
 -0.32275691892094E-04  0.10964684970189E-03 -0.14519154807489E-02
  0.75337116290335E-04 -0.10975633532875E-04 -0.15072348933722E-02
  0.85078378399763E-04 -0.27881210961746E-04 -0.14735090790633E-02
 -0.36409794558912E-04  0.97318672185051E-04 -0.14705634078198E-02
  0.37366858188805E-04  0.67246680363496E-05 -0.15635280048971E-02
  0.93070925429322E-04 -0.47558567305900E-04 -0.14487109894218E-02
 -0.45360999482519E-04 -0.12693947788776E-04 -0.12227949871785E-02
 -0.55806305056959E-04 -0.40335514219742E-04 -0.12426302991648E-02
 -0.39279855894941E-04  0.60808748406140E-04 -0.14916827193017E-02
 -0.67721336283617E-04 -0.62116171031695E-04 -0.12786648746057E-02
 -0.36503706219687E-04  0.38915581459796E-04 -0.14989652586062E-02
 -0.81342365407812E-04 -0.76302693997733E-04 -0.13231850443916E-02
 -0.91344490490871E-04 -0.82778823776904E-04 -0.13674423237303E-02
 -0.39296086166578E-04  0.79882067785874E-04 -0.14828905936687E-02
  0.51839930070900E-04 -0.30182285336425E-04 -0.14733248031968E-02
 -0.21113541467460E-04  0.10776922390807E-03 -0.13773466212291E-02
 -0.14828662799786E-04  0.93337512197184E-04 -0.13202795159463E-02
 -0.61152829739191E-04 -0.65305652604603E-04 -0.12692255190423E-02
  0.13516224282656E-05 -0.71891938662430E-04 -0.14389503572017E-02
 -0.72197222700684E-04 -0.77886589443107E-04 -0.13225275722775E-02
 -0.23023206031037E-06 -0.58697886476788E-04 -0.14406873924220E-02
 -0.81336029909818E-04 -0.83925907599519E-04 -0.13738659122796E-02
 -0.84173775094897E-04 -0.84548181046949E-04 -0.14165887616479E-02
  0.62380358172735E-05  0.41818705594709E-05 -0.11534787263357E-02
  0.20726185069042E-04 -0.18097262156413E-05 -0.15576338159023E-02
 -0.81089068425973E-04 -0.77557974932477E-04 -0.14481537364931E-02
 -0.71187325290560E-04 -0.65303074014716E-04 -0.14705747420332E-02
 -0.57727179963306E-04 -0.52681079945319E-04 -0.14886890485121E-02
  0.22727072765476E-06  0.50284085327771E-04 -0.12062867397682E-02
 -0.40166508884012E-04 -0.38290764215972E-04 -0.15068802782623E-02
 -0.81465677028728E-05  0.73670599804986E-04 -0.12597429930795E-02
 -0.19944353020702E-04 -0.24854606617159E-04 -0.15259066006992E-02
  0.15443570277382E-05 -0.12021144427226E-04 -0.15440112709506E-02
  0.54263539584809E-05  0.25917884635669E-04 -0.11688480816722E-02
  0.46714412662256E-04 -0.11855478115305E-04 -0.15085413233300E-02
 -0.10043425563207E-04  0.44957837308481E-04 -0.11910859907493E-02
  0.38614780230542E-04  0.29193420341579E-05 -0.15432871659848E-02
  0.21870951019953E-04 -0.25709991977103E-04 -0.11879997861914E-02
  0.30551945882353E-04 -0.10871825641844E-04 -0.15076701941717E-02
  0.13572312032897E-04 -0.41189239775577E-04 -0.12270202825973E-02
  0.34393711184231E-04 -0.34591914278331E-04 -0.15046487819727E-02
  0.59951234718087E-05 -0.53029261039042E-04 -0.12806152420679E-02
 -0.18867553917872E-05 -0.64792789610407E-04 -0.13424009891522E-02
  0.38377485798687E-04 -0.54015321322733E-04 -0.14940205583564E-02
  0.19320362827015E-04 -0.50180227359175E-04 -0.14471268241279E-02
 -0.10406453286832E-04 -0.73545442826131E-04 -0.14049018827891E-02
 -0.15368792162566E-04 -0.77804548374095E-04 -0.14606832981007E-02
 -0.19528791591971E-04 -0.75566746737601E-04 -0.15044829679303E-02
  0.42823479178724E-04 -0.70720657956473E-04 -0.14550869372802E-02
 -0.20525960240090E-04 -0.68776191264222E-04 -0.15348139761971E-02
  0.42094338409628E-04 -0.68584350883586E-04 -0.14413019973226E-02
 -0.18801824645435E-04 -0.56816204213435E-04 -0.15545553140840E-02
 -0.13843134569190E-04 -0.43283938504426E-04 -0.15667468611834E-02
  0.39570387720068E-04 -0.65697039257702E-04 -0.14756410341259E-02
 -0.23318596387505E-04  0.91545129995615E-04 -0.12820154054645E-02
  0.29454705156112E-04  0.12551555655308E-04 -0.15064197570183E-02
  0.26497462710403E-04  0.36195850337223E-04 -0.15031592916986E-02
 -0.52310348382959E-06 -0.59274686744716E-04 -0.15170867157732E-02
 -0.18327713460702E-04  0.13249711537795E-03 -0.14140848885279E-02
 -0.60982284657226E-05 -0.51079273187124E-04 -0.15420705291060E-02
 -0.96675660147827E-05  0.12767089409417E-03 -0.14424518125615E-02
 -0.10964138643181E-04 -0.39580561719803E-04 -0.15586332746382E-02
 -0.13133868182811E-04 -0.27217755117915E-04 -0.15691607272156E-02
 -0.13353174259409E-05  0.11535834396798E-03 -0.14634218273693E-02
  0.15867068267537E-04 -0.29031798211585E-04 -0.14741826835052E-02
 -0.12647490254984E-04 -0.12512012008043E-04 -0.15748995048411E-02
 -0.10841094357067E-04  0.30936787703493E-05 -0.15776673059483E-02
 -0.77405121556120E-05  0.14604380763811E-04 -0.15766286646000E-02
  0.14534303670408E-04  0.78515558501205E-04 -0.14905130981624E-02
 -0.88654720544541E-06  0.17573400877314E-04 -0.15681127847577E-02
  0.21396558110375E-04  0.57560643018821E-04 -0.14981045294603E-02
  0.57401277025876E-05  0.96730911517968E-05 -0.15460813489284E-02
  0.12261569661587E-04 -0.78796415712133E-05 -0.15112929894011E-02
  0.76464456593960E-05  0.97915005277867E-04 -0.14792833902619E-02
 -0.32668328939591E-04  0.18364863359854E-04 -0.15047415813068E-02
 -0.81949423406074E-05 -0.26669575579485E-04 -0.15741849391732E-02
 -0.12502069496580E-05 -0.99448533245939E-05 -0.15781079303454E-02
 -0.40625097733185E-04 -0.83674814595063E-04 -0.14279906390682E-02
  0.99604011379680E-05 -0.26849998710221E-05 -0.15096755943481E-02
 -0.42406551414677E-04 -0.83351381352083E-04 -0.14767717637384E-02
  0.11741434969726E-04 -0.26255181715062E-04 -0.15079689071961E-02
 -0.40736966948624E-04 -0.77482067365934E-04 -0.15118508364348E-02
 -0.33215992287069E-04 -0.66585789134373E-04 -0.15354778817665E-02
  0.16697004045709E-04 -0.47756816834223E-04 -0.15001516136839E-02
 -0.34640204245560E-04 -0.78709877385147E-04 -0.13680571537523E-02
 -0.22201921512907E-04 -0.51526686513314E-04 -0.15519243499287E-02
  0.20140135297735E-05 -0.20442995143418E-04 -0.15725485460397E-02
  0.20771137670985E-04 -0.72389956963780E-04 -0.14630601352986E-02
  0.13086988035884E-04 -0.46497368389560E-05 -0.15770584105936E-02
  0.21838311431547E-04 -0.72442509206293E-04 -0.14447980420653E-02
  0.21916293222325E-04  0.65726009080814E-05 -0.15761430668458E-02
  0.30671438522316E-04  0.10068732621638E-04 -0.15664549753359E-02
  0.21705836601822E-04 -0.63968920864502E-04 -0.14376166437551E-02
 -0.95620722790094E-05 -0.36228090433366E-04 -0.15641374016987E-02
 -0.24165043740408E-04  0.11411163321215E-03 -0.13366347822726E-02
  0.69088121545071E-05  0.21570236861693E-04 -0.15087062641742E-02
  0.32813530752608E-05  0.43527883270908E-04 -0.15060824069744E-02
  0.39893188822849E-05  0.45039601939721E-05 -0.15789579934925E-02
 -0.22557941838403E-04  0.12579352143598E-03 -0.13874519189477E-02
  0.11763948197322E-04  0.12610912577783E-04 -0.15739959216376E-02
 -0.21077362883698E-04  0.12817171543021E-03 -0.14283325256736E-02
  0.20198461492140E-04  0.11572682559860E-04 -0.15581420524555E-02
  0.25786518233730E-04 -0.10325092706235E-05 -0.15281367870704E-02
 -0.15292511933577E-04  0.12151894036890E-03 -0.14585994074813E-02
 -0.26787150618817E-04 -0.67765813944065E-04 -0.13034471129977E-02
  0.31974205072161E-04 -0.20340286238042E-04 -0.14905454710199E-02
  0.36993305126045E-04 -0.39450501934532E-04 -0.14584815297657E-02
  0.38581849313760E-04 -0.57163996775677E-04 -0.14411466234059E-02
 -0.60536453810416E-05  0.86952587594670E-04 -0.14931732777634E-02
  0.25204406767696E-06 -0.18124653963983E-04 -0.11628278913061E-02
 -0.18164931353063E-05  0.66229616109456E-04 -0.15013903271874E-02
 -0.78860080436589E-05 -0.36969586529569E-04 -0.11943151704723E-02
 -0.17519232495139E-04 -0.51480371952423E-04 -0.12430888752482E-02
 -0.11095109236396E-04  0.10639735373927E-03 -0.14795301828370E-02
 -0.97025536106452E-04 -0.83362047138456E-04 -0.14034590322430E-02
 -0.28468512400044E-04 -0.56835989587801E-05 -0.15079882345616E-02
 -0.96417253094888E-04 -0.74850124906978E-04 -0.14288545032755E-02
 -0.62942174887677E-04 -0.37341185937068E-04 -0.14985808563552E-02
 -0.83962470347898E-04 -0.10467707623232E-04 -0.14426352744420E-02
 -0.62180625581675E-04 -0.60211257265500E-04 -0.14939081321720E-02
 -0.72604997936046E-04  0.69762619340863E-05 -0.14393955023511E-02
 -0.58064632015360E-04  0.21458449831449E-04 -0.14411056656810E-02
 -0.60502914373918E-04 -0.76066734193633E-04 -0.14801723929492E-02
 -0.40935145853865E-04  0.35302118033978E-04 -0.14481193034643E-02
 -0.93940773777569E-04 -0.26997755796875E-04 -0.14485288971510E-02
 -0.58269523851224E-04 -0.83588155792082E-04 -0.14611008279071E-02
  0.12283907565615E-05  0.52052306420821E-04 -0.14661600304581E-02
 -0.54409802784818E-04 -0.80824968571643E-04 -0.14441547136812E-02
  0.27939319299500E-04  0.50253767873924E-04 -0.14666622402438E-02
 -0.50222020198440E-04 -0.69977639441500E-04 -0.14365487605328E-02
  0.53496327145492E-04  0.40604365539829E-04 -0.14525398533111E-02
  0.75153062102017E-04  0.25121027775794E-04 -0.14229233707584E-02
  0.68471578863650E-04 -0.74192517992728E-05 -0.12403957856113E-02
 -0.20677836179754E-04  0.46309052795493E-04 -0.14578935455145E-02
  0.92198769497355E-04  0.49104080810679E-05 -0.13866038797531E-02
 -0.10085125298941E-03 -0.43855836190033E-04 -0.14547720153711E-02
 -0.10505321851656E-03 -0.61931084531348E-04 -0.14566652880179E-02
 -0.20736346493429E-04  0.93501298927120E-04 -0.14183398957553E-02
  0.77862152180509E-04  0.20775206554876E-04 -0.14745537886396E-02
 -0.34802660895006E-04  0.91212505600005E-04 -0.14360788284631E-02
  0.97273941326573E-04  0.36258625710738E-05 -0.14424820008650E-02
  0.11060202959466E-03 -0.14846596151293E-04 -0.14099630285674E-02
 -0.46720118061521E-04  0.82572801803196E-04 -0.14456963248562E-02
  0.11833681619752E-03 -0.30170475942451E-04 -0.13877485511914E-02
 -0.64419023726315E-04 -0.14395170298407E-04 -0.14949289198527E-02
 -0.56831184084575E-04  0.66732000266227E-04 -0.14536556765333E-02
 -0.76018701453752E-04 -0.66740509652389E-04 -0.13864841246347E-02
 -0.62614371274817E-04  0.49603890344892E-04 -0.14628215832432E-02
 -0.86246562045622E-04 -0.81206724523918E-04 -0.14096957079372E-02
 -0.65745156033406E-04  0.30645057326206E-04 -0.14740766662742E-02
 -0.95502161443243E-04 -0.82917296310580E-04 -0.14333844347128E-02
 -0.10108611254364E-03 -0.77335824229587E-04 -0.14502685091987E-02
 -0.65989673008917E-04  0.91747844250934E-05 -0.14856012931576E-02
 -0.68183538662046E-04 -0.43173866129350E-04 -0.13709856219607E-02
  0.53859844000895E-04  0.32630194028821E-04 -0.14944116885060E-02
  0.61899498095173E-04  0.76327193939639E-05 -0.12606898082814E-02
  0.10893168643295E-03 -0.26242683925445E-04 -0.13399203030277E-02
 -0.71821827735757E-04  0.30783810188381E-04 -0.14538497300660E-02
 -0.21742854477181E-04  0.64944202032266E-04 -0.14437290730087E-02
 -0.75982301343561E-04  0.11528517046505E-04 -0.14651803317968E-02
  0.15171364983181E-05  0.66293940988584E-04 -0.14424262459286E-02
  0.24600738239640E-04  0.59878963322210E-04 -0.14298911192768E-02
 -0.78170685171726E-04 -0.83337051511616E-05 -0.14769319716602E-02
  0.46239175942740E-04  0.45715560852743E-04 -0.14013365378880E-02
 -0.40135265434992E-04  0.56269034362681E-04 -0.14409934371332E-02
 -0.78966494465134E-04 -0.31075321548704E-04 -0.14859502795963E-02
  0.79770489945751E-04  0.59920027526737E-05 -0.13232533941199E-02
 -0.81340234150660E-04 -0.53113556129773E-04 -0.14883024107396E-02
  0.88633124978304E-04 -0.11432506530589E-04 -0.12970446240232E-02
 -0.78877942879620E-04 -0.70727545073517E-04 -0.14816012463138E-02
 -0.59335635989364E-04 -0.56496831796794E-04 -0.14270226022494E-02
 -0.64542452344078E-04 -0.74359598560957E-04 -0.14319477417319E-02
 -0.75470271916260E-04 -0.82401488252336E-04 -0.14660814947393E-02
  0.65031759069873E-04  0.26232023119576E-04 -0.13617402181407E-02
  0.10362968257450E-03 -0.12792282964585E-04 -0.13562277511350E-02
 -0.56166348174247E-04  0.43248205597677E-04 -0.14390148914839E-02
 -0.69733415340038E-04  0.27357184020110E-04 -0.14405622703131E-02
  0.51011760346269E-04  0.26836091595213E-04 -0.12977586336632E-02
 -0.69293076506286E-04 -0.62483853384194E-04 -0.14087138517682E-02
  0.34798539009082E-04  0.48041257553977E-04 -0.13440829374351E-02
 -0.76632107511706E-04 -0.78400877746324E-04 -0.14237957324881E-02
 -0.85263594821692E-04 -0.83717154869661E-04 -0.14441080877257E-02
  0.16976277656179E-04  0.65917006333717E-04 -0.13870717710998E-02
 -0.90746090797413E-04 -0.80705452546502E-04 -0.14624941439107E-02
 -0.63334986584792E-04  0.48047603885157E-04 -0.14455745594467E-02
 -0.13613029003619E-05  0.78072529719540E-04 -0.14167313513542E-02
 -0.94874554048040E-04 -0.47585722927943E-04 -0.14731660623077E-02
 -0.20828309386734E-04  0.80311211579437E-04 -0.14316882796512E-02
 -0.90030967263065E-04 -0.27932726983957E-04 -0.14665878143537E-02
 -0.38603025278961E-04  0.75119842000784E-04 -0.14374419387387E-02
 -0.84580065243509E-04 -0.76356542198771E-05 -0.14566179834256E-02
 -0.78899216373964E-04  0.10723966504969E-04 -0.14470776444042E-02
 -0.53069141968505E-04  0.63054851788168E-04 -0.14406682583402E-02
 -0.94999614713490E-04 -0.66477430525345E-04 -0.14728729484166E-02
  0.70050160800894E-05 -0.64221865733993E-04 -0.14820260618565E-02
  0.27060064608681E-04  0.37805110641442E-04 -0.14978989288235E-02
  0.36655686548952E-05  0.34143306875686E-04 -0.14890167295961E-02
  0.11028142008318E-03 -0.48147785016390E-04 -0.14344041093004E-02
  0.10746817090199E-04  0.50978418097647E-04 -0.12397440009368E-02
 -0.60089788209052E-04 -0.31719079455814E-04 -0.12766848881005E-02
  0.12499902121902E-06  0.71715250623340E-04 -0.12962506182320E-02
 -0.70594508151739E-04 -0.56899112698646E-04 -0.13024140001932E-02
 -0.83220388231626E-04 -0.75439648760639E-04 -0.13379683287030E-02
 -0.10363005169609E-04  0.90337808293499E-04 -0.13532885333073E-02
  0.10342879412496E-03 -0.32684862720492E-04 -0.14536349998579E-02
 -0.94790053075629E-04 -0.82152002398418E-04 -0.13750426033584E-02
 -0.10226214772377E-03 -0.82239348078916E-04 -0.14054855239377E-02
 -0.10467507951135E-03 -0.73288558822554E-04 -0.14252984002329E-02
 -0.31009754820462E-04  0.10471184961334E-03 -0.14321137420143E-02
 -0.10175340080335E-03 -0.59973702682514E-04 -0.14357215511474E-02
 -0.40008254785967E-04  0.96761252449181E-04 -0.14513058979660E-02
 -0.91533564983108E-04 -0.45581944616038E-04 -0.14414618146290E-02
 -0.76590718193572E-04 -0.31384673555878E-04 -0.14479796293995E-02
 -0.22626040041789E-04  0.10227146255303E-03 -0.14003195742811E-02
 -0.47773925285265E-04  0.83788321201062E-04 -0.14634159394584E-02
  0.20138163155020E-04  0.29000803420761E-04 -0.11954959386416E-02
  0.24850856126605E-04  0.96495340181003E-05 -0.11701760108946E-02
 -0.89532197149213E-04 -0.62019540343850E-04 -0.14454639774918E-02
 -0.26705741436798E-04 -0.30767109995113E-04 -0.15066342976340E-02
 -0.76251254032503E-04 -0.49128290474704E-04 -0.14582355634715E-02
 -0.23462273272258E-04 -0.54053189380918E-04 -0.14982928364419E-02
 -0.59855941927406E-04 -0.35284522870781E-04 -0.14721032079421E-02
 -0.39911277638936E-04 -0.20800028126141E-04 -0.14893178626859E-02
 -0.21281206487303E-04 -0.69685722796987E-04 -0.14818994519528E-02
  0.92685504500434E-04 -0.14768804632325E-04 -0.14843666018990E-02
 -0.18581494091651E-04 -0.98425227982883E-05 -0.15092884233792E-02
  0.45360705288857E-05  0.69262439911321E-06 -0.15286420238996E-02
  0.26404384198756E-04  0.96382771965782E-05 -0.15432979335801E-02
 -0.18721992578506E-04 -0.77001414559472E-04 -0.14443198189239E-02
  0.44280679957759E-04  0.14756114543739E-04 -0.15487488779748E-02
 -0.18630387928781E-04 -0.68569969930530E-04 -0.14387129859282E-02
  0.63580298863897E-04  0.12317740224338E-04 -0.15406249388296E-02
  0.79323639878645E-04  0.22047522151656E-05 -0.15172397140334E-02
 -0.19513940732816E-04 -0.79290800958582E-04 -0.14611636007916E-02
 -0.71613699098857E-05  0.85736341380848E-04 -0.13868170227699E-02
 -0.60468111814898E-04 -0.17019906728110E-04 -0.14582058256003E-02
 -0.40042989469232E-04 -0.48712450837666E-05 -0.14731618440465E-02
 -0.10182569621862E-03 -0.82428187098039E-04 -0.14178885954937E-02
 -0.36385856409275E-04 -0.75520582411132E-04 -0.14404779223357E-02
 -0.10557914098485E-03 -0.74188605410148E-04 -0.14348543228489E-02
 -0.35630762455307E-04 -0.61310185019008E-04 -0.14416077477963E-02
 -0.10710600295092E-03 -0.59793648296864E-04 -0.14414175502494E-02
 -0.10033505070857E-03 -0.43356228540179E-04 -0.14416533097266E-02
  0.43821893204448E-04  0.88036942422659E-05 -0.12075248748135E-02
 -0.92455150136739E-04 -0.81122853144055E-04 -0.13915731539591E-02
 -0.89006722474571E-04 -0.28211566481580E-04 -0.14404307164825E-02
 -0.75532267690931E-04 -0.13410633758222E-04 -0.14418794974760E-02
 -0.59004525611672E-04  0.12880977675668E-05 -0.14476681850257E-02
  0.23041682163141E-04  0.48908125090724E-04 -0.12877661309775E-02
 -0.39561363366368E-04  0.14754235150037E-04 -0.14590431737781E-02
  0.11588093752600E-03 -0.33471273085602E-04 -0.14223005277201E-02
 -0.19078403920493E-04  0.25122200696073E-04 -0.14741328797295E-02
  0.83571832867567E-05  0.69405990150952E-04 -0.13408646552511E-02
  0.35032638127015E-04  0.28757006847180E-04 -0.12399198173891E-02
 -0.51893348345141E-04  0.65821836278788E-04 -0.14733562839877E-02
 -0.39062962622730E-04 -0.82194542427536E-04 -0.14524350989515E-02
 -0.40442947944891E-04 -0.78742747386371E-04 -0.14717701554364E-02
 -0.17183052332867E-04  0.71050110667925E-05 -0.14917070020086E-02
 -0.53098523867432E-04  0.46298610135613E-04 -0.14831546077519E-02
  0.52714743488140E-05  0.16556528916472E-04 -0.15100542700853E-02
 -0.52187633982426E-04  0.26022785923952E-04 -0.14928811856785E-02
  0.27135017469781E-04  0.23147446235239E-04 -0.15234332892664E-02
  0.49929838176854E-04  0.23286532176105E-04 -0.15263193655080E-02
 -0.49083804808340E-04  0.35489435232367E-05 -0.15008280299798E-02
 -0.79896702841202E-04 -0.71471960973559E-04 -0.13612993570282E-02
  0.73163118908841E-04  0.16842069673877E-04 -0.15136384259444E-02
  0.91720144565803E-04  0.16601461957436E-05 -0.14861411518037E-02
  0.10637419705100E-03 -0.16181913817246E-04 -0.14530275775405E-02
 -0.44302812060442E-04 -0.46363155502439E-04 -0.15017752859277E-02
  0.11727042393029E-03 -0.33776410129972E-04 -0.14260197668389E-02
 -0.41598363423156E-04 -0.65843886342334E-04 -0.14902910447625E-02
 -0.63161226144608E-04 -0.20415019824689E-04 -0.13210523112580E-02
 -0.70925098135036E-04 -0.50261723552847E-04 -0.13350072002622E-02
 -0.46280326743796E-04 -0.21797177610556E-04 -0.15047165469765E-02
 -0.24855513783273E-04  0.12462279627966E-03 -0.13772549699172E-02
  0.19020612726248E-04 -0.63023797316064E-04 -0.14842990517565E-02
  0.14358332558060E-04 -0.62687602453107E-04 -0.14368071575651E-02
  0.56731293054015E-04  0.15730715326148E-04 -0.14442585803303E-02
  0.38005751285788E-04  0.73986965961802E-04 -0.14441229852712E-02
  0.38436029317512E-04  0.24537871864354E-04 -0.14523943654231E-02
  0.54446495512098E-04  0.57210142306827E-04 -0.14502210244630E-02
  0.24344761889021E-04  0.34708050555885E-04 -0.14651884921532E-02
  0.68107626342508E-05  0.45095118806610E-04 -0.14809968099225E-02
 -0.59374971254980E-04 -0.28467162118559E-04 -0.14370960035401E-02
  0.66365018093219E-04  0.40502699562083E-04 -0.14589151159127E-02
  0.76840357829304E-04  0.24139284436684E-04 -0.14687136799473E-02
 -0.24699232958761E-04  0.61385094461020E-04 -0.15159685731822E-02
 -0.37098205208409E-04  0.61995765030387E-04 -0.15294656304219E-02
  0.83928896079131E-04  0.60958915423772E-05 -0.14784762115765E-02
 -0.46255629846569E-04  0.55971422466208E-04 -0.15330389941046E-02
  0.89764269597633E-04 -0.14557417476529E-04 -0.14856441557619E-02
 -0.90223634986950E-05  0.53187407134479E-04 -0.14987991113933E-02
  0.23859884192074E-04  0.86193191023448E-04 -0.14410620125450E-02
 -0.60062059026219E-04  0.56454214510530E-05 -0.14598560373378E-02
  0.11328045108770E-03 -0.56548026798589E-04 -0.14309668754451E-02
  0.88821365798738E-04  0.98735085604511E-05 -0.14591359998842E-02
 -0.66026392534386E-04 -0.34790848332938E-04 -0.14057674563291E-02
  0.97485166549286E-04 -0.58992287791253E-05 -0.14681531649750E-02
  0.35699880806796E-04  0.47702670261704E-04 -0.14431857836238E-02
  0.20441209662658E-04  0.56559205813779E-04 -0.14525335631659E-02
  0.10474355188469E-03 -0.23221796462561E-04 -0.14730753713736E-02
  0.53804598775183E-05  0.67858859763150E-04 -0.14655268448553E-02
  0.10988953620745E-03 -0.37030421719435E-04 -0.14693135155754E-02
 -0.11780328301872E-04  0.77102678842087E-04 -0.14814714387052E-02
 -0.28213323990732E-04  0.78973259007668E-04 -0.14969681701011E-02
  0.11278976584403E-03 -0.49360286879881E-04 -0.14564484388350E-02
 -0.40891704791240E-04  0.77132213964295E-04 -0.15067461408699E-02
  0.11414126342875E-03 -0.55281944504225E-04 -0.14408301682882E-02
 -0.52908417537209E-04  0.62897798156332E-04 -0.15039640846839E-02
 -0.57577647136716E-04  0.37651836148543E-04 -0.14863331771464E-02
 -0.51094085847205E-04  0.38993585829622E-04 -0.15210454018141E-02
 -0.63588042594933E-04 -0.24777289624338E-05 -0.14178235122246E-02
 -0.51141059698997E-04  0.11274454724707E-04 -0.14947358769435E-02
 -0.50256985149665E-04 -0.19603103180309E-04 -0.14647841185835E-02
 -0.40269632682843E-04  0.16552315733950E-04 -0.15224552395894E-02
  0.52314665608289E-04  0.54774079921148E-04 -0.14701601174176E-02
 -0.36988948122812E-04 -0.10452754155673E-04 -0.14897125545172E-02
 -0.35122594761865E-04 -0.39589982814906E-04 -0.14592822247672E-02
  0.61653802109700E-04  0.37257372598195E-04 -0.14794695446188E-02
  0.74315202389174E-04 -0.35580297833516E-04 -0.14094802033721E-02
  0.40749658681339E-04  0.72948411154459E-04 -0.14607801543082E-02
  0.66948152678187E-04  0.16896609754240E-04 -0.14880171043035E-02
  0.47610621547350E-04 -0.27354066541501E-04 -0.14573327571179E-02
  0.71269012443049E-04 -0.41951233198613E-05 -0.14946720906386E-02
  0.34711977173249E-04 -0.19164641776808E-04 -0.14791066368039E-02
  0.74484156222531E-04 -0.26232455149572E-04 -0.14965751720793E-02
  0.20217769314659E-04 -0.13292304439612E-04 -0.14998591038741E-02
  0.71051222695277E-05 -0.38889528684584E-05 -0.15194962957650E-02
  0.61685173659199E-04 -0.31499603121097E-04 -0.14344813311711E-02
 -0.41641374270647E-04  0.35979836089233E-04 -0.15454675550365E-02
 -0.39349839493839E-04  0.44880308654533E-04 -0.15522621399782E-02
  0.27954534960205E-04  0.89395798436480E-04 -0.14520173618497E-02
  0.97916571564576E-04 -0.48007581858532E-04 -0.14763061578751E-02
 -0.49639256305464E-04 -0.48822771251362E-04 -0.14431577655149E-02
  0.71282421388239E-04 -0.12384156717566E-04 -0.14400027273355E-02
  0.10023655938679E-03 -0.59902840628393E-04 -0.14596003937172E-02
  0.54493814694779E-04 -0.54090206852279E-05 -0.14516685415885E-02
  0.99273340106917E-04 -0.63459976139588E-04 -0.14445052156141E-02
  0.39694401318105E-04  0.25849138027203E-05 -0.14657691386869E-02
  0.23680119630928E-04  0.12386796919210E-04 -0.14818670186584E-02
  0.97722436366463E-04 -0.59049578535575E-04 -0.14386498224062E-02
  0.73926617831448E-05  0.20061126607143E-04 -0.15001038797915E-02
  0.20884378093421E-05  0.11630741014169E-03 -0.14380620161079E-02
 -0.72496787511000E-05  0.30727586461049E-04 -0.15178649344538E-02
 -0.21178954051496E-04  0.39282160531047E-04 -0.15339466493044E-02
  0.14269053117870E-04  0.10589571263768E-03 -0.14444204157391E-02
 -0.32597421132158E-04  0.45056611653331E-04 -0.15464568240871E-02
  0.94132869952196E-04 -0.32662478359446E-04 -0.14857435398885E-02
  0.77832274775757E-04 -0.46011692074319E-04 -0.14897832749366E-02
  0.26231082809276E-04 -0.11248003350130E-04 -0.11674799563089E-02
  0.79085406680690E-04  0.25867650658531E-04 -0.14502649890748E-02
 -0.35785461303130E-04  0.96257167497410E-04 -0.13448029911880E-02
 -0.41617337818838E-04  0.68958747184956E-04 -0.13075971580592E-02
  0.10728048945844E-03 -0.34563227649828E-04 -0.13765361932518E-02
  0.86509310341146E-04  0.10021177046319E-04 -0.14440718141840E-02
 -0.48220095617936E-04  0.34835095614921E-04 -0.12794548513271E-02
  0.10496900606876E-03 -0.32990904222636E-04 -0.13987747583585E-02
  0.11140308037538E-03 -0.35170821143772E-04 -0.13546041981912E-02
 -0.52855618367745E-04 -0.14357124626144E-05 -0.12681623783253E-02
 -0.11494093507270E-04  0.12420740828727E-03 -0.14305470157997E-02
  0.97319117758450E-04 -0.27311357854344E-04 -0.14163833882188E-02
 -0.25888711796772E-04  0.11984083554900E-03 -0.14188238283812E-02
  0.85100084312435E-04 -0.22057284448474E-04 -0.14293233130339E-02
 -0.36643470449308E-04  0.10512064054657E-03 -0.13988455117697E-02
  0.10762933550521E-03 -0.17123124220209E-04 -0.14547743233355E-02
  0.96894390024762E-04 -0.39095775184046E-05 -0.14500296412640E-02
  0.69262473148784E-04  0.22219478529264E-04 -0.14400247109279E-02
 -0.28963800352900E-04  0.11880613303090E-03 -0.13801849116944E-02
  0.11179991371834E-03 -0.33672066848949E-04 -0.13402506689231E-02
 -0.10701619229183E-04  0.18885649913537E-04 -0.11644645311148E-02
 -0.21814368486711E-04  0.64961323023321E-04 -0.12322137387006E-02
  0.11108695147277E-03 -0.26910391646048E-04 -0.14334613108719E-02
  0.12094789869399E-03 -0.41041008838935E-04 -0.13887047397906E-02
 -0.24818810197330E-04  0.35010916313920E-04 -0.11974788059557E-02
  0.10018855789107E-03 -0.16285937406487E-04 -0.14379725234943E-02
 -0.28488565806033E-04  0.62541907995700E-05 -0.11835461116745E-02
  0.12148914045245E-03 -0.38153870648088E-04 -0.13806692718705E-02
 -0.27276608665162E-04  0.10872902486169E-03 -0.13326795827836E-02
  0.87781311178870E-04 -0.61701845492474E-05 -0.14385996852690E-02
 -0.30770347823470E-04  0.82802915239870E-04 -0.12863903073248E-02
  0.73479505004614E-04  0.41978703154349E-05 -0.14400485648428E-02
 -0.34370164951447E-04  0.51857566826153E-04 -0.12470306112666E-02
  0.53982432179705E-04  0.34418793425620E-04 -0.14392955737343E-02
 -0.38305759871316E-04  0.20038841342335E-04 -0.12244301642467E-02
 -0.47964447689772E-04  0.81193160259108E-04 -0.13713419123928E-02
 -0.61771969795860E-04  0.32818593161598E-04 -0.14397182722539E-02
  0.93686100115074E-04 -0.22310545175917E-04 -0.12877853879750E-02
  0.11476676687166E-03 -0.29801586506902E-04 -0.14535518911197E-02
  0.68734128691687E-04 -0.35212618263794E-04 -0.12899155829468E-02
  0.31785625981454E-04  0.67285422566396E-04 -0.14397994867796E-02
  0.16053344563319E-04  0.79115922635591E-04 -0.14449322472725E-02
  0.63458249916507E-04 -0.40811994546758E-04 -0.13306663935484E-02
  0.46885440901561E-04  0.54177547690339E-04 -0.14391518134271E-02
  0.18601232028826E-05  0.87978153819405E-04 -0.14540599097056E-02
  0.12054113969405E-03 -0.43860559380547E-04 -0.14127748651472E-02
  0.48240738139557E-04 -0.61760894255771E-05 -0.11952141065526E-02
  0.63350612601421E-04  0.40266197846260E-04 -0.14428882032557E-02
 -0.31587329689952E-04  0.94693644467488E-04 -0.14741883118933E-02
  0.47487293751077E-04 -0.20841255898019E-04 -0.12045767124394E-02
 -0.44930872302169E-04  0.85194390803268E-04 -0.14743507241123E-02
  0.46520648394317E-04 -0.33046984532645E-04 -0.12325359832882E-02
 -0.56404724528177E-04  0.64271515478339E-04 -0.14620672328338E-02
 -0.15865224134686E-04  0.96830866364271E-04 -0.14650947057736E-02
 -0.65201058996453E-04 -0.11018705330366E-04 -0.13699101037002E-02
  0.72758737248657E-04 -0.27585288119231E-04 -0.12580356520141E-02
 -0.61027005635752E-04  0.24385267318803E-04 -0.13837396345144E-02
  0.93588739414257E-04 -0.28693718822263E-04 -0.12966610374306E-02
 -0.57221947685381E-04  0.12522256880510E-04 -0.13242136351077E-02
  0.11088631007453E-04  0.99973852544106E-04 -0.14410258875386E-02
  0.93902522134948E-04 -0.32443568030840E-04 -0.13188099468899E-02
  0.11828915187302E-03 -0.39400805030465E-04 -0.14434803661355E-02
 -0.45213701443491E-05  0.10825456997659E-03 -0.14437879752133E-02
  0.89760630124073E-04 -0.34479198835169E-04 -0.13489664441058E-02
 -0.20372647600919E-04  0.11156112285699E-03 -0.14461116678109E-02
  0.12112633839178E-03 -0.46433352512947E-04 -0.14277094241321E-02
 -0.34734547130487E-04  0.10572399385844E-03 -0.14424210821356E-02
  0.83527181778623E-04 -0.35928403500585E-04 -0.13803275453936E-02
 -0.49029049295605E-04  0.85672172404438E-04 -0.14290459937706E-02
  0.70760157895195E-04 -0.20373451604493E-04 -0.12399578148643E-02
 -0.56201401690799E-04  0.58273422366967E-04 -0.14067819198166E-02
  0.12176124806841E-03 -0.49452369216409E-04 -0.14149530205104E-02
 -0.53955623414210E-04  0.47116177654243E-04 -0.13429919874944E-02
 -0.68716676224771E-05  0.61657912118097E-05 -0.15365962139786E-02
 -0.70660170037581E-04 -0.84154171311737E-04 -0.14469335147358E-02
  0.24544817926790E-04 -0.42812939247376E-04 -0.14867982041558E-02
 -0.97431769407661E-05  0.12894725634591E-03 -0.14305263138234E-02
 -0.14072871874871E-04  0.20216547452842E-04 -0.15583039343216E-02
 -0.22680381620809E-04 -0.27436096310615E-05 -0.15116911466510E-02
  0.56985796763731E-04 -0.40405997400303E-04 -0.14987281843642E-02
 -0.19165110063153E-04  0.12888779337849E-03 -0.14093275764924E-02
 -0.86160636895832E-05  0.44679488343597E-05 -0.15306901752971E-02
 -0.19377644309200E-04  0.23467849196366E-04 -0.15711261598922E-02
 -0.27528444636023E-04  0.19329219722137E-04 -0.15434925012752E-02
 -0.33278646882051E-05 -0.16997930519995E-04 -0.14936683426149E-02
 -0.30939879565040E-04  0.30900384531435E-04 -0.15612638247366E-02
 -0.48585801041639E-06 -0.39940889059410E-04 -0.14601689712669E-02
  0.62488730568354E-04 -0.67417544635861E-04 -0.14660148267650E-02
  0.80844264837059E-04 -0.67397575575223E-04 -0.14428134299831E-02
  0.39504411461764E-04 -0.40470422046039E-04 -0.12757396717176E-02
  0.60271695980240E-04 -0.58289855907791E-04 -0.14854479140489E-02
 -0.19856268729155E-04 -0.27361600043686E-04 -0.14762252642496E-02
  0.52767782565350E-04 -0.19116464973654E-04 -0.15035009893326E-02
 -0.22003179892285E-04  0.18092024724611E-04 -0.15731959419833E-02
  0.13051391053957E-04 -0.38428495473580E-04 -0.15136934670750E-02
  0.25333835825539E-04  0.86578539853763E-04 -0.14715220334348E-02
  0.16746031149812E-05 -0.27688823424735E-04 -0.15351178411364E-02
  0.42592000231628E-04  0.48337240576503E-04 -0.14900898895907E-02
  0.35172146759234E-04 -0.46872969801348E-04 -0.14544339190196E-02
 -0.85923992136381E-05 -0.18789207116423E-04 -0.15512780669777E-02
  0.45761301609173E-04 -0.48043054250747E-04 -0.14168058728890E-02
  0.47106270781837E-04  0.27365802275001E-04 -0.14966894084711E-02
 -0.15366211634787E-04 -0.62802362218664E-05 -0.15626891888240E-02
  0.13920991837513E-04  0.10422047435140E-03 -0.14599320912460E-02
  0.54745481005868E-04 -0.44745187474390E-04 -0.13746570685869E-02
 -0.20232975898976E-04  0.61995809123962E-05 -0.15698090801784E-02
  0.50928824285880E-04  0.44694791605861E-05 -0.15015147004273E-02
  0.31003078996431E-05  0.11971411450034E-03 -0.14466677996154E-02
 -0.19256021216652E-04 -0.51478507217880E-04 -0.14493154296338E-02
 -0.31822718335391E-04  0.32071032693987E-04 -0.15648949418505E-02
  0.62196495832738E-04 -0.68870055559631E-04 -0.14484435191284E-02
  0.34953423704938E-04  0.67653436091479E-04 -0.14816082435900E-02
  0.29583209479934E-04 -0.51216215981185E-04 -0.13282472099066E-02
  0.23830904274816E-04 -0.59377666642305E-04 -0.13840599515272E-02
  0.60973201118716E-04 -0.63188232602461E-04 -0.14405519877294E-02
 -0.18641691861855E-04  0.16759741687261E-04 -0.15502458021738E-02
 -0.27179043910204E-04  0.25818578641364E-04 -0.15600446620729E-02
  0.80971384091940E-04 -0.60382787031274E-04 -0.14740235204355E-02
  0.82802586194060E-04 -0.66751852870491E-04 -0.14554388518910E-02
  0.31217449482568E-04  0.26316896122387E-04 -0.11496254087824E-03
  0.39181451662730E-04  0.41937688229043E-04 -0.98187351800611E-03
  0.82991093988698E-04  0.65435038625495E-04 -0.21887547234771E-03
  0.64774900527904E-04  0.40456412783553E-05 -0.98154482895498E-03
  0.13608960669047E-04 -0.35501299906695E-04 -0.96406742583774E-04
  0.42745218627165E-04  0.43912605822611E-04 -0.97942618400478E-03
  0.12488911679720E-04 -0.19942630020859E-04 -0.98417277024578E-03
  0.87510209293974E-05 -0.25912071583478E-05 -0.98359056960636E-03
  0.93535100490186E-04  0.10600466959583E-03 -0.28314253610476E-03
  0.94296523989275E-05  0.18622534646614E-05 -0.98321922882850E-03
  0.30759647280218E-05  0.61828595581077E-05 -0.57236269587409E-05
  0.28948294004595E-05  0.14572224223534E-04 -0.18412172554507E-03
  0.45889983065549E-04  0.41081610397489E-04 -0.97621508480262E-03
  0.66664539704482E-04  0.18247921899035E-04 -0.98194928147242E-03
  0.89322370520850E-04  0.13209182917473E-03 -0.33093273190254E-03
  0.10889807034348E-04 -0.41095346636049E-04 -0.14961699107401E-03
 -0.21913699159154E-04 -0.53122800087403E-05 -0.73703661016520E-04
 -0.15757846856188E-04  0.13653758003879E-04 -0.16338543260331E-03
 -0.33337919790342E-04  0.93718628755204E-04 -0.29397499614383E-03
 -0.71527496075328E-05  0.71996740255574E-04 -0.23856404824480E-03
  0.58729385836387E-04  0.39661317144466E-04 -0.18042658983366E-03
  0.30283332700735E-04 -0.30739339420011E-04 -0.19454249753411E-03
 -0.46063415760613E-05  0.13894923265836E-05 -0.98325802512695E-03
  0.57174297080181E-05 -0.10706535922198E-04 -0.98383376499144E-03
  0.17777271313558E-04  0.12940280252901E-04 -0.98421545531709E-03
 -0.21863642641304E-04  0.19582864973212E-04 -0.16144983088639E-03
  0.13715692335936E-04 -0.67618316412540E-05 -0.98350329067019E-03
  0.39558563648725E-04 -0.36196586260920E-04 -0.17261161336317E-03
  0.25212679457053E-04  0.20852233571633E-04 -0.98468966498753E-03
  0.59054217573609E-04 -0.33570724303194E-04 -0.23385862854493E-03
  0.48718761186536E-04  0.32100528189061E-04 -0.97371187525327E-03
  0.16186764957234E-05  0.23086858600557E-04 -0.16435799343163E-03
 -0.35066635137304E-04  0.12142671831031E-05 -0.91820073835243E-04
  0.73721475944729E-05 -0.14870734455355E-04 -0.34882266239600E-04
  0.31460872414075E-04  0.29787908782956E-04 -0.98475720651130E-03
 -0.23594703277083E-04 -0.25843823442471E-04 -0.98299402873462E-03
  0.29717488068846E-04  0.28500854160449E-04 -0.16726814071798E-03
  0.29593989127361E-05  0.36343746589583E-05  0.19073552910140E-05
  0.60016297408722E-05 -0.88300555321971E-05 -0.98310220355638E-03
  0.35542494406215E-04  0.37143559094569E-04 -0.98384253973361E-03
  0.58282252964454E-04 -0.97159406965983E-05 -0.98147792876396E-03
 -0.14299612567972E-04 -0.44450171598536E-05 -0.98307143000871E-03
  0.77604630905946E-04  0.11554892134194E-03 -0.32842391133307E-03
 -0.16736504054766E-04  0.19530832538142E-06 -0.31170239496978E-04
 -0.12109077750837E-04 -0.19194738013998E-04 -0.85026276289932E-04
  0.58430401076769E-05 -0.38023397568462E-04 -0.10492046042240E-03
 -0.18493981065539E-04  0.53721318789670E-04 -0.97330565759369E-03
 -0.39829437540866E-04 -0.23026205743014E-04 -0.98248886716428E-03
  0.61979573364748E-04 -0.19522771055728E-04 -0.20736261982132E-03
 -0.32955397059726E-04 -0.91762091832448E-05 -0.98330451809020E-03
  0.29608814764600E-05 -0.19361672413969E-04 -0.48548081456124E-04
  0.32535515151260E-04  0.27665572661090E-04 -0.13914597698604E-03
 -0.10180893026129E-05  0.21225826195012E-04 -0.98331383107310E-03
 -0.29717339691651E-04 -0.10688320484382E-04 -0.98339391402338E-03
 -0.43095585039357E-04  0.10975709317940E-03 -0.34627091386172E-03
 -0.20198423935739E-05 -0.66596295765944E-05 -0.15318173102983E-04
  0.14542680306905E-05 -0.11696734984690E-04 -0.98423992371122E-03
 -0.15509080417124E-04  0.59908403588102E-04 -0.97564608041370E-03
 -0.22793929663625E-04 -0.86196699675135E-05 -0.98299164287862E-03
 -0.81120252548579E-05 -0.20102175753853E-05 -0.12476617735299E-04
  0.10016533914073E-04  0.17547933271162E-04 -0.43421320482897E-04
 -0.34064039235011E-04 -0.49578292439556E-05 -0.98400063668866E-03
 -0.85411797750519E-05 -0.30360263557658E-05 -0.98403012039980E-03
 -0.30966573534845E-04  0.87098066301970E-04 -0.30177630540918E-03
 -0.47282791829575E-04  0.91490222098519E-04 -0.33512202062691E-03
 -0.31869080679333E-04 -0.26196582895012E-04 -0.98250718524680E-03
  0.33221455574487E-05 -0.27273119014766E-05  0.28888273353096E-06
  0.50485366600195E-04  0.18799998124468E-04 -0.97263870149259E-03
  0.19124040904165E-04  0.12037832395594E-04 -0.16461960020843E-03
  0.69282717565520E-04  0.70859125360789E-04 -0.30342639637687E-03
  0.47512919011709E-05  0.10769441062044E-04 -0.98299626751390E-03
 -0.76406650103367E-05 -0.10548323158898E-04 -0.16636949089260E-03
 -0.36118982689877E-04  0.19892722636616E-04 -0.98557645267482E-03
  0.11940865745215E-04  0.58622282655019E-05 -0.98399495597647E-03
 -0.54793337361919E-04  0.43880823670975E-04 -0.16005596613356E-03
  0.13656729901558E-04  0.15834636934370E-04 -0.98393607843145E-03
 -0.34509804888172E-04  0.10130998925851E-04 -0.98480900701817E-03
  0.56806014587665E-04 -0.19745445982218E-04 -0.98055677863339E-03
 -0.23370235919683E-04 -0.98604532683108E-05 -0.16474950331300E-03
  0.57732561547491E-05  0.10459418583677E-04 -0.20065950802958E-04
  0.28408163468327E-04  0.22971572176902E-04 -0.15616363103112E-03
 -0.33684066776468E-04  0.17909275170015E-05 -0.98429240681051E-03
 -0.56390149943237E-06 -0.41360594266533E-04 -0.15101402943181E-03
 -0.18416854437152E-04  0.65698010994644E-05 -0.98432284988769E-03
 -0.28356710945664E-04  0.61889502772812E-04 -0.97724313395396E-03
  0.48289895927926E-04 -0.21924662673054E-04 -0.98181543937544E-03
  0.96511436103606E-05  0.41484948004550E-05 -0.98411867972051E-03
 -0.15921178655374E-04  0.55347385472186E-04 -0.98148306372513E-03
 -0.26792731696804E-04  0.13596880690646E-04 -0.16135618365962E-03
  0.54170983417566E-04  0.40865839394719E-04 -0.97967970625181E-03
  0.97933651543516E-04  0.12042516270867E-03 -0.29011705996170E-03
  0.35643748166282E-04 -0.73296099327272E-05 -0.22374613193672E-03
  0.23772478716292E-05  0.10438275192894E-04 -0.24686106801981E-04
  0.18422664956107E-04 -0.79890456305715E-05 -0.98355436751316E-03
  0.58095322884784E-04  0.35995021267930E-04 -0.97670096694371E-03
  0.10882284395781E-03  0.79025673344490E-04 -0.22481944703607E-03
  0.31392111111369E-04  0.16524119403995E-04 -0.15538314405775E-03
  0.14239130166743E-05  0.31424010158837E-04 -0.98291787916251E-03
  0.11888253566488E-04 -0.23094317027007E-04 -0.60523230775001E-04
  0.61884944153523E-04  0.25817328638548E-04 -0.97443249094652E-03
  0.79607883049241E-04  0.10665372851421E-03 -0.32578278073623E-03
  0.47626323787056E-05 -0.22560593796287E-04 -0.98469255544774E-03
  0.78739044771506E-05 -0.93484459625291E-05 -0.98427756226097E-03
  0.62072066431106E-04  0.10891606709594E-04 -0.97341145015904E-03
  0.90782502423176E-06  0.65124409448495E-05 -0.51072872816497E-05
  0.84065858216855E-04  0.13603440455181E-03 -0.32846051797295E-03
 -0.60799273322929E-05 -0.14262519162990E-04 -0.98425759988984E-03
  0.49633820269321E-04  0.40084804598235E-04 -0.98244358988691E-03
  0.21687125564151E-04  0.36804852878440E-05 -0.16347172439561E-03
  0.25947091886712E-04  0.79330645385897E-05 -0.98454878915694E-03
  0.52768331746510E-05  0.30879665593381E-04 -0.10286950762225E-03
  0.29910285140216E-04  0.20214720736266E-04 -0.16262647635867E-03
  0.77918655483268E-05 -0.14316201632197E-04 -0.16479501906690E-03
  0.22164362042162E-04  0.84219109952351E-06 -0.98353435382540E-03
  0.34079171775167E-04  0.17054973807876E-04 -0.98531846725137E-03
  0.62684848460841E-04  0.23824901643220E-04 -0.16029207120240E-03
 -0.15579061226821E-05  0.16800684779036E-04 -0.16480843724598E-03
 -0.10030247023199E-04  0.48372491392352E-04 -0.98198684403160E-03
 -0.16063685903266E-04 -0.66107766741254E-05 -0.98420750030898E-03
  0.40383599695541E-04  0.26743115473315E-04 -0.98570545102643E-03
  0.17322927051483E-04 -0.92000659015912E-06 -0.98428093129877E-03
  0.90154504847838E-04  0.30273311451980E-04 -0.16262527511373E-03
  0.16337957695205E-04 -0.40880994405069E-04 -0.12375695688061E-03
  0.40821110143284E-05  0.18306760256943E-04 -0.55952673852364E-04
  0.45086729377932E-04  0.35051719300695E-04 -0.98453458555915E-03
  0.71051474165929E-04  0.78587698831058E-05 -0.97959563729498E-03
  0.10688267936658E-03  0.46404753094645E-04 -0.17961963848861E-03
 -0.40560268364055E-05  0.40734050310069E-04 -0.98258936398041E-03
  0.86910801694136E-04  0.56265458044683E-04 -0.32009525901638E-03
  0.46944539682971E-05  0.21889497786463E-04 -0.98314765711223E-03
  0.36883543577704E-04  0.23944381973997E-04 -0.13955916101984E-03
 -0.45466087381574E-04  0.11348888820698E-04 -0.98454247362446E-03
 -0.28481321574542E-04 -0.17290519740444E-04 -0.98288602142798E-03
  0.65950867230681E-04 -0.66121470450020E-05 -0.97970501098895E-03
 -0.26967280813270E-04  0.37793954501087E-05 -0.64206001181103E-04
  0.32979656268324E-04  0.11322371384024E-04 -0.10913419276083E-03
  0.38410403758991E-04 -0.30208034782596E-04 -0.98259936386120E-03
 -0.20042699071304E-04 -0.14206098142300E-04 -0.98312983646359E-03
 -0.44148549568355E-04  0.54100936596787E-05 -0.12114120863572E-03
 -0.25505792446004E-04  0.13792450610004E-05 -0.57720350248716E-04
  0.15227219517293E-04 -0.12612052143651E-04 -0.98414602911611E-03
  0.18761367791987E-05  0.54194466171015E-06  0.10079709023486E-04
 -0.95427519841870E-05 -0.10253705127655E-04 -0.98361688138769E-03
  0.35642861152846E-05  0.90033194097550E-06  0.32930748818943E-05
 -0.36446121252084E-04  0.50092364977537E-05 -0.92284746790978E-04
  0.67731928450282E-05 -0.70066479406781E-05 -0.98432174562379E-03
  0.35122096446985E-04 -0.11612524016712E-04 -0.12916288265801E-03
  0.46922416056830E-06 -0.40423979767066E-05 -0.98409828329614E-03
 -0.41977846370152E-04  0.99133866939990E-05 -0.12675190483001E-03
 -0.22283126170253E-04  0.59928887656144E-04 -0.98016409767316E-03
 -0.14373712108657E-04 -0.22513415898324E-04 -0.98354887477297E-03
  0.65474508286909E-05  0.22669391989656E-05 -0.98401998983689E-03
 -0.37487374219089E-04  0.14933567206111E-04 -0.15080571977029E-03
  0.47937468195444E-06  0.21600312305063E-05  0.94048684257313E-05
  0.24907432874719E-04  0.10265227895816E-04 -0.98373449656787E-03
 -0.44115876688657E-04  0.12492555509652E-04 -0.17045602964272E-03
  0.37519933882946E-05  0.50029420591033E-04 -0.16614370615370E-03
  0.17426215138007E-04 -0.28997005591531E-04 -0.98447650181525E-03
 -0.43153531594219E-04  0.14637562334157E-05 -0.98414313483692E-03
  0.15847282359036E-04 -0.13178967020284E-04 -0.98358274982688E-03
 -0.13760605662320E-04 -0.34279947210361E-04 -0.16695460643159E-03
  0.36602276603803E-06  0.35957261804380E-05  0.53192039145619E-05
  0.72698405580522E-05 -0.31095955159155E-04 -0.16108782963955E-03
 -0.41883731433295E-04 -0.65412971956473E-05 -0.98396130986430E-03
  0.79630736269022E-06 -0.45356462379550E-04 -0.13584013152681E-03
 -0.41687776425195E-04  0.98829329255248E-05 -0.14704426998894E-03
  0.35471683568660E-04  0.22400162820417E-04 -0.11913451509628E-03
  0.61550602097204E-05  0.11906152452128E-04 -0.98352118428080E-03
 -0.39708620701105E-04 -0.12470904659681E-04 -0.98328320444820E-03
  0.56250172794456E-05 -0.60864520747086E-05 -0.13229464115176E-04
  0.71634969820789E-06 -0.28787021784032E-04 -0.82270151704082E-04
  0.27880355616548E-04 -0.32499990015522E-04 -0.98400549051942E-03
 -0.31831805878679E-05 -0.16701641072032E-04 -0.98382549422361E-03
 -0.34942847176440E-04 -0.15999635351390E-04 -0.98273630103252E-03
 -0.43298316341172E-05 -0.11208705689352E-04 -0.43060313849740E-04
 -0.13489226882705E-04 -0.31291143813550E-05 -0.36899880887910E-04
 -0.26299671263365E-05  0.31674193359690E-04 -0.97240703032527E-03
  0.41485998070178E-05  0.90295296869192E-05 -0.98398812986272E-03
 -0.12309468812166E-04  0.23922517264570E-04 -0.98496806753562E-03
 -0.45425355780883E-04  0.44940210638676E-04 -0.15798772380567E-03
  0.43869378851628E-05 -0.89132465045453E-05 -0.15760326623713E-04
  0.18133269483480E-05 -0.11323660239837E-04 -0.16547372218088E-03
 -0.11400247756802E-04  0.14337699119563E-04 -0.98435549703210E-03
  0.13536419573569E-04  0.29065583330861E-04 -0.17791702122527E-03
 -0.16192789685415E-04 -0.79203535727104E-05 -0.16605649713797E-03
 -0.37366830965006E-04  0.46451470508887E-04 -0.98264142528710E-03
 -0.51270253915071E-05 -0.88962799022195E-05 -0.98330425697775E-03
 -0.12515933169470E-04  0.55453392066464E-05 -0.98425211246611E-03
  0.43119477130310E-05 -0.40915907309606E-04 -0.15333975590252E-03
 -0.61534793034647E-05 -0.41405563996047E-04 -0.12924664504935E-03
  0.23184793523162E-04  0.36708797435759E-04 -0.16056992368294E-03
 -0.14469172361945E-04 -0.10793344595810E-05 -0.98408971191170E-03
  0.96547908299886E-05 -0.37785526756736E-04 -0.10469083667184E-03
 -0.28438090330142E-04  0.38893612773695E-04 -0.98335990759827E-03
  0.98929669711180E-05 -0.26993409127222E-04 -0.68171371832766E-04
 -0.15165090776366E-04 -0.64413353551658E-05 -0.98357519652730E-03
  0.61319755036443E-05 -0.18254006612169E-04 -0.42445670505703E-04
 -0.36470887428078E-05 -0.50084181532310E-05 -0.98354127971583E-03
  0.26427957859624E-04  0.37979748301665E-04 -0.13664169412026E-03
  0.48557128121939E-04  0.21427205873111E-04 -0.98358999151074E-03
 -0.14656489766358E-04 -0.80266924004858E-05 -0.98376405515256E-03
  0.37364740529477E-04  0.16396776421375E-04 -0.98346846235363E-03
 -0.73017287927511E-05  0.13951145775395E-04 -0.16554125028421E-03
  0.15424993742149E-04 -0.19618960290665E-04 -0.69956844832430E-04
  0.16337531403344E-04  0.53222591074252E-04 -0.97938497082360E-03
 -0.11958564047060E-04  0.81054266029649E-04 -0.26167307313663E-03
  0.37059572902806E-04 -0.13207085146443E-04 -0.98293274538597E-03
  0.15953984778571E-04  0.53146549674784E-04 -0.97644281267454E-03
 -0.18209490859369E-05 -0.74950646903975E-06 -0.98417700491437E-03
  0.89170293504075E-05  0.11351908283417E-03 -0.31146916952972E-03
  0.21987589068226E-04 -0.39517703762304E-04 -0.12854904667010E-03
 -0.88475323300875E-05  0.50432416496894E-04 -0.23590088401514E-03
  0.15929102447113E-04  0.47329668883673E-04 -0.97413132841189E-03
  0.22593986232918E-04  0.11187769557414E-03 -0.31573217861005E-03
  0.42653178581275E-04 -0.20497977084399E-05 -0.98348957830066E-03
  0.16190176224577E-04  0.36299682392590E-04 -0.97288077482665E-03
  0.16850494224622E-05 -0.13102852799547E-05  0.72673311709514E-05
  0.21963992200028E-04  0.73454269429442E-04 -0.28304804273902E-03
  0.15835345301325E-04 -0.31682656521147E-04 -0.16506274294202E-03
  0.46821949822118E-04  0.93038928903449E-05 -0.98356495220415E-03
  0.16333411919685E-04  0.21214002564962E-04 -0.97247501671155E-03
  0.15148105554408E-04  0.32179198811194E-04 -0.25792631794450E-03
 -0.36996306448493E-05 -0.74819088801774E-05 -0.98380002255373E-03
  0.14918619890146E-04  0.98079783171123E-06 -0.97237922070445E-03
  0.11952476260837E-04  0.48435043106404E-05 -0.25152113507962E-03
 -0.19070088155185E-04  0.30792646946986E-04 -0.98381618318830E-03
  0.21539889127999E-05 -0.53495231683276E-05 -0.30049631726324E-05
  0.34793445111033E-04  0.47031133893023E-05 -0.98357578701749E-03
  0.13886772826418E-04 -0.84053800956895E-05 -0.98314749556689E-03
  0.30356075142429E-04 -0.52305153838883E-05 -0.98354204307722E-03
  0.72250827703531E-05  0.52529682208908E-04 -0.98184451688054E-03
 -0.25674292779853E-04  0.15839427780638E-04 -0.16449427440881E-03
 -0.38117148760033E-04  0.41378726719613E-04 -0.17414173947893E-03
  0.65831536406622E-05  0.55854481727725E-05 -0.12494125925243E-04
  0.16559417022021E-04 -0.32121374446501E-04 -0.92868619239035E-04
  0.39311922481597E-05  0.56975145849621E-04 -0.97980397258546E-03
 -0.38458869970335E-04  0.72405239547346E-04 -0.24942269948262E-03
  0.19602524488347E-04 -0.15638106011444E-04 -0.98350134730807E-03
  0.82045203294878E-06  0.19888810196871E-04 -0.98425057823504E-03
  0.10348948797700E-05  0.58602164162052E-04 -0.97699307304347E-03
 -0.31910916613771E-04  0.10711590995692E-03 -0.31904765873931E-03
  0.62181664621141E-05  0.32904953237453E-06 -0.10858424118824E-04
  0.23530651506419E-04 -0.17928945654697E-04 -0.98336174530230E-03
 -0.44414846512832E-06  0.54875321035370E-04 -0.97440922479547E-03
 -0.19360651525618E-04  0.11463226671898E-03 -0.33863318539947E-03
 -0.67851563770121E-05  0.38265547976508E-04 -0.26439679485933E-03
 -0.17124241150940E-05  0.45712676708347E-04 -0.97292554796533E-03
  0.90540369349980E-05 -0.11349903864624E-04 -0.36106296217843E-04
 -0.10149985823147E-04  0.82185040661049E-04 -0.30319366554502E-03
 -0.32466607718447E-04  0.23359052925457E-04 -0.11568009727352E-03
  0.97512698470463E-05  0.46961813616726E-04 -0.98282974015937E-03
  0.90183959824646E-05  0.10259896341083E-04 -0.26700354725442E-04
 -0.24632021540609E-04  0.13397215611112E-04 -0.73129234620022E-04
 -0.11767690930122E-04 -0.40678718039209E-05 -0.98346030932872E-03
 -0.54499576163678E-06 -0.17544664549890E-05  0.94967589989272E-05
  0.23801632844389E-04  0.33512429328834E-04 -0.10764402674477E-03
  0.11427838650355E-04 -0.42874296697239E-04 -0.13080842445695E-03
 -0.78835207586263E-05  0.38494467377241E-05 -0.98359328256694E-03
 -0.10413427590490E-04  0.20628551329431E-04 -0.98392952618967E-03
 -0.32784511405092E-05 -0.95673492578771E-06  0.82572530970579E-05
 -0.13717701748323E-05  0.23858470901300E-05 -0.98403236577138E-03
 -0.15909568036204E-05  0.12984388947655E-04 -0.98382878086909E-03
 -0.56148833684810E-05  0.40179542583651E-07 -0.16695429203687E-05
 -0.13609065555747E-06  0.46634043058004E-08  0.12344319926342E-04
  0.18642789451069E-04  0.25671958243725E-04 -0.76743778494596E-04
  0.45013610919840E-05  0.23178734084988E-04 -0.98422606930404E-03
  0.17476291841576E-04 -0.40997911799393E-04 -0.14751658716475E-03
 -0.10468220501155E-04  0.31338620294215E-05 -0.19063249228062E-04
  0.13131625663406E-04  0.16511822412384E-04 -0.47883727270098E-04
  0.95075585584895E-05  0.32735584068375E-04 -0.98382694726679E-03
 -0.16623165809404E-04  0.72089639660309E-05 -0.42733078042893E-04
 -0.96144970985736E-06 -0.29590388558045E-04 -0.16398848338596E-03
  0.62007288155359E-05 -0.24781472810055E-06 -0.98331667678040E-03
  0.10830946300778E-04  0.40303241178076E-04 -0.98336545590327E-03
  0.77488210545089E-07  0.10607818125349E-04 -0.98412524652243E-03
 -0.18953456714218E-05  0.98911970363283E-05 -0.98344320373846E-03
 -0.29018826830900E-04  0.49227628429739E-04 -0.20522114931847E-03
 -0.37977233791559E-04  0.59024392691654E-04 -0.97915452850907E-03
  0.17116416407029E-04  0.50232181054240E-04 -0.98150764798298E-03
  0.45903697272890E-04  0.90831781533070E-04 -0.26477262572864E-03
 -0.18902614325761E-05  0.52017604367963E-04 -0.98160288433854E-03
  0.26813330791644E-04 -0.41030876870716E-04 -0.16396690135389E-03
  0.31449371037314E-04  0.46968765153641E-04 -0.97636294693827E-03
  0.59398266783761E-04  0.12146458408162E-03 -0.31331273427751E-03
  0.54765861532410E-04  0.37669623490998E-06 -0.98288353332959E-03
 -0.16376276244220E-04  0.41074337856952E-04 -0.98310662800044E-03
  0.32707719942064E-04  0.39477948818048E-04 -0.97395248295310E-03
  0.19486921855988E-04  0.35827288467309E-04 -0.11321482081075E-03
  0.56936560636063E-04  0.11316235617691E-03 -0.31537373367149E-03
  0.10329160798401E-04 -0.12535825432653E-04 -0.17554931700573E-03
 -0.11511591107469E-04  0.16707792078491E-04 -0.68397132123840E-04
  0.34393425618373E-04  0.27000572483761E-04 -0.97263455984735E-03
  0.45830623476343E-04  0.71759614383593E-04 -0.28644103236015E-03
  0.58155747237219E-04  0.13998346344142E-04 -0.98301285055925E-03
  0.30441059809020E-05  0.45727230709415E-04 -0.98222593247967E-03
  0.33720035022609E-04  0.10444815472623E-04 -0.97231737745735E-03
  0.35911057421820E-04  0.30134797121167E-04 -0.26588585627981E-03
  0.17274838095720E-04  0.20776863216850E-04 -0.16540339267936E-03
 -0.29694877465631E-04  0.27965410821372E-04 -0.98390473335688E-03
 -0.23439541928463E-04  0.17550041793266E-04 -0.98494434064232E-03
  0.29782986727856E-04  0.47990896041087E-04 -0.97945375752294E-03
  0.47486798920431E-04 -0.11539396524849E-04 -0.98274693005429E-03
 -0.17338586521567E-04  0.32545677020730E-04 -0.12628880719657E-03
  0.21659042994103E-04  0.55486493308361E-04 -0.21068450763535E-03
  0.22767707250173E-04 -0.26499857255957E-04 -0.98410846824330E-03
 -0.36263126566648E-04  0.94973783474831E-05 -0.10055625839808E-03
 -0.11703973049322E-04  0.61053310053276E-04 -0.97872448172167E-03
 -0.85387060892669E-05  0.31485938865827E-04 -0.98327142882713E-03
  0.11654983480232E-04  0.17625339434498E-04 -0.98446530418480E-03
 -0.39176999159311E-04  0.15199320041266E-04 -0.13023578401974E-03
  0.20347917311571E-04  0.10801225623760E-04 -0.65037458638426E-04
  0.26329389917540E-04 -0.13761095357712E-04 -0.98320394675725E-03
  0.17507290365814E-04  0.25717789601779E-04 -0.98469331786287E-03
  0.31652810632183E-04 -0.27561155165565E-04 -0.98312300022649E-03
 -0.34786256694646E-04  0.18444213922843E-04 -0.16218039585910E-03
 -0.34915682944621E-04  0.20255822000473E-04 -0.14956579053213E-03
 -0.67022052724714E-05  0.57956720718696E-04 -0.98066954545994E-03
  0.22725638782830E-04  0.34140882514739E-04 -0.98426149289842E-03
 -0.22926236447354E-04  0.26395852808742E-04 -0.16328602077988E-03
  0.19313211046601E-04 -0.50973283903665E-05 -0.72024725705275E-04
  0.39763002900450E-04 -0.22393769866714E-04 -0.98227937767039E-03
  0.25697519220716E-04  0.41029242757082E-04 -0.98346238717505E-03
  0.15010551675181E-04  0.26088137183907E-04 -0.75252133789207E-04
 -0.40998012931915E-05  0.35636802612003E-04 -0.17934240619590E-03
  0.24942726813057E-04 -0.28927729002030E-04 -0.11617574660615E-03
  0.28048803169220E-04  0.46006988033408E-04 -0.98157996095475E-03
 -0.23795526523123E-04  0.60645925724633E-04 -0.20660879440861E-03
  0.26047296118390E-04  0.20343904962408E-04 -0.86219580678339E-04
 -0.72241746375857E-05  0.86319940720333E-05 -0.31394760572289E-04
  0.26063039966176E-04  0.29967186467828E-04 -0.15603993130010E-03
 -0.31569298186676E-04  0.55449895369563E-04 -0.98150959144353E-03
  0.20204010054657E-06  0.12885098707079E-04 -0.98370466690441E-03
 -0.17843886386631E-04  0.32141285497743E-05 -0.38954633027084E-04
  0.17133801465133E-04  0.15332965032461E-04 -0.55289118224341E-04
  0.37992835603078E-05  0.19863253188612E-04 -0.98373376865699E-03
  0.74382987237339E-05  0.21661648723794E-04 -0.98459986654370E-03
  0.18298340828867E-04 -0.18348283387156E-04 -0.98361932524310E-03
 -0.26943130351642E-04  0.82125074786108E-05 -0.70494677755645E-04
  0.12044544232508E-04  0.50562522451038E-04 -0.19620984351394E-03
  0.12891029736008E-04  0.30581749560049E-04 -0.98454578647740E-03
 -0.34046505561629E-04  0.14308812510067E-04 -0.10101227069662E-03
  0.12137877468426E-04  0.84344355131162E-05 -0.34268351979243E-04
  0.25406626821963E-04 -0.22650856382055E-04 -0.98356329211634E-03
  0.16159702565131E-04  0.38173313632880E-04 -0.98399142836469E-03
 -0.15361574759155E-05  0.58822357795951E-06  0.10291719528489E-04
 -0.38515186719158E-04  0.21188638813899E-04 -0.13046928198543E-03
  0.41499010942207E-06  0.92217984471936E-05 -0.98419342257393E-03
  0.10729478372545E-04 -0.12505947971324E-05 -0.34661224178781E-04
  0.16734582872986E-04  0.45039617249278E-04 -0.98328612288132E-03
 -0.38095214245729E-04  0.31276193895492E-04 -0.16273275175563E-03
  0.31694741917517E-04 -0.21020815611818E-04 -0.98246004593254E-03
 -0.27361259419119E-05  0.21711750203081E-05  0.34994278893725E-05
 -0.10341686539262E-04 -0.56192855525463E-06 -0.13336610438952E-04
  0.26443470929772E-04  0.20853445288696E-04 -0.98413837919465E-03
 -0.80456216871285E-05  0.45836778597757E-05 -0.98285262843571E-03
 -0.74121578624318E-05 -0.28421926259019E-04 -0.16236838309666E-03
 -0.23984158957949E-04  0.48651035399971E-04 -0.98242673911474E-03
 -0.19390719037122E-04  0.18632685249947E-04 -0.98415841540110E-03
 -0.24464195738487E-04  0.10725605820048E-05 -0.98434672750751E-03
  0.67467307528896E-05 -0.42885280475929E-04 -0.13275778176996E-03
  0.58479668269785E-05  0.38681726395945E-04 -0.98285406335108E-03
 -0.25502762664445E-04 -0.49711133536213E-05 -0.98393788372793E-03
  0.29012136197118E-04  0.33443437431373E-04 -0.13736349522235E-03
  0.66224076657656E-05 -0.29197080870915E-04 -0.74472239879634E-04
 -0.10086996879801E-04  0.89673219758963E-05 -0.98427141290001E-03
 -0.23340539540825E-04  0.82216329494098E-05 -0.98432327770347E-03
  0.19902709937910E-04  0.44401488857566E-04 -0.15526941600377E-03
  0.28530396499054E-05 -0.11242531205304E-04 -0.22160534478391E-04
 -0.46042014768628E-05  0.46749515719341E-05 -0.97546868132632E-05
  0.27477945465409E-04  0.30444077871246E-04 -0.11166500390014E-03
 -0.21143627262120E-04 -0.71214781541240E-05 -0.98357077357084E-03
  0.63996338631933E-05  0.29860109230953E-04 -0.98331518175405E-03
 -0.77750759188291E-06 -0.35929474417442E-05  0.15630332703596E-05
 -0.10395530646104E-05 -0.88498925835073E-06 -0.98375306771464E-03
 -0.15839184110229E-04 -0.22140933615027E-05 -0.98309120967957E-03
 -0.50602896269669E-05 -0.18690263666477E-05  0.16324405484090E-05
  0.22230094793429E-04  0.22942469202562E-04 -0.82591862922156E-04
 -0.24650430584903E-04 -0.76758047294388E-05 -0.98364854243489E-03
  0.85090826933428E-05 -0.10276708562840E-04 -0.98378670325626E-03
 -0.25662733014698E-05 -0.26239347066761E-04 -0.98504942050259E-03
 -0.11653649391294E-04 -0.50425517414647E-04 -0.17362893523111E-03
 -0.65959117686147E-04  0.85344876290495E-04 -0.87412453024440E-04
 -0.21320981624555E-04  0.34042882755303E-04 -0.98909089388213E-03
 -0.44132973701719E-04  0.50233361514733E-04 -0.82826062656912E-05
 -0.26537565382345E-04  0.32467407737060E-04 -0.99042360745689E-03
 -0.24803021923263E-04  0.15206324293377E-04  0.51648881606713E-04
 -0.29667607883272E-04  0.26450933688524E-04 -0.99199505444551E-03
 -0.15483608042254E-04  0.31450925352513E-04 -0.98695094370733E-03
 -0.15315854216239E-04 -0.48963905788714E-05  0.74078750476227E-04
 -0.12970706484669E-04 -0.17456767153821E-04  0.73399780528416E-04
 -0.28270538768697E-04  0.48130670609850E-05 -0.99332052672648E-03
 -0.13826259385179E-04 -0.28148828706102E-04  0.59995127278873E-04
 -0.27174463895586E-04 -0.67596751203897E-05 -0.99232192391907E-03
 -0.17639991243649E-04 -0.40902052064976E-04  0.37631801128998E-04
 -0.25401885426800E-04 -0.17161739882570E-04 -0.99156728522354E-03
 -0.29250889543270E-04  0.16617987799771E-04 -0.99299951537862E-03
 -0.67625809440966E-04  0.85383769711534E-04 -0.13931014314970E-03
  0.27022913261801E-04 -0.46804155017352E-04 -0.97579194859923E-03
  0.80967241330523E-04 -0.98823641898602E-04 -0.31458091930156E-03
 -0.13876467583118E-04 -0.25204594540058E-04 -0.99247349532717E-03
 -0.71437937090087E-05 -0.37399099119988E-04  0.37354377663607E-04
 -0.10577095151810E-04 -0.37326836343618E-04 -0.99211450642311E-03
 -0.11044191509955E-04 -0.53505252673739E-04  0.15060163633108E-05
 -0.81940146338169E-05 -0.47869648103954E-04 -0.99135535941556E-03
 -0.13510847184765E-04 -0.75804605399477E-04 -0.47664879367985E-04
 -0.36866923230738E-05 -0.55749160852027E-04 -0.98929204640482E-03
 -0.12996507704457E-04 -0.10134854640204E-03 -0.10849683857032E-03
  0.67623922356490E-06 -0.60492445633116E-04 -0.98710048462175E-03
 -0.36073633256406E-05 -0.12463168085755E-03 -0.17662999199224E-03
  0.60584299818966E-05 -0.62591239879659E-04 -0.98427431949053E-03
  0.19401082067848E-04 -0.13488792795005E-03 -0.24166586587873E-03
  0.11796685744188E-04 -0.61284814086118E-04 -0.98165920138803E-03
  0.52868363671934E-04 -0.12520679238139E-03 -0.29042712853639E-03
  0.18967318867710E-04 -0.56102525217797E-04 -0.97844348450854E-03
 -0.24000027113551E-04 -0.56678270979308E-04  0.52877310965561E-05
 -0.49554491544539E-05 -0.25604617575028E-04  0.63338151510978E-04
 -0.22410418974147E-04 -0.26858146510100E-04 -0.99123550313095E-03
 -0.18352602029246E-04 -0.37079891562343E-04 -0.99070044041574E-03
 -0.41570857015933E-04  0.22109593327117E-04 -0.99215167741135E-03
 -0.22240434530758E-04 -0.25374636449355E-04  0.51058600061292E-04
 -0.40366808927689E-04  0.12031896653018E-04 -0.99243285507638E-03
 -0.26195252361348E-04 -0.41275150675032E-04  0.30798070139573E-04
 -0.38764756877629E-04  0.14729338277874E-05 -0.99194599046807E-03
 -0.32217848333760E-04 -0.58548765190780E-04 -0.50114981873454E-06
 -0.23864585038227E-04 -0.66480146626434E-05  0.52120464985615E-04
 -0.36465941816770E-04 -0.81063808595587E-05 -0.99058098613424E-03
 -0.32997468901195E-04 -0.16164492557022E-04 -0.99027183517565E-03
 -0.44523111730613E-04 -0.92508982184185E-04 -0.76367219720612E-04
 -0.27479012113214E-04 -0.24233758177597E-04 -0.98931859668279E-03
 -0.45322362470095E-04 -0.10393257020804E-03 -0.10999750335764E-03
 -0.21642578595952E-04 -0.32018723852505E-04 -0.98835934398571E-03
 -0.39481965218952E-04 -0.10835964337245E-03 -0.13524816084037E-03
 -0.39632499674111E-04 -0.76136292268865E-04 -0.37177295815057E-04
 -0.40442275274581E-04  0.29464978880069E-04 -0.99093644033885E-03
 -0.36163961367438E-04  0.22713618106567E-04  0.18889193288995E-04
 -0.36075008139414E-04  0.32674325564993E-04 -0.98958702973611E-03
 -0.33830902294411E-04 -0.94184456853305E-04 -0.76842415295951E-04
 -0.12530607119438E-04 -0.44369871685703E-04 -0.98920332395836E-03
 -0.33727483431941E-04 -0.11027407953441E-03 -0.11802323128062E-03
 -0.61980826987774E-05 -0.51368801523693E-04 -0.98806463312852E-03
 -0.25048880230718E-04 -0.11677711939734E-03 -0.15538566072522E-03
  0.24522607049794E-05 -0.55023216151964E-04 -0.98592868425155E-03
 -0.67824259914022E-05 -0.11090127104328E-03 -0.18926819002003E-03
  0.10568773905539E-04 -0.55896513550080E-04 -0.98386385219232E-03
  0.25139571297510E-04 -0.94011279582460E-04 -0.22720895707430E-03
  0.20111976731761E-04 -0.53593507823463E-04 -0.98098987439990E-03
 -0.63975840165510E-04  0.69801238138658E-04 -0.15071244303770E-03
 -0.26017214857271E-04  0.27189629505331E-04 -0.98644193135289E-03
 -0.75025095230933E-04  0.89529400218931E-04 -0.12034536062266E-03
 -0.30397146273186E-04  0.32180257096762E-04 -0.98809536320073E-03
 -0.59569465786890E-04  0.64842929621644E-04 -0.51875139314146E-04
 -0.30506834155802E-04 -0.75516123002476E-04 -0.34122062166780E-04
 -0.13691735706678E-04 -0.39799143406340E-04 -0.98745370780919E-03
 -0.15550354526682E-04 -0.13621755375091E-04 -0.99256933970615E-03
 -0.16653420033441E-04 -0.16762887573821E-05 -0.99333296989612E-03
 -0.35734936723202E-04  0.41777382662304E-04 -0.15988151194245E-03
  0.12210531172230E-04  0.26201274278297E-04 -0.98477027359117E-03
 -0.56850786239062E-04  0.84343260985897E-04 -0.14340146169309E-03
  0.93910590222634E-05  0.33607870487851E-04 -0.98659350728405E-03
 -0.57948136297691E-04  0.90488633056579E-04 -0.94014348170260E-04
  0.36235007060064E-05  0.35966494823127E-04 -0.98874059190222E-03
  0.11952753306452E-04 -0.19194431912309E-04 -0.97301890367021E-03
 -0.40256539198621E-04  0.59889910219510E-04 -0.12732411888679E-04
 -0.21765650516102E-04  0.26514671890836E-04  0.54981564866470E-04
 -0.51822137794358E-05  0.26931589393339E-04 -0.99205815044322E-03
 -0.10150488846676E-04  0.82841963728770E-05  0.86061744418122E-04
 -0.51362063487093E-05  0.17169538621626E-04 -0.99275400028747E-03
 -0.34733987329068E-05 -0.38426919999218E-06  0.94364257909030E-04
 -0.51453826919667E-05  0.50896101100373E-05 -0.99300949619821E-03
 -0.21696310588003E-05  0.33324768997289E-04 -0.99070897841372E-03
  0.17281421245817E-04 -0.19858182016333E-04 -0.25433461693515E-03
  0.90139526431887E-05 -0.37738612688272E-04 -0.97298169078138E-03
  0.35838757623684E-04 -0.60828048917719E-04 -0.27534713992671E-03
  0.82022707464592E-05 -0.41298678457799E-04 -0.99256322799902E-03
  0.38054011393832E-04 -0.13498723837349E-04  0.29551768424510E-04
  0.74382107251881E-05 -0.53532616364774E-04 -0.99114129729999E-03
  0.50876119199590E-04 -0.25253801926424E-04 -0.16240302522298E-04
  0.61875674430901E-05 -0.63939815872357E-04 -0.98895962961654E-03
  0.63355702473760E-04 -0.47956716110927E-04 -0.87444858652858E-04
  0.39883179816365E-05 -0.71426931413510E-04 -0.98647053197799E-03
  0.73503560606737E-04 -0.85835951119608E-04 -0.18578419315515E-03
  0.32809791437105E-05 -0.74664378189944E-04 -0.98300728188907E-03
  0.76739824446858E-04 -0.12752080366006E-03 -0.28672534942440E-03
  0.28004324718452E-05 -0.71948932563767E-04 -0.97929433339225E-03
  0.71196049310681E-04 -0.14293223537860E-03 -0.33732334890527E-03
  0.30075799652811E-05 -0.65388253371515E-04 -0.97575488439106E-03
  0.56688795169728E-04 -0.11363590299058E-03 -0.31776649808827E-03
  0.48049916077697E-05 -0.54252012555633E-04 -0.97370941606547E-03
  0.12912734261528E-05 -0.55932467340206E-05  0.92659688611628E-04
 -0.39709643296561E-05 -0.17375804983975E-04  0.78794251413106E-04
 -0.51948937103722E-05 -0.78239232056601E-05 -0.99265361198717E-03
 -0.40736420512336E-05 -0.20341214431095E-04 -0.99293338001110E-03
  0.26299348774176E-04 -0.27156826189957E-04 -0.97278568507110E-03
 -0.53607720533422E-04  0.67818036845115E-04 -0.15257641150521E-03
 -0.16977915866709E-05  0.29743096009718E-04 -0.98569211818436E-03
 -0.65432130398924E-04  0.91998134628363E-04 -0.12115376529572E-03
 -0.63363040288319E-05  0.34156718131918E-04 -0.98773910180092E-03
 -0.53312417622489E-04  0.73990614528575E-04 -0.50551511592396E-04
  0.49586825050404E-04 -0.42817122839412E-04 -0.27815536737460E-03
 -0.11951225565730E-04  0.33989072651166E-04 -0.98987632426316E-03
 -0.16105904631201E-04  0.30308704515443E-04 -0.99144308122930E-03
 -0.16786676656087E-04  0.10916486812696E-04  0.73053158802691E-04
 -0.17482684384430E-04  0.22306941402716E-04 -0.99251548728357E-03
 -0.90227092831147E-05 -0.27615757250364E-05  0.87474227154007E-04
 -0.16764935482870E-04  0.10932675635340E-04 -0.99312047884836E-03
 -0.55519755135949E-05 -0.10749877932118E-04  0.87278322851651E-04
 -0.31504218488688E-04  0.36818533335121E-04  0.27856669975356E-04
  0.19324084680527E-04 -0.43133769910944E-04 -0.97387962276999E-03
  0.66901027341521E-04 -0.90250692186533E-04 -0.30663291350517E-03
  0.14599631672104E-04 -0.56772555305684E-04 -0.97573759966321E-03
  0.80698493938311E-05 -0.14301822617303E-04  0.72150613397384E-04
 -0.20435498539228E-05 -0.33124644032086E-04 -0.99319665979238E-03
  0.10883224381496E-04 -0.21887258999515E-04  0.49323328778350E-04
 -0.44457372577900E-06 -0.46237793179351E-04 -0.99228091121554E-03
  0.14557180526248E-04 -0.35211416259144E-04  0.13444649163644E-04
  0.12832559344317E-05 -0.56809585477881E-04 -0.99049258358324E-03
  0.18848636212612E-04 -0.57330773787462E-04 -0.44265963300497E-04
  0.24351649254292E-05 -0.64152935036120E-04 -0.98848464870566E-03
  0.26376855822073E-04 -0.91146525173379E-04 -0.12959111568847E-03
  0.45257138788837E-05 -0.68158981934931E-04 -0.98540960670188E-03
  0.38831038044243E-04 -0.12843778913655E-03 -0.22956249765245E-03
  0.62372957489892E-05 -0.68422875333152E-04 -0.98198641022618E-03
  0.57363661075809E-04 -0.14918549502396E-03 -0.30747824490869E-03
  0.97131093787657E-05 -0.65324674126439E-04 -0.97871133078350E-03
  0.71573469508150E-04 -0.13380639934600E-03 -0.32951739578055E-03
  0.52020721891997E-05 -0.95531700649497E-05  0.85982907101704E-04
 -0.27632788177451E-04 -0.10069184592159E-03 -0.15265588618571E-03
 -0.37671007057255E-05 -0.44728518755046E-04 -0.98666011419519E-03
 -0.10731560372192E-04 -0.83262707842392E-04 -0.16655988657120E-03
 -0.59278162118097E-04  0.14351105453194E-04 -0.97794345831855E-03
 -0.16064086778538E-03  0.16783424126960E-04 -0.31252203453097E-03
 -0.61785042246985E-04  0.25970024878233E-04 -0.97853292293061E-03
 -0.14183461055068E-03 -0.15170835938723E-04 -0.27916823520096E-03
 -0.63326184089433E-04  0.35674651765579E-04 -0.97875631057578E-03
 -0.10599211998922E-03 -0.47777305537377E-04 -0.22581085346921E-03
 -0.14744532835081E-03  0.18434143346327E-04 -0.30436448095194E-03
 -0.64802149767081E-04  0.43600168012917E-04 -0.97937486270240E-03
 -0.63089212158171E-04  0.45555467004424E-04 -0.98125368408877E-03
 -0.41006260431973E-04 -0.42793361010813E-04 -0.17380063804422E-03
 -0.57346994095096E-04  0.44639332089886E-04 -0.98270355343649E-03
 -0.17332857175606E-04 -0.19592784322435E-04 -0.16947527841226E-03
 -0.50006315260030E-04  0.40484889765666E-04 -0.98352352614735E-03
  0.31676958355634E-05  0.29976857521329E-05 -0.16925450172128E-03
 -0.70998107991057E-04 -0.57112148372381E-04 -0.18873876903995E-03
 -0.27974247928179E-04  0.14973954837511E-04 -0.98413846459671E-03
  0.59747873050203E-05 -0.50512070178233E-05 -0.16547838372890E-03
 -0.39841360826663E-04  0.22047309497886E-04 -0.98405922870635E-03
 -0.13464306065946E-03  0.44847816919355E-04 -0.25129339350366E-03
 -0.59802797333936E-04  0.22240097908837E-04 -0.98128805732466E-03
 -0.13016219820291E-03  0.13293261663429E-04 -0.22797045278493E-03
 -0.64057571963598E-04  0.30021387822672E-04 -0.98176677458806E-03
 -0.10624429406699E-03 -0.38078044959806E-04 -0.18262104924500E-03
 -0.67016581987379E-04  0.35442748806315E-04 -0.98245657431645E-03
 -0.85160454044481E-04 -0.72039286347257E-04 -0.15435090333540E-03
 -0.67182297183239E-04  0.38333164150551E-04 -0.98330771852046E-03
 -0.69240482153510E-04 -0.80557669352956E-04 -0.14866039318781E-03
 -0.64455106018438E-04  0.36914493546647E-04 -0.98441457222797E-03
 -0.51848638598411E-04 -0.70308889668974E-04 -0.15293240484369E-03
 -0.57848193859734E-04  0.32623025648216E-04 -0.98471722122024E-03
 -0.32177253023451E-04 -0.48835348782468E-04 -0.15850756913597E-03
 -0.49541243647317E-04  0.28321553496330E-04 -0.98417173610113E-03
 -0.12498857809567E-04 -0.26345387881675E-04 -0.16273997218630E-03
 -0.39534728218328E-04  0.34020102855362E-04 -0.98338469425485E-03
 -0.57605750439826E-04  0.11000896137448E-04 -0.98064110906084E-03
 -0.15346856389824E-03  0.73302558109243E-05 -0.33472459058663E-03
 -0.15475273278397E-03  0.76765863166297E-05 -0.33385140593859E-03
 -0.67757259527639E-04  0.43487930889873E-05 -0.27400182064146E-03
 -0.36062833534250E-04  0.16248147754838E-04 -0.97308756871569E-03
 -0.79406892645086E-04  0.28465813607759E-04 -0.29342096078639E-03
 -0.36414914878846E-04  0.34786513426845E-04 -0.97288228941571E-03
 -0.81026910047882E-04  0.56922214830473E-04 -0.32013212062311E-03
 -0.36332216456565E-04  0.48717653510475E-04 -0.97332651409687E-03
 -0.44564952960756E-04  0.57685407078906E-04 -0.97699480316473E-03
 -0.61178413737756E-04  0.80886067964751E-04 -0.33057698292073E-03
 -0.25456584619346E-04 -0.18626414130644E-05 -0.25301738975346E-03
 -0.21668125146011E-04  0.37648478751901E-05 -0.97278295745841E-03
 -0.33137452738063E-04  0.17691391538791E-04 -0.26107556629279E-03
 -0.21321396643316E-04  0.24773545113305E-04 -0.97242588411419E-03
 -0.43070074032692E-04  0.50721511341483E-04 -0.29055889589281E-03
 -0.20603665275877E-04  0.41130584205010E-04 -0.97233846259072E-03
 -0.32975826678920E-04  0.57905457502295E-04 -0.97481203210885E-03
 -0.47044478682616E-04  0.43048241266267E-04 -0.27294664251202E-03
 -0.48531014377486E-04  0.52546154197880E-04 -0.97543517930335E-03
 -0.90999779766260E-04  0.34105542393511E-04 -0.30517778225862E-03
 -0.57339296707682E-04  0.33227325456991E-04 -0.97545921465797E-03
 -0.12618509377327E-03 -0.74347491629041E-05 -0.29656260547253E-03
 -0.58997811577243E-04  0.43943919251378E-04 -0.97632653692373E-03
 -0.79229147363149E-04 -0.14020918196570E-04 -0.24609604382315E-03
 -0.57096220586440E-04  0.51122561555109E-04 -0.97794871485471E-03
 -0.35980770078249E-04 -0.38777471870053E-05 -0.21050742944623E-03
 -0.52893080346603E-04  0.53813175319896E-04 -0.97975642572565E-03
 -0.56162565825511E-05  0.13113218783146E-04 -0.19146260594063E-03
 -0.45806918916616E-04  0.51026081161291E-04 -0.98168166388535E-03
 -0.11108259311769E-03 -0.61979607193222E-05 -0.30484168149189E-03
 -0.46960084871831E-04  0.92573914906349E-05 -0.97319738690846E-03
 -0.12334947381821E-03  0.11773060099005E-04 -0.31778595152189E-03
 -0.48153187562563E-04  0.26706769683229E-04 -0.97353422911272E-03
 -0.12037367802658E-03  0.24464775056051E-04 -0.32204242439741E-03
 -0.49265355400961E-04  0.41295696773765E-04 -0.97425184152763E-03
 -0.55458813058136E-04  0.19244699674520E-04 -0.97539606152532E-03
 -0.10954290249146E-03  0.31640437372566E-04 -0.23920330544582E-03
 -0.26796770359704E-04  0.89257248367912E-06 -0.98448120123914E-03
 -0.92825507004432E-05 -0.36078080894756E-04 -0.16201916370336E-03
 -0.52741094904846E-04 -0.98212346817654E-04 -0.11184913261376E-03
 -0.36458197580154E-04 -0.10390825486137E-04 -0.98748974065419E-03
 -0.46746028707392E-04 -0.10036681053003E-03 -0.13498268388552E-03
 -0.28741034095233E-04 -0.18999222244572E-04 -0.98699570694565E-03
 -0.34367323823761E-04 -0.91872002941095E-04 -0.14860155277555E-03
 -0.19458422483192E-04 -0.26023508947285E-04 -0.98616506402230E-03
 -0.42110107851478E-04 -0.44702603281865E-05 -0.98826215720385E-03
 -0.19821151732996E-04 -0.75769394285035E-04 -0.15549735252185E-03
 -0.14756768035404E-05 -0.52829181173414E-04 -0.16148229049414E-03
  0.20313196820158E-05 -0.38978710225118E-04 -0.98544909180355E-03
 -0.76533004524641E-04  0.62658038256196E-04 -0.16681229299737E-03
 -0.47930901479939E-04  0.20810300040863E-04 -0.98497807563794E-03
 -0.89975366860573E-04  0.78189430304149E-04 -0.14809309845379E-03
 -0.50555667258497E-04  0.27081588720497E-04 -0.98641495569568E-03
 -0.99868601031308E-05 -0.32941241020572E-04 -0.98621832137810E-03
 -0.52045352804743E-04 -0.89542651789995E-04 -0.79868383313348E-04
 -0.46772822056154E-04  0.24037550542683E-05 -0.98979723694423E-03
 -0.47509129995987E-04 -0.74478170947916E-04 -0.42666410187215E-04
  0.66022061072367E-05 -0.49019874245339E-04 -0.98522283894986E-03
  0.14673781017854E-04 -0.57988738390923E-04 -0.18583415395806E-03
  0.18124757020870E-04 -0.48911746981144E-04 -0.98315546041492E-03
 -0.78131557325388E-04  0.83275272093978E-04 -0.14587034453013E-03
 -0.39054873906128E-04  0.28242364103256E-04 -0.98707619719163E-03
 -0.75736614221394E-04  0.76421814001889E-04 -0.10005939702172E-03
 -0.44383045554030E-04  0.31026312748037E-04 -0.98833982311586E-03
 -0.53100777786174E-04  0.33823019034865E-04 -0.29194670008856E-04
 -0.49299821826363E-04  0.30117610162915E-04 -0.98933666210676E-03
 -0.36601097111732E-04 -0.72895038346547E-05  0.17033835706122E-04
 -0.52031036600494E-04  0.26481789159320E-04 -0.99049662523723E-03
 -0.34158265814777E-04 -0.34646282643736E-04  0.19440099469541E-04
 -0.51527826692084E-04  0.19666970350791E-04 -0.99085095367111E-03
 -0.40079383631076E-04 -0.56278845227458E-04 -0.60633235731154E-05
 -0.49393659082883E-04  0.10628710949892E-04 -0.99102398706571E-03
 -0.76968959086471E-04  0.46428701343251E-04 -0.93876522559654E-04
 -0.55662458520592E-04  0.29821568506713E-04 -0.98740107648332E-03
 -0.56699449792605E-04 -0.47062424792602E-05 -0.39849324043434E-04
 -0.59339886325631E-04  0.29336884079194E-04 -0.98798887246496E-03
 -0.58925080864618E-04  0.26903691017956E-04 -0.98445962032117E-03
 -0.88615541408111E-04  0.29699512732922E-05 -0.12440750745352E-03
 -0.63200094777767E-04  0.30891006595473E-04 -0.98498879168156E-03
 -0.73777179832871E-04 -0.46523807419893E-04 -0.93022327872230E-04
 -0.66067430784801E-04  0.32243280483515E-04 -0.98585145935361E-03
 -0.69611794465423E-04 -0.76736256924783E-04 -0.96010623299387E-04
 -0.65524318687829E-04  0.29889800518594E-04 -0.98672419427516E-03
 -0.66226624767531E-04 -0.88719399133737E-04 -0.11593363668792E-03
 -0.60643908968291E-04  0.25849413474528E-04 -0.98669557445064E-03
 -0.59191919719005E-04 -0.86698327704074E-04 -0.13537055129669E-03
 -0.55395434080404E-04  0.20140845979425E-04 -0.98591433130473E-03
 -0.45084535911173E-04 -0.74796176288978E-04 -0.14928365618855E-03
 -0.47162543366825E-04  0.15095790380574E-04 -0.98468962848186E-03
 -0.27246527483125E-04 -0.56150799698611E-04 -0.15724491943800E-03
 -0.37631753969547E-04  0.95137966695265E-05 -0.98469474610346E-03
 -0.10651032696600E-03  0.52694029835396E-04 -0.17268505421776E-03
  0.26846887650225E-04 -0.82184191585151E-05  0.58159759495040E-04
 -0.55277986852304E-04  0.20602983075054E-04 -0.98377925623034E-03
 -0.13504751980931E-04 -0.20476226573966E-04 -0.98480851449079E-03
 -0.50373368038297E-04 -0.43204194379237E-04 -0.26471328021008E-04
 -0.60355373186419E-04  0.26415337101743E-04 -0.98871851236993E-03
 -0.54851179869681E-04 -0.69234258489654E-04 -0.47778327336266E-04
 -0.59046278036439E-04  0.20724258803590E-04 -0.98916859065141E-03
 -0.59155359292476E-04 -0.85724570419235E-04 -0.81804656635847E-04
 -0.54691909062210E-04  0.13596895228121E-04 -0.98851614027031E-03
 -0.59303531459222E-04 -0.93114088976937E-04 -0.11287256023592E-03
 -0.49915196660572E-04  0.79801673297858E-05 -0.98668192585225E-03
 -0.52814269593625E-04 -0.92201445945167E-04 -0.13548516825415E-03
 -0.42993638621880E-04  0.23327039480598E-05 -0.98585060667713E-03
 -0.39550295632929E-04 -0.82755594019267E-04 -0.14966406897313E-03
 -0.33628901841926E-04 -0.47063816330651E-05 -0.98555826645369E-03
 -0.23663073266386E-04 -0.65940303984039E-04 -0.15683444374775E-03
 -0.24053271419938E-04 -0.12200182400060E-04 -0.98513859860296E-03
 -0.63842228654921E-05 -0.45761832185654E-04 -0.16038977947363E-03
 -0.10188944527666E-03  0.64368715494624E-04 -0.19373356256001E-03
 -0.45033759974527E-04 -0.17501178976756E-04 -0.98297544906742E-03
  0.70405401843434E-05 -0.27210444708507E-04 -0.99283691981544E-03
  0.63579713262044E-05 -0.14316388336430E-04 -0.99242982313661E-03
  0.61965151996506E-04  0.25107422608960E-04 -0.26137812946630E-04
  0.50625747434070E-04  0.23926907347814E-04 -0.98988946229026E-03
  0.88972803472045E-04  0.17531585911082E-04 -0.55370262666512E-04
  0.44459709281847E-04  0.10432037159232E-04 -0.99010196333012E-03
  0.37867498133994E-04 -0.30392516119503E-05 -0.98892139255087E-03
  0.11130550499255E-03  0.87467177387037E-05 -0.12316980070938E-03
  0.54643465018012E-04  0.34568777389005E-04 -0.98852003109010E-03
  0.30536474320907E-04 -0.16467046084895E-04 -0.98793737094056E-03
  0.23219193339784E-04 -0.28801732416539E-04 -0.98643138507412E-03
  0.77464158450745E-04  0.31032432204172E-05 -0.15429044072257E-03
  0.13380694886558E-04 -0.39470398996627E-04 -0.98498616754983E-03
  0.45540427928105E-04  0.61282848148731E-06 -0.16074042172721E-03
  0.25927764634992E-05 -0.48574733844206E-04 -0.98423217304668E-03
  0.11248697474672E-04 -0.12616999945562E-05 -0.16794106317641E-03
  0.10110923245176E-03  0.53366131354421E-05 -0.14344449150211E-03
  0.31253943243796E-04  0.42971639005354E-04 -0.25068135775292E-04
  0.59393376489513E-04  0.40467188664173E-04 -0.98660161588238E-03
  0.21682959647119E-05  0.75107183809884E-04 -0.67983930176030E-04
 -0.39434064752681E-04 -0.45809572781726E-04 -0.98141629684794E-03
 -0.49519791475407E-04 -0.55527141135382E-04 -0.23238854084830E-03
 -0.46328754538569E-04 -0.38890406723461E-04 -0.98009794254680E-03
 -0.54728904490848E-04 -0.74543381790018E-04 -0.27426756162499E-03
 -0.52250670347061E-04 -0.27476802412155E-04 -0.97876204448452E-03
 -0.76963058999723E-04 -0.55530840870051E-04 -0.28319442306724E-03
 -0.55159629785672E-04 -0.14695599358489E-04 -0.97802826085257E-03
 -0.11260332805011E-03 -0.11817568576158E-04 -0.28469602677256E-03
 -0.56593245939460E-04 -0.68770375356184E-07 -0.97792917496762E-03
  0.69420248835094E-06  0.49832365926066E-04 -0.19948604249121E-03
  0.70893578890718E-04  0.23006777214882E-04 -0.98043284763257E-03
 -0.21533294257204E-04  0.98994209666255E-04 -0.17809404894074E-03
  0.68697166320198E-04  0.33885372287366E-04 -0.98192506484497E-03
 -0.19373935401373E-04  0.10558066116603E-03 -0.13329816276719E-03
  0.64431420937731E-04  0.40025149778890E-04 -0.98428522364553E-03
 -0.83760673138485E-05 -0.55821933078896E-04 -0.98386766711988E-03
 -0.51714141628909E-04 -0.24754235922586E-04 -0.18765687827958E-03
 -0.20419897854847E-04 -0.49189441995173E-05 -0.18054536926001E-03
 -0.45983518695016E-04 -0.18066294967009E-04 -0.20552677207032E-03
  0.17841997929023E-04  0.29707018482729E-04  0.26116679095481E-04
  0.48363779645826E-04  0.29140248357005E-04 -0.99093789527133E-03
  0.42146615721452E-04  0.17778835275971E-04  0.18630171625066E-04
  0.43814750663914E-04  0.16904217211127E-04 -0.99164720413229E-03
  0.68582049589868E-04  0.11650159145868E-04 -0.13877985311212E-04
  0.38144085036009E-04  0.23270135634660E-05 -0.99106604902981E-03
  0.51737168422779E-04  0.37425106839480E-04 -0.98937377318939E-03
  0.93069621809661E-04  0.73037093836853E-05 -0.56747591583261E-04
  0.10844949954257E-03  0.32852962107158E-05 -0.97422058312879E-04
  0.27576713565403E-04 -0.26231260858039E-04 -0.98851328406865E-03
  0.11030945123056E-03 -0.77147264569790E-06 -0.12676129033670E-03
  0.20596369880130E-04 -0.39934030335812E-04 -0.98686454907530E-03
  0.98354734490074E-04 -0.36362263679880E-05 -0.14390251667600E-03
  0.12214863665591E-04 -0.50887402255818E-04 -0.98552946959569E-03
  0.32987231558605E-04 -0.12121125349674E-04 -0.99002021516755E-03
 -0.59650546384055E-05  0.54501756604295E-04 -0.53931048973180E-05
  0.56892817238598E-04  0.41229858812922E-04 -0.98692350392731E-03
 -0.27417539982444E-04  0.89221130960618E-04 -0.72086686493747E-04
 -0.31678764287171E-04 -0.59314217905516E-04 -0.98119698121599E-03
 -0.60766234672217E-04 -0.47286641338086E-04 -0.25542012396764E-03
 -0.39713869332141E-04 -0.53771866398197E-04 -0.97929271329543E-03
 -0.69944776267304E-04 -0.80889950783527E-04 -0.31304700839979E-03
 -0.46392056949174E-04 -0.43820845302489E-04 -0.97754137001635E-03
 -0.83046286983092E-04 -0.83792672270790E-04 -0.33457811316589E-03
 -0.50198798921721E-04 -0.29266556197291E-04 -0.97567683240266E-03
 -0.10652729204145E-03 -0.50356697482571E-04 -0.32135743065825E-03
 -0.52551040580369E-04 -0.13932633306309E-04 -0.97528252807361E-03
 -0.13320478747721E-03 -0.13565630434993E-04 -0.31896263595453E-03
 -0.54460719602891E-04  0.27892882886446E-05 -0.97519503234589E-03
 -0.26454569423453E-04  0.73305930734897E-04 -0.16625169967058E-03
  0.65238590848201E-04  0.31184530393339E-04 -0.98309866335869E-03
 -0.38021529083505E-04  0.10406591319810E-03 -0.13491910663518E-03
  0.61643660465414E-04  0.38900313106565E-04 -0.98481084770657E-03
 -0.19920025649213E-04 -0.59873710674425E-04 -0.98248408248573E-03
  0.74406338725285E-04 -0.55944654688770E-05 -0.15542511104102E-03
 -0.29292323512838E-04 -0.49453712185711E-04 -0.98260605281586E-03
 -0.18276348863469E-04 -0.48398197207925E-04 -0.98350535429073E-03
  0.89309858253717E-04  0.19241342000689E-04 -0.15232802485356E-03
  0.34451248879238E-04  0.46678002712737E-05 -0.98584088454098E-03
  0.58289702109400E-04  0.16242855069998E-04 -0.15812818541587E-03
  0.25694453685403E-04 -0.49867129842879E-05 -0.98501135464902E-03
  0.23525385686828E-04  0.13631303026427E-04 -0.16334054317490E-03
  0.16350069037752E-04 -0.14059832583464E-04 -0.98430339620442E-03
  0.42341070899246E-04  0.15773194883966E-04 -0.98673903742990E-03
 -0.91525908062024E-05  0.11095162423736E-04 -0.16518344927370E-03
 -0.33425979987514E-04  0.80533828772638E-05 -0.16032449374659E-03
 -0.59480646223977E-05 -0.29844298260339E-04 -0.98358672113989E-03
 -0.45301443089473E-04  0.44196845241538E-05 -0.14723597437552E-03
 -0.16551784375775E-04 -0.34757519280583E-04 -0.98341546772119E-03
 -0.43928868325052E-04 -0.13971420483015E-05 -0.13012988977008E-03
 -0.26089202669995E-04 -0.38055011191347E-04 -0.98300106815669E-03
  0.51070445724037E-05 -0.22658173435860E-04 -0.98393488059427E-03
  0.10995206470465E-03  0.23697729443076E-04 -0.14583888335254E-03
  0.48336125606144E-04  0.27053509129043E-04 -0.98688674436670E-03
  0.11441247855942E-03  0.32984778211081E-04 -0.14163184071773E-03
 -0.48705450966088E-04 -0.92164075045567E-05 -0.98276739188384E-03
 -0.35597650779230E-04 -0.22625931566125E-04 -0.18892427074442E-03
 -0.51712353128425E-04  0.17258205993139E-06 -0.98273096836864E-03
 -0.71265570976492E-04  0.29552591960582E-04 -0.19057038020944E-03
 -0.53230108897306E-04  0.10728991457067E-04 -0.98297765781318E-03
  0.64531919853879E-04  0.76017681109380E-04 -0.29623715381839E-03
  0.70054501778782E-04  0.19951793083883E-04 -0.97606776634124E-03
  0.49955161247590E-04  0.12134711769536E-03 -0.28764878846997E-03
  0.67033928818789E-04  0.31356800333689E-04 -0.97746748959283E-03
  0.57423919993390E-04  0.12574406015496E-03 -0.25764436677625E-03
  0.62720013633595E-04  0.38425111476225E-04 -0.98009130215547E-03
  0.79208602925196E-04  0.91195582604392E-04 -0.19918414191122E-03
  0.57796698004882E-04  0.39647975830934E-04 -0.98301578471986E-03
  0.10220605114959E-03  0.54377958792665E-04 -0.15410553437247E-03
  0.52838596152712E-04  0.35606880391953E-04 -0.98531459916647E-03
 -0.35965976397050E-04 -0.11515279405309E-04 -0.12418454012091E-03
 -0.49302673086369E-04 -0.67270564158613E-05 -0.16910298931503E-03
 -0.35914938731583E-04 -0.36094518082180E-04 -0.98249718980255E-03
 -0.43885209025848E-04 -0.30853900429915E-04 -0.98171692917766E-03
  0.48155025125256E-04  0.18721050121141E-04 -0.98857584218206E-03
  0.11473408739121E-03  0.18272266998813E-04 -0.12275400210442E-03
  0.41046194651790E-04  0.56037008766604E-05 -0.98780816810671E-03
  0.10575308748831E-03  0.14767821965529E-04 -0.14081948855014E-03
  0.33329614292197E-04 -0.59972088893136E-05 -0.98658563246529E-03
  0.82333869081137E-04  0.11513455408092E-04 -0.15241505669231E-03
  0.10671842657987E-03  0.24039437208068E-04 -0.99871904829380E-04
  0.24526031585792E-04 -0.16840584607264E-04 -0.98575731273369E-03
  0.14884357325328E-04 -0.27331879148752E-04 -0.98487204520722E-03
  0.16342122782782E-04  0.69725950152556E-05 -0.16435367710149E-03
  0.37355965739942E-05 -0.35664120853037E-04 -0.98394441906800E-03
 -0.15480118535671E-04  0.41396533220295E-05 -0.16680374687783E-03
 -0.73696777539416E-05 -0.42839565982464E-04 -0.98361265005736E-03
 -0.37742100737396E-04  0.17999013801145E-06 -0.16681283600618E-03
  0.50874699492764E-04  0.87920614313989E-05 -0.15959427354825E-03
  0.53559052982478E-04  0.30285962487761E-04 -0.98766909261966E-03
  0.83985439309404E-04  0.36578607100441E-04 -0.85365970431987E-04
  0.57857879441013E-04  0.37880317727326E-04 -0.98592020360226E-03
 -0.23959597396160E-04 -0.57317550171836E-04 -0.19482574402571E-03
 -0.49908578914265E-04 -0.23131622785027E-04 -0.98115283319959E-03
 -0.37128837164796E-04 -0.53513938312746E-04 -0.22346167001428E-03
 -0.53629905969569E-04 -0.12512015736771E-04 -0.98045520207139E-03
 -0.70106252681008E-04 -0.12364523920569E-04 -0.22765731090901E-03
 -0.56285630186221E-04 -0.79174100510427E-06 -0.98064024939769E-03
  0.46052876267619E-04  0.31610287173637E-04 -0.25715017489952E-03
  0.72325123675580E-04  0.13459519160955E-04 -0.97775828816700E-03
  0.15721536244441E-04  0.88375171686416E-04 -0.23473975398586E-03
  0.71490775082069E-04  0.27161469954748E-04 -0.97863216493604E-03
  0.67574809962540E-05  0.11791513086795E-03 -0.20884074894040E-03
  0.67776439386274E-04  0.36361012562723E-04 -0.98074228720855E-03
  0.22844589775256E-04  0.99962234255754E-04 -0.15555618226593E-03
  0.63005876960090E-04  0.40066744694582E-04 -0.98359194201823E-03
  0.52474670910371E-04  0.63193184085336E-04 -0.10177528825241E-03
 -0.26899461093229E-04 -0.33109280757701E-04 -0.14872264872543E-03
  0.21959371357845E-05 -0.59821727312297E-04 -0.98452337999097E-03
  0.42158191111835E-04 -0.73145529124490E-05 -0.16857935209261E-03
 -0.89081856484992E-05 -0.66364973056361E-04 -0.98304834655725E-03
 -0.50276450569172E-04  0.95590021976317E-04 -0.96426329316932E-04
  0.29393757186533E-04  0.39076643683996E-04 -0.98811082110857E-03
 -0.35509771988717E-04  0.66765661868212E-04 -0.20070931796375E-04
  0.22913234277366E-04  0.37082906136264E-04 -0.99055397058705E-03
 -0.17710408508870E-04  0.34554243449034E-04  0.47647007028103E-04
  0.18461586968928E-04  0.30369191563151E-04 -0.99221484647538E-03
  0.35011162793884E-04  0.35165502889983E-04 -0.98581385471772E-03
 -0.56833151461865E-05  0.16058437189976E-04  0.81799944337103E-04
  0.38648758910354E-05  0.71037203077143E-05  0.90886765615684E-04
  0.16046074131284E-04  0.51341573574728E-05 -0.99306265503724E-03
  0.14090632409471E-04  0.28751620915140E-05  0.84900039501611E-04
  0.16150574161321E-04 -0.83552094252051E-05 -0.99239138491082E-03
  0.26130548879049E-04  0.40319644669858E-06  0.68612195787207E-04
  0.16325664895952E-04 -0.20918862631692E-04 -0.99206888638311E-03
  0.16731237803400E-04  0.19183229055340E-04 -0.99291386324369E-03
 -0.47267266248371E-04  0.87134903399080E-04 -0.14239698835430E-03
  0.36919481822017E-04  0.26935952203831E-04 -0.98427964305947E-03
 -0.25856509156091E-04  0.42036502509812E-04 -0.15873068035412E-03
  0.84402245597106E-05 -0.67142612680023E-04 -0.98729804076940E-03
  0.10734219924149E-03 -0.22699680618063E-04 -0.14379871120060E-03
  0.91378427621046E-06 -0.75046352357964E-04 -0.98453692865165E-03
  0.92554597121873E-04 -0.40599621296978E-04 -0.19295611378480E-03
 -0.64334262902260E-05 -0.78051795022011E-04 -0.98090134838822E-03
  0.64025571570907E-04 -0.73016749402482E-04 -0.25682353629474E-03
 -0.12592089252320E-04 -0.75072581227830E-04 -0.97773394920497E-03
  0.29826953742669E-04 -0.10364295045587E-03 -0.31063054422459E-03
 -0.17930571744363E-04 -0.68000075361860E-04 -0.97557007541099E-03
  0.47499697710496E-05 -0.97159992566398E-04 -0.31365911901550E-03
 -0.19903924666605E-04 -0.54996193306363E-04 -0.97343576007099E-03
 -0.10961869313850E-04 -0.57093158447259E-04 -0.28086582599780E-03
 -0.20345353184186E-04 -0.37315306734307E-04 -0.97239517605413E-03
 -0.20113940137440E-04 -0.21227897169909E-04 -0.25753427930896E-03
 -0.21182703597085E-04 -0.17831894704547E-04 -0.97301779883112E-03
  0.40998077662245E-04 -0.30082325033672E-05  0.43106281754109E-04
  0.10829229111370E-03 -0.14439455753524E-04 -0.10313830361820E-03
  0.15969937948293E-04 -0.34665969361466E-04 -0.99178919514546E-03
  0.14122979296430E-04 -0.48561880546286E-04 -0.99114919448010E-03
  0.24591950420138E-04  0.31501311235576E-04 -0.98549612987162E-03
 -0.56189684861045E-04  0.94250515062245E-04 -0.12543882146419E-03
  0.19655439938212E-04  0.36429074259729E-04 -0.98739149741648E-03
 -0.47276156484096E-04  0.81075023023450E-04 -0.58955067504146E-04
  0.13646891806955E-04  0.36813465553377E-04 -0.98967468463913E-03
 -0.28632603450795E-04  0.45919229966815E-04  0.21135388728307E-04
 -0.43137241224196E-04  0.66807719483535E-04 -0.15353073267337E-03
  0.78676910778540E-05  0.32529070741868E-04 -0.99127063308563E-03
  0.55446745642557E-05  0.23421525536391E-04 -0.99234699767017E-03
 -0.40684466361816E-05  0.72180333239760E-05  0.92548030729293E-04
  0.60305465746235E-05  0.11337309258864E-04 -0.99317618134830E-03
  0.33002286369749E-05  0.15962828358873E-05  0.95027738398735E-04
  0.59354391551515E-05 -0.17014379606926E-05 -0.99284123355035E-03
  0.10262605752860E-04 -0.17328281416775E-05  0.89135837879263E-04
 -0.13790246787783E-04  0.19809165584509E-04  0.72686723838155E-04
 -0.45844340349132E-05 -0.86247975743307E-05 -0.97286535405577E-03
 -0.16418081423034E-05 -0.74689039260051E-05 -0.25032496119157E-03
 -0.55814513750631E-05 -0.29773961892306E-04 -0.97291857165755E-03
  0.77663169246846E-04 -0.12793641131877E-04 -0.30083507557591E-04
  0.10757702931443E-04 -0.61049015425200E-04 -0.98943598639121E-03
  0.92725227293311E-04 -0.23745363155787E-04 -0.83358048807223E-04
  0.59920310993352E-05 -0.70900500948094E-04 -0.98703477603186E-03
  0.10001968378947E-03 -0.45027895333219E-04 -0.15214853182276E-03
  0.12970718041019E-05 -0.76938452958340E-04 -0.98350325550970E-03
  0.94123977949398E-04 -0.80525921829311E-04 -0.23542770501105E-03
 -0.27490462145936E-05 -0.76959702860806E-04 -0.97999297699855E-03
  0.73563743972158E-04 -0.11745106794905E-03 -0.30831836656009E-03
 -0.59728041206260E-05 -0.72294386773783E-04 -0.97684949660780E-03
  0.47768585635969E-04 -0.12030291830453E-03 -0.32518215408000E-03
 -0.72649254172532E-05 -0.62130279878834E-04 -0.97407870712387E-03
  0.23771562172837E-04 -0.81288133681341E-04 -0.29004471468456E-03
 -0.72499104720168E-05 -0.47469245228605E-04 -0.97278975275535E-03
  0.72071321303165E-05 -0.35453655842413E-04 -0.25871680359288E-03
  0.59174887921708E-04 -0.67675385741659E-05  0.10487830640790E-04
  0.15190504815531E-04 -0.55601209415501E-04 -0.98872675816643E-03
  0.97782877146209E-04 -0.86177830712226E-05 -0.65115070402443E-04
  0.19834023714822E-04 -0.42430305503743E-04 -0.99009913751625E-03
  0.45934817986412E-04  0.39594595785910E-04 -0.98943211055537E-03
 -0.77664089618668E-05  0.38927249195892E-04  0.35430130429736E-04
  0.41464939616992E-04  0.33120025885827E-04 -0.99136656301809E-03
  0.96182154931130E-05  0.20408584626282E-04  0.57774402481990E-04
  0.38158319459958E-04  0.22338287209031E-04 -0.99252449477630E-03
  0.28430145868924E-04  0.11752925593193E-04  0.50719255864041E-04
 -0.26911651589181E-04  0.70773694043654E-04 -0.23571074194603E-04
  0.34325627726217E-04  0.84624744728515E-05 -0.99258174969627E-03
  0.31042577131537E-04 -0.60759328873129E-05 -0.99121253898193E-03
  0.75048122052732E-04  0.29317529216182E-05 -0.18469697876815E-04
  0.27605853620021E-04 -0.20874663392940E-04 -0.99054570140470E-03
  0.96642382644912E-04 -0.16705799861311E-05 -0.62804807318047E-04
  0.24283219314398E-04 -0.35849152030495E-04 -0.98930626122676E-03
  0.10922673019208E-03 -0.53746376783842E-05 -0.99834402684095E-04
  0.50994656453831E-04  0.70128566954839E-05  0.22444928667737E-04
  0.51013109972155E-04  0.40444440963516E-04 -0.98700992915211E-03
 -0.42139155917932E-04  0.99346823022301E-04 -0.96732772879082E-04
  0.55355601470151E-04  0.36023576458669E-04 -0.98469130968298E-03
  0.54133473838136E-05 -0.15120422286517E-04 -0.19266139961414E-03
 -0.20691958567556E-04 -0.69118346275611E-04 -0.98130348581036E-03
 -0.28354168928758E-04 -0.38529362900372E-04 -0.24129092800689E-03
 -0.29836887420071E-04 -0.66138834450248E-04 -0.97891029229796E-03
 -0.52835506112483E-04 -0.75664172395450E-04 -0.30914708594033E-03
 -0.36721427075631E-04 -0.58420486935398E-04 -0.97637089835141E-03
 -0.68210572342699E-04 -0.93710471010121E-04 -0.34809908706142E-03
 -0.41791955918085E-04 -0.44579169746851E-04 -0.97434591341187E-03
 -0.82615541355906E-04 -0.71886046873350E-04 -0.33369709253880E-03
 -0.44329900974791E-04 -0.28751017250786E-04 -0.97355973730015E-03
 -0.96753848547592E-04 -0.33710938095818E-04 -0.30715168440144E-03
 -0.45708917257579E-04 -0.10476758768405E-04 -0.97381530037442E-03
 -0.19176070533654E-04  0.43893342149934E-04 -0.16434941567071E-03
  0.57319946585753E-04  0.27072123975699E-04 -0.98368009040661E-03
 -0.40640219881583E-04  0.91716236685757E-04 -0.14499716459751E-03
  0.18661065976532E-04 -0.48701069318606E-04 -0.98776535414537E-03
  0.10951202414477E-03 -0.89483851520781E-05 -0.12723574138110E-03
  0.10753737409698E-04 -0.59754347781814E-04 -0.98609967422490E-03
  0.96546584977565E-04 -0.12499060176956E-04 -0.14859772867155E-03
 -0.40242033914665E-04  0.86382587885975E-04 -0.59710020779672E-04
  0.38184106612965E-04  0.40141489491435E-04 -0.98876143283197E-03
 -0.23219610220841E-04  0.52061760727045E-04  0.15160442489202E-04
  0.32171001158443E-04  0.36141702120056E-04 -0.99132219727178E-03
 -0.72416402208594E-05  0.26110489433361E-04  0.62530196613845E-04
  0.28720738715720E-04  0.26778902022376E-04 -0.99268583266573E-03
  0.58908644559913E-05  0.13202146134799E-04  0.78642545395853E-04
  0.26825214938765E-04  0.13782358389229E-04 -0.99316697201859E-03
  0.19709218867055E-04  0.72873650251464E-05  0.72707457264990E-04
  0.25112017609616E-04 -0.33357172125889E-06 -0.99230899180225E-03
  0.36476108556873E-04  0.31303387003977E-05  0.50884336482283E-04
  0.23904001151260E-04 -0.14665525969503E-04 -0.99160440819209E-03
  0.56940534526165E-04 -0.54444611501961E-07  0.16502212343220E-04
  0.22606232733873E-04 -0.28254946082664E-04 -0.99114148404977E-03
  0.78948065734353E-04 -0.42024083692585E-05 -0.25000301383528E-04
  0.43627940067649E-04  0.38280195433739E-04 -0.98650133891102E-03
  0.17631577787766E-04 -0.44938350236208E-05  0.77454633671207E-04
 -0.47745550747685E-04  0.98918219279865E-04 -0.12331670839138E-03
 -0.34504381883326E-04  0.70037128418965E-04 -0.15289813926270E-03
  0.11399615660724E-05 -0.69022821742812E-04 -0.98464289687425E-03
  0.71989780235922E-04 -0.18220849627049E-04 -0.17334018993003E-03
 -0.86797906443001E-05 -0.74443000583990E-04 -0.98236315725669E-03
  0.37184478400920E-04 -0.35936229172759E-04 -0.21441338229651E-03
 -0.17889380698077E-04 -0.74239821687813E-04 -0.97960200926816E-03
  0.10830592767855E-05 -0.70210745882377E-04 -0.27860859048845E-03
 -0.24999074911117E-04 -0.69012796859423E-04 -0.97658171369560E-03
 -0.25809243294316E-04 -0.96355160391719E-04 -0.32801435411430E-03
 -0.30306182204752E-04 -0.58858721669271E-04 -0.97442600241020E-03
 -0.41553533768367E-04 -0.82705109905408E-04 -0.32287546944776E-03
 -0.32742722322659E-04 -0.43083332720097E-04 -0.97308124291828E-03
 -0.51439616431280E-04 -0.44114300021842E-04 -0.28970137187458E-03
 -0.33647687754678E-04 -0.24657547160001E-04 -0.97289182484259E-03
 -0.58776296802156E-04 -0.14729456405635E-04 -0.27087287030174E-03
 -0.35275125366726E-04 -0.42098374340628E-05 -0.97290714202265E-03
  0.47368333902129E-04  0.32508717881183E-04 -0.98478148304206E-03
  0.10735133542858E-03  0.13051876446860E-04 -0.92507096869926E-04
 -0.37646810912878E-05  0.12690244388988E-04 -0.97248951222848E-03
  0.53971078619536E-04  0.66269986415415E-05 -0.17241499129195E-03
  0.11327249867368E-03 -0.23336609917652E-04 -0.32715333095961E-03
  0.41736837254881E-04 -0.38202901023557E-04 -0.97871650537591E-03
  0.85792238800397E-04 -0.23469200028463E-04 -0.27450949511933E-03
  0.29291468432816E-04 -0.45191023198039E-04 -0.98072629584846E-03
  0.47025759804970E-04 -0.34470436911444E-04 -0.22057941855974E-03
  0.59317292833153E-04 -0.56256970152159E-05 -0.97314444664925E-03
  0.10215237125820E-03  0.90310640143890E-05 -0.33411098942171E-03
  0.51386698191963E-04 -0.22793686284478E-04 -0.97377229706089E-03
  0.11234891669120E-03 -0.30435409638769E-04 -0.34394471847546E-03
  0.40892884669953E-04 -0.36042664833620E-04 -0.97591249640219E-03
  0.10129383250832E-03 -0.53748793077538E-04 -0.32196559748491E-03
  0.66412650305304E-04 -0.72578292842916E-04 -0.27462200142672E-03
  0.48987169058791E-04  0.12342927992745E-05 -0.97223784254570E-03
  0.68638433249911E-04  0.25152043933992E-04 -0.29432742848033E-03
  0.43957590623803E-04 -0.16381178309277E-04 -0.97273082366739E-03
  0.76803160194739E-04 -0.18577220241551E-04 -0.30421710038580E-03
  0.36006235863142E-04 -0.31888252414511E-04 -0.97358969212545E-03
  0.87701286849139E-04 -0.60800518528078E-04 -0.31672483798759E-03
  0.31564562408622E-04 -0.80360715469721E-05 -0.97273542087430E-03
  0.36306726781680E-04 -0.25684742793746E-05 -0.26398276746478E-03
  0.45179346397359E-04 -0.30807441779073E-04 -0.98152730646889E-03
  0.53855947143348E-04 -0.26470336598701E-04 -0.97653764674601E-03
  0.11334331246755E-03 -0.12953913487816E-04 -0.34207885468678E-03
  0.30274590425930E-04 -0.46615080070338E-04 -0.97845279231117E-03
  0.91524800231559E-04  0.23166516392470E-04 -0.31865845822838E-03
  0.33254896067092E-04 -0.36140697542825E-04 -0.98300688328866E-03
  0.63322735009692E-04 -0.12373856538569E-04 -0.97544985593623E-03
  0.46554848531086E-04  0.18756907578690E-04 -0.15868799227127E-03
  0.21990633912934E-04 -0.36785720434534E-04 -0.98419312592993E-03
  0.39113057867678E-04  0.13900741731709E-04 -0.15963548403171E-03
  0.95626770131181E-05 -0.32965385034252E-04 -0.98490954588713E-03
 -0.53147383812743E-05  0.98477506687764E-05 -0.25117997318601E-03
  0.10727014563070E-04 -0.22358295814391E-04 -0.16313339586125E-03
  0.70080252964080E-04 -0.18675396375011E-05 -0.97766622781607E-03
  0.79685745224671E-04 -0.12890656286882E-04 -0.28803871339686E-03
  0.26169347816872E-04 -0.17044635225652E-05 -0.16283794123803E-03
  0.94416085678033E-04 -0.23020970194331E-04 -0.29141091690431E-03
  0.50846280553496E-04 -0.29060817035572E-04 -0.97963403807448E-03
  0.84803276818253E-04 -0.60526517364679E-05 -0.25438476670334E-03
  0.38480516071486E-04 -0.37885268491161E-04 -0.98097395560991E-03
  0.62692281787174E-04  0.47445096758235E-05 -0.21074015831716E-03
  0.26235115535947E-04 -0.42323146074156E-04 -0.98285995046923E-03
  0.40119535238059E-04 -0.49065904733418E-05 -0.18339800959467E-03
  0.14467062383089E-04 -0.42185554247693E-04 -0.98470781787423E-03
  0.62468557093210E-04 -0.16752482488300E-04 -0.97827308971519E-03
  0.19124595722162E-04 -0.26738076096622E-04 -0.16920699150962E-03
  0.69336185103233E-04  0.38268065367941E-05 -0.97535994912921E-03
 -0.16247046956595E-04  0.44443430156608E-04  0.13267088618179E-02
 -0.67668625887039E-04 -0.15714609513841E-04  0.20870156587490E-03
 -0.48156405514946E-04  0.30135670120308E-05  0.13344355451136E-02
 -0.84569115386238E-04 -0.97646400441893E-05  0.24079347796539E-03
 -0.38885647050669E-04  0.17271659410772E-04  0.13318283027195E-02
 -0.97809057114545E-04 -0.23489036607268E-05  0.31234607466515E-03
  0.24531634410276E-05 -0.60756650662949E-04  0.28385896532826E-03
 -0.28432466591682E-04  0.31482121777319E-04  0.13291821842369E-02
  0.35639268760396E-04 -0.70966660827550E-04  0.13131762435382E-02
 -0.56767253343224E-04 -0.97820552568167E-05  0.13360039049631E-02
 -0.96066843147495E-04 -0.55343013061077E-05  0.27836746606888E-03
  0.31384183295985E-04 -0.68331063249996E-04  0.13248597558052E-02
 -0.90545915407877E-05 -0.17553563468551E-04  0.19356932186561E-03
 -0.64119672195092E-04 -0.21852451031828E-04  0.13342179066184E-02
 -0.52002290909947E-05 -0.35394120915436E-04  0.23175074272790E-03
 -0.31296708683811E-04 -0.45977471667323E-04  0.20427874572517E-03
 -0.70791324144197E-04 -0.32203903071019E-04  0.13295184369813E-02
 -0.16491225757914E-04 -0.70947171388020E-04  0.25122469486136E-03
 -0.76324555890732E-04 -0.37897871848811E-04  0.13226487373596E-02
  0.24177408182647E-04 -0.62260563708620E-04  0.13340134659575E-02
 -0.11195605154368E-04 -0.81759055059196E-04  0.31511912763106E-03
 -0.79903774341280E-04 -0.37090999658877E-04  0.13160834005408E-02
 -0.23512994204273E-04 -0.53786445589140E-04  0.35320002659279E-03
 -0.82681059744867E-04 -0.29743514391963E-04  0.13111938516726E-02
  0.11437607210222E-03  0.14167148084928E-04  0.38986711823151E-03
 -0.85148188082456E-04 -0.35541963321210E-09  0.33666776196277E-03
 -0.48669698527360E-04 -0.26425716406659E-04  0.19315163743276E-03
 -0.32708533424621E-05  0.57438583119803E-04  0.13245439159235E-02
  0.15707338595089E-03  0.74544292161952E-05  0.42808158101364E-03
  0.20046539648468E-04 -0.90950424828915E-04  0.34708040835718E-03
 -0.41008624455634E-04  0.23196587189212E-05  0.13374635011395E-02
  0.28688175877936E-05 -0.71909777697054E-04  0.33496633442605E-03
 -0.76735803814231E-04 -0.35112034018758E-04  0.13194382058822E-02
  0.59307179728794E-05  0.18841882890698E-04  0.21435371962931E-03
 -0.13040470352016E-04 -0.27936908446473E-04  0.34950690922095E-03
 -0.78864959915514E-04 -0.25078609661398E-04  0.13165612451156E-02
  0.70484019592152E-04 -0.15957207654041E-05  0.12922345873414E-02
  0.68219422939637E-04 -0.43497650792392E-05  0.12773160219783E-02
 -0.41808302157954E-04 -0.96157794870778E-05  0.13301357611021E-02
  0.12268248962583E-03  0.66717986137193E-04  0.41737949409964E-03
  0.66263377698308E-04  0.18049082142262E-04  0.12820492881115E-02
  0.42136314510454E-05  0.21164485069642E-04  0.28740835671416E-03
  0.95038518288638E-04  0.87986985339624E-04  0.38173416504702E-03
  0.60474231779403E-04  0.39704663600202E-04  0.12907206717272E-02
  0.75775421012005E-04  0.66960805587586E-04  0.33041203301409E-03
  0.51725097323869E-04  0.57971819880377E-04  0.13001121948883E-02
 -0.42319616453547E-04 -0.22323166492507E-04  0.13251828712327E-02
  0.56102823170607E-04  0.39958898647150E-04  0.30548325666053E-03
  0.41694423613108E-04  0.70477019740422E-04  0.13093477326847E-02
  0.13802152138931E-04 -0.58762784543553E-05  0.33872469579431E-03
  0.33214358319427E-04  0.23006664647158E-04  0.31566909674806E-03
  0.31657347055036E-04  0.75417256701467E-04  0.13159572160835E-02
  0.52669259639176E-05  0.13352027799570E-04  0.33532102009907E-03
  0.20865947113727E-04  0.74655112404542E-04  0.13204012384754E-02
  0.38716825621285E-04 -0.70630062119968E-04  0.12997142831939E-02
 -0.26368586891263E-04  0.67315433390929E-05  0.34807897198639E-03
  0.93693423516795E-05  0.68125383774801E-04  0.13228495206152E-02
 -0.58818086677141E-04  0.27355426827996E-05  0.34874674657237E-03
  0.15548044996666E-04 -0.51665986893983E-04  0.13408861412273E-02
 -0.52810761259188E-05 -0.10510807567753E-04  0.13536475042857E-02
  0.66793370298976E-04  0.20854662099255E-04  0.12988613324417E-02
 -0.53329276401789E-05  0.17371991917128E-05  0.14321667841714E-03
 -0.63806728545511E-04 -0.39869487906229E-04  0.22497897663151E-03
 -0.70314746529247E-04 -0.29417736061624E-04  0.13236253110745E-02
 -0.46967440108432E-04 -0.62999772592750E-04  0.24572951294205E-03
 -0.75840502235301E-04 -0.36721483984820E-04  0.13173607246164E-02
 -0.16314208542304E-04  0.95656741970952E-05  0.13534392956194E-02
 -0.36183874201313E-04 -0.85856024987425E-04  0.30115308778977E-03
 -0.79358320921079E-04 -0.38532968962118E-04  0.13102524596483E-02
 -0.12540523505803E-05  0.43713431486883E-05  0.14190833337685E-03
 -0.40838515227472E-04 -0.78319426406155E-04  0.35398272769750E-03
 -0.81551439196061E-04 -0.33207521250923E-04  0.13041224734089E-02
 -0.61894227739524E-04 -0.28407914661600E-04  0.37060911063771E-03
 -0.82749643983856E-04 -0.21382282352781E-04  0.12999642738034E-02
 -0.21095287772123E-04  0.10879650583270E-04  0.13493656321905E-02
  0.10613837089768E-03 -0.30209471614194E-04  0.36381909075109E-03
  0.68812050194533E-04 -0.18630002535730E-04  0.13031679428121E-02
  0.50286131126177E-05  0.91363911468634E-05  0.15181905719046E-03
  0.76533734146691E-04  0.20269995216647E-04  0.35348410076326E-03
  0.66542224458282E-04  0.17174301914305E-05  0.13070462733279E-02
  0.51521545740793E-04  0.43795474669902E-04  0.30233415937588E-03
  0.62687414791686E-04  0.23311306631929E-04  0.13136866226706E-02
 -0.24322715772255E-04  0.60226173739336E-05  0.13420314944438E-02
  0.37494370773566E-04  0.33770311187545E-04  0.23709001199478E-03
  0.56639356015389E-04  0.40339149113825E-04  0.13209446377364E-02
  0.10038744778737E-04  0.16550203412034E-04  0.18829649493568E-03
  0.28606457421899E-04  0.16672709448116E-04  0.20177890155761E-03
  0.49252155664042E-04  0.52390916056171E-04  0.13272838196985E-02
 -0.64118635483747E-04 -0.18949580556122E-04  0.13279129767039E-02
 -0.82666372804878E-04 -0.26179178612932E-04  0.23949745867083E-03
 -0.11199936956649E-04  0.12864415484315E-05  0.13543253051373E-02
 -0.55460069005179E-04 -0.80774176508410E-05  0.13293585253977E-02
 -0.10462834532861E-04 -0.77169271728649E-05  0.16863149534688E-03
  0.60802596887232E-04  0.57131304945533E-04  0.30161850935796E-03
  0.60143203829374E-04  0.41615673358460E-04  0.13068502332754E-02
  0.48301129564063E-04  0.35524069565295E-04  0.25486733109463E-03
  0.51996642851185E-04  0.57124118693541E-04  0.13148748872454E-02
  0.75880568034454E-05 -0.37708713450530E-04  0.13464748745454E-02
  0.38505754694599E-04  0.17524985319549E-04  0.25137122290285E-03
  0.42189903927278E-04  0.65457445096275E-04  0.13210242792264E-02
 -0.96776432081762E-05 -0.26941524182323E-05  0.15330955088498E-03
  0.29026253091392E-04  0.63460135208576E-05  0.27860178998042E-03
  0.31817793388356E-04  0.66446810726891E-04  0.13240805251301E-02
  0.15530735526863E-04 -0.14948921295920E-05  0.31172343208259E-03
  0.20162458760682E-04  0.61725601023096E-04  0.13254853406834E-02
  0.81630409600258E-04  0.57269229667873E-04  0.35999469946260E-03
  0.65126673330648E-06 -0.23229503296344E-04  0.13509333732134E-02
  0.74245082101524E-05  0.52902040156982E-04  0.13251632839588E-02
 -0.84982760149836E-05 -0.10245576108207E-05  0.14654313271872E-03
 -0.37617339368818E-04 -0.89740930345050E-05  0.34818148590680E-03
 -0.67012192712344E-05  0.40843867318174E-04  0.13249954742262E-02
 -0.68740495189338E-04 -0.10276128557054E-04  0.34726670132792E-03
 -0.20528951889754E-04  0.28470002329322E-04  0.13257790032336E-02
 -0.72731806287495E-04 -0.38863143839235E-04  0.13253434481227E-02
 -0.91637860505561E-04 -0.11465960522884E-04  0.33309864123562E-03
 -0.33311794226083E-04  0.16317535939893E-04  0.13272395674881E-02
 -0.74887926211709E-05  0.59559137657876E-08  0.14456670198046E-03
 -0.10112217109348E-03 -0.14372549198204E-04  0.30707278164102E-03
 -0.44851871256315E-04  0.36886649691923E-05  0.13285279961825E-02
 -0.97356477269240E-04 -0.18884254880232E-04  0.27222554071482E-03
 -0.66756112380099E-05 -0.67398199958306E-05  0.33648373421592E-03
  0.55818929466886E-05 -0.79118940470299E-04  0.27815136473444E-03
 -0.86806554503005E-06  0.70998289680010E-04  0.13246425816218E-02
 -0.59520507725022E-05 -0.58764861769245E-04  0.21562072284401E-03
  0.41310757321246E-04  0.50717961984783E-05  0.12510190797921E-02
 -0.14776426289656E-05  0.12092895767019E-04  0.31489151414574E-03
  0.11379319936417E-03  0.10082359557639E-03  0.42323524826074E-03
  0.41128372120922E-04  0.29373764785096E-04  0.12573166690598E-02
  0.94833267081041E-04  0.13303819862745E-03  0.44089942391852E-03
  0.38601364225922E-04  0.52533304497573E-04  0.12679353854833E-02
 -0.57466530041744E-04 -0.27055703086203E-04  0.13230302618815E-02
  0.61081553292663E-04  0.11512096439991E-03  0.41626008201258E-03
  0.32884247130226E-04  0.70511864956442E-04  0.12807021979391E-02
  0.13169789081013E-04 -0.29761269900795E-04  0.34822047041478E-03
  0.15838423867650E-04  0.80535597934794E-04  0.37996296199488E-03
  0.25047742650855E-04  0.81079338557101E-04  0.12946660892395E-02
 -0.27011578630960E-04  0.55105601200403E-04  0.35734389910580E-03
  0.17755083976732E-04  0.85668649721967E-04  0.13073790892501E-02
  0.45353381499666E-04 -0.64335661450577E-04  0.13190261305502E-02
 -0.58342489371754E-04  0.38903627383803E-04  0.33821658242605E-03
  0.10586617082981E-04  0.85399236367346E-04  0.13173161833622E-02
 -0.23431548102738E-05 -0.38701846919924E-04  0.29908497808470E-03
 -0.77028844718793E-04  0.27162345036077E-04  0.31429363336795E-03
  0.21933477643216E-05  0.79964075430043E-04  0.13244729982152E-02
 -0.84319853479237E-04  0.18822357441372E-04  0.28468478534926E-03
 -0.66896720278921E-05  0.69852677911845E-04  0.13300717133196E-02
  0.37315222553768E-04 -0.59330364615348E-04  0.13272858741110E-02
 -0.80466135224450E-04  0.11943867145549E-04  0.25117609618616E-03
 -0.14336134846999E-04  0.56772855856671E-04  0.13352998594640E-02
 -0.12031021371974E-04 -0.24910402110087E-04  0.26050435386775E-03
 -0.68276148623779E-04  0.73758941406521E-05  0.21755451949948E-03
  0.12728889103632E-03  0.33592559102745E-04  0.39589051122415E-03
 -0.20245562781433E-04  0.41466490079045E-04  0.13398592915224E-02
 -0.57335589819264E-04 -0.15942789243818E-04  0.13254536827718E-02
  0.28117488621439E-04 -0.73703362096736E-04  0.33494822523202E-03
 -0.12143378165845E-04  0.50742249823045E-05  0.14898078418865E-03
 -0.67451585386031E-04  0.27128647551466E-04  0.24896094945464E-03
 -0.56481971961585E-06  0.76015911784005E-04  0.13308288529914E-02
 -0.61875094909899E-04  0.18787790717416E-04  0.21892535254633E-03
 -0.63799269356172E-05  0.64341589799984E-04  0.13375094619985E-02
  0.85982680397743E-05  0.11193934462374E-04  0.13535930494577E-02
 -0.51209206916304E-04  0.12984033129020E-04  0.19367311848666E-03
 -0.10993450982678E-04  0.49599287730245E-04  0.13434314531619E-02
 -0.50911005610770E-05  0.79022843481364E-05  0.15161201949683E-03
 -0.39777421697341E-04  0.84009516858627E-05  0.17483402078399E-03
 -0.15002187339978E-04  0.32315820292245E-04  0.13487189649142E-02
 -0.29492837656844E-04  0.23258027964094E-05  0.16251894364835E-03
 -0.20279924071438E-04  0.14813344134170E-04  0.13528278619694E-02
 -0.52867952869193E-04  0.77395587127440E-05  0.13391233444970E-02
 -0.19309281429134E-04 -0.58487440898209E-05  0.15632041385958E-03
 -0.25944307956760E-04 -0.13330641340421E-05  0.13541047825157E-02
 -0.17826827343876E-06  0.13861547808554E-04  0.18184419439179E-03
 -0.84388543848413E-05 -0.18037540140930E-04  0.15827313189853E-03
 -0.33020863546897E-04 -0.16346115112210E-04  0.13517158712853E-02
  0.32096130701749E-05 -0.37338132309708E-04  0.17512510050838E-03
 -0.40786725043661E-04 -0.28756826395692E-04  0.13461777105559E-02
 -0.56154151038804E-04 -0.26921675406843E-05  0.13319219262806E-02
  0.18162573150299E-04 -0.62524842209225E-04  0.21695284291209E-03
 -0.47102101623446E-04 -0.36913402471191E-04  0.13385592204730E-02
 -0.24946136404602E-05  0.21288760051245E-04  0.24633000138611E-03
  0.29875692960734E-04 -0.82269443555998E-04  0.28146634332327E-03
 -0.51200838445404E-04 -0.40106139821349E-04  0.13310944896842E-02
 -0.54691663692475E-04 -0.35818562047518E-04  0.13255134736843E-02
 -0.54428343468265E-04  0.34343885806871E-05  0.19008853872810E-03
 -0.25886008537903E-04  0.24076120914755E-04  0.13441646705148E-02
  0.27164980491421E-04 -0.51229013816183E-04  0.13337544546384E-02
 -0.98187697441352E-05  0.31699177388836E-04  0.35042560942581E-03
  0.20427307634053E-04  0.82355885886400E-04  0.13144815901328E-02
 -0.12979206431067E-04  0.29366692658227E-05  0.15075566027159E-03
 -0.45738670268931E-04  0.21999155448922E-04  0.34844965713994E-03
  0.10287805324636E-04  0.79169802311515E-04  0.13205788751989E-02
 -0.73742480725956E-04  0.15277297311191E-04  0.33733865477900E-03
  0.23325498984271E-04  0.39242700723695E-05  0.20911031476182E-03
 -0.23227947916709E-04  0.86757216795951E-05  0.13514649020843E-02
 -0.90539164110205E-04  0.98044112179923E-05  0.31558082344582E-03
 -0.11785313408412E-04  0.58908813717474E-04  0.13285132701220E-02
 -0.89566963023244E-05  0.36473698147738E-05  0.14415476484989E-03
 -0.93219449628829E-04  0.51805312954360E-05  0.28398820214216E-03
 -0.21684214522351E-04  0.45532726027633E-04  0.13321200408599E-02
 -0.84177895529637E-04  0.17709865779646E-05  0.24682865517810E-03
 -0.29864959176925E-04  0.30484709871382E-04  0.13355529422983E-02
 -0.31431518104713E-04  0.12773470246230E-04  0.13500935882361E-02
 -0.69138744966788E-04 -0.24633076981815E-05  0.21253492263872E-03
 -0.37675051392042E-04  0.13629438529262E-04  0.13391232788715E-02
 -0.29805710695135E-05  0.59097930025610E-05  0.14396374740730E-03
 -0.53273922895416E-04 -0.82003507187572E-05  0.18686686056621E-03
 -0.45726561815841E-04 -0.18685741735790E-05  0.13422478749321E-02
 -0.36803464539691E-04 -0.17712171758966E-04  0.17460306147097E-03
 -0.54136566222378E-04 -0.15495165131187E-04  0.13424388516640E-02
 -0.37491945940075E-04  0.98120648503728E-05  0.13446765417594E-02
 -0.21438354788443E-04 -0.34510390410263E-04  0.18111426968643E-03
 -0.61529991936327E-04 -0.27234507724429E-04  0.13388830656766E-02
  0.39138766789115E-05  0.10819721307324E-04  0.16234443550259E-03
 -0.14205118273377E-04 -0.92199707762468E-06  0.13509469307330E-02
  0.29433221674007E-04  0.79885229928416E-04  0.13062420935541E-02
  0.29835910634617E-04  0.46868339670365E-04  0.34920506294239E-03
  0.38810891124114E-04  0.71837047240827E-04  0.12955102569994E-02
 -0.40589733048920E-04 -0.21672755961978E-05  0.17158573564275E-03
 -0.32516802672493E-04  0.65452695886114E-05  0.13477439407616E-02
 -0.15712270142965E-04 -0.12295447450245E-04  0.22540507454182E-03
 -0.26895050837327E-04 -0.11229614148098E-04  0.16287185609050E-03
 -0.40321864778409E-04 -0.89686533879361E-05  0.13488060373878E-02
 -0.13992023707999E-04 -0.25880203329567E-04  0.16749078910481E-03
 -0.48876900350904E-04 -0.22410363858646E-04  0.13459188545113E-02
  0.16290295239518E-04 -0.39479222086281E-04  0.13394863475159E-02
 -0.44915927085051E-06 -0.48305752292598E-04  0.19220315971870E-03
 -0.56133242753676E-04 -0.32572897007189E-04  0.13400599449783E-02
 -0.17105210617008E-04 -0.34003174375743E-05  0.19502415427321E-03
  0.14207017159545E-04 -0.72756779498068E-04  0.24533583678033E-03
 -0.61405851460923E-04 -0.38733695959908E-04  0.13326481111894E-02
 -0.68070736884166E-04 -0.35761288060087E-04  0.13326419423723E-02
  0.19954381510346E-04 -0.81610432169266E-04  0.31018176320390E-03
  0.53802046876288E-05 -0.25494199529479E-04  0.13447667990529E-02
  0.10447685838445E-04 -0.54010346437239E-04  0.34697793656705E-03
 -0.68937417238098E-04 -0.31575181276680E-04  0.13214307321892E-02
 -0.16761388414418E-04  0.73399229016650E-06  0.17250419201160E-03
  0.14925719186675E-03  0.60566987628150E-04  0.43781015477841E-03
  0.56926806017881E-04  0.13462838192355E-04  0.12656143877968E-02
  0.12346313184291E-03  0.10961341439606E-03  0.43830158358183E-03
  0.54588715413401E-04  0.36559742584411E-04  0.12734628397263E-02
 -0.45625065134687E-05 -0.12353964428712E-04  0.13488578391006E-02
  0.99247794776990E-04  0.10622633341675E-03  0.40723517585202E-03
  0.47980928307628E-04  0.56825098648266E-04  0.12838469702440E-02
 -0.15561480243306E-04  0.16957563794542E-05  0.15863809465702E-03
  0.68204614149878E-04  0.73634192073966E-04  0.36538942488623E-03
 -0.65526502339876E-04 -0.38797901647857E-04  0.13259934434662E-02
  0.40711284778103E-04  0.56458276350916E-04  0.13304686028497E-02
 -0.96035973109561E-04 -0.41712949229379E-04  0.28023262123292E-03
  0.22202510495789E-04 -0.51445733033086E-05  0.24230117586062E-03
  0.12698308076015E-04 -0.26448104645107E-04  0.22470259858052E-03
 -0.17251736522635E-05 -0.17135152695821E-04  0.13382254570437E-02
  0.18130619432691E-05 -0.55359965512668E-04  0.12612166081420E-02
  0.12808009063169E-04 -0.33154644519163E-04  0.25713676553804E-03
 -0.96368949888321E-05 -0.29521850693592E-04  0.13338533251028E-02
  0.25225654339175E-04 -0.16020141714519E-03  0.43559848891429E-03
  0.88009344347138E-05 -0.41239987520966E-04  0.28741506512368E-03
 -0.16462756595112E-04 -0.40356598780733E-04  0.13285267236482E-02
 -0.14023240292634E-05 -0.51747423470835E-04  0.31620655361891E-03
 -0.22744120594424E-04 -0.49460335168021E-04  0.13208181681215E-02
  0.17838658865330E-05 -0.67229698326803E-04  0.12783742456503E-02
 -0.18994731712951E-04 -0.67838538376297E-04  0.34497710850686E-03
 -0.30435323798305E-04 -0.56198849796937E-04  0.13105656121784E-02
  0.29125387884648E-04 -0.15495706610616E-03  0.42817790528711E-03
 -0.42318021683007E-04 -0.92994386416932E-04  0.37720183687997E-03
 -0.36603467700008E-04 -0.59571862590025E-04  0.12970751136285E-02
 -0.70225181534462E-04 -0.12859130181114E-03  0.41631742508689E-03
 -0.39575993567147E-04 -0.58359846122357E-04  0.12824638599250E-02
  0.17567022095760E-05 -0.73058445257780E-04  0.12954539607509E-02
 -0.92665578380900E-04 -0.15039397332242E-03  0.44024781766275E-03
 -0.39945142533068E-04 -0.49706253510056E-04  0.12679927492824E-02
  0.25666789124083E-04 -0.11234754554428E-03  0.36056741057158E-03
 -0.10221073759889E-03 -0.12384833863402E-03  0.42016476532916E-03
 -0.40401369083445E-04 -0.33607015018240E-04  0.12556634157022E-02
 -0.10595542140178E-03 -0.56720756158847E-04  0.38230493160822E-03
 -0.40858379442776E-04 -0.14152750338085E-04  0.12478309754786E-02
  0.31522127584054E-05 -0.72499508862086E-04  0.13111074974964E-02
  0.69272538570630E-05 -0.33012256076738E-05  0.13427216995618E-02
  0.39651710353367E-04 -0.59951209338083E-05  0.34092921648587E-03
  0.10718241959799E-04 -0.20205543294229E-04  0.19282276026602E-03
  0.15618756920710E-04  0.79736105985531E-05  0.13471038800375E-02
 -0.57044251771942E-04 -0.49941264385062E-04  0.12829629884941E-02
 -0.81851747608032E-05  0.32186712100622E-05  0.13383714473175E-02
 -0.12372971926946E-03 -0.13739946128174E-03  0.44175494322238E-03
 -0.57698567218297E-04 -0.39619622570437E-04  0.12712492589706E-02
  0.13746764935963E-04  0.23135859804436E-04  0.22396179027878E-03
 -0.13438048632691E-03 -0.94909107133884E-04  0.43682760046691E-03
 -0.58772079318254E-04 -0.23338598338171E-04  0.12618797905447E-02
  0.57079921244945E-04 -0.28290435462354E-04  0.34682391375477E-03
  0.37099151591788E-04 -0.23664676979625E-04  0.13230399614466E-02
 -0.80624747498946E-05 -0.70525602734347E-05  0.13313821930700E-02
  0.35736350773346E-04  0.15300662924257E-04  0.32088380597614E-03
  0.36497173376661E-04 -0.73555747606074E-05  0.13268174941774E-02
  0.15020934643999E-04  0.22738417775975E-04  0.29558865070046E-03
  0.23986637571134E-04  0.28400709360727E-04  0.25920631073705E-03
  0.35289947947332E-04  0.77929863824742E-05  0.13331416654599E-02
  0.17999689320391E-04  0.20202546478757E-04  0.19301669434439E-03
  0.33878848579740E-04  0.18382292778979E-04  0.13403238241159E-02
 -0.92551160598575E-05 -0.20578729679867E-04  0.13265844783908E-02
  0.13056397392241E-04  0.95428904576168E-05  0.15399402114047E-03
  0.32827315234005E-04  0.23907701788247E-04  0.13462205488268E-02
  0.27457069812175E-04 -0.67737635477370E-05  0.34174034715780E-03
  0.95774053148878E-05  0.11119238842725E-05  0.14335922315459E-03
  0.29987239680280E-04  0.22576000629048E-04  0.13490048605641E-02
  0.76583845972423E-05 -0.63052741814325E-05  0.15003729681377E-03
  0.23997025785472E-04  0.16621853315348E-04  0.13493771198587E-02
  0.17734229489906E-05 -0.37858107878232E-04  0.12473189784629E-02
  0.82515388676765E-05 -0.13854690646561E-04  0.16711726620124E-03
  0.17863049684413E-04 -0.11073143022665E-03  0.37603840935142E-03
  0.22074376908187E-04 -0.18372529131447E-04  0.13260458237090E-02
  0.16810210894062E-04 -0.70607746062173E-04  0.28332733951987E-03
  0.24031767797585E-04  0.24495854949565E-04  0.29699311282172E-03
 -0.16806194590611E-04 -0.67581104204959E-04  0.13031241403542E-02
 -0.35814011392538E-05 -0.12611426713328E-03  0.40204594883123E-03
 -0.19304865569195E-04 -0.66605358165875E-04  0.12871844848197E-02
  0.43854655155461E-05 -0.20319973122558E-04  0.13516076332925E-02
 -0.24189071390158E-04 -0.15759084343926E-03  0.43784427264236E-03
 -0.19432951641274E-04 -0.59376896926555E-04  0.12704782416111E-02
  0.24942558992346E-05 -0.10700268081583E-04  0.14674016251117E-03
 -0.41172044718785E-04 -0.14350491656953E-03  0.41569153624220E-03
 -0.19300964552846E-04 -0.44831676869565E-04  0.12551557684482E-02
 -0.46492517574092E-04 -0.82858430336273E-04  0.35396386949387E-03
 -0.19961866679522E-04 -0.25686926273418E-04  0.12441005417067E-02
  0.68707633327306E-05 -0.74960046036972E-05  0.13547576552205E-02
 -0.47858655993510E-04 -0.12651386545383E-04  0.31745658471134E-03
 -0.19462171854211E-04 -0.39231911304953E-05  0.12392389540407E-02
  0.23060823355839E-05 -0.56422377731062E-05  0.14396252333229E-03
  0.44432963246354E-04 -0.31910642510496E-04  0.34895486171514E-03
  0.66440154572328E-05 -0.26322917407303E-04  0.13255673496987E-02
  0.24965814447339E-04  0.12594146884920E-04  0.32454108373055E-03
  0.73262485077605E-05 -0.12321562960258E-04  0.13288608383159E-02
  0.83168451606609E-05  0.37215493627433E-05  0.13552163881608E-02
  0.17131064170521E-04  0.26976868838641E-04  0.26368995057201E-03
  0.79686997279776E-05  0.11237477395211E-05  0.13347390734046E-02
  0.31520484613374E-05  0.51983398918784E-07  0.14262418994050E-03
  0.15064415419654E-04  0.20834431849899E-04  0.19535186084905E-03
  0.76343558941333E-05  0.88823048115749E-05  0.13421551790021E-02
  0.11139330089105E-04  0.12215733182272E-04  0.15541411074432E-03
  0.80187505091828E-05  0.12865945773326E-04  0.13493638922732E-02
  0.80218090127364E-05 -0.87174020154271E-04  0.34452418088563E-03
  0.18178713909092E-05 -0.14906778481901E-04  0.15324088585995E-03
 -0.11535232801266E-04 -0.63570402262903E-04  0.13168470744274E-02
  0.11704740377080E-04 -0.59111832359100E-04  0.29199028169708E-03
  0.22525619335390E-04 -0.26712419359832E-05  0.13312476859641E-02
  0.18324475408486E-04  0.25623067644222E-04  0.22764323753149E-03
  0.22299668377194E-04  0.90427814372223E-05  0.13378986138110E-02
  0.45221000925823E-05 -0.67460244674681E-04  0.13241289234212E-02
  0.14636427113812E-04  0.16329775383366E-04  0.17126931765309E-03
  0.21965104309845E-04  0.15614305110583E-04  0.13451950646047E-02
  0.93583588104829E-05 -0.43770831036724E-04  0.22527246832137E-03
  0.10734396315602E-04  0.80876493030295E-05  0.14552805945805E-03
  0.21437883277913E-04  0.17068975935551E-04  0.13506022777261E-02
  0.72367786981097E-05  0.11150155372013E-05  0.14173964793757E-03
  0.19119481562865E-04  0.12528827272010E-04  0.13529129378372E-02
  0.43944562524205E-05 -0.59329687445131E-04  0.13343273150803E-02
  0.50840917523749E-05 -0.58070724033459E-05  0.14656569234794E-03
 -0.11479351474647E-03 -0.12652143059858E-03  0.41332159807401E-03
  0.14607491696329E-04  0.44954439047417E-05  0.13528459033942E-02
  0.57476878021877E-05 -0.12936775894684E-04  0.15592042148688E-03
  0.91389933736163E-05 -0.62646015375243E-05  0.13500120931963E-02
  0.68038532290812E-05 -0.18490667794614E-04  0.17015628266844E-03
  0.35223362155285E-05 -0.19553388215338E-04  0.13456417494733E-02
  0.34457963076316E-05 -0.48013734585080E-04  0.13413387593674E-02
  0.76709924396461E-05 -0.24704941774671E-04  0.19105480504336E-03
 -0.92547774542767E-06 -0.33658139697373E-04  0.13407387040307E-02
  0.21702846115232E-05 -0.20092962427004E-04  0.16516859765169E-03
  0.95205650068038E-05 -0.31875271923550E-04  0.21634618244084E-03
 -0.40760910453855E-05 -0.45691253053544E-04  0.13353051443431E-02
  0.11809711524572E-04 -0.42484595428412E-04  0.24955170056602E-03
 -0.67923911556514E-05 -0.56086436992137E-04  0.13275048256280E-02
  0.30206525712694E-05 -0.34581433951632E-04  0.13468985280149E-02
  0.45732424167274E-05 -0.28699449370312E-04  0.18751539643803E-03
 -0.25134099629648E-04 -0.24732251264861E-05  0.13344110730672E-02
 -0.54277357852338E-04 -0.51698342522194E-04  0.12951871880559E-02
  0.10882801342925E-04  0.14680293224200E-04  0.16916157842023E-03
 -0.85743946017922E-04 -0.66818111524120E-04  0.39654178170717E-03
 -0.78581554317828E-04 -0.25696354487002E-04  0.12887721233132E-02
  0.34350694034759E-04 -0.13053727777926E-03  0.38860930473787E-03
  0.76509762956743E-04 -0.16045024622152E-04  0.35179202464138E-03
  0.60775468379506E-04 -0.14676821279302E-04  0.13135971248445E-02
  0.49838069679409E-04  0.25638140400588E-04  0.32100965569030E-03
  0.58575742274721E-04  0.52579585631064E-05  0.13185034681862E-02
  0.21073230782592E-04 -0.74093745901249E-04  0.13047859137064E-02
  0.33331554828011E-04  0.33138717577147E-04  0.25537103640489E-03
  0.54688386378268E-04  0.22852654977605E-04  0.13251517860941E-02
  0.16053512395941E-04 -0.86779548823042E-04  0.30625379815560E-03
  0.23981422242793E-04  0.20361730105745E-04  0.19480537971708E-03
  0.49970887283231E-04  0.36333814685649E-04  0.13318099747325E-02
  0.17115476816660E-04  0.68427011467398E-05  0.17053915547511E-03
  0.44493185767195E-04  0.44427928931105E-04  0.13369050896721E-02
  0.19716395434899E-04 -0.72659086106241E-04  0.13189702859527E-02
  0.14409929234081E-04 -0.39714349913356E-05  0.17945270133975E-03
  0.37828294780742E-04  0.44194745066402E-04  0.13382857223447E-02
  0.52819956600525E-05 -0.51009299416262E-04  0.23551104632468E-03
  0.15639108703863E-04 -0.11794635045584E-04  0.20974085999190E-03
  0.28221915278097E-04  0.38450754018026E-04  0.13375068653230E-02
  0.18098871935819E-04 -0.17885649680528E-04  0.25011352988874E-03
  0.15788732723982E-04  0.28898385131103E-04  0.13347436457922E-02
  0.16687916283279E-04 -0.67259443839292E-04  0.13306843480207E-02
  0.14655949394650E-04 -0.21859829275641E-04  0.28976755864755E-03
  0.18258354617954E-05  0.17317621157641E-04  0.13314024420639E-02
 -0.31849857295057E-06 -0.28365385248887E-04  0.18864557390734E-03
  0.21850076656143E-04 -0.71597474486544E-04  0.12887881695248E-02
  0.68275373678693E-06 -0.25709903402219E-04  0.32086347610115E-03
 -0.77132242360637E-04 -0.36362312863484E-04  0.12951867104938E-02
 -0.75402317223456E-04 -0.40574642179025E-04  0.13031094766182E-02
  0.30774488544679E-04  0.53659598202274E-04  0.13312087298755E-02
  0.10086297934558E-04  0.23812230616110E-04  0.25576457410669E-03
  0.19392265420250E-04 -0.12084434475173E-04  0.28194382955054E-03
  0.18567584736041E-04  0.45843222700595E-04  0.13301979771700E-02
  0.74122518190018E-05 -0.16298397852262E-04  0.31641606350313E-03
  0.45191927480384E-05  0.35324526025594E-04  0.13279996662054E-02
 -0.25516643147435E-04 -0.15220554660005E-04  0.13279326387286E-02
 -0.16038552411537E-04 -0.18417148969439E-04  0.33880838286178E-03
 -0.98272167858773E-05  0.23268504852052E-04  0.13265360594427E-02
  0.13817078141308E-04  0.12404707059217E-04  0.32085966276465E-03
 -0.45977175566660E-04 -0.20028162776113E-04  0.34814674519434E-03
 -0.23470952864282E-04  0.12020801536252E-04  0.13260368700328E-02
 -0.74587616255544E-04 -0.21526535416927E-04  0.34509372602312E-03
 -0.35807058811910E-04  0.70456722925664E-06  0.13256791301738E-02
 -0.25899662553129E-04 -0.26377849411769E-04  0.13249810662738E-02
 -0.95282249172969E-04 -0.24866942699095E-04  0.33010080663947E-03
 -0.47855702419996E-04 -0.10365048031941E-04  0.13250573776390E-02
  0.30536634460979E-04 -0.30962609584945E-04  0.34941181968314E-03
 -0.10292193485184E-03 -0.31000103795226E-04  0.30512573823970E-03
 -0.58790720816899E-04 -0.20311400426304E-04  0.13231388273936E-02
  0.54384297146162E-05  0.84261360576362E-04  0.13230268887930E-02
 -0.66649123557282E-04 -0.29736583995275E-04  0.13184130376536E-02
  0.22894844802716E-04 -0.62965599579599E-04  0.12718463394366E-02
 -0.83506618378759E-04 -0.60822604314666E-04  0.27595108541368E-03
 -0.72035290929126E-04 -0.37472567185514E-04  0.13113173891326E-02
  0.57629830149643E-04 -0.15416139283302E-03  0.43921727079532E-03
 -0.72040005996755E-04 -0.88142384501115E-04  0.31069856736937E-03
 -0.69592314496288E-04 -0.10076150434772E-03  0.36452183359784E-03
 -0.11887679614175E-04  0.56079149464416E-05  0.13288832715263E-02
 -0.22086649640560E-04 -0.28922278838027E-04  0.33969357790477E-03
 -0.24181251295512E-04 -0.50070530485524E-05  0.13267600760856E-02
 -0.48376852379988E-06 -0.47438302907117E-05  0.13558789688342E-02
  0.11629044055931E-04  0.19269049095385E-05  0.15217795884777E-03
  0.38354669587877E-04  0.33724433196695E-04  0.13440012491742E-02
 -0.12350571082206E-05 -0.10060335725105E-05  0.14249772095101E-03
  0.99584271370804E-05 -0.66305506947466E-05  0.16031124190093E-03
  0.32327689235981E-04  0.30074347525582E-04  0.13444080873256E-02
  0.11137962834972E-04 -0.14018978273368E-04  0.18373169284191E-03
  0.22962706264109E-04  0.22650493836381E-04  0.13428550926040E-02
 -0.27910390544352E-05  0.58504603973545E-05  0.13550456877166E-02
  0.14756551111714E-04 -0.20116578893445E-04  0.21925269578571E-03
  0.11480613724697E-04  0.12389419982726E-04  0.13390638031562E-02
  0.96311769416389E-06  0.25662547938066E-05  0.14226318506164E-03
  0.15495373940196E-04 -0.25230107911271E-04  0.25872361237910E-03
 -0.59224017636548E-06  0.15889673207496E-06  0.13349991316386E-02
  0.10404922413772E-04 -0.31005519874230E-04  0.29392341483282E-03
 -0.11807080132425E-04 -0.12087442688503E-04  0.13313646724845E-02
 -0.54547826333924E-05  0.10974035626045E-04  0.13523179391804E-02
 -0.26026862396902E-05 -0.36190440744218E-04  0.31942170678739E-03
 -0.22271194732406E-04 -0.22758419112959E-04  0.13278470199260E-02
  0.54513831177655E-05  0.75632183514209E-05  0.14665401147097E-03
 -0.23246653180983E-04 -0.43081190587177E-04  0.33760680989792E-03
 -0.31643901665760E-04 -0.32808522330459E-04  0.13231319616197E-02
 -0.49154385391990E-04 -0.52693074437193E-04  0.34865047459841E-03
 -0.40516108643931E-04 -0.41297403848751E-04  0.13165780120034E-02
 -0.77172444602579E-05  0.90988010695575E-05  0.13461931730952E-02
 -0.75557520463373E-04 -0.67464917077857E-04  0.35679438692073E-03
 -0.48801284886580E-04 -0.48058261158775E-04  0.13071455010217E-02
  0.42115454912993E-04  0.30593524880522E-04  0.13403774171559E-02
  0.16892583417223E-04  0.12984170397372E-04  0.16971038794644E-03
  0.44698164949297E-04  0.20942570941718E-04  0.13337367388277E-02
  0.23843353658484E-04  0.25872360077312E-04  0.22022061179338E-03
  0.11731673350237E-04 -0.58600877561574E-04  0.13392776260744E-02
 -0.49881929398901E-04 -0.32271228169633E-04  0.34717151970069E-03
 -0.35644162947550E-04 -0.15721991327991E-04  0.13244338525414E-02
 -0.33064788920873E-05 -0.15992277525754E-04  0.16173594417750E-03
 -0.76914546243132E-04 -0.37954520301471E-04  0.34490658362394E-03
 -0.46858228379607E-04 -0.25512686481539E-04  0.13212257045054E-02
 -0.95817496703347E-04 -0.47498725201285E-04  0.33407254951466E-03
 -0.56580445794111E-04 -0.34156844457078E-04  0.13158659033151E-02
  0.69792531367570E-05 -0.45715734664486E-04  0.13453888755680E-02
 -0.10407374833118E-03 -0.63454476232693E-04  0.32686532922000E-03
 -0.63717602484878E-04 -0.41277533226607E-04  0.13075062862556E-02
 -0.38212481908149E-05 -0.98844890854965E-05  0.14812239709663E-03
 -0.10559472252716E-03 -0.90466512382286E-04  0.34554943737374E-03
 -0.98343586565773E-04 -0.92458099832193E-04  0.37524915050328E-03
 -0.67804781495480E-04 -0.44915220230271E-04  0.12975365927572E-02
 -0.69490804706968E-04 -0.41891492379604E-04  0.12873218209758E-02
  0.33103173723215E-05 -0.31334053545143E-04  0.13504407831244E-02
 -0.11266352541643E-03 -0.10854908513422E-03  0.42507999262935E-03
 -0.70908984554004E-04 -0.31242737476508E-04  0.12783411836256E-02
 -0.28659400389994E-05 -0.66538047973377E-05  0.14265432210069E-03
 -0.13552894361817E-03 -0.49370467623614E-04  0.43356768806561E-03
 -0.71891253052540E-04 -0.15533353367738E-04  0.12723020037338E-02
  0.52927678703302E-04  0.63710357929470E-06  0.33870677307398E-03
  0.49542659054860E-04 -0.11187605905735E-04  0.13212180676160E-02
  0.13821593011434E-05 -0.17432539254134E-04  0.13543336289124E-02
  0.33449560880594E-04  0.28301409113171E-04  0.28941538125913E-03
  0.47470877361302E-04  0.65930299410602E-05  0.13267955444057E-02
 -0.19997613732370E-05 -0.45178657770380E-05  0.14203578156617E-03
 -0.10469494301703E-03 -0.11828116554260E-03  0.39140976185645E-03
 -0.67999362544499E-04  0.39879393112381E-04  0.28355998482665E-03
 -0.46122219700221E-04  0.14081924854735E-04  0.13451267228395E-02
  0.96618300792707E-05  0.87626714613837E-04  0.13126628396319E-02
  0.66922563210237E-04 -0.54697529446021E-04  0.23806720753704E-03
  0.53886100594294E-04 -0.45836485154052E-04  0.13258917460530E-02
 -0.81667412414878E-04  0.20754903691121E-04  0.35252390213239E-03
  0.81727030396683E-04 -0.71334022494363E-04  0.30246214967515E-03
  0.52686018906398E-04 -0.39935473380734E-04  0.13211628894245E-02
  0.76292050405119E-04 -0.48099871072664E-04  0.34408333069850E-03
  0.51184096775877E-04 -0.27734080687444E-04  0.13189428306516E-02
  0.19396290350871E-05  0.24487237638506E-04  0.13276229126679E-02
 -0.46392294667373E-05  0.76772363593968E-04  0.34709516483063E-03
 -0.48611020086361E-05  0.53592618548245E-04  0.13197019492728E-02
 -0.22449193620272E-04  0.25199020369684E-04  0.33067876024336E-03
  0.18503208580252E-04  0.90458290823819E-04  0.33850999545359E-03
  0.99650434419156E-05  0.48389946875638E-04  0.13236762203527E-02
  0.34707773128795E-04  0.95855925570574E-04  0.32024250622883E-03
  0.22378811149821E-04  0.40087734224283E-04  0.13272386825621E-02
 -0.14705801930262E-04  0.31067202638817E-04  0.13285229046854E-02
  0.42812391901454E-04  0.92168252672586E-04  0.29469315279224E-03
  0.33262956456959E-04  0.29537284017792E-04  0.13304857789221E-02
 -0.34224725481911E-04  0.15794604112130E-04  0.30425314260674E-03
  0.44232752781618E-04  0.80779066143177E-04  0.26345889818725E-03
  0.41147572754733E-04  0.16120468717117E-04  0.13336902035232E-02
  0.41836146523194E-04  0.65236556324786E-04  0.23216544122826E-03
  0.45559879708255E-04  0.16631791707703E-05  0.13376347361499E-02
 -0.32534077345123E-04  0.34211592158745E-04  0.13291283534134E-02
  0.37795301662047E-04  0.46792581805489E-04  0.20502804531782E-03
  0.47432639858621E-04 -0.11630225491312E-04  0.13413907694234E-02
 -0.40336222620558E-04  0.10845749194480E-04  0.26807412720778E-03
 -0.81982494968042E-04 -0.50702406820772E-05  0.13005362536230E-02
  0.34347022736094E-04  0.27277434690361E-04  0.18380991349177E-03
  0.55565048800757E-04 -0.44676134442662E-04  0.13322953128379E-02
  0.57303988735619E-04 -0.40507397045424E-04  0.13365772348597E-02
  0.64113566344210E-04 -0.42476897101508E-04  0.13158143399935E-02
 -0.48045479983788E-04  0.21696496696085E-04  0.30225855070443E-03
  0.95320341196498E-04 -0.58861289044687E-04  0.33508632517858E-03
  0.62507713968327E-04 -0.31445113542007E-04  0.13129760915659E-02
 -0.13461478107544E-04  0.49342082085407E-04  0.34313742364520E-03
 -0.11277594751984E-05  0.39552697812604E-04  0.13241880406294E-02
 -0.54649897709060E-04  0.38744897078673E-04  0.13165611057007E-02
  0.87255870434852E-05  0.66689214229991E-04  0.34680503050878E-03
  0.14130039196279E-04  0.32188410922751E-04  0.13249881308235E-02
 -0.58041075511676E-04  0.18491069177820E-04  0.27852691393474E-03
  0.28936001492646E-04  0.81104505957038E-04  0.34127082411985E-03
  0.27239090106525E-04  0.22487228362620E-04  0.13265606549352E-02
  0.43543953201200E-04  0.86572306009242E-04  0.32516109115972E-03
  0.38717180397821E-04  0.11708271517716E-04  0.13283369892034E-02
 -0.68624434448668E-04  0.28436347852571E-04  0.13106924334322E-02
  0.50040873630106E-04  0.82702364499120E-04  0.29951599435721E-03
  0.47864326166346E-04 -0.22689532170834E-06  0.13310214635838E-02
 -0.68402490720638E-04  0.22509117540595E-04  0.27687075695926E-03
  0.51020931300469E-04  0.70314103361211E-04  0.26742097616442E-03
  0.54490856961342E-04 -0.12678408164122E-04  0.13337489032478E-02
  0.48276780554341E-04  0.52813852215417E-04  0.23391381806415E-03
  0.57479838146479E-04 -0.23842886381652E-04  0.13358998561639E-02
 -0.77787685356162E-04  0.12558441858761E-04  0.13048565175717E-02
  0.44723463216418E-04  0.30569048974795E-04  0.20476624560908E-03
  0.57692917278173E-04 -0.33881472179813E-04  0.13370719484487E-02
 -0.81331281069292E-04  0.30773021760831E-04  0.31012260599339E-03
  0.43555210706217E-04  0.45088360215339E-05  0.18878868309753E-03
  0.50818228069273E-04 -0.24708833366759E-04  0.19615399238901E-03
  0.90051926145711E-04 -0.59187502556977E-04  0.28218495232046E-03
  0.47796157359355E-04 -0.23034452240469E-04  0.13439613599799E-02
  0.47062338735890E-04 -0.33085142997875E-04  0.13444345291596E-02
  0.35766904730680E-04  0.16310596453141E-05  0.13465550795077E-02
 -0.83146343562413E-04 -0.16586334233186E-04  0.13100087912146E-02
  0.24951926624585E-04  0.21972938123453E-04  0.16898468557489E-03
 -0.35985780404165E-04  0.14995085979020E-04  0.13476214332893E-02
 -0.43319460915403E-04 -0.10131337788276E-05  0.34597409542046E-03
  0.23371168605690E-04  0.50664394088484E-05  0.16169037044891E-03
  0.35522739360964E-04 -0.22852881598105E-04  0.13504519140949E-02
  0.25384121550338E-04 -0.15224446735227E-04  0.16325688294255E-03
  0.33739051961952E-04 -0.32571840025504E-04  0.13480235702361E-02
  0.20796678684162E-04 -0.76334392035426E-06  0.13277058282583E-02
  0.35373513716192E-04 -0.39776803559294E-04  0.18359179663628E-03
  0.30634151730208E-04 -0.40238783857682E-04  0.13419321380109E-02
 -0.15279148271806E-04  0.16212412855490E-04  0.33162080316125E-03
  0.51897929520748E-04 -0.65883971846990E-04  0.23454724081837E-03
  0.27641368094506E-04 -0.44985097494042E-04  0.13341499263528E-02
  0.65140854778551E-04 -0.80532445258518E-04  0.30221377059082E-03
  0.25373530697710E-04 -0.41911873771579E-04  0.13283782668163E-02
  0.49192202841697E-05  0.91793141578877E-05  0.13305794399884E-02
  0.59950306729800E-04 -0.55884818434215E-04  0.34337179267504E-03
  0.22880337855610E-04 -0.32160104508626E-04  0.13247762749191E-02
 -0.27357178948587E-04  0.81213612448946E-05  0.30763361054843E-03
 -0.93538501702384E-04  0.11215614374825E-03  0.42120862705247E-03
 -0.36769383585903E-04  0.57159090930520E-04  0.12802742923461E-02
 -0.45005320815850E-04  0.12677603990390E-03  0.38706404275099E-03
 -0.23975641850478E-04  0.69821402741792E-04  0.12924786848248E-02
 -0.10575279517279E-04  0.17065304174490E-04  0.13332722572313E-02
 -0.10498757950007E-04  0.12512766504874E-03  0.34415081660423E-03
  0.28469441162316E-04  0.38545978518786E-04  0.18178636284899E-03
  0.32267565136340E-04  0.52065167740682E-05  0.17189413866825E-03
  0.34545428605291E-04  0.15961959451681E-04  0.13415466087227E-02
 -0.50996059810337E-04  0.26429024099269E-04  0.29887255220743E-03
 -0.49586796171561E-04  0.32846258268210E-04  0.13280168189147E-02
  0.36082822399182E-04 -0.19765635165304E-04  0.17526880456503E-03
  0.45550012383938E-04 -0.39954178382977E-04  0.13414576982535E-02
 -0.40881726854728E-04  0.11353587824268E-04  0.23284632967861E-03
  0.48977071419782E-04 -0.47422208699484E-04  0.20557040399703E-03
  0.42518089309328E-04 -0.44940738687345E-04  0.13346905843450E-02
  0.66582728601287E-04 -0.72113624703033E-04  0.26721380278927E-03
  0.40630619650307E-04 -0.44291738225131E-04  0.13281742593865E-02
 -0.64170330772346E-04  0.26303425988871E-04  0.13241919184655E-02
  0.72729174211713E-04 -0.70600924566700E-04  0.32667492226028E-03
  0.38962168303087E-04 -0.36334671576514E-04  0.13238314879139E-02
 -0.39872926470915E-04  0.15539589405401E-04  0.21790263181138E-03
 -0.34600943005502E-04  0.90268363846020E-04  0.36237108889117E-03
 -0.24282392383790E-04  0.64533005396172E-04  0.13051450380213E-02
 -0.24570930243455E-05  0.10278233155504E-03  0.34408052329934E-03
 -0.83469032483545E-05  0.65671432851507E-04  0.13137652647444E-02
 -0.75089988290928E-04  0.14574503346782E-04  0.13186224212356E-02
  0.19375228377106E-04  0.10573325403195E-03  0.31987991108129E-03
  0.58796345421740E-05  0.62182644375179E-04  0.13211160941437E-02
 -0.44202005212556E-04  0.23266002203848E-04  0.24174127310483E-03
  0.31054634622715E-04  0.98817017850808E-04  0.28958566310670E-03
  0.17194561917767E-04  0.55460262248975E-04  0.13270378509848E-02
  0.34717328852019E-04  0.86184110473644E-04  0.25715097879953E-03
  0.26048013628434E-04  0.44727218705095E-04  0.13320705602129E-02
 -0.81074271569444E-04 -0.13296435050016E-05  0.13130066451236E-02
  0.34531144594041E-04  0.71132093905646E-04  0.22588584489047E-03
  0.31576626952654E-04  0.31414769042794E-04  0.13367423555885E-02
  0.31907062859139E-04  0.55080654173796E-04  0.20033755837211E-03
 -0.99830209109106E-05  0.75309634347045E-04  0.13048474136198E-02
 -0.37686259830873E-04  0.43697519536770E-04  0.13208599693989E-02
  0.71881357407841E-04 -0.30684293704529E-04  0.23185820633320E-03
  0.57395188455172E-04 -0.48517236027248E-04  0.12744249307660E-02
  0.17560338265030E-03 -0.43748424895108E-04  0.44250041622308E-03
  0.57405589179553E-04 -0.31906411204482E-04  0.12671408431298E-02
 -0.40005343226161E-04  0.56950566964411E-04  0.12956306486680E-02
  0.17301269472568E-03 -0.47512443078714E-05  0.43648482649302E-03
  0.57196489429478E-04 -0.10013246939346E-04  0.12635706227542E-02
 -0.75227407383506E-04  0.72322392771065E-04  0.37943296653278E-03
  0.21186630416806E-04 -0.12467347384654E-04  0.34435240423590E-03
  0.58117944927775E-04 -0.58313414098700E-04  0.13160183306623E-02
  0.48910836247062E-04 -0.89630650084981E-05  0.35710788365012E-03
  0.63078359391792E-04 -0.59477465114194E-04  0.13093991263771E-02
 -0.54415985456618E-04  0.43803603235372E-04  0.12864137522484E-02
  0.82912627538828E-04 -0.93792409074891E-05  0.36541695570859E-03
  0.66264498622701E-04 -0.56529220991522E-04  0.13007802124907E-02
 -0.12098429008638E-03  0.56517644818865E-04  0.40320569283479E-03
  0.12363864062880E-03 -0.18706708246036E-04  0.38221646875333E-03
  0.67000133281797E-04 -0.51977350823450E-04  0.12910760068452E-02
  0.16209759956810E-03 -0.34383526370104E-04  0.41050304440529E-03
  0.68017888689307E-04 -0.41440565598509E-04  0.12833092522245E-02
 -0.64298562462394E-04  0.24644595499386E-04  0.12779247346631E-02
  0.17637976023136E-03 -0.34392115524035E-04  0.42827961160547E-03
  0.68868497854798E-04 -0.24529192787106E-04  0.12786279272975E-02
 -0.15534694799259E-03  0.43589184379190E-04  0.42853845224119E-03
  0.88564428614080E-05  0.11959437070728E-04  0.34289020839762E-03
  0.50663282607280E-04 -0.40369230161201E-04  0.13231035602870E-02
  0.31527053812337E-04  0.21987699819476E-04  0.34926917542526E-03
  0.60350769187355E-04 -0.47358828374598E-04  0.13205464594625E-02
  0.14408143101970E-03 -0.57546312396599E-04  0.43199508363973E-03
 -0.69789461497534E-04  0.36125137812342E-05  0.12723285549164E-02
 -0.15061393455574E-03 -0.21603544405684E-04  0.42798298127399E-03
  0.92411655473217E-04 -0.61000068843822E-04  0.40443246679858E-03
  0.11434276429622E-04 -0.40506039032231E-04  0.31316234711836E-03
  0.20535726916518E-05 -0.15857557607557E-04  0.12389578755053E-02
 -0.38314397372572E-04  0.75666005544072E-05  0.12471103140297E-02
  0.74410312458496E-04 -0.13023779943390E-03  0.42375830926311E-03
  0.23387739161799E-04 -0.49042859799963E-04  0.12566489753980E-02
 -0.11173221747147E-03  0.16199165019569E-04  0.37690713981878E-03
  0.76013084823206E-04 -0.69892158824484E-04  0.36763884779094E-03
  0.23555714958332E-04 -0.28935442329833E-04  0.12457759738498E-02
  0.69261494904528E-04 -0.37235580782018E-05  0.33338119816673E-03
  0.23196972867229E-04 -0.51037820533491E-05  0.12410540328810E-02
 -0.47333106662186E-04  0.38464854707718E-04  0.12691955367254E-02
  0.53339919887824E-04 -0.11357819079459E-03  0.40493180070521E-03
  0.41242733755277E-04 -0.65807117991586E-04  0.12846152390952E-02
 -0.13971469211617E-03  0.82025049170842E-04  0.43922809696188E-03
  0.97981979432534E-04 -0.11230454627018E-03  0.43637170680978E-03
  0.42593302904122E-04 -0.56194829927634E-04  0.12700311771264E-02
  0.13097773874753E-03 -0.81359336849515E-04  0.42871907658222E-03
  0.42826464524605E-04 -0.40773881980426E-04  0.12585626557967E-02
 -0.53410466673572E-04  0.17280946176583E-04  0.12610156097972E-02
  0.13721911890922E-03 -0.31079161835945E-04  0.40188157998102E-03
  0.41927399057122E-04 -0.19275022815904E-04  0.12517953524733E-02
 -0.15879559912132E-03  0.39645428412396E-04  0.43578850418587E-03
  0.15310418118942E-04 -0.50383340604452E-04  0.33676245077520E-03
  0.50526371338542E-04 -0.66058689968555E-04  0.13093210957310E-02
  0.46533924845894E-04 -0.58281931568181E-04  0.37173514891556E-03
  0.54985078314691E-04 -0.63863751953434E-04  0.12978617102874E-02
 -0.57620104752292E-04 -0.37141780321094E-05  0.12580078857155E-02
  0.56806981044520E-04 -0.58349202933185E-04  0.12853079428698E-02
  0.64609465723359E-04 -0.46565282179093E-04  0.13206486204979E-02
  0.54223751808466E-04  0.28515583951112E-04  0.34465912042225E-03
 -0.15820698773846E-03  0.13495544000501E-04  0.43695972166701E-03
 -0.11304235815699E-03  0.33446548613098E-04  0.35788366324905E-03
  0.10315308806242E-03 -0.37884659915549E-04  0.28962169517005E-03
  0.71232745945741E-04 -0.43863451649591E-04  0.13077539660835E-02
  0.11701579742585E-03 -0.56819525156659E-04  0.33585612244034E-03
  0.70837351819679E-04 -0.34587987866690E-04  0.13038727680388E-02
 -0.76328324776367E-04  0.94066755901401E-05  0.12888292292366E-02
 -0.45358171888391E-05  0.40221683988111E-04  0.34510633371614E-03
  0.17700115640619E-04  0.15814525631357E-04  0.13262124724954E-02
 -0.12686483602621E-03  0.31681818147225E-04  0.38801343313270E-03
  0.16691428323954E-04  0.56750654424571E-04  0.34964111020215E-03
  0.31449966581375E-04  0.47516104112051E-05  0.13255812701277E-02
  0.35939966703743E-04  0.68928685025775E-04  0.34372748584503E-03
  0.42823089792909E-04 -0.66749107153220E-05  0.13263008969857E-02
 -0.79023178289756E-04 -0.95062960476198E-05  0.12860677003224E-02
  0.49755084217957E-04  0.72483617464874E-04  0.32665335078285E-03
  0.52949325600948E-04 -0.17393735900895E-04  0.13278086445981E-02
 -0.11336213133026E-03 -0.41885174701835E-05  0.40190544279049E-03
  0.56889214684414E-04  0.66909310562745E-04  0.29957998822753E-03
  0.61111655185277E-04 -0.26681956276539E-04  0.13290972124138E-02
  0.58353999998270E-04  0.52648011428270E-04  0.26551121782277E-03
  0.64844453907303E-04 -0.35474009363806E-04  0.13297168687998E-02
 -0.18778961606353E-04  0.43742839478730E-04  0.13228704175201E-02
  0.57114089233045E-04  0.30668216427262E-04  0.23362132175078E-03
  0.66247634324169E-04 -0.42143071626681E-04  0.13292506087464E-02
 -0.32942882379781E-04  0.33095954641341E-04  0.32786881987638E-03
  0.59995363096944E-04  0.16205020681940E-05  0.21746031297360E-03
  0.65863491833433E-04 -0.45578358548126E-04  0.13264310704352E-02
  0.71419315644925E-04 -0.47493947226343E-04  0.13138185412677E-02
  0.66363587968402E-04 -0.51808276198834E-04  0.13175140700633E-02
  0.85151489812537E-04 -0.45906253433529E-05  0.26455268300921E-03
  0.71584796952707E-04 -0.47852120054759E-04  0.13196262689941E-02
  0.75167261728996E-04  0.25909148074031E-04  0.33194356497559E-03
  0.70226603086337E-04 -0.52777960530544E-04  0.13132860614918E-02
  0.97234589697953E-04  0.10066699788291E-04  0.32283198107062E-03
  0.71869720817111E-04 -0.50952321885151E-04  0.13070142130960E-02
 -0.22745610955950E-04  0.55142627484603E-04  0.13153834865016E-02
  0.12222925356091E-03 -0.16783476593651E-04  0.33417234223944E-03
  0.72618210846856E-04 -0.46309310716771E-04  0.12992183390661E-02
 -0.32510290843999E-04  0.58364368363481E-04  0.34641058357382E-03
  0.14405877414880E-03 -0.43151973615017E-04  0.36640176700603E-03
  0.73357453190188E-04 -0.36452099778007E-04  0.12934024304147E-02
  0.14270399293491E-03 -0.36055971062737E-04  0.38953740814361E-03
  0.72600882190686E-04 -0.20964214286034E-04  0.12906694646840E-02
 -0.40320023182500E-04  0.52151086537607E-04  0.13096651199713E-02
  0.20278284775195E-05  0.28475892278323E-04  0.34518485503404E-03
  0.35133232184131E-04 -0.12536902080103E-04  0.13252208121896E-02
 -0.59233486995731E-04  0.41864507546940E-04  0.33908592694159E-03
  0.22746010606808E-04  0.41909561727281E-04  0.34937181218869E-03
  0.47292148037881E-04 -0.24193646410585E-04  0.13244249334561E-02
  0.42383569906672E-04  0.51339478697101E-04  0.34333843085569E-03
  0.57804042671398E-04 -0.33405315460139E-04  0.13241885962392E-02
 -0.56284385873886E-04  0.43229775649897E-04  0.13024652254798E-02
  0.57686417460583E-04  0.53537409787266E-04  0.32551967712800E-03
  0.65489380778050E-04 -0.40186203592906E-04  0.13237329728664E-02
 -0.86167937135644E-04  0.32335768192874E-04  0.33809318865091E-03
  0.67226603353554E-04  0.44944901698707E-04  0.29864188715762E-03
  0.69787834449230E-04 -0.45867838458665E-04  0.13225193715690E-02
  0.74250038074874E-04  0.24933400459878E-04  0.27281166627936E-03
 -0.69049541297965E-04  0.28925594064378E-04  0.12950872363335E-02
 -0.33312283755905E-04  0.55036171323983E-05  0.27491857481072E-03
  0.36538339647664E-04 -0.11143031591376E-04  0.13498423546397E-02
  0.22822702194002E-05  0.73669407695738E-04  0.13161419548618E-02
 -0.58937301270739E-04  0.14483516230316E-04  0.13384042439926E-02
 -0.66914298283146E-05  0.13980272434059E-04  0.15586635065839E-03
  0.28295795164769E-05  0.25742415640071E-04  0.13552816785841E-02
 -0.10241325771555E-04  0.11066610390469E-04  0.16731698551879E-03
 -0.34021718122161E-05  0.53341936281803E-05  0.15342224763679E-03
 -0.82274445312052E-07  0.10124614673153E-04  0.13583951868994E-02
  0.42931194839552E-06 -0.43600141756131E-05  0.15222062424414E-03
 -0.35100656981949E-05 -0.43606694010182E-05  0.13586562270582E-02
 -0.65786638500213E-04  0.48928822923259E-05  0.13322647918207E-02
  0.63679943588726E-05 -0.17899616372748E-04  0.15570255790909E-03
 -0.76260985370767E-05 -0.18476116909473E-04  0.13555779537848E-02
 -0.95648251431678E-05  0.18120499854944E-04  0.21024682734995E-03
  0.47004426674595E-05  0.42194822240577E-04  0.13507399180355E-02
  0.15902411013706E-04 -0.37523090386181E-04  0.17176135009821E-03
  0.31778909227270E-04 -0.61536752021400E-04  0.21382194663263E-03
 -0.16981114672037E-04 -0.38319759621341E-04  0.13404121327515E-02
 -0.68836362926485E-04 -0.79635365001320E-05  0.13254737505192E-02
  0.45715100423653E-04 -0.82254346573508E-04  0.28072818432598E-03
 -0.20702609354828E-04 -0.41730768053081E-04  0.13327521111837E-02
 -0.14039881509803E-04  0.20731677398080E-04  0.28144984955206E-03
  0.45742531162158E-04 -0.75581497797115E-04  0.33507187221801E-03
 -0.24042614743641E-04 -0.35890203350991E-04  0.13274193594005E-02
  0.65803595386926E-05  0.24825259274839E-04  0.30546561533418E-03
  0.28827168876491E-05  0.83964130377937E-05  0.12377597714582E-02
 -0.70255484442767E-04 -0.20896703737713E-04  0.13210341987506E-02
 -0.11385406872486E-05  0.95975139226122E-04  0.35899861518823E-03
 -0.12309854696040E-04 -0.29822065074006E-04  0.13492902433247E-02
  0.43917644935661E-05  0.33319689932058E-04  0.12447369552770E-02
 -0.10220797124284E-04  0.21633003121630E-04  0.16006854892573E-03
 -0.14116976351706E-04  0.29619421084074E-04  0.16868949744932E-03
 -0.63074257222997E-05 -0.41025564929035E-04  0.13300137572058E-02
 -0.29875796964422E-04  0.13380082932876E-05  0.23919787045804E-03
  0.47170357716647E-04 -0.57324964981822E-04  0.34649937502310E-03
 -0.91120207579275E-05 -0.31795559657605E-04  0.13261092412829E-02
 -0.53904251510021E-04  0.56538301403269E-04  0.34079514456054E-03
 -0.16724831349180E-04  0.20148780735682E-04  0.12421546889717E-02
 -0.19657902781238E-04  0.11832044392543E-04  0.13404664424355E-02
 -0.61887738099247E-04  0.12910515587469E-03  0.40379959704830E-03
 -0.13601880724304E-04  0.43900216542871E-04  0.12522740169301E-02
 -0.28249076675174E-04  0.39300930197985E-05  0.20607556803502E-03
 -0.61312145844641E-04  0.17333644677756E-03  0.44248133078976E-03
 -0.90701831431680E-05  0.64451211627044E-04  0.12672510228370E-02
  0.64536727969692E-05  0.56936088435779E-04  0.13447718442975E-02
 -0.52506250572776E-04  0.16312967247545E-03  0.41210794983543E-03
 -0.33946987528616E-04  0.18276181599364E-04  0.13424701371695E-02
 -0.41056518807334E-04  0.12134123298426E-03  0.33413435669858E-03
  0.14328892889063E-05  0.85078672289693E-04  0.12986310275990E-02
 -0.23215950866036E-04  0.53438481010278E-05  0.17700831948293E-03
 -0.30102739032548E-04  0.82794944152797E-04  0.26002941540543E-03
  0.60048467221512E-05  0.84474892679951E-04  0.13133639137657E-02
  0.86168923344378E-05  0.11176012966175E-03  0.29875079193070E-03
  0.81031868362197E-05  0.78483741527605E-04  0.13264466622120E-02
 -0.47883655973727E-04  0.19666258806636E-04  0.13424168297864E-02
 -0.17726134577578E-04  0.39980307931754E-04  0.18398748668499E-03
  0.75501661774212E-05  0.68957412266444E-04  0.13368503743018E-02
 -0.16635578996453E-04  0.74670258917576E-05  0.16029690937026E-03
 -0.37082714665184E-05  0.78765556451971E-04  0.12832132885044E-02
 -0.66502875981201E-05 -0.48955392167829E-05  0.33691314247346E-03
 -0.15938460048594E-04  0.15526217054587E-03  0.42516727381228E-03
  0.62170854354282E-05  0.55937960598302E-04  0.12577716680952E-02
 -0.23747989237711E-04 -0.23382065205594E-04  0.13516008676729E-02
  0.17937676016312E-04 -0.49900652644236E-04  0.19146013960220E-03
 -0.30078415318246E-04 -0.33678668303761E-04  0.13440702410919E-02
  0.79214661764218E-06 -0.11653644910920E-04  0.13414057480271E-02
  0.33781439456833E-04 -0.74640381195416E-04  0.24824008471475E-03
 -0.34796263425705E-04 -0.40060948307812E-04  0.13355994543112E-02
 -0.23739684660088E-04  0.10770225571206E-05  0.20249217965656E-03
  0.39969270178974E-04 -0.83809956408806E-04  0.31311632659974E-03
 -0.38392105981822E-04 -0.39177732871716E-04  0.13291192193644E-02
  0.31377173437755E-04 -0.55690520433113E-04  0.34745018785055E-03
 -0.41292568693051E-04 -0.31359508822939E-04  0.13248780815872E-02
 -0.11720693525599E-04 -0.50515183475800E-06  0.13452206404000E-02
  0.47521291465678E-05 -0.26994256852259E-04  0.16263287766491E-03
  0.63533258345971E-04  0.64967313775919E-04  0.35539345060210E-03
 -0.22505672998039E-04  0.30758855726078E-05  0.17813863189710E-03
  0.54238274076571E-04  0.12751464321429E-03  0.41113307683177E-03
  0.23212657855713E-04  0.43803780997451E-04  0.12542214920575E-02
  0.29085292987666E-04  0.14877890752827E-03  0.43769143726358E-03
  0.22351141511927E-04  0.64998693649702E-04  0.12676893094277E-02
 -0.24236088341246E-04  0.91850892585640E-05  0.13470435693175E-02
 -0.82296734812605E-05  0.12319815369825E-03  0.41065524736680E-03
  0.19247879586662E-04  0.78862516793152E-04  0.12829668820607E-02
 -0.17898396164743E-04  0.42546835804679E-05  0.16113184297902E-03
 -0.41387052935009E-04  0.86700267700525E-04  0.36461538459511E-03
  0.14132163629142E-04  0.86021947216512E-04  0.12987693021751E-02
 -0.60818766495122E-04  0.59020771763164E-04  0.32208945939392E-03
  0.22766985101522E-04  0.19566862639091E-04  0.12442843445405E-02
 -0.23332155395324E-04 -0.24342137471205E-05  0.23354971840348E-03
 -0.17853962313505E-04 -0.96789815798672E-05  0.13564494304388E-02
 -0.41228998912999E-05 -0.11223319416363E-04  0.15355609941201E-03
 -0.35708832898258E-04  0.16299459411151E-03  0.43585073855657E-03
  0.75810976005734E-05  0.73333159141175E-04  0.12735748007091E-02
  0.50182626708939E-04 -0.53848850243925E-04  0.13220479104218E-02
 -0.49807728913108E-04  0.12711898430189E-03  0.38429679524439E-03
  0.80373942902730E-05  0.83865844308775E-04  0.12896502676129E-02
 -0.18914273411778E-06 -0.15405466429316E-04  0.32486726416669E-03
 -0.53782183667938E-04  0.86405998009188E-04  0.31538989777960E-03
  0.71506487447609E-05  0.87591083596927E-04  0.13056039513578E-02
 -0.50463152757261E-04  0.57025360575011E-04  0.25903807883213E-03
  0.67830312417926E-05  0.85410528765795E-04  0.13193909129304E-02
  0.39137716261221E-04 -0.45890863855491E-04  0.13270397206719E-02
 -0.45541746875154E-04  0.38299097133365E-04  0.21942342725698E-03
  0.48432524139184E-05  0.78656234852965E-04  0.13300838475747E-02
 -0.13951735608766E-04 -0.13862485241224E-04  0.29789209495372E-03
 -0.39787591632889E-04  0.26910927961265E-04  0.19329394839086E-03
  0.15928816645155E-05  0.67896650775195E-04  0.13384904734143E-02
 -0.33129195738624E-04  0.19516329316012E-04  0.17617827300879E-03
 -0.19820514652039E-05  0.54564495050798E-04  0.13453515151416E-02
  0.26644824231037E-04 -0.35471119423371E-04  0.13315864269345E-02
 -0.25154505871752E-04  0.13818163961867E-04  0.16478248065273E-03
 -0.48905167504565E-05  0.38348179198464E-04  0.13509282454711E-02
 -0.20774870821740E-04 -0.88946538851510E-05  0.26735662941917E-03
 -0.18218805956868E-04  0.72209113604089E-05  0.15791152394953E-03
 -0.86173684023594E-05  0.21181604254922E-04  0.13555853029687E-02
 -0.11797685847983E-04 -0.93216004297101E-06  0.15373630093274E-03
 -0.13103267166301E-04  0.53859101831121E-05  0.13578814680360E-02
  0.13363451764724E-04 -0.23640161754383E-04  0.13364712561107E-02
  0.54350937827111E-04 -0.83813031479560E-04  0.30932679250312E-03
 -0.52830325066380E-05  0.28457730595426E-05  0.13375044113898E-02
 -0.22571474548229E-04  0.56689983301384E-04  0.21154774946688E-03
 -0.96143602413898E-04  0.13884485342104E-03  0.43709745889311E-03
  0.11198926384565E-04 -0.44156205278990E-04  0.13323123967983E-02
 -0.21643128035364E-04  0.16216850420200E-04  0.19533746961150E-03
  0.59350412517696E-04 -0.75479388788672E-04  0.33051346752394E-03
  0.82400610195929E-05 -0.37548571738227E-04  0.13274035261686E-02
 -0.11393058027889E-03  0.83474648727160E-04  0.40837778342941E-03
 -0.34215964784474E-04  0.30080542781285E-04  0.12534778888562E-02
 -0.75455021310581E-04  0.18441638318925E-05  0.13235748382371E-02
 -0.31744744767671E-05 -0.42710668257115E-04  0.13361170502340E-02
 -0.28365555008483E-04  0.52069547158652E-04  0.12649763526739E-02
 -0.26710187636929E-04  0.23341047338863E-04  0.25023503211817E-03
 -0.62727240725084E-04  0.16155966210992E-03  0.42473261118890E-03
 -0.19512364948344E-04  0.69758426574372E-04  0.12794361986215E-02
 -0.31726924877990E-04  0.14635673743975E-03  0.36851620189956E-03
 -0.93603913506469E-05  0.79763058901388E-04  0.12941298308997E-02
 -0.78533893940902E-04 -0.12757919461215E-04  0.13181805430949E-02
 -0.12451374148233E-04  0.11442877731291E-03  0.29751537362428E-03
  0.71650385267762E-06  0.81667177501412E-04  0.13080304667631E-02
 -0.27676900763655E-04  0.14003256365642E-04  0.31589436316829E-03
 -0.30982800887850E-05  0.84998529636810E-04  0.24022660022187E-03
  0.81624055960236E-05  0.76940614845031E-04  0.13206428032991E-02
  0.22805656008882E-05  0.62886560722022E-04  0.20261592334449E-03
  0.12005349885247E-04  0.68660096408508E-04  0.13314485986907E-02
  0.38308221696402E-04 -0.29618373893388E-04  0.13258650683513E-02
  0.55144863699552E-04 -0.79585688517504E-04  0.27288508593771E-03
 -0.68434567434448E-04  0.14681826941955E-04  0.13298723818471E-02
  0.14319212136491E-04 -0.41738488835079E-04  0.13396453437580E-02
  0.38801667826409E-04 -0.57192411995242E-04  0.20719103445478E-03
  0.17822011944788E-04  0.92965212098415E-04  0.25741520702176E-03
  0.12336128858965E-04  0.67425835534407E-04  0.13253032016842E-02
 -0.26214113585949E-04  0.23368689291483E-04  0.13353493110136E-02
  0.21442849862540E-04  0.74303984779927E-04  0.22242273514492E-03
  0.18507271467082E-04  0.57561036718736E-04  0.13329314218398E-02
 -0.34018217875551E-04  0.57798919222272E-05  0.23652634010232E-03
  0.21724663780612E-04  0.58786789417879E-04  0.19602635650478E-03
  0.21579875961918E-04  0.44921993950366E-04  0.13395008317741E-02
  0.20612795254386E-04  0.44273645437350E-04  0.17791979571469E-03
  0.22992314229694E-04  0.30161490009468E-04  0.13452363806882E-02
 -0.42643133722432E-04  0.26380414054282E-04  0.13365931232706E-02
  0.48293460596429E-05  0.47225613710825E-04  0.17981991392820E-03
  0.18311578321249E-04  0.30932242925236E-04  0.16678339667558E-03
 -0.30806579664834E-04  0.74165144008231E-05  0.20010748325722E-03
  0.16093040837855E-04  0.17481535718251E-04  0.15975063849871E-03
  0.24438783778088E-04  0.13496174772568E-05  0.13544147696173E-02
  0.15307609086368E-04  0.43158941137000E-05  0.15583228541248E-03
  0.23220334743211E-04 -0.11712705603842E-04  0.13550189829803E-02
 -0.57432670235681E-04  0.23088534362102E-04  0.13346529328808E-02
  0.17186915859720E-04 -0.11257783663444E-04  0.15691975946176E-03
  0.20745490906172E-04 -0.23745928520211E-04  0.13527118899093E-02
 -0.24627668156893E-04  0.10625388374400E-04  0.18144465081418E-03
  0.24011736913337E-04 -0.32205265042381E-04  0.16928479933691E-03
  0.17858805346246E-04 -0.33402800357055E-04  0.13477893799562E-02
  0.23998232824944E-04  0.15238672112029E-04  0.13505795770831E-02
  0.13306999614289E-04  0.57459603419248E-04  0.13402473396051E-02
  0.63606937556776E-05  0.53341356520281E-05  0.14330791147603E-03
  0.23837370955143E-04 -0.18139356635587E-04  0.13293860527769E-02
 -0.93797377477052E-05  0.33582024399870E-05  0.32845162255762E-03
  0.94129005765121E-05 -0.77571063080393E-05  0.15352955158496E-03
  0.78836283404134E-05 -0.14317294170079E-04  0.13565073176734E-02
  0.91327087053714E-05 -0.68473583734921E-05  0.13334313456185E-02
  0.68856401392793E-05  0.42870460944116E-05  0.15328237375815E-03
 -0.21130078832920E-04 -0.55407656003917E-06  0.30517069975518E-03
  0.12851871740158E-04  0.13339169287589E-04  0.13562718715033E-02
  0.14882603904338E-04 -0.24996618389561E-04  0.16069919978655E-03
  0.61025569863139E-05  0.14693539307605E-04  0.15571459716648E-03
  0.45577302542251E-05 -0.26469293228511E-04  0.13523833183797E-02
 -0.27111253736400E-04 -0.24437976447903E-06  0.27392956083331E-03
  0.13389794287440E-04  0.28734958107387E-04  0.13522354168640E-02
  0.59888618988161E-05  0.25150635448696E-04  0.15929607913751E-03
  0.26959441068448E-04 -0.47716198793854E-04  0.18623104381846E-03
  0.52243039465205E-06 -0.36044237484578E-04  0.13449450979639E-02
  0.11066819795014E-04 -0.61790034629827E-06  0.13579280797377E-02
  0.60651707855858E-05  0.35476316654521E-04  0.16633988693888E-03
  0.13386273288573E-04  0.44063888964166E-04  0.13470135112291E-02
  0.43893143756142E-04 -0.72164414503217E-04  0.24198242612226E-03
 -0.69648009505212E-04 -0.62635112906240E-05  0.12377827998743E-02
 -0.16229413251086E-04 -0.84488108265169E-05  0.12628159024335E-02
 -0.72890226686932E-04  0.58137222806410E-04  0.10997136915352E-02
 -0.64313573073397E-04 -0.50907652902640E-04  0.12168138421934E-02
 -0.96210773952856E-04  0.37526178866701E-04  0.12146609527721E-02
 -0.53364241746219E-04 -0.47479802255288E-04  0.11806570144450E-02
 -0.70026414907364E-04 -0.14988479244632E-04  0.11810071377675E-02
 -0.45507107297884E-04  0.82190689555437E-04  0.12129905832372E-02
 -0.36553857073762E-04 -0.46794966719700E-04  0.12502530434498E-02
 -0.69088694710757E-04  0.45855011902807E-04  0.12433838419743E-02
  0.61210950219943E-05 -0.81309850414141E-04  0.12437905796378E-02
 -0.10918612162653E-03  0.49143485109771E-04  0.11471917003229E-02
 -0.76620194440094E-04  0.57477835947819E-04  0.11810106004269E-02
 -0.80910158195318E-04  0.56985947028349E-04  0.10660688292063E-02
  0.20683185257417E-05  0.25379622493002E-04  0.12617033499131E-02
 -0.69261446136973E-04  0.19298297560517E-04  0.12438937056500E-02
 -0.57083050805740E-04 -0.69427353466913E-04  0.12063166154107E-02
 -0.83307570323867E-04  0.38229148076595E-05  0.12262633473289E-02
  0.48879553471174E-05 -0.98295619608455E-04  0.12296366332810E-02
 -0.63299336411789E-04 -0.53537348590531E-04  0.11950036289435E-02
 -0.88825562928641E-04 -0.43572416646369E-05  0.12049020503902E-02
 -0.11513117581936E-03  0.43398728953323E-04  0.11457123744618E-02
 -0.47005475769905E-04  0.77383663053939E-04  0.11911059799103E-02
 -0.33634672643738E-04  0.23852494605468E-04  0.12588647965975E-02
  0.59825096431847E-05 -0.62162791383867E-04  0.12530908502117E-02
 -0.78206961955425E-04  0.74118796865095E-04  0.11914786525886E-02
 -0.73339179881955E-04 -0.36885147784154E-04  0.12051051924030E-02
 -0.73394808596834E-04  0.67594465504917E-04  0.12312518784892E-02
  0.34337802261340E-05  0.21057290369757E-05  0.12645675413422E-02
 -0.34614245603951E-04  0.49788523852869E-04  0.12527943603703E-02
 -0.17247278174413E-04 -0.31091041090264E-04  0.12604123197721E-02
 -0.63478561214260E-04  0.34347299953657E-04  0.98020649554926E-03
  0.31166339882741E-05 -0.19235565798383E-04  0.12631785883511E-02
 -0.11352032014591E-03  0.50769346185953E-04  0.11286469736826E-02
 -0.93244194118057E-04  0.15640913550653E-04  0.12127047491466E-02
 -0.80206549731092E-04 -0.18421367128365E-04  0.12162915738569E-02
 -0.80031332199231E-04 -0.20143318049723E-04  0.11955433434333E-02
 -0.62959713174855E-04  0.69337107754169E-04  0.11848527409253E-02
 -0.11689238980670E-03  0.39606391909728E-04  0.11141661890151E-02
 -0.67113970646001E-04 -0.34535112881472E-04  0.11866362322270E-02
 -0.67769087228583E-04 -0.29301640048981E-04  0.12280092361672E-02
 -0.36079686041766E-04 -0.22538901260652E-04  0.12559269639082E-02
  0.45908033236441E-05 -0.41191568990636E-04  0.12593013137824E-02
 -0.64056897744875E-04  0.48726009813163E-05  0.97080871566343E-03
 -0.86708374044744E-04  0.46013541684564E-04  0.10360262883184E-02
 -0.58472242149754E-04  0.56702903267217E-04  0.10098022665685E-02
 -0.40119251750803E-04  0.71593093206277E-04  0.12360946095612E-02
 -0.34679554815368E-04  0.27807443320929E-06  0.12590925431697E-02
 -0.62322949916144E-04  0.80969628557817E-04  0.12024238786803E-02
 -0.15316615566135E-04 -0.75180845347374E-04  0.12478379576787E-02
 -0.59729287491583E-04  0.77607978042117E-04  0.12251452213223E-02
 -0.77269956688541E-04  0.78908275231202E-04  0.12114410607723E-02
 -0.27168247459314E-04  0.78893381180804E-04  0.12227385170052E-02
 -0.45105064437654E-04 -0.82404938256618E-04  0.11967357873807E-02
 -0.10081152556242E-03  0.56651490993968E-04  0.12058746279990E-02
  0.23073704489839E-04 -0.12157657626865E-03  0.11118317521629E-02
 -0.92863441712605E-04  0.61417955164369E-04  0.11800910548954E-02
 -0.10647373661636E-03  0.61429521095149E-04  0.11733943888952E-02
 -0.52000555630455E-04 -0.61853463398113E-04  0.12302026974229E-02
 -0.10608451517537E-03  0.44358050333941E-04  0.11870970072628E-02
 -0.10777127591944E-04 -0.11010134637450E-03  0.12180514200356E-02
  0.23165019245347E-04 -0.58710424603743E-04  0.96637245742685E-03
 -0.10254759542298E-03  0.50442833676152E-04  0.10953336229775E-02
 -0.19863817067364E-04  0.62745003883164E-04  0.12450250885894E-02
 -0.49967987797797E-04 -0.66176669167952E-04  0.11867769259840E-02
  0.12042622918457E-05 -0.12419608970068E-03  0.11753105548322E-02
 -0.85977079245244E-04  0.53200909010751E-04  0.12286368900510E-02
 -0.92835180488094E-04  0.73911213162790E-04  0.11944888475961E-02
  0.20666888594723E-04 -0.89933712510711E-04  0.10150938214732E-02
 -0.53312972501922E-04 -0.38602132416627E-04  0.12398950860890E-02
 -0.30309721827641E-04  0.70761722022299E-04  0.11819605623462E-02
 -0.15315350504887E-04 -0.11750318501521E-03  0.11991816889514E-02
 -0.10672533719513E-03  0.39400547717324E-04  0.10748384654270E-02
 -0.81778002553257E-04  0.15854156618720E-04  0.11755377486920E-02
 -0.99453003111889E-04  0.28517756684179E-04  0.11933017163484E-02
 -0.33506815132282E-04 -0.74962248702617E-04  0.11815223800980E-02
 -0.52621536760921E-04  0.93034756372868E-05  0.12525528124776E-02
 -0.92592915583858E-04  0.12035140233991E-04  0.11915546667914E-02
 -0.30167456069848E-04  0.81667648274191E-04  0.11990729521129E-02
 -0.53407639611421E-04 -0.14682465150300E-04  0.12480417695905E-02
 -0.90587391683702E-04  0.70680923607193E-04  0.12136944438829E-02
 -0.10890486690898E-03  0.18755748271707E-04  0.10654573647319E-02
 -0.24286975077313E-05 -0.12223787394314E-03  0.11921966062007E-02
  0.96215373826889E-05 -0.12718972975372E-03  0.11564861483400E-02
 -0.77658734822608E-05 -0.11376894595498E-03  0.11824076404656E-02
 -0.95623207576906E-04  0.49859286009447E-04  0.11196602608836E-02
 -0.91384237752189E-04  0.28101314371615E-04  0.11721944269309E-02
 -0.35486268071878E-04 -0.68987155838113E-04  0.12420655478721E-02
  0.51420244376146E-05 -0.11253584963154E-03  0.12070688964516E-02
 -0.14993044833156E-04  0.13422477220198E-04  0.12627464829425E-02
 -0.54142070488019E-04  0.60365288833502E-04  0.12441312107030E-02
  0.19965430394310E-04 -0.12305741229730E-03  0.11440209303540E-02
 -0.90198245987546E-04  0.23633813893074E-04  0.10185238389632E-02
 -0.10126269781556E-03  0.39933023495475E-04  0.11632700702869E-02
 -0.24818236094724E-04 -0.10688370337520E-03  0.11959150480314E-02
 -0.13802143282259E-04 -0.93600478266108E-04  0.12357166726913E-02
  0.85615242427576E-05 -0.12106418074080E-03  0.11733665226682E-02
 -0.46382669630492E-04  0.61523483574559E-04  0.11795252314333E-02
 -0.11429352563094E-03  0.56952419118560E-04  0.11567489686425E-02
 -0.30571179668436E-04 -0.91829335743506E-04  0.11885141800293E-02
 -0.25872456988318E-04 -0.10466341862370E-03  0.12169911982635E-02
 -0.75567327744379E-04  0.34284396638428E-04  0.11583967398357E-02
 -0.32158568081681E-04 -0.88157593402843E-04  0.12309194881574E-02
  0.13026961791212E-04 -0.12216611414244E-03  0.11278793811820E-02
 -0.37638027503810E-04 -0.95666644442346E-04  0.12080885492420E-02
 -0.10456835357263E-03  0.66914518800975E-04  0.11897382536683E-02
 -0.83259449527773E-04  0.28999311587095E-04  0.12325512973298E-02
 -0.15904520614041E-04  0.38393804385351E-04  0.12582665021256E-02
  0.34447105604907E-04 -0.10445505800319E-03  0.10604604904406E-02
 -0.85799016901060E-04  0.43122211518661E-04  0.11418381652074E-02
 -0.13541180361423E-04 -0.98486814113783E-04  0.11824316657976E-02
  0.17140846934304E-04 -0.11197242464032E-03  0.10729858989696E-02
 -0.11040672933294E-03  0.56380080424734E-04  0.11731257300655E-02
 -0.46815257159335E-04 -0.80808367540834E-04  0.12197164445405E-02
 -0.51789816980561E-04  0.35402259842625E-04  0.12528723881721E-02
 -0.83427373888111E-04 -0.25467796883463E-05  0.11866201990357E-02
 -0.16459889349552E-04 -0.54149829850193E-04  0.12556392029389E-02
  0.27171385430918E-04 -0.19234632439895E-04  0.11911173341044E-02
 -0.68539333246576E-05  0.71583960906688E-04  0.12327501230936E-02
 -0.19310622379470E-05  0.66067624842525E-04  0.12152544876873E-02
  0.11506853558343E-05  0.53824853482071E-04  0.12321887327136E-02
  0.22752264453510E-05  0.38996345547007E-04  0.12432147744612E-02
  0.23408235293101E-05  0.24970733764991E-04  0.12501092034959E-02
  0.22180906988872E-05  0.13048971083539E-04  0.12552415203630E-02
  0.18234839705609E-05  0.86397290469719E-06  0.12574419658947E-02
 -0.67048902578146E-06 -0.80734067099341E-05  0.12555806877246E-02
 -0.56870267412830E-05 -0.10471863642234E-04  0.12479122361645E-02
 -0.50118539817973E-05  0.75998559033632E-04  0.11894681088829E-02
 -0.13728455510002E-04 -0.45589435886450E-05  0.12322087984853E-02
 -0.26701116955226E-04  0.31528305892692E-04  0.11910273293412E-02
 -0.28269846286047E-04  0.52784009834314E-04  0.11792810940496E-02
 -0.80497192199440E-06  0.32208072472982E-04  0.93535205377612E-03
  0.38894543349927E-05  0.61676918220807E-04  0.97093899599393E-03
  0.85114630290382E-05  0.82767081681991E-04  0.10221848308390E-02
  0.13746795056537E-04  0.94000256614316E-04  0.10780781187464E-02
  0.17486947534396E-04  0.94930184066333E-04  0.11293769831994E-02
  0.17151695538186E-04  0.88168659830647E-04  0.11714691991311E-02
 -0.22719139450217E-04  0.10307002041663E-04  0.12103118620367E-02
  0.14195378278240E-04  0.78188233198364E-04  0.12017520959503E-02
 -0.81989042617955E-05  0.83666626692618E-04  0.11532004797110E-02
 -0.19739194738559E-04  0.82175555298057E-04  0.10569433712591E-02
 -0.52328087848621E-04  0.67937392037179E-04  0.10513388164514E-02
 -0.44782213578927E-04  0.71535260742043E-04  0.10958886545928E-02
 -0.37062520899631E-04  0.69428109950190E-04  0.11370147072646E-02
 -0.28664536032993E-04  0.63387110236181E-04  0.11719560259636E-02
 -0.20188274356191E-04  0.55838969567941E-04  0.11989440791343E-02
 -0.11642852747410E-04  0.46517465900702E-04  0.12187188146503E-02
 -0.38836446252834E-05  0.35076774607700E-04  0.12330129829402E-02
  0.25619265572476E-05  0.23075121541477E-04  0.12427491736191E-02
 -0.13186875924357E-04  0.86908874504702E-04  0.11077875953607E-02
  0.72378066423981E-05  0.12563613433975E-04  0.12495961440313E-02
  0.11757854418430E-04 -0.70456118458406E-05  0.12547819977759E-02
  0.11034810354613E-04 -0.11773912025021E-04  0.12515374268023E-02
  0.59009679791612E-05 -0.91657479517671E-05  0.12413513936273E-02
 -0.22173808479249E-05  0.29743482998707E-05  0.12222460740452E-02
 -0.84041573306544E-05  0.22536462342899E-04  0.12006145048640E-02
 -0.10523387222373E-04  0.44588621485294E-04  0.11839241216146E-02
 -0.31565507849044E-04  0.47709366645411E-04  0.96251873380508E-03
 -0.25540782922593E-04  0.69547626748464E-04  0.10052473897626E-02
  0.98693846212757E-05  0.23104201108472E-05  0.12540221374684E-02
  0.65117384996879E-05  0.55325888861156E-04  0.11792912573991E-02
  0.12216025360183E-04  0.65907104562223E-04  0.12218082926104E-02
  0.33221526006132E-05  0.35282809722623E-04  0.12442212649181E-02
 -0.30888860198455E-04 -0.15212199241959E-04  0.12458133309313E-02
 -0.40105732022490E-04 -0.95497368312864E-05  0.12319706534768E-02
 -0.50749045214840E-04  0.52524069628669E-05  0.12109914838599E-02
 -0.57190952365095E-04  0.26552408629273E-04  0.11918149656220E-02
 -0.60143779106940E-04  0.49671276763423E-04  0.11811828104083E-02
  0.58057619152925E-04  0.31362846516972E-04  0.96794639471894E-03
  0.61159510856077E-04  0.62270190726874E-04  0.10011706970650E-02
  0.65132633877733E-04  0.81895423221868E-04  0.10476778646779E-02
 -0.23152620599336E-04 -0.10527991294466E-04  0.12521805535629E-02
  0.69767833602842E-04  0.89868492514864E-04  0.10955252964039E-02
  0.63943692590587E-04  0.79753055089763E-04  0.11665669956369E-02
  0.53934421606881E-04  0.68398885783707E-04  0.11857998829139E-02
  0.44191571445556E-04  0.56807831385336E-04  0.11987043208574E-02
  0.32242978760245E-04  0.44456892145003E-04  0.12098947476144E-02
  0.17561033524950E-04  0.29957812910687E-04  0.12208088841126E-02
  0.22532491168027E-05  0.15202249022181E-04  0.12311766958660E-02
 -0.10791460988496E-04  0.26599044118503E-05  0.12406935580712E-02
 -0.23114571893358E-04 -0.85870506607538E-05  0.12464041522761E-02
  0.70284891247534E-04  0.87492580300959E-04  0.11365990811512E-02
  0.85046845611522E-05  0.50941909669968E-04  0.12350420952638E-02
 -0.13732077160408E-04 -0.13034856271969E-06  0.12525544407726E-02
  0.26839099325367E-05  0.26785154920348E-04  0.12395484423676E-02
 -0.14542038695552E-05  0.20951185411025E-04  0.12510267697785E-02
 -0.43547097112895E-05  0.74598675009917E-05  0.12559804697736E-02
 -0.96373873062302E-05 -0.45168918407649E-05  0.12564134229731E-02
 -0.16275355226154E-04 -0.11560015616081E-04  0.12518484115219E-02
 -0.23281048196155E-04 -0.10985223770511E-04  0.12407901346522E-02
 -0.33301024045616E-04 -0.75051335683304E-06  0.12217723305467E-02
 -0.41004993208117E-04  0.17859700201374E-04  0.12000546194857E-02
 -0.43473466057760E-04  0.40573167913410E-04  0.11840719402739E-02
 -0.58489367374001E-05  0.12433293209864E-04  0.12476483212213E-02
  0.29269797960086E-04  0.13889554885160E-04  0.93316069487588E-03
  0.36617438855980E-04  0.75249548824690E-04  0.10015774901493E-02
  0.41065252996973E-04  0.91302304435693E-04  0.10552215178201E-02
  0.44634199431706E-04  0.95930454937274E-04  0.11075429506012E-02
  0.44090289200324E-04  0.91593289824194E-04  0.11512402153936E-02
  0.37136470795330E-04  0.82712679602005E-04  0.11828612849297E-02
  0.30363590178532E-04  0.70649065236574E-04  0.12038228733873E-02
  0.23399232870903E-04  0.57431574286605E-04  0.12184874052376E-02
  0.13623115028049E-04  0.42299909584578E-04  0.12301426143894E-02
  0.33452744361427E-04  0.48138640195035E-04  0.95715795900718E-03
  0.80966192447013E-05  0.34581066916918E-04  0.11918691826043E-02
  0.11760475095112E-04  0.11729794926688E-04  0.12119044293450E-02
  0.18224678902576E-04 -0.56953853782121E-05  0.12324962442753E-02
  0.24576917997614E-04 -0.85609103881868E-04  0.11838332358249E-02
  0.46252066362290E-04 -0.80370868532601E-04  0.11821547394841E-02
  0.62988470236500E-04 -0.67468980067446E-04  0.11731487497349E-02
  0.74345419225867E-04 -0.44433660656017E-04  0.11553823083974E-02
  0.79362840175345E-04 -0.12331991996556E-04  0.11368878594409E-02
  0.79876525109385E-04  0.20109594603072E-04  0.11269139688619E-02
 -0.36075117116356E-04 -0.57423495162563E-04  0.11788595109174E-02
 -0.17928792662977E-04 -0.63922210966520E-04  0.11818148770956E-02
  0.29788416467200E-05 -0.85603558467185E-04  0.11824996295687E-02
  0.12114374924601E-05 -0.68160613140161E-04  0.11881620855006E-02
  0.40782234962629E-04 -0.67071086478690E-04  0.12006968539440E-02
  0.56555420362454E-04 -0.58074032927330E-04  0.12008973670612E-02
  0.65846954000204E-04 -0.41278903433677E-04  0.11910999745824E-02
  0.69802804478165E-04 -0.15696019065562E-04  0.11741454884070E-02
  0.69891849350605E-04  0.14929873347525E-04  0.11590865672351E-02
 -0.54828290691621E-04 -0.27346213557837E-04  0.11785805149832E-02
 -0.38452578265376E-04 -0.38333733837917E-04  0.11810853588905E-02
 -0.19894282900773E-04 -0.45580362577776E-04  0.11868368413278E-02
  0.21085266081779E-04 -0.70276176932073E-04  0.11951666509281E-02
 -0.20452681971327E-06 -0.50076419393922E-04  0.11956861938511E-02
 -0.16124311708462E-04 -0.81335699185442E-04  0.11807455635404E-02
  0.80873860480064E-04 -0.42206983748660E-04  0.11096762117331E-02
  0.25019799949444E-04 -0.22871351255088E-04  0.93680246178255E-03
  0.43509231477010E-04 -0.76151379139639E-04  0.10104819877899E-02
  0.49084900776643E-04 -0.41397124103641E-04  0.97391778074792E-03
  0.53988659041284E-04 -0.46326178226056E-05  0.95777777936611E-03
  0.38469059269008E-04 -0.11231085464033E-03  0.11055713585129E-02
  0.54443565188953E-04 -0.89930684909830E-04  0.10633412139296E-02
  0.65622634250077E-04 -0.57516265944968E-04  0.10259511446060E-02
  0.71335885118126E-04 -0.21379505460100E-04  0.10025710691447E-02
  0.84298466904740E-04 -0.69536549770520E-05  0.10926518733698E-02
  0.13500205515025E-04 -0.11559220541233E-03  0.11652057427992E-02
  0.55342674402816E-04 -0.95074600488871E-04  0.11136721348876E-02
  0.71805226569343E-04 -0.68182017247802E-04  0.10821316848477E-02
  0.80558538826626E-04 -0.33745695497151E-04  0.10567888610277E-02
  0.83492698202176E-04  0.18308332683261E-05  0.10449518569041E-02
  0.70768516360278E-05 -0.10212129053445E-03  0.11762894050611E-02
  0.30260063536239E-04 -0.10016701273116E-03  0.11678889735408E-02
  0.51404525690720E-04 -0.91218591441735E-04  0.11539812267234E-02
  0.69013544762490E-04 -0.71786716846783E-04  0.11330525996143E-02
  0.35573680306146E-04 -0.11052069810444E-03  0.11425910749378E-02
  0.18726202798334E-04 -0.53079250169967E-04  0.12054902593958E-02
  0.35366014902265E-04 -0.52262924150713E-04  0.12143115978003E-02
  0.49503209906327E-04 -0.46656877021827E-04  0.12193737260090E-02
  0.22701154252082E-04 -0.18187083395287E-04  0.12360588383583E-02
  0.31107997510459E-04 -0.21973138107275E-04  0.12420265080240E-02
  0.36163531448960E-04 -0.21836899429191E-04  0.12429851567904E-02
  0.35697972412002E-04 -0.15704857760700E-04  0.12364195700490E-02
  0.31500099061762E-04 -0.12042421201224E-05  0.12203418593729E-02
  0.26810369674826E-04  0.20830351710026E-04  0.12004076291225E-02
  0.24214297698915E-04  0.44602708687279E-04  0.11836710731339E-02
 -0.63847517038383E-04  0.53602720674009E-04  0.11314858218070E-02
  0.10712172765757E-04 -0.14641339216926E-04  0.12263858900808E-02
 -0.54069559461620E-04  0.46879158454969E-04  0.11592059036601E-02
 -0.30141496584958E-04  0.30983328217234E-04  0.11994363398800E-02
 -0.17288675452943E-04  0.22095599961163E-04  0.12139523446125E-02
 -0.52171626261038E-05  0.12579427569868E-04  0.12261621667554E-02
  0.63379431548998E-05  0.47590431111659E-05  0.12360378426589E-02
  0.14517477807984E-04 -0.24112918495530E-05  0.12443366828440E-02
  0.20205905364597E-04 -0.96049127630421E-05  0.12490149359929E-02
  0.23692467193374E-04 -0.14988941993997E-04  0.12499076726137E-02
  0.23232074408395E-04 -0.14299325796847E-04  0.12455774760792E-02
 -0.42614291233555E-04  0.39113652217240E-04  0.11818557706535E-02
 -0.40132912386691E-05 -0.98719630859932E-05  0.12152399883445E-02
 -0.20088963836135E-04 -0.27749289947260E-05  0.12049130985093E-02
 -0.35929940164554E-04  0.61780599482753E-05  0.11939449618822E-02
  0.57220048622056E-04 -0.35108386306743E-04  0.12161402559463E-02
  0.59170241440380E-04 -0.16252907940080E-04  0.12023937911900E-02
  0.57558426554008E-04  0.94313557619579E-05  0.11849580239698E-02
  0.55663281535377E-04  0.36599757181377E-04  0.11722659069139E-02
 -0.70459404658897E-04  0.42002652581008E-05  0.11771745453153E-02
 -0.54729700506769E-04 -0.66878575350776E-05  0.11803429759433E-02
 -0.38623949815970E-04 -0.16918322791504E-04  0.11868906870650E-02
 -0.20880789358496E-04 -0.25383912568616E-04  0.11948891990955E-02
 -0.22812536234740E-05 -0.31027171291109E-04  0.12047689248880E-02
  0.15583872987502E-04 -0.34222636891712E-04  0.12161632974134E-02
  0.29620956059972E-04 -0.35528639826120E-04  0.12259820180122E-02
  0.40987927756502E-04 -0.34251294704489E-04  0.12322561048490E-02
  0.47638580503252E-04 -0.28522819595796E-04  0.12324529965405E-02
  0.47741030337038E-04 -0.16364278846306E-04  0.12227508780969E-02
  0.44952005379671E-04  0.42614749842070E-05  0.12049406842857E-02
  0.41406986498679E-04  0.29406215366612E-04  0.11871786501942E-02
  0.40134290747088E-04  0.52428503157149E-04  0.11770388773366E-02
 -0.65244398188415E-04  0.24349705795241E-04  0.11716861365970E-02
 -0.51501373689571E-04  0.15004758192063E-04  0.11832184515453E-02
 -0.34055100374901E-04 -0.17487386660788E-04  0.12457277082953E-02
 -0.68419340430349E-06  0.50749968626724E-04  0.12520429984789E-02
 -0.44013650142095E-04 -0.17457432670729E-04  0.12375483305475E-02
 -0.67178596142047E-04  0.11432055599498E-04  0.12002862560361E-02
 -0.68567349114709E-04 -0.55358135118202E-04  0.10720739934904E-02
 -0.83706083314813E-04 -0.31052953813565E-04  0.10397429636418E-02
 -0.89338992539177E-04 -0.33923628920316E-05  0.10194502551645E-02
  0.41485521717701E-04  0.69497752275214E-04  0.11814965564447E-02
  0.43262439670174E-04  0.79089831331004E-04  0.11975963158490E-02
  0.47621524141965E-04  0.75551751374487E-04  0.12191978459944E-02
  0.53036195181540E-04  0.59371378379261E-04  0.12390619063686E-02
  0.55659142905183E-04  0.36169455245185E-04  0.12507301436163E-02
 -0.45359093355396E-04 -0.72158330902758E-04  0.11075195584938E-02
  0.58349808586149E-04  0.12945190429999E-04  0.12529759378363E-02
  0.64501894138933E-04 -0.28281430036973E-04  0.12347347178545E-02
  0.64596756272157E-04 -0.44747887380306E-04  0.12217751915793E-02
  0.60726885175348E-04 -0.58878753694940E-04  0.12100142380014E-02
  0.50528043304343E-04 -0.72261795903959E-04  0.11991781460281E-02
  0.36154316776493E-04 -0.82590755648922E-04  0.11876039365623E-02
  0.20161007601658E-04 -0.89561579068049E-04  0.11706580206087E-02
  0.30008261430305E-05 -0.93233679342189E-04  0.11438018413802E-02
 -0.18401676615890E-04 -0.90115796182778E-04  0.11063917277731E-02
  0.61894841629078E-04 -0.87942653383117E-05  0.12464576661155E-02
 -0.39030102252072E-04 -0.76588539339736E-04  0.10623427153719E-02
 -0.18731184857530E-04 -0.79584666850991E-04  0.11388990703599E-02
  0.25990382294669E-04 -0.74791925219813E-04  0.11749546604757E-02
  0.85922029647839E-05 -0.64568315679402E-04  0.11754788054520E-02
 -0.17202638406055E-04 -0.66865689546561E-04  0.11662095521021E-02
 -0.45360954461465E-04 -0.63678182106771E-04  0.11480979330255E-02
 -0.72674658046940E-04 -0.51487475361253E-04  0.11225068011040E-02
 -0.93967456820732E-04 -0.31171106937263E-04  0.10949686839136E-02
 -0.10559794788186E-03 -0.60118024957950E-05  0.10733006815559E-02
  0.56124509160963E-04  0.57453322903070E-04  0.11716618705665E-02
  0.59214809566037E-04  0.71998924824718E-04  0.11846864734645E-02
  0.54973493442079E-05 -0.78900068831502E-04  0.11614609781058E-02
  0.62965085585072E-04  0.75993916621554E-04  0.12049057132084E-02
  0.75087485445185E-04  0.45874150001556E-04  0.12396695317738E-02
  0.78022925536686E-04  0.24684828035571E-04  0.12431775456121E-02
  0.79441074047546E-04  0.51906854542729E-05  0.12374905998954E-02
  0.79623961026949E-04 -0.12868114267415E-04  0.12252554077882E-02
  0.77186369108740E-04 -0.28985854867462E-04  0.12111532129329E-02
  0.70757271980105E-04 -0.42848030279344E-04  0.11991429836951E-02
  0.59107486355118E-04 -0.55723253058312E-04  0.11898148255786E-02
  0.43607432921191E-04 -0.66971739566744E-04  0.11826867526652E-02
  0.69747726250688E-04  0.65708564556684E-04  0.12258548157186E-02
  0.28856945000202E-04 -0.58437738552931E-04  0.11783499160440E-02
 -0.54405938255165E-04 -0.54010660695968E-04  0.10187805895617E-02
  0.23826640390112E-04  0.63567771044624E-04  0.11786302367846E-02
  0.17174683648768E-04  0.36765224889765E-04  0.12567777483817E-02
  0.20292553725122E-04  0.11972989847964E-04  0.12628816234069E-02
  0.22686497183919E-04 -0.10110784135770E-04  0.12625408235878E-02
  0.24944794993044E-04 -0.31027162878946E-04  0.12578241921715E-02
  0.27630924858061E-04 -0.51259770083456E-04  0.12502038064153E-02
  0.28369963561888E-04 -0.69507525363858E-04  0.12408915657628E-02
  0.25352478051797E-04 -0.85961630973987E-04  0.12291204785847E-02
  0.20381024044039E-04 -0.10026254402142E-03  0.12123854448458E-02
  0.13852204794511E-04  0.61160359827990E-04  0.12421012114323E-02
  0.15919487144084E-04 -0.11089498658612E-03  0.11862027078919E-02
  0.54554786347637E-05 -0.11133937459318E-03  0.10960704952380E-02
  0.52652869441570E-06 -0.96203250243851E-04  0.10374134365935E-02
 -0.19559424143024E-05 -0.71050299514167E-04  0.98167822441768E-03
 -0.40035659193759E-05 -0.38808127888735E-04  0.94155086492573E-03
 -0.37238711279962E-05 -0.26345080422376E-05  0.92433411957434E-03
 -0.11673336873321E-04  0.63177266550285E-04  0.11783301155970E-02
 -0.12662613771939E-04  0.77412295168014E-04  0.11884998778768E-02
 -0.12220688475771E-04  0.81437462852906E-04  0.12087235898153E-02
  0.11255039579161E-04 -0.11527695069073E-03  0.11471461344486E-02
 -0.61767061664203E-04 -0.25740924320570E-04  0.98541377781308E-03
  0.79156020813985E-05  0.77563448514655E-04  0.12197699655120E-02
  0.60459936307013E-05  0.71145689287885E-04  0.11817961257437E-02
  0.24428397101445E-04  0.77111849726575E-04  0.11889174928096E-02
  0.25507466003626E-04  0.80656554827175E-04  0.12082961268909E-02
  0.30276323725260E-04  0.70359750416323E-04  0.12309092041895E-02
  0.34208289343341E-04  0.48950777532136E-04  0.12489152883489E-02
  0.36395020957129E-04  0.23807062010152E-04  0.12582439752338E-02
  0.40384766289980E-04  0.62115547838138E-07  0.12592632383750E-02
  0.44070490243980E-04 -0.21325751157166E-04  0.12533681279548E-02
  0.47099149888638E-04 -0.40772763030428E-04  0.12434008012644E-02
  0.54695039649317E-05  0.80536716248827E-04  0.11975474412119E-02
  0.48436245135097E-04 -0.57735528035388E-04  0.12322884401407E-02
  0.36505210765914E-04 -0.86513136696564E-04  0.12081216103720E-02
  0.25925604688492E-04 -0.97319130459864E-04  0.11902054224430E-02
  0.15077823988021E-04 -0.10437775046702E-03  0.11622067752742E-02
  0.18850476580722E-05 -0.10458578587913E-03  0.11214753054794E-02
 -0.13126302523461E-04 -0.95424585330396E-04  0.10710472337719E-02
 -0.24317723689185E-04 -0.75742272991933E-04  0.10172678587255E-02
 -0.31197276245336E-04 -0.48839889358113E-04  0.97108111246336E-03
 -0.34099813169069E-04 -0.16395820318785E-04  0.94304398439362E-03
  0.45592885509159E-04 -0.73116599781094E-04  0.12209991932012E-02
  0.47012732603357E-04 -0.48988483378552E-04  0.11793703380904E-02
  0.64107978723780E-04 -0.37006766583254E-04  0.11830218318538E-02
  0.77179642291010E-04 -0.24113649946293E-04  0.11902539273433E-02
  0.97297285582726E-04  0.72993345610145E-04  0.11136732250213E-02
  0.10358016091698E-03  0.72362566108364E-04  0.11453408259153E-02
  0.10402183984895E-03  0.64751782255958E-04  0.11669367237742E-02
  0.99212788786263E-04  0.52841326253410E-04  0.11775178144137E-02
  0.88702775116985E-04  0.41604949176880E-04  0.11806429806791E-02
  0.75240467127812E-04  0.31597142764924E-04  0.11813251290353E-02
  0.60804042687195E-04  0.22282484468220E-04  0.11838062522940E-02
  0.44207602421669E-04  0.11195951968729E-04  0.11901384119002E-02
  0.90656429236881E-04  0.60238260748918E-04  0.10792112421813E-02
  0.24660911699392E-04 -0.82376051877531E-06  0.11994296031685E-02
 -0.14266891902056E-04 -0.22824033578363E-04  0.12205367800966E-02
 -0.33773486815007E-04 -0.32075978098221E-04  0.12245329210883E-02
 -0.52953368993277E-04 -0.32975088637676E-04  0.12204699668493E-02
 -0.71296325729837E-04 -0.22745503893834E-04  0.12074287767301E-02
 -0.86761057550309E-04 -0.46090244630437E-05  0.11886791970792E-02
 -0.97375975381785E-04  0.19581407492830E-04  0.11728543601751E-02
 -0.10364771810711E-03  0.43618879246855E-04  0.11663995874271E-02
  0.85815353500847E-04  0.25986377896241E-04  0.10902813414436E-02
  0.48264440221184E-05 -0.11975342178909E-04  0.12109367681671E-02
  0.89124188790335E-04  0.52744489542737E-04  0.11064856593540E-02
  0.86129287500434E-04  0.34555842690361E-04  0.10533471394026E-02
 -0.82524346642277E-04  0.16127621053759E-04  0.11886467208115E-02
 -0.72823935961006E-04  0.34829477825303E-04  0.11849849372909E-02
  0.74796650332410E-04  0.14221635387671E-04  0.99995313507761E-03
  0.78329781866836E-04  0.47103887458031E-04  0.10206267829885E-02
  0.82456734767154E-04  0.70394544391001E-04  0.10572522411801E-02
  0.88247914832493E-04  0.80568753719959E-04  0.10987021636297E-02
  0.91350180383682E-04  0.79762773841898E-04  0.11346162250012E-02
  0.87431987427416E-04  0.72113424815135E-04  0.11601438150867E-02
  0.78733714839007E-04  0.60925581927780E-04  0.11753788069741E-02
 -0.88421891524582E-04  0.40685292883036E-04  0.11781147697029E-02
  0.67111628383413E-04  0.49768905755326E-04  0.11839941713558E-02
  0.38860528156000E-04  0.28944930504634E-04  0.11995947913214E-02
  0.21202995347165E-04  0.15627218230203E-04  0.12095499532957E-02
  0.28451959796205E-05  0.26225219957934E-05  0.12209683307999E-02
 -0.13581969985461E-04 -0.88593244266543E-05  0.12318340353207E-02
 -0.29229687515954E-04 -0.19512022210020E-04  0.12375858139051E-02
 -0.43255162409002E-04 -0.25166662479498E-04  0.12357809193351E-02
 -0.57467089057407E-04 -0.20083016303914E-04  0.12252498952362E-02
 -0.72171105687791E-04 -0.53422593594216E-05  0.12069442224345E-02
  0.54123335477264E-04  0.39996282729234E-04  0.11909928663609E-02
  0.95290284364690E-04  0.68315239716454E-04  0.11335317532257E-02
  0.10266613791716E-03  0.69125509215729E-04  0.11617490272777E-02
  0.10860392970352E-03  0.60229387792201E-04  0.11823855674763E-02
  0.48453039556656E-04 -0.28746901155048E-04  0.11799020499147E-02
  0.28709069550624E-04 -0.39337235839732E-04  0.11836306231659E-02
  0.86734723029274E-05 -0.47542053424798E-04  0.11876993102426E-02
 -0.15039022481985E-04 -0.53172706367276E-04  0.11880779746970E-02
 -0.43020622106538E-04 -0.53462426500201E-04  0.11812105953204E-02
 -0.69152278514694E-04 -0.45209306050241E-04  0.11656513029491E-02
 -0.91956565329281E-04 -0.27802179943611E-04  0.11436779011243E-02
 -0.10841174722140E-03 -0.38988169950642E-05  0.11227891179323E-02
  0.66215800292099E-04 -0.16512988517879E-04  0.11798589805813E-02
 -0.11573201589788E-03  0.20243338785500E-04  0.11110600101057E-02
  0.71984751125905E-04  0.61778699436638E-04  0.11644410401263E-02
  0.76143404592992E-04  0.72000703487087E-04  0.11841737688439E-02
  0.82593301869116E-04  0.69095895110675E-04  0.12062954611006E-02
  0.90419338562039E-04  0.54076359743922E-04  0.12231154533466E-02
  0.94983582194652E-04  0.35450055850137E-04  0.12291686403784E-02
  0.95752586949532E-04  0.18536517379822E-04  0.12253786263875E-02
  0.92462260502796E-04  0.33949902255180E-05  0.12147485757173E-02
  0.86273998005624E-04 -0.10897462461938E-04  0.12014189964612E-02
  0.69386786036487E-04  0.41698562628017E-04  0.11542490391183E-02
  0.80329393849297E-04 -0.43899503436112E-05  0.11838898862463E-02
  0.91699508039042E-04  0.71579677726872E-05  0.11925641004584E-02
  0.10120165384976E-03  0.19362930711635E-04  0.12029116108811E-02
  0.10973043866552E-03  0.47212631643753E-04  0.11914036918687E-02
  0.10398241966144E-03  0.34767413418294E-04  0.11908900370909E-02
  0.92584446109691E-04  0.24310683328566E-04  0.11856565382318E-02
  0.79607872926046E-04  0.14048759452645E-04  0.11805770720523E-02
  0.65129623609308E-04  0.36216718621681E-05  0.11798721477421E-02
  0.47609564167184E-04 -0.81824383463730E-05  0.11837336279528E-02
  0.69959362485907E-05 -0.29107158380730E-04  0.11997553731570E-02
 -0.14273512826968E-04 -0.38580106880991E-04  0.12058270145097E-02
 -0.38290999397500E-04 -0.43809296098715E-04  0.12061000298269E-02
 -0.62310566504545E-04 -0.39168731140111E-04  0.11980612638802E-02
 -0.82895072903149E-04 -0.25215525466833E-04  0.11813041713982E-02
 -0.99948366123750E-04 -0.35278323071539E-05  0.11618231468456E-02
 -0.11048781009899E-03  0.22084828982504E-04  0.11477253563021E-02
  0.81295701755920E-04  0.47359217828665E-04  0.11323782666519E-02
  0.85395236338712E-04  0.65231606806598E-04  0.11517968259976E-02
  0.91672526281887E-04  0.70356035274040E-04  0.11764752111788E-02
  0.99612893256323E-04  0.62156469101523E-04  0.11979606735724E-02
  0.10573874436753E-03  0.47251407701864E-04  0.12096482216183E-02
  0.10691123142281E-03  0.32086001464607E-04  0.12102327082898E-02
 -0.56028717103910E-04 -0.69424293228906E-05  0.12208681825954E-02
 -0.34834758621666E-04  0.17671234124447E-04  0.94017500180018E-03
