 -0.10810462899278E-03  0.31018483393731E-04 -0.14046820715717E-02
 -0.55605667379476E-04 -0.79066083014571E-05 -0.15542422287854E-02
 -0.67352741199864E-04  0.24525373848250E-05 -0.15264642682237E-02
 -0.20121416434418E-04  0.32365446230118E-04 -0.15078569161574E-02
 -0.76105339237960E-04  0.17031535047497E-04 -0.14918494901267E-02
 -0.25152938809269E-04  0.51066382876098E-04 -0.14970924920536E-02
 -0.80461833433218E-04  0.36502902828527E-04 -0.14612261354673E-02
 -0.85811996723582E-04  0.53395228773989E-04 -0.14436894042416E-02
 -0.27471413564963E-04  0.63745685789447E-04 -0.14789336875484E-02
  0.51487988124530E-04  0.41259747163871E-04 -0.12396350253972E-02
 -0.29419979510872E-04  0.69483904549592E-04 -0.14577758029370E-02
  0.63924141398370E-04  0.61490932700295E-04 -0.12759978115462E-02
  0.78343588179365E-04  0.77744913158631E-04 -0.13207362349341E-02
 -0.31070599807313E-04  0.69662265289568E-04 -0.14417924794341E-02
  0.88734452521613E-04  0.88890506486441E-04 -0.13654418628624E-02
  0.10362024091010E-04 -0.13315601723135E-04 -0.11645773794910E-02
  0.95353254078449E-04  0.91422616750773E-04 -0.14037985425919E-02
  0.94612992341750E-04  0.85680776377251E-04 -0.14314915968124E-02
 -0.15424613894574E-04  0.12695075773176E-04 -0.15113865148426E-02
  0.94610491436903E-05 -0.41209583029676E-04 -0.11901889128292E-02
 -0.43219408153595E-04 -0.87970185494830E-05 -0.15681897367099E-02
 -0.29046489553900E-04 -0.13995017524034E-05 -0.15702034252545E-02
  0.25647458519553E-04 -0.13051266431631E-03 -0.14254820634572E-02
  0.67312493933768E-04  0.80288258834627E-04 -0.13224431061965E-02
  0.76698990953224E-04  0.90129090088443E-04 -0.13742647239242E-02
  0.20302420302044E-04 -0.12505794232447E-03 -0.14565348002807E-02
  0.80007671828025E-04  0.91429057713192E-04 -0.14189593225490E-02
  0.16714761022054E-04 -0.11358365503911E-03 -0.14773393123679E-02
  0.78408924988534E-04  0.87267095502845E-04 -0.14523638541922E-02
  0.68488135449291E-04  0.76918897283568E-04 -0.14768685461614E-02
  0.10397398260956E-04 -0.95939856462550E-04 -0.14906613671500E-02
  0.54890243847737E-04  0.64850717783894E-04 -0.14970169731547E-02
  0.36933834162757E-05 -0.77802576685591E-04 -0.14990115855834E-02
  0.39603317027147E-04  0.54346177363783E-04 -0.15157448758624E-02
  0.22060206108864E-04  0.39960128304637E-04 -0.15341817621600E-02
 -0.13747600119945E-05 -0.57488999891623E-04 -0.15045815483859E-02
  0.46034846969955E-05  0.26102666271293E-04 -0.15504262885826E-02
 -0.72771840057748E-05 -0.34936222538043E-04 -0.15083711912183E-02
 -0.13298661235169E-04  0.11065681135492E-04 -0.15635146668372E-02
 -0.11934315448867E-04 -0.10654044178787E-04 -0.15107209424995E-02
  0.88117745205228E-04  0.74368925382488E-04 -0.14499937263014E-02
  0.13487527078614E-04 -0.67906748966295E-04 -0.12351803905953E-02
  0.75632107355944E-04  0.62428742857958E-04 -0.14650828904818E-02
  0.70820902877726E-04  0.58390648135109E-04 -0.12969650336218E-02
  0.10529251196271E-04 -0.18933539859638E-04 -0.15101988899259E-02
  0.82145428446403E-04  0.75494304582583E-04 -0.13332389074035E-02
  0.92624388019014E-04  0.86700710508148E-04 -0.13709319512470E-02
  0.63758034830410E-05  0.33857488406179E-05 -0.15119370812939E-02
  0.10195785895662E-03  0.90240145596470E-04 -0.14025868763357E-02
  0.17899740836176E-05  0.27823898843074E-04 -0.15099883294912E-02
  0.10465434121873E-03  0.84419111942062E-04 -0.14247591971239E-02
  0.10137540698484E-03  0.72517988376845E-04 -0.14369159529532E-02
 -0.70714529642051E-06  0.47240149698223E-04 -0.15019022388653E-02
  0.91511493822918E-04  0.58909791777105E-04 -0.14446151904606E-02
 -0.56442298786532E-05  0.61270540873037E-04 -0.14863142799801E-02
  0.77776871510178E-04  0.43124803658331E-04 -0.14534224367978E-02
  0.61231823992654E-04  0.31541516454871E-04 -0.14660405376318E-02
 -0.91906927933046E-05  0.70812479380769E-04 -0.14656784082758E-02
  0.39055360321317E-04  0.20033022323100E-04 -0.14833572023735E-02
 -0.97182396153940E-05  0.74991761734503E-04 -0.14467641023492E-02
  0.15079626783715E-04 -0.43929884239570E-04 -0.15065947993479E-02
  0.58847604617899E-04  0.34513732932481E-04 -0.12718588546525E-02
 -0.10413426737425E-03  0.53999755187760E-04 -0.14401729121944E-02
  0.19523030206815E-04 -0.64250653803464E-04 -0.15015472211614E-02
  0.58674674718533E-04  0.49370704111858E-04 -0.14807930165931E-02
  0.19262351748132E-04 -0.92629956296483E-04 -0.12915964526177E-02
  0.41201681011570E-04  0.36744538587642E-04 -0.14992068612574E-02
  0.24220603332968E-04 -0.11193192013974E-03 -0.13495794772317E-02
  0.20470669325127E-04  0.25564177680562E-04 -0.15189609733984E-02
 -0.15338563921957E-05  0.12225042723288E-04 -0.15383265508389E-02
  0.27512086570146E-04 -0.12082021815021E-03 -0.14013920951370E-02
 -0.21891852872162E-04 -0.44392085198657E-06 -0.15538045829025E-02
  0.54500161183777E-04  0.64916526022682E-04 -0.12694963232340E-02
  0.29426851782974E-04 -0.12207534943961E-03 -0.14407050961958E-02
 -0.57452655284794E-04 -0.11458178019556E-04 -0.15571142667761E-02
  0.28785020908410E-04 -0.11487132452779E-03 -0.14673242848733E-02
 -0.72291395576329E-04 -0.66779795490756E-05 -0.15381814071518E-02
  0.25987315729631E-04 -0.10007228574158E-03 -0.14841703603047E-02
 -0.83763523974792E-04  0.69534245687883E-05 -0.15070907063760E-02
 -0.93118623876343E-04  0.25161647294181E-04 -0.14742077509633E-02
  0.21421955686701E-04 -0.82765425670642E-04 -0.14946435574446E-02
 -0.10068052605906E-03  0.42449239050550E-04 -0.14494174344988E-02
 -0.40494553184503E-04 -0.92077154278098E-05 -0.15611363230185E-02
  0.27189979371515E-04 -0.12526752779204E-03 -0.13832542239415E-02
  0.41876639297359E-04  0.46486318991381E-04 -0.12231264153136E-02
  0.33858574828321E-04  0.24960861783750E-04 -0.11919618307635E-02
  0.32888979326607E-04  0.86635755311726E-04 -0.14302298192775E-02
  0.35489480134870E-04  0.86390446157734E-04 -0.14783787048451E-02
 -0.70729985353640E-04  0.64302704418860E-04 -0.14630769361076E-02
  0.31948114279071E-04  0.81457942125752E-04 -0.15143579203570E-02
 -0.71387030429717E-04  0.66322170839229E-04 -0.14460227227618E-02
  0.26843970203060E-04  0.70855627123782E-04 -0.15393167817125E-02
  0.19465826993622E-04  0.58406862917098E-04 -0.15559119098298E-02
  0.32379688305806E-04 -0.80196947700886E-04 -0.12816073800416E-02
  0.11670024683338E-04  0.44123525056062E-04 -0.15668206092105E-02
  0.31155572389508E-04 -0.10666233249708E-03 -0.13278149513074E-02
  0.58373598178258E-05  0.27558606229240E-04 -0.15739267604865E-02
 -0.20458587482126E-05  0.10180909276022E-04 -0.15782159131744E-02
  0.27871760472042E-04 -0.12546298373621E-03 -0.13725124137445E-02
 -0.88019369994784E-05 -0.26835027193291E-05 -0.15786707800682E-02
  0.22961139494364E-04 -0.13286240178221E-03 -0.14113889233458E-02
 -0.17575751936354E-04 -0.98986495554047E-05 -0.15738309191639E-02
 -0.27385184992108E-04 -0.98517352345826E-05 -0.15592222191021E-02
 -0.68281721558784E-04  0.56377080975170E-04 -0.14833309780561E-02
  0.25788682281838E-04  0.79977349732991E-04 -0.13720766147306E-02
 -0.64321029003926E-04  0.42775679588412E-04 -0.14983790210134E-02
  0.20216138700929E-04  0.69046045122346E-04 -0.13089487061970E-02
  0.94715773854502E-05  0.12593316368809E-04 -0.15778043415629E-02
 -0.16567412500511E-04 -0.96567098613649E-04 -0.14688380148408E-02
  0.60861514016762E-05 -0.11853921651637E-05 -0.15794018206948E-02
  0.10087800405990E-05 -0.11724072958293E-04 -0.15773119656146E-02
 -0.25381770742822E-04 -0.79498809567205E-04 -0.14778009477436E-02
 -0.63510753052957E-05 -0.15287585928245E-04 -0.15692014310625E-02
 -0.35797739984201E-04 -0.59665543555285E-04 -0.14859185045130E-02
 -0.13592716973106E-04 -0.10198738601674E-04 -0.15491339164310E-02
  0.16635252330311E-04 -0.13154256239546E-03 -0.14408391048257E-02
 -0.21116492913521E-04  0.66696129314650E-05 -0.15164074789229E-02
 -0.27027672882058E-04  0.26466597690156E-04 -0.14795232230186E-02
 -0.47572804136368E-04 -0.17495483695552E-04 -0.14988243385671E-02
 -0.29816884292826E-04  0.46175566480506E-04 -0.14509814259151E-02
 -0.30964274510350E-04  0.62783410321327E-04 -0.14383712657310E-02
 -0.53474282218011E-04  0.41362619018525E-05 -0.15035143600995E-02
  0.24717605939584E-05  0.37963256746095E-04 -0.12000260926427E-02
 -0.60737503701362E-04  0.23584943096485E-04 -0.15043970828813E-02
  0.10779275204525E-04  0.53438584028796E-04 -0.12493028876600E-02
 -0.42159647365005E-04 -0.39141066231880E-04 -0.14927892589554E-02
  0.17225717125947E-04  0.82113144699550E-05 -0.15035231323445E-02
 -0.37235835877459E-04  0.60204161236397E-06 -0.15308358411106E-02
 -0.43085178461251E-04  0.17295983591096E-04 -0.14944707572549E-02
  0.89164932564780E-05  0.37819664412065E-04 -0.15604319915335E-02
 -0.49769936753634E-04  0.66677836981110E-04 -0.14711670703296E-02
 -0.27376841596846E-05  0.20504347168745E-04 -0.15700988166241E-02
 -0.14774418129372E-04  0.60895752580917E-05 -0.15756311122091E-02
 -0.49917053760817E-04  0.70459665609676E-04 -0.14510888291196E-02
 -0.25718196540241E-04 -0.50222453976965E-05 -0.15751942344464E-02
 -0.51449819605161E-04  0.65121692750792E-04 -0.14395753480114E-02
 -0.38489836519447E-04 -0.92311863801001E-05 -0.15660839878546E-02
  0.36556270158817E-04 -0.75279253711246E-04 -0.14373213715399E-02
  0.22473746112028E-04 -0.29731233776959E-04 -0.11949086640822E-02
 -0.56437641494185E-04  0.90217481991699E-05 -0.15106148436071E-02
  0.23767695495832E-04 -0.60614937571597E-04 -0.12292304686745E-02
 -0.62501773496708E-04  0.27795558741585E-04 -0.14756443746434E-02
 -0.66743570835252E-04  0.44655091587548E-04 -0.14497939587187E-02
  0.23437458403447E-04 -0.89677311860859E-04 -0.12781131664275E-02
 -0.68801724554851E-04  0.59841162357971E-04 -0.14401767211489E-02
  0.25928119371040E-04 -0.11106483328536E-03 -0.13321748105083E-02
 -0.47927917977680E-04  0.53949906119430E-04 -0.14912757811246E-02
  0.21428346045920E-04  0.53126861387944E-04 -0.15473895556254E-02
  0.34325224267881E-04  0.65023665019597E-04 -0.15307980463884E-02
 -0.41554582152191E-04  0.38645068897540E-04 -0.15042322589037E-02
 -0.45671409307020E-04  0.38360950690783E-04 -0.14616040103802E-02
  0.20381715421786E-06 -0.10752992628185E-03 -0.14768590399673E-02
 -0.48820100402555E-04  0.55568377430185E-04 -0.14421531693765E-02
 -0.90858010984125E-05 -0.89540075415839E-04 -0.14872934525564E-02
  0.15042921779527E-04  0.11091197457068E-04 -0.11628491184409E-02
  0.20116176659995E-04  0.32128422388463E-04 -0.11845429994301E-02
 -0.16028401870034E-04 -0.69821336932582E-04 -0.14950432063117E-02
  0.29071148070803E-04  0.50474442791779E-04 -0.12260611901571E-02
  0.82719737200439E-05 -0.12268841895806E-03 -0.14620237481018E-02
 -0.22038264854566E-04 -0.49906073298363E-04 -0.15007377737231E-02
  0.51355329806288E-04  0.81202636830533E-04 -0.13403981255882E-02
 -0.28512094843840E-04 -0.26167982548276E-04 -0.15049941669273E-02
  0.56442166359354E-04  0.89779588514279E-04 -0.13976845769274E-02
 -0.33080086191618E-04 -0.30815621613205E-05 -0.15081333634808E-02
  0.59575343107931E-04  0.91379570943733E-04 -0.14463949310030E-02
  0.54980056504411E-04  0.85495141762427E-04 -0.14835108019476E-02
 -0.38524048721310E-04  0.19667335053718E-04 -0.15086731921342E-02
  0.47299463444681E-04  0.76369156208658E-04 -0.15103906848246E-02
  0.40124091393127E-04  0.67565658151172E-04 -0.12807154341318E-02
 -0.62879228434102E-05 -0.11351343799927E-03 -0.14585440892175E-02
 -0.46000088030639E-05 -0.36575273669423E-05 -0.15242121089364E-02
 -0.26810726322325E-04 -0.12402229399931E-04 -0.15401584521109E-02
 -0.96937802474880E-04 -0.53914363989461E-05 -0.13888237284418E-02
 -0.27938390999611E-04 -0.49591559807213E-04 -0.12900653097054E-02
 -0.10744079651184E-03  0.12703643840946E-04 -0.13603624998168E-02
 -0.10914664920485E-04 -0.69261210666941E-04 -0.13403828920739E-02
 -0.11286088610462E-03  0.25066889911383E-04 -0.13461221880458E-02
  0.65285611021483E-04  0.57261758847767E-04 -0.14233491923843E-02
  0.50068073820555E-05 -0.84682585922021E-04 -0.13845951957601E-02
  0.67928644276355E-04  0.75037851243204E-04 -0.14295826258430E-02
  0.21268732671166E-04 -0.92569530650044E-04 -0.14162713549356E-02
  0.72271931902392E-04  0.82941341665054E-04 -0.14462070726355E-02
  0.78991547412217E-04  0.79627427604747E-04 -0.14651257845111E-02
  0.34523788995144E-04 -0.90879487502441E-04 -0.14347553391075E-02
  0.85738556218070E-04  0.72363913309830E-04 -0.14783065869999E-02
  0.45137605187391E-04 -0.82414594079625E-04 -0.14449506202245E-02
  0.89648469754851E-04  0.58813581413374E-04 -0.14821546522605E-02
  0.90840669563140E-04  0.39196521999656E-04 -0.14770715959422E-02
  0.52829712770080E-04 -0.68566395210235E-04 -0.14526542758733E-02
 -0.79192587937512E-04 -0.25434301906119E-04 -0.14233415575117E-02
  0.88386938816813E-04  0.19360107522721E-04 -0.14671865425558E-02
 -0.39318020813711E-04 -0.28480436825981E-04 -0.12450852770981E-02
 -0.46958935020229E-04 -0.96236367498732E-05 -0.12144523086125E-02
  0.97464169279758E-04  0.70960278815272E-04 -0.14669066290989E-02
  0.10113785312851E-03  0.56007114884438E-04 -0.14653379364214E-02
  0.38237145375510E-04  0.53483977096481E-04 -0.14992661031656E-02
  0.97765286905327E-04  0.37429111563969E-04 -0.14576528551557E-02
  0.33091337737818E-04  0.67714953457218E-04 -0.14839290373603E-02
  0.91150835026316E-04  0.18235614352680E-04 -0.14490621873107E-02
  0.82179690235878E-04  0.15912395332965E-05 -0.14420673977447E-02
  0.28734537109603E-04  0.75891402498483E-04 -0.14642789542005E-02
  0.71682778261375E-04 -0.13768081310361E-04 -0.14393207380956E-02
  0.25183962096355E-04  0.79147929201370E-04 -0.14466639834121E-02
  0.58119316919502E-04 -0.26483069294709E-04 -0.14411712287642E-02
  0.40692226917662E-04 -0.37947816651772E-04 -0.14479204913853E-02
  0.23954468861538E-04  0.72246652111997E-04 -0.14391540887440E-02
  0.19238662958186E-04 -0.46648821387062E-04 -0.14574623467663E-02
 -0.50655451199976E-04  0.73034232364151E-05 -0.12038930826855E-02
 -0.34869338046153E-05 -0.53117521483773E-04 -0.14653464658022E-02
 -0.28787253751584E-04 -0.52281210539004E-04 -0.14656530363781E-02
 -0.55836108529313E-04 -0.40237200324324E-04 -0.14520431967440E-02
  0.57421011502610E-04 -0.52683310749910E-04 -0.14617293528697E-02
  0.83799474466246E-04 -0.66614385627343E-07 -0.14562991478783E-02
  0.76119856509551E-04 -0.17745795646254E-04 -0.14466892610887E-02
  0.38612377113073E-04  0.63980898006196E-04 -0.14397782557996E-02
  0.62412547556991E-04  0.79423292048324E-04 -0.14628519631358E-02
  0.68183391312724E-04  0.74514014409778E-04 -0.14804295356035E-02
 -0.73075725786361E-04  0.80591381163939E-05 -0.12492025017701E-02
  0.72623619958147E-04  0.61019950744852E-04 -0.14915009188527E-02
 -0.66317206295588E-04 -0.71434944191695E-05 -0.12675028867083E-02
  0.76838383677601E-04  0.43492157992913E-04 -0.14930038872330E-02
  0.79043768038911E-04  0.22898540684958E-04 -0.14867581068108E-02
 -0.56826324076009E-04 -0.27326056959847E-04 -0.13020088763943E-02
  0.77023038149469E-04  0.75106056278948E-06 -0.14762773127925E-02
 -0.41276165135736E-04 -0.46346256595560E-04 -0.13453375147779E-02
  0.73821567515377E-04 -0.18276604021087E-04 -0.14639283449372E-02
  0.68477729267863E-04 -0.34992407627913E-04 -0.14530585129645E-02
 -0.20375618892115E-04 -0.64559991066697E-04 -0.13865263815014E-02
  0.59081625916469E-04 -0.50330126998262E-04 -0.14451486219996E-02
  0.81566048787560E-06 -0.77006040668539E-04 -0.14158235984713E-02
  0.50207949396255E-04 -0.65099535893421E-04 -0.14404528437293E-02
  0.56817029666761E-04  0.80177788094022E-04 -0.14448670949653E-02
  0.40444900187777E-04  0.77211724046066E-04 -0.14413172346455E-02
  0.54151577636717E-04  0.70651173563663E-04 -0.14350058744580E-02
 -0.96250546038599E-04  0.21321278995540E-04 -0.12969664164447E-02
  0.61224419310769E-04 -0.34970012962368E-04 -0.14724057579299E-02
  0.67209101549368E-04 -0.31866230739673E-04 -0.14406435867405E-02
  0.64862688540334E-04 -0.16103967780079E-04 -0.14840137022043E-02
  0.54209278353989E-04 -0.44671940866161E-04 -0.14389798204160E-02
  0.38999269734838E-04 -0.57234220996853E-04 -0.14411357437245E-02
  0.63606420263906E-04  0.50384080988329E-05 -0.14943662086570E-02
  0.20420082025063E-04 -0.65079963160047E-04 -0.14438661195054E-02
  0.63082706378842E-04  0.27106851071591E-04 -0.15007527905198E-02
  0.41851493110999E-04  0.33862697242900E-04 -0.15063615098024E-02
 -0.11613924764290E-05 -0.66129063353770E-04 -0.14421933628543E-02
  0.58776803353576E-04  0.48457987177895E-04 -0.15003099936498E-02
 -0.50005575690369E-04 -0.46286076037463E-04 -0.14017116986261E-02
  0.53392477951947E-04  0.63980204899826E-04 -0.14910883807655E-02
 -0.70785595468404E-04 -0.25538179688676E-04 -0.13641220535324E-02
 -0.84992693583279E-04 -0.71148686760054E-05 -0.13280581669975E-02
  0.47894318576696E-04  0.75395454337376E-04 -0.14742863845411E-02
 -0.92600195988437E-04  0.95671484578016E-05 -0.13039457154141E-02
  0.44403839102876E-04  0.79871561535115E-04 -0.14550705571659E-02
 -0.26831827502764E-04 -0.60228017824230E-04 -0.14294146507243E-02
  0.93412882313323E-04  0.80915050689558E-04 -0.14583888001265E-02
  0.46206978135108E-04  0.11856309295069E-04 -0.15056968805433E-02
  0.85500361959233E-04  0.83143875878580E-04 -0.14412294163058E-02
  0.90918141575346E-04  0.39876146280693E-04 -0.14404936956757E-02
  0.37173670692907E-04 -0.85396776362556E-04 -0.14809494458762E-02
  0.76619585945147E-04  0.25148556195509E-04 -0.14448490786995E-02
  0.36523511167201E-04 -0.69343863190447E-04 -0.14900264074829E-02
  0.58220206094046E-04  0.12186136910758E-04 -0.14547493553490E-02
  0.39113783677064E-04  0.14969658876700E-05 -0.14694642969690E-02
  0.34420273043116E-04 -0.48752359297249E-04 -0.14977280663556E-02
  0.18327589024491E-04 -0.10360065999700E-04 -0.14881088345984E-02
  0.31633831410638E-04 -0.28377108229844E-04 -0.15044724694659E-02
 -0.47894108076793E-05 -0.20392200332857E-04 -0.15070868734204E-02
 -0.29525344146580E-04 -0.26664348561758E-04 -0.15210064558065E-02
  0.27792519771776E-04 -0.40773989651562E-05 -0.15089486221492E-02
 -0.53870869529187E-04 -0.26024941180496E-04 -0.15244797252564E-02
  0.24798292170735E-04  0.20954516293767E-04 -0.15099464454367E-02
 -0.78176528566374E-04 -0.18142571994042E-04 -0.15121021681520E-02
 -0.97256631521539E-04 -0.50333950749761E-05 -0.14850092068717E-02
  0.21279917662301E-04  0.40655212751197E-04 -0.15055628949317E-02
  0.10163087015945E-03  0.55601561231268E-04 -0.14394452996238E-02
  0.36886860127686E-04 -0.10093196707659E-03 -0.14684587926238E-02
  0.10713625315861E-03  0.71768399580252E-04 -0.14383946038719E-02
  0.34185394031753E-04 -0.11138613553677E-03 -0.14490268519906E-02
 -0.57771701781200E-05  0.53006003556468E-06 -0.11573265069320E-02
 -0.48864292301680E-04 -0.18176252848884E-04 -0.15466203020650E-02
 -0.69319143262558E-04 -0.15113602996510E-04 -0.15392761521744E-02
 -0.68729459168238E-05 -0.21616638521192E-04 -0.11711693460658E-02
 -0.85870127621130E-04 -0.45168461646780E-05 -0.15162076877652E-02
 -0.31612874627521E-05 -0.47259222801496E-04 -0.12072626133525E-02
 -0.10080060845109E-03  0.11074817527423E-04 -0.14840080634525E-02
 -0.10895505544991E-03  0.28957754416337E-04 -0.14544463548513E-02
 -0.11013819944862E-03  0.13413079988343E-04 -0.14536177083565E-02
  0.53673064445714E-05 -0.71567947787760E-04 -0.12589722056355E-02
  0.14753720578882E-04 -0.92230703768063E-04 -0.13180748352806E-02
  0.72889156250749E-04  0.52666311100551E-04 -0.13284014048880E-02
  0.83125093609067E-04  0.70293847307208E-04 -0.13550284762096E-02
  0.24195455259675E-04 -0.10739179208780E-03 -0.13736943864692E-02
  0.92936654720318E-04  0.83532065717241E-04 -0.13862706478173E-02
  0.29790581744925E-04 -0.11436633328680E-03 -0.14184507239634E-02
  0.10083212370289E-03  0.88129257717092E-04 -0.14131333288085E-02
  0.10675129419930E-03  0.83273606493539E-04 -0.14309139337282E-02
 -0.11523705665601E-03  0.45342953006159E-04 -0.14364436018291E-02
 -0.12217920083742E-04  0.69565374166612E-04 -0.14378190189478E-02
  0.15600153525294E-04  0.58031313268050E-04 -0.14935743125404E-02
 -0.12519314549040E-03  0.41927475634002E-04 -0.14164047820296E-02
  0.32746369212120E-04 -0.10422165621534E-03 -0.14293527899773E-02
 -0.39110291832438E-05 -0.36300833128265E-04 -0.14870626910244E-02
 -0.30388359195366E-04 -0.38896010427704E-04 -0.14961010160650E-02
  0.39286409294716E-04 -0.98187400452673E-04 -0.14492890040743E-02
 -0.57198316450280E-04 -0.35330664609092E-04 -0.14929159114603E-02
  0.44755741507819E-04 -0.85952569800579E-04 -0.14619249659935E-02
 -0.80751837730620E-04 -0.21900434959059E-04 -0.14735796204444E-02
 -0.99972573738286E-04 -0.45880698837732E-05 -0.14428429390997E-02
  0.47867088078641E-04 -0.70044425956238E-04 -0.14717967264877E-02
 -0.11527816378172E-03  0.13218806026017E-04 -0.14119568044864E-02
  0.49647006070825E-04 -0.52290239616101E-04 -0.14815354898270E-02
 -0.12121179030469E-03  0.29062984776116E-04 -0.13917084674674E-02
 -0.12379743476484E-03  0.37102184460914E-04 -0.13863526249700E-02
  0.49235436919296E-04 -0.33790018852433E-04 -0.14913389734124E-02
  0.74302313508291E-04  0.62981257955376E-04 -0.14039077936349E-02
  0.48245820246986E-04 -0.10590741504271E-04 -0.15000592471042E-02
  0.79053118155747E-04  0.76875064993285E-04 -0.14200501547930E-02
  0.19135833344298E-04 -0.29532232005002E-04 -0.14724233809296E-02
  0.22033074153134E-04 -0.10108754851006E-03 -0.13971263927103E-02
  0.40069159522604E-04 -0.19166844658198E-04 -0.14576699305379E-02
  0.58218354295097E-04 -0.73824218237675E-05 -0.14465795276082E-02
  0.12557463922921E-04  0.70392454245702E-04 -0.14747187078403E-02
  0.72963201101026E-04  0.45438067343710E-04 -0.13644753246854E-02
  0.94855815864769E-05  0.75574182904715E-04 -0.14542152318875E-02
  0.81033242874346E-04  0.68310113028189E-04 -0.13803319503615E-02
  0.87543040455635E-04  0.81588217050230E-04 -0.14046268745637E-02
  0.68458786978973E-05  0.74909519542024E-04 -0.14405979072715E-02
  0.94293341788704E-04  0.85873568231171E-04 -0.14284398815503E-02
 -0.27026086204257E-04 -0.55972971906736E-05 -0.11756889514313E-02
 -0.12083977937361E-03  0.31113007667752E-04 -0.14280338105088E-02
  0.10311435167855E-03  0.82734538641788E-04 -0.14446693891436E-02
 -0.23124312699805E-04 -0.26971047713684E-04 -0.11996133117530E-02
  0.10481938488807E-03  0.55028984955645E-04 -0.14483154372357E-02
 -0.15506212982762E-04 -0.50212010207863E-04 -0.12421956687896E-02
  0.98157469977740E-04  0.37769546026410E-04 -0.14431205829742E-02
  0.86956371474473E-04  0.19840306620372E-04 -0.14397980010928E-02
 -0.14936049978769E-05 -0.70783867573675E-04 -0.12960365069141E-02
  0.73910582598509E-04  0.54501691450638E-05 -0.14404501368638E-02
  0.10112196714947E-04 -0.89230707677390E-04 -0.13510321477460E-02
  0.10554367832508E-03  0.71629165334960E-04 -0.14508379122682E-02
  0.92635435299279E-05  0.30174878892107E-04 -0.15736472646625E-02
 -0.47944122128392E-04 -0.51378202954030E-05 -0.15439768559386E-02
  0.20779493976155E-04 -0.80199582569934E-04 -0.14313733827365E-02
  0.51699198769407E-04 -0.88265297602208E-04 -0.14700671517248E-02
 -0.17867391753527E-04  0.32972636986508E-04 -0.15044492928811E-02
 -0.83639071245668E-04  0.56026203289585E-06 -0.14821033145961E-02
 -0.51992246700093E-04  0.19692793141002E-04 -0.12140702954131E-02
 -0.31481966922718E-04  0.41991655030185E-04 -0.14805323016668E-02
  0.60060818169515E-04 -0.63901486376332E-04 -0.14555928199718E-02
 -0.12407626889476E-03  0.38677762576140E-04 -0.13939460542490E-02
 -0.74801081156664E-04 -0.16930192368123E-04 -0.14730329962137E-02
 -0.41887229479779E-04  0.46008750441435E-04 -0.14526754485992E-02
  0.65835988355343E-04 -0.30671189386043E-04 -0.14323814074461E-02
 -0.49683889434648E-04  0.30006547039830E-04 -0.12429837429195E-02
  0.22547598040322E-04  0.56279256576788E-04 -0.14461245525333E-02
 -0.66827553089860E-04 -0.33604465659945E-04 -0.14638250928337E-02
 -0.60506754488821E-05  0.26081099491849E-04 -0.15245595105274E-02
  0.67526341789545E-04  0.42847161066555E-05 -0.14104705361312E-02
 -0.28606265554677E-04 -0.59920866025758E-04 -0.14462738369627E-02
 -0.55302383280051E-04 -0.52666910024120E-04 -0.14555438660872E-02
 -0.45258966441223E-04  0.41679442065971E-04 -0.12857899386194E-02
  0.29370350038551E-04  0.57936121814860E-05 -0.15017832650154E-02
  0.71785583943655E-04  0.37931404590727E-04 -0.13997196992639E-02
  0.31904410100456E-04 -0.19309398843146E-04 -0.15346818961230E-02
 -0.43270637365639E-04 -0.69082928916634E-04 -0.14484200503948E-02
 -0.11067919299656E-04 -0.70804488363669E-04 -0.14555138838418E-02
  0.34385324244863E-04 -0.34426663015994E-04 -0.15560181989140E-02
 -0.38215015316106E-04  0.51956275282426E-04 -0.13368338988471E-02
 -0.43240195195250E-04 -0.47349708447371E-04 -0.14415159538950E-02
 -0.30915332388070E-04 -0.83955548024225E-04 -0.14433418255966E-02
  0.35293155737191E-04 -0.39014727006601E-04 -0.15629603575615E-02
  0.24870967328905E-04  0.33419211997824E-04 -0.14684806974503E-02
 -0.53421550075853E-04  0.47526367752243E-04 -0.14197493751630E-02
 -0.91925455918885E-04  0.16802411678835E-04 -0.14886636005142E-02
  0.36137860683740E-05  0.16885556598843E-04 -0.15409791891097E-02
 -0.60716732426185E-05 -0.11581430930936E-03 -0.14439903169559E-02
  0.73773018737648E-05  0.46779271952550E-04 -0.14549921720656E-02
  0.51795632541132E-04 -0.87082347041001E-04 -0.14231669718166E-02
  0.61215958908278E-05 -0.12483466215428E-03 -0.14378410682997E-02
 -0.76800448354547E-04  0.26708577718550E-04 -0.12683784720868E-02
  0.96312380870017E-05  0.23102605140095E-04 -0.14846664749184E-02
  0.58670099817260E-04 -0.57403608846602E-04 -0.14001192321353E-02
  0.15074435553308E-04 -0.12115398567806E-05 -0.15205383233601E-02
  0.20108042487307E-04 -0.12823365607787E-03 -0.14295326488230E-02
 -0.11216026791022E-03  0.25144208798934E-04 -0.14377476614953E-02
 -0.74443331211383E-04  0.33997001766464E-04 -0.13001253083261E-02
  0.19340440886677E-04 -0.19827529835202E-04 -0.15503910230961E-02
  0.63044806026456E-04 -0.22143799887032E-04 -0.13768404098779E-02
 -0.10615236071867E-03  0.60419848814320E-04 -0.14453645385579E-02
  0.23113247012763E-04 -0.28696906386562E-04 -0.15667134354560E-02
  0.68152108694348E-04  0.15728838307462E-04 -0.13628534090831E-02
 -0.70956587335075E-04  0.39394255014162E-04 -0.13399558314647E-02
  0.25042366146042E-04 -0.27172286350878E-04 -0.15715592484504E-02
 -0.10650584162972E-03  0.57615138784445E-04 -0.14603305576355E-02
 -0.11694116680286E-03  0.32613668455604E-04 -0.14269952592253E-02
  0.24322189302783E-04 -0.18464843794010E-04 -0.15701320775209E-02
  0.96545749779635E-05 -0.10208864548117E-03 -0.14555501243900E-02
 -0.10274086575748E-03  0.47210676440951E-04 -0.14775674565482E-02
  0.19472773838458E-04 -0.74990706725414E-05 -0.15639717595829E-02
 -0.60955447749505E-04  0.45213333877966E-04 -0.13816309852198E-02
  0.25671532582212E-04 -0.10524034940810E-03 -0.14652959401442E-02
  0.12793860983334E-04  0.58231423465961E-05 -0.15540844985595E-02
 -0.12170211029640E-03  0.36952661094887E-04 -0.14102573319021E-02
  0.40057307019225E-04 -0.10124493060587E-03 -0.14718114982840E-02
  0.56799326864691E-05 -0.81551020591727E-04 -0.14680967490578E-02
 -0.27054083208086E-04  0.12366357163476E-04 -0.11748834346293E-02
  0.31687834771463E-04 -0.36658308246546E-04 -0.15600535924560E-02
 -0.16512124014396E-04 -0.10081685252404E-03 -0.14411658972036E-02
  0.44026879751093E-04 -0.50447414163707E-04 -0.15491552292509E-02
 -0.13538124910543E-04 -0.47520378105540E-04 -0.14686923281442E-02
 -0.89076893709588E-04 -0.52150453552152E-05 -0.14635293548316E-02
 -0.10761368518852E-03  0.17769657910114E-04 -0.14587162506266E-02
  0.38100307606809E-04 -0.52079500896982E-04 -0.15460852047680E-02
 -0.78325078862019E-04 -0.21049854650324E-04 -0.14547337162062E-02
  0.49606997688534E-05 -0.57297791528701E-04 -0.14841317927696E-02
  0.29098185078200E-04 -0.49314308451231E-04 -0.15353464414467E-02
 -0.11530540167011E-03  0.29407935623862E-04 -0.14573242860390E-02
  0.18312711494284E-04 -0.66115779690825E-04 -0.15011864891434E-02
  0.18086615727220E-04 -0.42668890007006E-04 -0.15200925656344E-02
 -0.64650324075772E-04 -0.37585776093918E-04 -0.14474818330888E-02
  0.18212493183251E-05 -0.33089895286194E-04 -0.15031229013529E-02
  0.33161084181895E-04 -0.69976275674461E-04 -0.15170874741350E-02
 -0.52161493955057E-04 -0.52391376484626E-04 -0.14423021622051E-02
 -0.12974494824704E-04 -0.23309593195594E-04 -0.14863876871508E-02
 -0.11980210573410E-03  0.38147632331593E-04 -0.14470973726288E-02
  0.44301426195609E-04 -0.67500413440586E-04 -0.15279853459176E-02
 -0.27905327446757E-04 -0.15133931077236E-04 -0.14714593991384E-02
 -0.40278415137400E-04 -0.67983445085733E-04 -0.14397692259598E-02
 -0.12471569747840E-03  0.44227527555852E-04 -0.14314016343526E-02
 -0.44599790684545E-04 -0.70255418685914E-05 -0.14590250041225E-02
  0.52255841146455E-04 -0.58294235393290E-04 -0.15287859553288E-02
 -0.22952409829642E-04 -0.80015208536731E-04 -0.14412691802165E-02
  0.52581556011803E-04  0.49951138958630E-04 -0.14388164921819E-02
  0.55840787723591E-04 -0.38843160819532E-04 -0.15142187002170E-02
  0.54327490532074E-04  0.22091674173453E-04 -0.14580586694771E-02
 -0.70187741209824E-05 -0.93466586171795E-04 -0.14466954817785E-02
 -0.12592662475188E-03  0.46694278580698E-04 -0.14189089778418E-02
  0.46862558750129E-04 -0.38046210004527E-04 -0.15393597382689E-02
 -0.10247640809890E-03  0.16283477866586E-04 -0.14412395433859E-02
 -0.97446383845880E-04  0.96644751933877E-05 -0.14719701937691E-02
 -0.98513317668443E-04  0.53179844037794E-05 -0.14538066575068E-02
  0.22691225905844E-04 -0.86920233160468E-04 -0.14829669621926E-02
  0.24082652371641E-04 -0.27927767940588E-04 -0.15513833125108E-02
 -0.58156121540336E-04 -0.36658541741959E-04 -0.14405783822007E-02
 -0.18776446282054E-05 -0.11177244966561E-03 -0.14418762893104E-02
  0.15253649731855E-04 -0.18446502104649E-04 -0.15384934373337E-02
  0.35795235307710E-04 -0.87603604035644E-04 -0.14968683587366E-02
 -0.24443160297568E-04  0.26823557749998E-04 -0.11960910127777E-02
  0.40078265335049E-05 -0.71203515501180E-05 -0.15229394629802E-02
  0.48607968469183E-04 -0.80627322860728E-04 -0.15039242006077E-02
 -0.11936468627989E-03  0.53020063139272E-04 -0.14335555779024E-02
 -0.10904503871744E-04  0.24809287809204E-06 -0.15063081646708E-02
 -0.20497701703194E-04  0.43012043676406E-04 -0.12358338941938E-02
 -0.11942329594254E-03  0.53497895890971E-04 -0.14429567364605E-02
  0.58416799446110E-04 -0.63293018431111E-04 -0.14985934603931E-02
 -0.24584276783262E-04  0.88296477402192E-05 -0.14889673836498E-02
 -0.72662443002026E-04 -0.20931747588911E-04 -0.14427019299104E-02
 -0.40359947762272E-04  0.17479832326205E-04 -0.14715322327243E-02
 -0.11608392424878E-03  0.48144015350315E-04 -0.14589527103792E-02
  0.62805831834895E-04 -0.35871281663204E-04 -0.14788843360201E-02
 -0.24058950685419E-05  0.20617539889988E-04 -0.11677920749748E-02
 -0.54514307223801E-04  0.24396210272624E-04 -0.14539178206351E-02
 -0.11246693301490E-03  0.36899317011546E-04 -0.14722263851590E-02
  0.39055514192053E-04  0.42340232951650E-04 -0.14533130680190E-02
  0.65006542391422E-04 -0.27630546962817E-05 -0.14526678571838E-02
 -0.85796737669588E-04 -0.73155572685712E-05 -0.14476436439870E-02
  0.42698730322162E-04  0.13653512649947E-04 -0.14809969365718E-02
  0.64124375784585E-04  0.30492410742325E-04 -0.14313101812986E-02
 -0.10539818815445E-03  0.23197840352929E-04 -0.14765151429768E-02
  0.45197040698679E-04 -0.15219994928993E-04 -0.15139494421920E-02
 -0.29622283897582E-04 -0.38617596790387E-04 -0.14566294981346E-02
  0.58513632105775E-05  0.65666280752818E-04 -0.14398404641931E-02
 -0.97798463431758E-04  0.33879145695119E-04 -0.14882182705528E-02
  0.57039695979046E-04 -0.91604565740271E-05 -0.14870467161768E-02
 -0.60120134793003E-04 -0.16473042919131E-04 -0.14430420757082E-02
 -0.95197244172986E-04  0.32823162814993E-04 -0.13573961672326E-02
  0.14751623594146E-04 -0.32572639313593E-05 -0.15759552385800E-02
 -0.66364521666901E-04 -0.89138093594953E-05 -0.14910200608993E-02
  0.49045253420356E-04 -0.79690432196463E-04 -0.13653646531921E-02
  0.21242486136036E-05  0.75521775699601E-04 -0.14082488290942E-02
  0.44097685439298E-04  0.15026194395690E-04 -0.12196564046369E-02
  0.14067285180080E-04  0.13214379655013E-04 -0.15718320586679E-02
 -0.11352976971909E-03  0.33667674808562E-04 -0.13618964752784E-02
  0.32433248817277E-04 -0.11788949692067E-03 -0.13756526011663E-02
  0.52452272119513E-04 -0.47551599784701E-04 -0.13371362094481E-02
 -0.88434938156476E-04  0.60177977404073E-04 -0.14731851121646E-02
 -0.59766090212235E-04 -0.28307672218197E-04 -0.14830337416580E-02
  0.12269781280842E-04  0.27451911336737E-04 -0.15645146867150E-02
 -0.89169329050389E-04  0.34607731152174E-04 -0.13874741922395E-02
 -0.89361966152219E-04  0.19716854425566E-04 -0.14318853536654E-02
  0.65196940364716E-05  0.78392571798132E-04 -0.14609018806534E-02
 -0.76438328232134E-04 -0.54132407389205E-05 -0.14411488378687E-02
  0.68230451154704E-05  0.39407165264266E-04 -0.15531160621468E-02
  0.37077879968654E-04 -0.15991370156581E-04 -0.12205772245572E-02
  0.57886456268835E-04 -0.10728793932205E-04 -0.13177960080470E-02
 -0.74578537697430E-04  0.12071711270749E-04 -0.14403828615427E-02
  0.15860814345901E-04 -0.14945064731957E-04 -0.15767901696480E-02
  0.43007839879316E-04 -0.10739212895434E-03 -0.13931282349461E-02
 -0.58142879242408E-05  0.66803936760305E-04 -0.13490072531007E-02
  0.46365097718820E-04 -0.30897374410321E-04 -0.12745079752862E-02
 -0.59818387034298E-04  0.38102020247563E-05 -0.14486952761113E-02
 -0.52508035454246E-05  0.14351827358035E-04 -0.15008677581417E-02
  0.41623272161935E-04 -0.66194045160898E-04 -0.13023290021046E-02
 -0.99383654541107E-04  0.26654104810302E-04 -0.13058515402625E-02
 -0.85560576922733E-04  0.45173826788884E-04 -0.14899802089881E-02
  0.50011179681455E-04  0.29359281550626E-05 -0.12632947005458E-02
 -0.28784640022170E-06 -0.67934372068135E-05 -0.15364111339078E-02
 -0.12274434092195E-04  0.56603115187277E-04 -0.14437854427651E-02
 -0.89258546103277E-04  0.63523588171098E-04 -0.14545363897518E-02
  0.25664592968118E-04 -0.13074028399050E-03 -0.14063860516877E-02
 -0.45875521038924E-04 -0.27688556531398E-04 -0.14483306023757E-02
  0.56730742464917E-05 -0.18443227288574E-04 -0.15616782269832E-02
 -0.11472660498873E-03  0.32120437768945E-04 -0.13477476627740E-02
  0.32165233022230E-04 -0.12308318276138E-03 -0.14152970121909E-02
 -0.12492401011138E-04  0.55364687803844E-04 -0.12888877761313E-02
 -0.79482883858525E-04  0.29002852515381E-04 -0.14981536291276E-02
  0.12252687667305E-04 -0.20507301521951E-04 -0.15734936056353E-02
 -0.98242579955329E-04  0.29208325737536E-04 -0.13280780592101E-02
  0.39263411270552E-04 -0.96071805046758E-04 -0.13391409160705E-02
 -0.73465312890909E-04  0.10693179708683E-04 -0.14970222992729E-02
 -0.89740616391857E-04  0.61519948158405E-04 -0.14425746495446E-02
  0.42424413527299E-04 -0.10829607020798E-03 -0.14383986773043E-02
 -0.51002003386207E-04 -0.48051392682727E-04 -0.14747599215004E-02
 -0.92086821522849E-05  0.37416656799068E-04 -0.14663434617602E-02
 -0.31574128294805E-04 -0.83845643035705E-04 -0.14580069489854E-02
 -0.11284176562970E-03  0.32678719131660E-04 -0.13833186632952E-02
 -0.10125980108127E-03  0.26506855843578E-04 -0.14210137604596E-02
 -0.14696988336807E-04  0.63437968931143E-04 -0.14788511192744E-02
 -0.23331552906278E-04  0.63748103298950E-04 -0.14377760640430E-02
  0.14006134470006E-04 -0.11875080585673E-03 -0.14442465733917E-02
  0.15294855839888E-04 -0.13368555502282E-03 -0.14290982510396E-02
  0.13227290557447E-04  0.58846624964351E-04 -0.15540731806796E-02
  0.27764830285369E-04 -0.16563367514651E-05 -0.11817456468983E-02
  0.13634781679817E-04  0.68911216457439E-04 -0.15335479003179E-02
 -0.90597667548246E-04  0.66547419521950E-05 -0.14411796255638E-02
  0.28965974200070E-04 -0.11741854482630E-03 -0.14442365692419E-02
 -0.20612706156008E-04 -0.99926816385500E-04 -0.14507594644847E-02
 -0.31528980410179E-04  0.59951302921098E-04 -0.13895274333458E-02
  0.33693822639621E-04 -0.48481740045326E-04 -0.12429622008651E-02
 -0.42605511579394E-04 -0.65953063592198E-04 -0.14663213394503E-02
 -0.70952892025011E-05  0.58154844631162E-04 -0.15113128089739E-02
 -0.67966289734190E-04  0.30730205274922E-04 -0.14352844035038E-02
  0.19904970506004E-06  0.50449453258530E-04 -0.15357613868727E-02
  0.11687584036507E-04  0.45522436788714E-04 -0.15666068775143E-02
  0.11374388675149E-04  0.75935537988192E-04 -0.15028137980501E-02
 -0.80493293160512E-04  0.32571862543428E-04 -0.14138062546414E-02
 -0.76108899686237E-04  0.18135162314412E-04 -0.12501457624225E-02
  0.64676975962730E-04  0.24349419486910E-04 -0.13145251137891E-02
  0.40514165757946E-05 -0.12677314408531E-03 -0.14457330103337E-02
 -0.35231425839414E-04 -0.39402590023422E-04 -0.97429100293899E-03
  0.48587332126932E-05  0.47282946496117E-06 -0.44266351028231E-05
 -0.26942474501040E-04 -0.59983820156152E-04 -0.21566184148397E-03
 -0.56702052883186E-04 -0.11338019869009E-03 -0.31723901062803E-03
  0.44023641504642E-04 -0.77400319457168E-05 -0.98512278314965E-03
 -0.33715785935858E-04 -0.20358380832906E-04 -0.15321722384979E-03
 -0.27483709233962E-04 -0.11351384248371E-04 -0.16198735940627E-03
 -0.78043927693877E-04  0.13169193579762E-04 -0.28207834284530E-03
 -0.32537180381147E-04 -0.51588463031896E-04 -0.98011650293660E-03
 -0.64312364827307E-04  0.15835018442922E-04 -0.97961711464236E-03
  0.53049838323016E-04 -0.29931445333912E-04 -0.16488525044665E-03
 -0.41063769444812E-05 -0.20502773863703E-04 -0.98525535893485E-03
 -0.49361736779150E-04 -0.39270930671808E-04 -0.98529782461613E-03
 -0.60191078921970E-04 -0.12446727757171E-03 -0.31598334749794E-03
 -0.59784505917480E-04  0.79823869135072E-05 -0.98345391635075E-03
  0.32417588515576E-05 -0.11504261592297E-04 -0.98543770277550E-03
  0.86415801904684E-07  0.19124662840025E-04 -0.98538026330616E-03
 -0.33978980449762E-04 -0.48263371500709E-04 -0.97710777663531E-03
 -0.88145182594875E-04 -0.56612205081243E-04 -0.32129359485511E-03
 -0.49542347538345E-04 -0.96278479945749E-04 -0.26919647394584E-03
  0.11626788676961E-04 -0.16411815285771E-05 -0.22286584709992E-04
 -0.10534006726160E-03 -0.53082087665353E-04 -0.18342078857354E-03
 -0.39635563421828E-04  0.36499610049183E-04 -0.17203937599817E-03
  0.44799650526629E-04 -0.17872463554407E-04 -0.98594967408957E-03
 -0.31796164972322E-04 -0.81990748897496E-05 -0.10591859531658E-03
 -0.65554137881251E-04 -0.11073783033453E-04 -0.97468300013208E-03
 -0.19978829269974E-05  0.55434129713883E-05 -0.75476693911893E-05
 -0.34876132546963E-04 -0.20730611205271E-04 -0.11460414306464E-03
 -0.82937934678115E-04  0.57244225600600E-05 -0.25128092366935E-03
 -0.42750080977025E-05  0.42039860713454E-04 -0.15072590841437E-03
 -0.57024467340424E-04 -0.42994123047841E-04 -0.98049669422173E-03
  0.20560497485625E-04  0.87876064469087E-05 -0.98541067668650E-03
 -0.78912564328654E-04 -0.13679023095766E-03 -0.32786755635269E-03
 -0.31826531365922E-04  0.35247473501917E-04 -0.98571980164205E-03
  0.23043384923237E-04  0.38171249530246E-05 -0.98514925832015E-03
 -0.60559079978802E-04 -0.36983222103150E-04 -0.97787288563016E-03
 -0.41150380882144E-04  0.30900886236486E-04 -0.98449682106591E-03
 -0.80856001208585E-05  0.36416049685898E-04 -0.10031193286397E-03
 -0.92692884733043E-04 -0.12619193590064E-03 -0.29324838086387E-03
 -0.57493539344516E-05  0.17894122027293E-04 -0.41117162754141E-04
  0.23240589129579E-04  0.83613646526633E-05 -0.98539406106764E-03
 -0.34572015997169E-04  0.14157368222814E-04 -0.12979029558494E-03
  0.96915190640521E-05 -0.39564791873940E-05 -0.98541970284612E-03
  0.13171912617319E-04  0.18018457170969E-04 -0.16678240022548E-03
 -0.64345402142540E-04 -0.26254379027546E-04 -0.97589201144833E-03
 -0.36727039922484E-04 -0.26242013555789E-04 -0.97323773085670E-03
 -0.10535073007434E-04  0.26339934220504E-04 -0.98573942114637E-03
 -0.52744446954905E-04 -0.43654405318018E-04 -0.98335606005541E-03
 -0.46995852596233E-04 -0.72116470115921E-04 -0.28761904869907E-03
 -0.53711866264542E-04  0.29053082607665E-04 -0.98092056303687E-03
 -0.51541395280987E-04  0.21134430512784E-04 -0.98337523239980E-03
 -0.92390716087765E-04  0.21977083129088E-04 -0.28526424673588E-03
  0.11219024004349E-05  0.13059002020654E-05  0.14150072488135E-05
 -0.37445452735527E-04 -0.93721979720912E-05 -0.97299501746200E-03
 -0.77803702452953E-04 -0.10628742324374E-03 -0.32393922189257E-03
 -0.39453971705325E-04 -0.31683943127048E-04 -0.26805558692816E-03
 -0.36198334859587E-04 -0.24135529636679E-04 -0.13616203557641E-03
  0.15659182074376E-04  0.28079452978693E-05 -0.98573821075637E-03
 -0.21845790634076E-04  0.32500674721153E-04 -0.98627412749767E-03
  0.21485509334028E-04 -0.12930277012059E-04 -0.98512678112809E-03
 -0.10507180091940E-03 -0.86752237924779E-04 -0.22974878076661E-03
  0.22156985552419E-04 -0.30231912628550E-05 -0.98478175681317E-03
 -0.33059560393773E-04 -0.32380913740955E-04 -0.16981730741403E-03
  0.21516235715818E-04  0.19585955748144E-04 -0.16766874673638E-03
 -0.70772888208848E-04 -0.71537025774506E-04 -0.30578267459606E-03
 -0.13108528338638E-04 -0.12098534451224E-04 -0.98514533557465E-03
 -0.52694340541929E-04 -0.45155750259802E-05 -0.17000691739661E-03
 -0.52253056380272E-04 -0.89269078965086E-06 -0.97338897209995E-03
 -0.72432494839424E-04 -0.26294376289903E-04 -0.29954286227390E-03
  0.41507549674828E-04 -0.11922386963849E-04 -0.13237359875694E-03
  0.33719438939594E-04 -0.16271412759291E-04 -0.98587393357572E-03
 -0.18336141413151E-04  0.13340777663665E-04 -0.16428807871943E-03
 -0.48363846817627E-04  0.30680703575270E-04 -0.98287121085938E-03
  0.32119672869169E-04 -0.50635821509725E-05 -0.16518371840125E-03
 -0.29582668941938E-04  0.29823281549865E-04 -0.19194499055058E-03
 -0.47577879756165E-05 -0.45847857189527E-05 -0.98510860841060E-03
  0.33021559376753E-04 -0.59172175947803E-05 -0.98515064111308E-03
  0.63453408732093E-05  0.34178490203023E-04 -0.16246920128435E-03
 -0.60579422766365E-04  0.20221201985929E-04 -0.20452541465377E-03
  0.35922552433930E-04 -0.69448745974858E-05 -0.98550986308453E-04
  0.32833547488397E-04  0.29307503086339E-05 -0.98548356303931E-03
  0.44468204033416E-05  0.29813713344457E-05 -0.98455337862280E-03
 -0.45144589234689E-05  0.43470431412860E-04 -0.12943023951688E-03
  0.36899146073600E-04 -0.17250315915808E-04 -0.15429205223836E-03
 -0.53710328447216E-04 -0.17718015444474E-04 -0.97367460638524E-03
 -0.27056286961627E-05  0.31944338815374E-04 -0.98569757109485E-03
 -0.21754611771572E-04 -0.20094265550180E-04 -0.98512087272652E-03
 -0.39938921012210E-04 -0.42070279269958E-04 -0.98436337902302E-03
 -0.62454980012305E-04 -0.44544203907934E-04 -0.18383925813123E-03
 -0.40082430884509E-04 -0.16742960265219E-04 -0.15939922219191E-03
 -0.35477759754230E-04 -0.35687923447546E-04 -0.98531332808033E-03
 -0.14662605060117E-04  0.36292166391671E-04 -0.98619385852339E-03
 -0.42936876622184E-04 -0.46355917890625E-04 -0.98252934057061E-03
 -0.84263299844389E-04 -0.71949667594146E-04 -0.22340328046837E-03
 -0.25569776750654E-04  0.39912206652952E-04 -0.98545039100492E-03
 -0.35661843919220E-05 -0.26444410986980E-04 -0.16738976758451E-03
 -0.59231558226461E-04  0.19031152809193E-04 -0.98198044236077E-03
 -0.45592412025515E-04 -0.46876826439595E-04 -0.98016864845993E-03
 -0.92151622564546E-04 -0.11231446828939E-03 -0.28724644070898E-03
 -0.30679759897115E-04 -0.49750079794153E-05 -0.16354468458989E-03
  0.21173675855239E-04 -0.22563544907620E-04 -0.16490717780839E-03
 -0.48378183387158E-04 -0.42256386964590E-04 -0.97699855141397E-03
 -0.86020186521089E-04 -0.13527410451033E-03 -0.33302570671966E-03
 -0.46592107827016E-04 -0.18019025797015E-04 -0.15629136816543E-03
 -0.36165188667841E-04  0.38312426944970E-04 -0.98444050965560E-03
 -0.51814911817037E-04 -0.32400013790672E-04 -0.97469903445890E-03
 -0.76896735065452E-04 -0.11585281402979E-03 -0.32924089593880E-03
 -0.29532710501141E-04 -0.27718032630394E-04 -0.98541746995334E-03
 -0.31041955168180E-04 -0.50291770810476E-04 -0.98227164693939E-03
  0.32914499586987E-04  0.78727487701314E-05 -0.98553082079122E-03
  0.24729899048226E-04 -0.24480678480224E-05 -0.61146101985172E-04
 -0.72861687797709E-05 -0.17614834507206E-04 -0.98542831441834E-03
  0.37333902123103E-04 -0.11968121604933E-04 -0.10824668298020E-03
 -0.23044086692470E-05  0.19989694258108E-04 -0.16520684978613E-03
 -0.14886840692776E-04 -0.25043969945347E-04 -0.98513057983496E-03
  0.10885711434908E-04  0.52070027609890E-04 -0.16043326682466E-03
 -0.27396061313427E-05  0.38580516387881E-04 -0.10382261010567E-03
  0.22767525882862E-04  0.41283233760342E-05 -0.98456363277146E-03
  0.40776774775260E-04  0.88538529202049E-05 -0.98530034167473E-03
 -0.21278126593074E-04 -0.32151690377199E-04 -0.98543867965302E-03
  0.33395827498262E-04 -0.23560874738049E-04 -0.15483952992200E-03
 -0.25863379210401E-04 -0.39623668917369E-04 -0.98528199740757E-03
  0.23894908394782E-05  0.44719372458113E-04 -0.15172619373592E-03
  0.19330539139974E-04 -0.29352633624169E-04 -0.16820923416287E-03
 -0.16768245728553E-04  0.32939498581012E-05 -0.16538066380446E-03
  0.42782495101515E-04  0.22416517101005E-05 -0.98526872468859E-03
 -0.71643830078756E-04 -0.89869452528402E-08 -0.97889456475489E-03
 -0.29076422449091E-04 -0.46217837869136E-04 -0.98421510419176E-03
 -0.17808317749629E-05 -0.38922775913139E-04 -0.18415436781027E-03
  0.11273143058862E-04  0.12722540916236E-04 -0.98487771695978E-03
  0.38072726175901E-04  0.13527718732909E-04 -0.98537173316024E-03
 -0.17237458149655E-06  0.19253477934792E-04 -0.50949242404000E-04
  0.28324524182022E-04 -0.58704365604530E-05 -0.74182191062448E-04
  0.19825646154585E-04  0.17354764046464E-04 -0.98540557710160E-03
  0.90349977012378E-05  0.24904802560047E-04 -0.98555655879520E-03
  0.29443309003499E-04  0.10841667057401E-04 -0.98516731671503E-03
  0.13518324449974E-04  0.87355788917220E-05 -0.98448819228507E-03
 -0.57758620299736E-04  0.33204921894576E-04 -0.22874740505355E-03
 -0.19769469254256E-05  0.11052123690756E-04 -0.24618018102188E-04
 -0.40227053385144E-05  0.32833482316347E-04 -0.16262953598142E-03
  0.23442377731964E-04  0.91795169785201E-05 -0.98532459715614E-03
  0.24157782127590E-05  0.33783967366685E-05 -0.85045722235214E-05
 -0.67282399246920E-04  0.47066490444614E-05 -0.98153538001480E-03
 -0.46142477078494E-05  0.28371802005696E-04 -0.70799804204332E-04
  0.13770524419261E-04  0.11061667012554E-05 -0.34567105971717E-04
  0.21787942334604E-04  0.12581732529378E-04 -0.98497230682574E-03
  0.79187764529160E-05  0.75613196730549E-06 -0.15754044170835E-04
  0.56351388667400E-05  0.60733579367081E-05 -0.28079026074108E-04
  0.87687468461634E-05 -0.27320580229705E-05 -0.98484689848975E-03
  0.16866918066205E-04 -0.25304782523959E-05 -0.39520799814354E-04
  0.13079553253282E-04  0.40054489753916E-04 -0.16328898999183E-03
  0.32693594601162E-04 -0.32090195478893E-05 -0.98445571618001E-03
  0.30615911627250E-04  0.14679605859999E-04 -0.98495741688518E-03
  0.13323031980480E-06 -0.90947835870786E-05 -0.98541093884111E-03
  0.16495565261540E-04  0.39843354598038E-05 -0.98481704894834E-03
  0.39314614557462E-04 -0.18045481603984E-04 -0.13585302138205E-03
  0.26409008981264E-04 -0.51519532544673E-04 -0.98411522460072E-03
 -0.64909787881138E-04 -0.68629443461168E-05 -0.98349943980376E-03
 -0.13153482301829E-04 -0.93236101636029E-05 -0.98412149973972E-03
 -0.10364554515241E-04  0.37656691025816E-04 -0.15999743935218E-03
 -0.20887697665613E-04 -0.37690611609876E-04 -0.16604587936362E-03
  0.31962224945081E-04 -0.41103999691347E-04 -0.98494622041447E-03
 -0.11286520353170E-04  0.48777040312427E-06 -0.98511315571231E-03
 -0.15021012522699E-04  0.39484514030147E-04 -0.11675490021584E-03
 -0.78649589689675E-05  0.83432379695989E-05 -0.98534379764410E-03
 -0.24991808193739E-04 -0.40034298906084E-04 -0.14622874830666E-03
 -0.87857845554928E-05  0.21899256710225E-04 -0.53151311990095E-04
  0.22980863283606E-04 -0.33399268526574E-04 -0.98535814767818E-03
 -0.66367264609357E-05  0.12215692596899E-04 -0.98577681133688E-03
 -0.35253736118439E-05  0.52045657361687E-05 -0.90709244235398E-05
 -0.81949527307035E-05  0.97842366459868E-05 -0.98626891871990E-03
 -0.25070012393535E-04 -0.36561711037888E-04 -0.12107376923916E-03
 -0.14360540630439E-05 -0.13973818965785E-05  0.57449317872803E-05
  0.13618908387985E-04 -0.23824898653571E-04 -0.98521606700383E-03
 -0.81136882430850E-05  0.24028353392960E-05 -0.98640859678515E-03
 -0.78760301226050E-06 -0.23897549391101E-05  0.69224705298798E-05
 -0.21478975862078E-04 -0.30253780778151E-04 -0.94123174673547E-04
 -0.70999704513165E-05 -0.64227220857778E-05 -0.98581654991813E-03
 -0.85675426956551E-06 -0.30350092095616E-05  0.28117885801450E-05
  0.49815385579159E-05 -0.14436840574387E-04 -0.98540175580494E-03
 -0.59921874699541E-05 -0.15805022907564E-04 -0.98568047302124E-03
 -0.11034089645762E-05 -0.46953753229293E-05 -0.60332386667779E-05
 -0.16864296005201E-04 -0.21959780259709E-04 -0.68354167565507E-04
 -0.34641264901323E-05 -0.26414926132988E-04 -0.98550676731456E-03
 -0.34386476858467E-05 -0.41866242693299E-05 -0.98494894270053E-03
  0.40653081875316E-04 -0.48073883874516E-04 -0.98416710959307E-03
  0.11103050977165E-04  0.37746772927550E-05 -0.16867870077154E-03
 -0.14063459726298E-04 -0.19498296720353E-04 -0.98440165838448E-03
 -0.10903208904298E-04 -0.30405988508792E-04 -0.18157979244155E-03
 -0.10705460785213E-04  0.44625280493090E-05 -0.38202069798511E-04
 -0.47022525879009E-05 -0.43119790703695E-04 -0.98473448370677E-03
 -0.32899219325364E-04  0.20737896313308E-04 -0.98526197130099E-03
  0.92727161801863E-05 -0.10770736787273E-04 -0.44989396857183E-04
 -0.29885106139767E-05 -0.49805885468398E-04 -0.98459896095514E-03
  0.12943383822184E-04 -0.19422016222899E-04 -0.82233986149154E-04
 -0.15829242966359E-04  0.23267564840353E-04 -0.78879313869716E-04
  0.12196269104741E-05 -0.55813486543810E-04 -0.98342738338072E-03
 -0.38284349435371E-04  0.12233706492562E-04 -0.98526133623639E-03
  0.18408691258132E-04 -0.36654434223998E-04 -0.13978927159717E-03
  0.67631053547000E-05 -0.60459617974649E-04 -0.98191413765490E-03
  0.26592990024021E-04 -0.65121273741252E-04 -0.22023437916456E-03
 -0.23166547824035E-04  0.40222708073118E-04 -0.13549745659896E-03
 -0.14584533838737E-05 -0.78114208760244E-05 -0.18356964765901E-04
 -0.43967115295416E-04  0.85984341809852E-06 -0.98529198951631E-03
  0.37443860284857E-04 -0.97807641613297E-04 -0.30406636868223E-03
 -0.15013799056407E-04  0.28940618601298E-04 -0.16645157601767E-03
  0.15752863167891E-04 -0.61271453037665E-04 -0.97670163957516E-03
  0.46085034102001E-04 -0.11182789986822E-03 -0.34854974641181E-03
 -0.47267351995582E-04 -0.12003962295852E-04 -0.98493239510284E-03
  0.18661339472518E-04 -0.53131756218517E-04 -0.97448316167663E-03
  0.46789811907303E-04 -0.89674428746735E-04 -0.33145438703011E-03
  0.81546073150703E-05 -0.16302837013710E-04 -0.19796010234233E-03
  0.20569139599492E-04 -0.40535143594643E-04 -0.97389727203515E-03
  0.38740475042977E-04 -0.47699077055142E-04 -0.28544492116261E-03
  0.47837125838570E-04 -0.52636399391158E-04 -0.98320588975630E-03
  0.20111750874151E-04 -0.23297755766255E-04 -0.97373005315792E-03
  0.27539088992968E-04 -0.15752628914412E-04 -0.25819491485611E-03
  0.11914761708894E-04 -0.63140179637243E-04 -0.97945930218578E-03
  0.61525076890897E-05 -0.56443726707850E-05 -0.21036528027556E-04
  0.17942462587127E-06 -0.35601287268920E-04 -0.98482863075974E-03
 -0.12795600636689E-04 -0.14645480926926E-04 -0.46058436511313E-04
 -0.17251671663110E-04  0.39512581047578E-04 -0.15421196042609E-03
 -0.64781046098999E-05  0.95420545618940E-05 -0.23326758835413E-04
 -0.35370285380173E-04 -0.66849437589053E-05 -0.98491289102149E-03
 -0.16081557944196E-04  0.15803487694402E-04 -0.98625765512527E-03
 -0.35948422062485E-05 -0.16039324107541E-07 -0.14497392520872E-05
 -0.15105773368738E-04  0.10142173586105E-04 -0.98654004852905E-03
  0.63835876971646E-06  0.81653746048487E-05 -0.16779139473204E-03
 -0.29234233046571E-05 -0.37699775811240E-05 -0.20957350560176E-05
 -0.37878459407630E-04 -0.18853669378887E-04 -0.98466070597634E-03
 -0.12786780700159E-04  0.22755293006321E-05 -0.98563590023064E-03
 -0.41274325960613E-05 -0.54059036664797E-05 -0.92683547007164E-05
  0.53184835492267E-04 -0.48286532919966E-04 -0.28367660378291E-03
 -0.85868901777905E-05 -0.61185290167571E-05 -0.98506981628886E-03
 -0.58174052607415E-05 -0.88257094431910E-05 -0.20309023871910E-04
  0.45713052863385E-04 -0.58803404458530E-04 -0.97847221022072E-03
 -0.35005473500703E-05 -0.15291954942850E-04 -0.98532532035418E-03
 -0.85169575416355E-05 -0.14078394883982E-04 -0.37235985785439E-04
  0.15399251044587E-04 -0.54645754213676E-04 -0.24558754633206E-03
  0.38932149036904E-05 -0.25079287367342E-04 -0.98519332137563E-03
  0.40225611301506E-04 -0.60411461592749E-04 -0.98068195991207E-03
 -0.11908140224945E-04 -0.21067095336087E-04 -0.59600082051818E-04
  0.11333110707885E-04 -0.34891109345706E-04 -0.98488079775686E-03
 -0.16293157202280E-04 -0.30058405349307E-04 -0.89315299331051E-04
 -0.81350366445827E-05 -0.53607469135836E-04 -0.20399721845559E-03
  0.19057676777786E-04 -0.43721149572551E-04 -0.98492561982407E-03
  0.33626970919178E-04 -0.57190100126455E-04 -0.98293030440220E-03
 -0.19181258904175E-04 -0.38692677162425E-04 -0.12437895791036E-03
 -0.16974937146384E-04  0.13051872323622E-04 -0.98540921874953E-03
 -0.12084686700358E-04  0.28714196132459E-04 -0.77959603129649E-04
 -0.19430337610768E-04  0.66135157343781E-05 -0.98528391887063E-03
 -0.32200466382770E-04  0.40458480513997E-05 -0.98534813563840E-03
  0.50890688053518E-05 -0.43913509962742E-04 -0.98466807981139E-03
 -0.11654558535183E-04  0.40089884200241E-05 -0.98483311876229E-03
 -0.44666840215714E-05 -0.21203052099538E-04 -0.69188983575641E-04
  0.11203524479355E-04 -0.51512006898223E-04 -0.98385998693982E-03
 -0.50166687087082E-05 -0.34300708078725E-04 -0.11497367974108E-03
 -0.89337992107869E-05 -0.92330862621532E-05 -0.28763978158063E-04
 -0.18300148641809E-04  0.11640551494282E-04 -0.98588310020711E-03
  0.18013470415055E-04 -0.58306933524074E-04 -0.98292492681275E-03
 -0.74891334472743E-06 -0.54469213828386E-04 -0.17738886097015E-03
 -0.61889745954786E-05 -0.53269466629712E-05 -0.15800859347061E-04
  0.23392127444442E-04 -0.62284378004662E-04 -0.98113827494022E-03
  0.12190213691690E-04 -0.76994376116410E-04 -0.25039027923254E-03
 -0.21957285214110E-04  0.18021141218629E-04 -0.98591265746294E-03
 -0.28648083984719E-05 -0.13083235251300E-04 -0.37976680454563E-04
  0.29418507279896E-04 -0.62701318972048E-04 -0.97839419638802E-03
 -0.59472401265803E-05  0.18364515038250E-05 -0.15083550801670E-04
  0.34726022327282E-04 -0.58377323808304E-04 -0.97599568373166E-03
  0.65551794458929E-04 -0.83102489170245E-04 -0.33459480521675E-03
 -0.23650156549035E-04  0.19440365831823E-04 -0.98581793932723E-03
  0.36357267416020E-04 -0.48386804544234E-04 -0.97449433041870E-03
  0.78771939957843E-04 -0.55230000520889E-04 -0.31825076755324E-03
 -0.10167393661102E-04  0.16128091182261E-04 -0.46141242740938E-04
 -0.26074516756988E-04 -0.14641047630126E-04 -0.98468780097808E-03
 -0.61406341674579E-05  0.25994510798618E-04 -0.16631394213756E-03
 -0.27742800082271E-04  0.13543041936023E-04 -0.98537406516689E-03
 -0.23691114691784E-04 -0.26581484475681E-05 -0.98504387558180E-03
 -0.17297133102168E-04  0.42148965516795E-04 -0.13767998822636E-03
 -0.17955532359711E-04  0.35205396983761E-04 -0.10597829045713E-03
  0.37798511220306E-04 -0.90594540943571E-04 -0.31119888637195E-03
  0.19958878775099E-04 -0.57793317825321E-05 -0.49428995227053E-04
 -0.51688792355423E-05 -0.34367101494465E-04 -0.98521266121635E-03
  0.31895382867643E-05 -0.30694006369244E-05 -0.60758981398973E-05
 -0.15149786187332E-04 -0.57421247786365E-05 -0.25207448183769E-03
 -0.74511825575294E-05  0.16077644233442E-04 -0.98528430713029E-03
  0.10075083597452E-04 -0.19298573398805E-04 -0.98479544160922E-03
  0.22459370825984E-04 -0.28806125257328E-05 -0.16677402389976E-03
 -0.18246707006510E-04 -0.47389207244111E-04 -0.16299205359301E-03
  0.10013797411296E-04 -0.91438828876212E-05 -0.98422857803077E-03
 -0.20697783592331E-05  0.34636485738194E-04 -0.16303676276028E-03
 -0.18254206323363E-04  0.23497722117926E-04 -0.98628455826489E-03
  0.11350890565422E-04  0.48736067150122E-06 -0.98482440876294E-03
 -0.10914015099334E-04  0.41912372491242E-04 -0.12705559752570E-03
 -0.24205860943517E-04 -0.18608769995401E-04 -0.81575269388558E-04
  0.13773210900852E-04  0.61145413757128E-05 -0.98494190927167E-03
 -0.83113962315026E-05  0.26183072699949E-04 -0.66432898631937E-04
 -0.27497281367953E-04  0.29126300255366E-04 -0.98601146199772E-03
  0.13335533716786E-04  0.83640873717982E-05 -0.98538662316835E-03
 -0.44134757669491E-05  0.86629257043681E-05 -0.17984721111924E-04
 -0.18993478336685E-04 -0.77900943427948E-05 -0.62358260590349E-04
 -0.34289700689187E-04  0.29101284817039E-04 -0.98540768474934E-03
  0.99643562502999E-05  0.57045265007222E-05 -0.98615273722392E-03
 -0.12323260117767E-05  0.16349035750994E-05  0.30191525912473E-05
  0.68960596718270E-05 -0.10604020990862E-05 -0.98598651468222E-03
 -0.19156675628188E-04  0.85570245396160E-05 -0.74723022919694E-04
  0.13273373099368E-05  0.44056058952577E-06  0.78409148387394E-05
 -0.42476163118054E-04  0.21641171503309E-04 -0.98450029541556E-03
  0.28312517178787E-05 -0.10059610427761E-04 -0.98537952111703E-03
  0.33538365470475E-05 -0.68823614799272E-06  0.31523327180705E-05
 -0.20939147734900E-05 -0.18850866541738E-04 -0.98541129448739E-03
 -0.18358091221944E-04 -0.47562004928215E-06 -0.97383937873334E-03
 -0.32555049516361E-04 -0.28194390053726E-04 -0.13346430214260E-03
 -0.17288907401194E-04 -0.32424197320158E-04 -0.25723989372342E-03
 -0.18715353927445E-04 -0.19734579092941E-04 -0.97356397907300E-03
 -0.96195941107624E-05 -0.28239877882589E-04 -0.98524287807786E-03
  0.28560482647169E-04 -0.10511758445465E-04 -0.79334799255860E-04
 -0.14467934786505E-04 -0.36087877716870E-04 -0.98513240246463E-03
  0.13797673927010E-04  0.29447508305120E-04 -0.16463011015406E-03
  0.35235131815798E-04 -0.16790117405265E-04 -0.11025982568211E-03
  0.43890573833518E-04 -0.22116752798092E-04 -0.98547139748921E-03
 -0.17645894888473E-04 -0.43260478685701E-04 -0.98543741023583E-03
  0.38441253355433E-04 -0.23673418865020E-04 -0.14012586900863E-03
 -0.16725496406640E-05  0.85663032967060E-05 -0.16785004340127E-03
 -0.19468230129887E-04 -0.50040270466446E-04 -0.98466739806061E-03
  0.35395609554724E-04 -0.33889548157217E-04 -0.17183548254066E-03
  0.34093790029573E-04 -0.16024385953618E-04 -0.98432859102992E-03
 -0.19385701736000E-04 -0.54311608842370E-04 -0.98270197315151E-03
 -0.25612394881623E-04  0.30832456870986E-04 -0.12092287690798E-03
  0.25100633678451E-04 -0.52596960494276E-04 -0.21297368451681E-03
 -0.18747643400217E-04 -0.56372578935506E-04 -0.98021081397362E-03
  0.23761224448206E-04 -0.83377068279686E-05 -0.98437788196688E-03
  0.78776065437726E-05 -0.85436860696174E-04 -0.26722483853930E-03
 -0.18217125961387E-04 -0.55117679138026E-04 -0.97768607152456E-03
 -0.12211732747629E-04 -0.11617786672632E-03 -0.31287170867888E-03
 -0.25690293670381E-04 -0.21121676160442E-04 -0.16205748191112E-03
 -0.17464646325346E-04 -0.47621659525038E-04 -0.97479533586239E-03
  0.12958088986796E-04 -0.79152176468133E-06 -0.98499059697888E-03
 -0.22819353380832E-04 -0.11172254512572E-03 -0.31511092550149E-03
 -0.17402538891891E-04 -0.35754905870064E-04 -0.97370348827989E-03
 -0.22044824309856E-04 -0.72554624750414E-04 -0.28200792506876E-03
 -0.30887996213984E-04 -0.26954035372475E-04 -0.15101009185957E-03
  0.34468437747343E-05  0.80355717742004E-05 -0.98508088885939E-03
 -0.14999333849108E-04 -0.83879456680229E-05 -0.16725275228474E-03
 -0.28304555958207E-04  0.24865848787179E-04 -0.98558443332641E-03
  0.69933488105099E-05 -0.18738341031508E-05 -0.10082047342273E-04
 -0.59279833870755E-05 -0.28840222091148E-04 -0.98552491392962E-03
  0.14506718372517E-04 -0.12643984293068E-04 -0.98508366212293E-03
 -0.22125249867967E-05 -0.14714352614869E-04 -0.98445897188812E-03
  0.30345521914288E-05  0.22129210510301E-04 -0.16787612459321E-03
 -0.29041886450829E-04 -0.32985239638836E-04 -0.12772549255963E-03
 -0.71590682231844E-06 -0.40036368927519E-05 -0.98439590829576E-03
 -0.11636084630272E-04  0.42939949859105E-04 -0.14713617390061E-03
  0.44955912035879E-05 -0.27882505608987E-05 -0.98518789344547E-03
  0.20847278696625E-05  0.34151639949739E-05 -0.98474175594906E-03
 -0.11256658096335E-04  0.33824907086468E-04 -0.92982574369503E-04
 -0.26359246254333E-04 -0.28553032857798E-04 -0.10314476790501E-03
 -0.49762603666524E-05  0.55352226057491E-05 -0.98509010876637E-03
  0.31267951131592E-05  0.86533747028715E-05 -0.98533390869433E-03
 -0.67597007690872E-05  0.14762003431857E-04 -0.33569556270588E-04
  0.21847429101107E-05  0.99452157352233E-05 -0.98611506782365E-03
 -0.21320133762587E-04 -0.21131351181735E-04 -0.78259603282151E-04
 -0.23043844679383E-05  0.31224791063070E-05 -0.10647209482203E-05
 -0.14805506852373E-04  0.14099898759995E-04 -0.98552478765694E-03
  0.45245923803164E-06  0.37171551522924E-05 -0.98635054329958E-03
  0.33240344317784E-06 -0.83414626952420E-06  0.91658713856937E-05
 -0.18427457466459E-05 -0.45729221200270E-05 -0.98565282050159E-03
 -0.15562678175295E-04 -0.14057359170096E-04 -0.53638257552388E-04
  0.42803722350976E-06 -0.11719720300503E-05  0.97111160987939E-05
 -0.23055592977736E-04  0.21260780403648E-04 -0.98603582261296E-03
 -0.28596780796783E-05 -0.14004399786917E-04 -0.98598738239386E-03
  0.16698342304638E-05 -0.17545085777739E-05  0.46972716681339E-05
 -0.11267974883129E-04 -0.65366995209153E-05 -0.34336724263003E-04
 -0.52179451694692E-05 -0.24446587787038E-04 -0.98584824042451E-03
  0.16737483578291E-05 -0.10185846974268E-04 -0.25130218870088E-03
  0.85087753134382E-06 -0.11829250196925E-04 -0.97372609140701E-03
 -0.28070107494607E-04 -0.34137220712848E-04 -0.14772474354966E-03
  0.40406568863953E-05 -0.36661968446561E-04 -0.26148069010267E-03
  0.12548175958115E-04 -0.47001595481321E-05 -0.28840989743213E-04
 -0.26686835149607E-04  0.39989763242913E-04 -0.16440869690728E-03
 -0.94864591109426E-05 -0.37538515643128E-04 -0.98507821905102E-03
  0.18828145529651E-04 -0.90710181997988E-05 -0.54011637100176E-04
 -0.54902526176961E-04 -0.27834751151864E-05 -0.98486467281649E-03
 -0.11143622156735E-04 -0.45235129624014E-04 -0.98531234345642E-03
  0.26554237782233E-04 -0.15615834983630E-04 -0.86476960528470E-04
 -0.92558330149618E-05  0.10929804992006E-04 -0.17471770922491E-03
 -0.11053828464876E-04 -0.51281542811115E-04 -0.98463455617114E-03
 -0.58482213913634E-04 -0.16144910132278E-04 -0.98428439538266E-03
  0.33518226749207E-04 -0.25805965182753E-04 -0.12933038643818E-03
 -0.85880765692641E-05 -0.56728528482297E-04 -0.98321301364766E-03
  0.38450640284144E-04 -0.45273365142158E-04 -0.18663168610444E-03
 -0.49779257370913E-04  0.10201687112622E-04 -0.98480300565397E-03
 -0.13122094359172E-05 -0.23642440169151E-05 -0.17129503731117E-03
  0.43389444585438E-04 -0.35269026583575E-04 -0.98505366090192E-03
  0.37995813756849E-04 -0.76878597955946E-04 -0.25925598259617E-03
 -0.27314161382378E-05 -0.59968901652563E-04 -0.97829110989929E-03
  0.31002747037863E-04 -0.10936307692045E-03 -0.32305246071656E-03
 -0.14243986435553E-04 -0.19108979521257E-04 -0.16917241990545E-03
  0.33933579899791E-04 -0.28927811694759E-04 -0.98511024667003E-03
 -0.18713117706975E-06 -0.55782811394517E-04 -0.97543940105042E-03
  0.19142243013646E-04 -0.11465429100707E-03 -0.33631026657921E-03
 -0.23182584221570E-04 -0.30194996807591E-04 -0.16213949510264E-03
  0.13049812477298E-05 -0.45121294985355E-04 -0.97394915145267E-03
  0.90993208865722E-05 -0.80234150620816E-04 -0.29901937818989E-03
  0.24082008238939E-04 -0.21489244606216E-04 -0.98481847652372E-03
  0.15268004526869E-05 -0.30402333982078E-04 -0.97394957271747E-03
 -0.55220099799264E-05 -0.60122879113754E-04 -0.98103645797588E-03
 -0.29763232955751E-04 -0.25273818427559E-04 -0.10957384575860E-03
  0.88350090787847E-05  0.64309028133975E-04 -0.15927601314987E-03
 -0.45230994424700E-04 -0.32433079353933E-04 -0.98594122685188E-03
 -0.34372306034329E-04  0.12955692616399E-03 -0.22821404870257E-03
 -0.75238055473567E-05  0.69421442987492E-04 -0.98369701709245E-03
 -0.56702981927059E-04  0.14528115692248E-03 -0.29948586015610E-03
 -0.11306104979988E-04  0.65811482614149E-04 -0.98009051232780E-03
 -0.74619817127773E-04  0.13015639349341E-03 -0.32602707206034E-03
 -0.17054323824780E-04  0.56786385655390E-04 -0.97724329695559E-03
  0.51313262983163E-04 -0.54084246901896E-04 -0.15678083994270E-03
 -0.47128200408086E-05  0.68949441147795E-04 -0.98701598160115E-03
  0.10608943882996E-04 -0.28241789682392E-04 -0.98591782436768E-03
  0.13499462467501E-04 -0.34983885684071E-04 -0.98807648815160E-03
  0.63930257714282E-04 -0.78724412628729E-04 -0.77700110897621E-04
  0.17600209632888E-04 -0.35277868541693E-04 -0.99095777922942E-03
  0.41504885628331E-04 -0.44416286266894E-04  0.62022273413031E-07
  0.21820170787480E-04 -0.31758538258340E-04 -0.99277580413098E-03
  0.23462827874255E-04 -0.14018949300190E-04  0.54224328498731E-04
  0.24060196890223E-04 -0.26516253308405E-04 -0.99414976186147E-03
  0.69703375336549E-04 -0.86572064332112E-04 -0.13396788485448E-03
  0.13895147286181E-04  0.20695512242516E-05  0.74780768379562E-04
 -0.19466438612414E-04  0.98846218437251E-04 -0.13979555955878E-03
 -0.11889006111750E-04  0.68929201486775E-04 -0.62302147094811E-04
  0.16708933432451E-04 -0.11248111395310E-04  0.70353728530354E-04
  0.11723420262151E-04 -0.22874442281459E-04 -0.99454871844504E-03
  0.78918948324484E-05  0.17026051266546E-06  0.84514296941470E-04
  0.10816010267280E-04 -0.11224000835427E-04 -0.99557595457943E-03
  0.19887145546029E-05  0.68563087897057E-05  0.87047639842969E-04
  0.11428346057689E-04  0.10896749421618E-05 -0.99519893243057E-03
 -0.10404226377323E-05  0.12022129008890E-04  0.82459987399598E-04
 -0.24658407520935E-05  0.65552771579014E-04 -0.98950376989586E-03
  0.10914086820769E-04  0.13782322262385E-04 -0.99477995844424E-03
  0.80939641764164E-05  0.26299597122944E-04 -0.99451343132059E-03
 -0.43756645369539E-05  0.21014628613398E-04  0.59461219191003E-04
  0.51270216004681E-05  0.38463850524155E-04 -0.99399708813545E-03
 -0.57421574782460E-05  0.30976568321393E-04  0.34107687353317E-04
  0.25754426330633E-05  0.49374829989698E-04 -0.99336380176677E-03
 -0.83811279631491E-05  0.46330803543962E-04 -0.52469653220085E-05
 -0.20792086757618E-06  0.59026570351844E-04 -0.99161884487007E-03
 -0.29720746782774E-05  0.15477440016126E-04  0.73939379080973E-04
  0.11665532889654E-04 -0.30337895465290E-04 -0.99284223298363E-03
  0.23545827921152E-04 -0.16624054388347E-04 -0.99512765197002E-03
  0.22944803149063E-04 -0.40386438338450E-05 -0.99517660460872E-03
  0.68626696330524E-04 -0.75342023762010E-04 -0.14762793152989E-03
  0.24353002540986E-04 -0.30920767294799E-04 -0.98732301968192E-03
  0.73352059660250E-04 -0.84325625784488E-04 -0.10903236318205E-03
  0.27489877864465E-04 -0.34582501931827E-04 -0.99052194091144E-03
  0.54908040430323E-04 -0.56396232120590E-04 -0.37572795233201E-04
  0.32332261361959E-04 -0.32669493967913E-04 -0.99244715887003E-03
  0.32529434458160E-04 -0.19694431391925E-04  0.29635197780413E-04
  0.21887106446669E-04 -0.23084541576854E-04 -0.98586333723280E-03
  0.36363638329953E-04 -0.28305809636670E-04 -0.99331648821432E-03
  0.35850030972038E-04 -0.20687377010038E-04 -0.99409551656789E-03
  0.16457042745215E-04  0.17279320217586E-04  0.64147577520307E-04
  0.34072292781797E-04 -0.10036533197076E-04 -0.99462980021224E-03
  0.16447767747920E-04  0.28277802782415E-04  0.54634152179365E-04
  0.32730904732791E-04  0.37305150297315E-06 -0.99400205403335E-03
  0.18877185147063E-04  0.41762194484548E-04  0.33154068353875E-04
  0.29877926311052E-04  0.10470897093490E-04 -0.99309747068613E-03
  0.20606848166451E-04  0.40141786529030E-05  0.59957666539410E-04
  0.88236363216981E-05  0.11499302527752E-04  0.79143116122462E-04
  0.42823194030127E-04 -0.31123810641758E-04 -0.16163376440039E-03
 -0.19089378181885E-04  0.12788125685649E-03 -0.23344694095979E-03
  0.64475755073669E-05  0.19244772186673E-04  0.73687158142628E-04
  0.21666788409345E-04  0.75747165584357E-05 -0.99434090644634E-03
  0.77008869124433E-05  0.26653040790411E-04  0.59599392381217E-04
  0.19311559556395E-04  0.18260033334645E-04 -0.99404318982037E-03
  0.95196117564985E-05  0.36439584347823E-04  0.38943705173466E-04
  0.15849349752752E-04  0.29775129361825E-04 -0.99334544299288E-03
  0.11832798071328E-04  0.50632768843775E-04  0.10435026667458E-04
 -0.13923596316915E-04  0.62946643662341E-04 -0.98282939579888E-03
  0.12782770879947E-04  0.40768638114281E-04 -0.99303801371067E-03
  0.82968667289149E-05  0.50363933586438E-04 -0.99233466206401E-03
  0.16215969348769E-04  0.88279379365710E-04 -0.72471489474526E-04
  0.39456369926401E-05  0.57835439164973E-04 -0.99034902749412E-03
  0.14502059464569E-04  0.10843793132075E-03 -0.12405204157987E-03
 -0.16719115955989E-05  0.62409646862358E-04 -0.98814340334884E-03
  0.44734081982913E-05  0.12387425197001E-03 -0.17941114246379E-03
 -0.76096259267979E-05  0.64086740291449E-04 -0.98581357217213E-03
  0.13922352240488E-04  0.68483968005958E-04 -0.27654578299280E-04
  0.22942379473916E-04  0.56301704735203E-04  0.32370116966718E-05
  0.31035572958019E-04 -0.34007811574694E-04  0.30136690896035E-04
  0.51905799794273E-04 -0.68974471929317E-04 -0.43349905706356E-04
 -0.93214475607440E-04  0.86313035229066E-04 -0.24106224163319E-03
  0.10403145043157E-05  0.78332670246596E-04 -0.98169231271445E-03
 -0.79056200905164E-04  0.12171258837754E-03 -0.31308716597782E-03
  0.43772937463680E-05  0.74101175540132E-04 -0.97826206229589E-03
 -0.55478204161415E-04  0.12269870540678E-03 -0.32863913504684E-03
  0.50992770158392E-05  0.63853699541893E-04 -0.97504440026428E-03
 -0.29984706481004E-04  0.82247121075357E-04 -0.29223014746300E-03
 -0.29990944510716E-05  0.77827146636190E-04 -0.98551203016991E-03
  0.48073732052095E-05  0.48948510964177E-04 -0.97371597016596E-03
  0.25112968399399E-05  0.30144247400212E-04 -0.97353043362404E-03
 -0.21188360334577E-05  0.79911475152245E-05 -0.25136410149587E-03
  0.77593798660120E-06  0.92601556413792E-05 -0.97379065903348E-03
  0.39557923363187E-04 -0.48835850182115E-04 -0.16039992768584E-03
 -0.13195957419881E-04 -0.29507360028422E-04 -0.98551201011368E-03
  0.59652548951287E-04 -0.85651017447166E-04 -0.14107734632352E-03
 -0.10039445200196E-04 -0.36205572259118E-04 -0.98735626373202E-03
 -0.11749859605128E-04  0.35916657830167E-04 -0.25915011808329E-03
  0.58864262338281E-04 -0.85782495833640E-04 -0.89611219607890E-04
 -0.94274416392734E-04  0.49365625207145E-04 -0.15309934584117E-03
 -0.83261603640349E-04  0.26252239967793E-04 -0.79162894086484E-04
  0.13526962175983E-04 -0.22117862503778E-04  0.66670514887866E-04
 -0.10860768617657E-04 -0.25012598518726E-04 -0.99418218233445E-03
  0.30107066192698E-05 -0.10625581337534E-04  0.85830999357677E-04
 -0.11593417409082E-04 -0.13148539707995E-04 -0.99489005404953E-03
 -0.56413097957193E-05 -0.42610492054733E-05  0.88237616513634E-04
 -0.11618748415212E-04 -0.52956243279509E-06 -0.99487340830130E-03
 -0.14202865630768E-04 -0.38751231255149E-06  0.80576032021939E-04
 -0.58312209888252E-05  0.73122733842998E-04 -0.98865138721538E-03
 -0.12354423074803E-04  0.12872724574018E-04 -0.99492541547132E-03
 -0.12546627116663E-04  0.25369523302092E-04 -0.99441074712390E-03
 -0.35594683338890E-04  0.33184998474308E-05  0.47824977448134E-04
 -0.11161079751191E-04  0.37925423384129E-04 -0.99363720075809E-03
 -0.50936936033883E-04  0.74924177247830E-05  0.17873479071637E-04
 -0.10017490202192E-04  0.50960418351731E-04 -0.99283377394865E-03
 -0.67248972139052E-04  0.13536535786426E-04 -0.23322180488836E-04
 -0.79666870471781E-05  0.63216997439921E-04 -0.99135369659059E-03
 -0.23577575677446E-04  0.99215483459556E-06  0.67476734516290E-04
  0.77925673820775E-05 -0.34845765547404E-04 -0.99129529078024E-03
 -0.57287131275043E-05 -0.36764635654578E-04 -0.99002480949160E-03
 -0.17914186062553E-05 -0.33837629220116E-04 -0.99196287086179E-03
 -0.65747697393011E-04  0.92438610210517E-04 -0.19051634511747E-03
 -0.41710180748771E-05  0.75197553109859E-04 -0.98479609896612E-03
 -0.74895229153330E-04  0.13045424721449E-03 -0.28701092078740E-03
 -0.41284451508268E-05  0.73449395831600E-04 -0.98065577407959E-03
 -0.75482645412068E-04  0.14296066801882E-03 -0.33667692852610E-03
 -0.52795960362660E-05  0.66215981190621E-04 -0.97743985143081E-03
 -0.62794355252091E-04  0.11268350931175E-03 -0.32070983306895E-03
 -0.45914732380974E-05  0.72439610569607E-04 -0.98794972006673E-03
 -0.80715573607090E-05  0.53998156882027E-04 -0.97489020689116E-03
 -0.11988342262259E-04  0.38531978393673E-04 -0.97438957435448E-03
  0.31420307882771E-04 -0.26265695130276E-04 -0.16443250953324E-03
 -0.15933092209797E-05 -0.24864261797202E-04 -0.98486647560092E-03
  0.57564404862717E-04 -0.72557769875245E-04 -0.15041371287072E-03
  0.20432006490845E-06 -0.32555120901592E-04 -0.98647954509345E-03
  0.65633132276581E-04 -0.89604433625224E-04 -0.11477576005340E-03
  0.32287558979800E-05 -0.36777052148518E-04 -0.98928821233040E-03
 -0.41478382230378E-04  0.61899984370436E-04 -0.27823726917295E-03
  0.39738635203158E-04 -0.56926754590034E-04 -0.10570127571188E-04
 -0.53531432346995E-04  0.55652098717895E-04 -0.93528445995732E-04
 -0.41161849298076E-04  0.31400362966644E-04 -0.20881353630427E-04
  0.21803496397148E-04 -0.26949626387943E-04  0.52006902072503E-04
  0.28056991206871E-06 -0.28321102826848E-04 -0.99340662706785E-03
  0.10266833794195E-04 -0.10708067141165E-04  0.80646772933338E-04
 -0.37661928012792E-06 -0.18527445700272E-04 -0.99482930507829E-03
  0.18672756170116E-05 -0.19124518132147E-05  0.89798494532697E-04
 -0.72147899282502E-06 -0.57966953308969E-05 -0.99549292706721E-03
 -0.50239899178384E-05  0.34951814711178E-05  0.88438298063515E-04
 -0.54358830171954E-05  0.66095060824554E-04 -0.99049139686208E-03
 -0.10767206492259E-05  0.71734729793949E-05 -0.99540647044630E-03
 -0.13296794110584E-05  0.19466099509475E-04 -0.99511703747845E-03
 -0.14734953780061E-04  0.77249781191171E-05  0.72853599315675E-04
 -0.19346327004777E-05  0.32910152204645E-04 -0.99427825277511E-03
 -0.21824496242646E-04  0.11550018818921E-04  0.56136722391608E-04
 -0.34553554830557E-05  0.45503393895781E-04 -0.99366907589779E-03
 -0.30522274014169E-04  0.18613675179364E-04  0.26620115659165E-04
 -0.52022869221099E-05  0.57009128036994E-04 -0.99255940988519E-03
 -0.98171325399745E-05  0.54155579632100E-05  0.82114552740859E-04
 -0.11219786217411E-04 -0.32818508881061E-04 -0.99280792100586E-03
  0.26262062995946E-04  0.20394519801827E-04 -0.99259333221463E-03
  0.23067953977706E-04  0.30097359969459E-04 -0.99196943650316E-03
  0.11032518187537E-03 -0.20064551908983E-04 -0.24874919954183E-03
  0.59918146473345E-04 -0.84885874035271E-05 -0.98140309466703E-03
  0.13766671837064E-03 -0.36150656588937E-04 -0.26114291341938E-03
  0.62716892020948E-04 -0.20057094830712E-04 -0.98175037622445E-03
  0.13751934607519E-03 -0.11271555671132E-04 -0.24661026451436E-03
  0.65995113858028E-04 -0.29378209848057E-04 -0.98262141727540E-03
  0.11339658591909E-03  0.34582910736761E-04 -0.20221512886718E-03
  0.42161788412983E-04 -0.99391337102912E-05 -0.98541890688203E-03
  0.68865180542186E-04 -0.34962459540314E-04 -0.98320899187691E-03
  0.68977606409607E-04 -0.38867722050754E-04 -0.98436108130912E-03
  0.68442855779891E-04  0.79273766039618E-04 -0.15693554093160E-03
  0.65571843936438E-04 -0.38265625777889E-04 -0.98570189190575E-03
  0.50070402329458E-04  0.69269509198681E-04 -0.15708507219047E-03
  0.59857755661872E-04 -0.33978979238003E-04 -0.98625837763948E-03
  0.31516466728137E-04  0.50359354101643E-04 -0.16024387018193E-03
  0.53073966741170E-04 -0.28333246524929E-04 -0.98594956066754E-03
  0.87396390219457E-04  0.69766754355340E-04 -0.16748506268416E-03
  0.14617884496367E-03 -0.86552498413656E-05 -0.30798107870416E-03
  0.28928566764142E-04  0.60132619084187E-04 -0.15883717285770E-03
  0.43846545041272E-04  0.76461227985385E-04 -0.15031089293082E-03
  0.27142452452764E-04  0.70379206309563E-04 -0.15689349135535E-03
  0.30366274220986E-04  0.99129710673311E-05 -0.98525014513645E-03
  0.10387550451414E-03 -0.54326408811995E-04 -0.20374382301551E-03
  0.59152180124599E-04 -0.18253745487885E-04 -0.98381832858555E-03
  0.11353830639299E-03 -0.48494521258621E-04 -0.19048258445313E-03
  0.62346285968344E-04 -0.25802582495186E-04 -0.98514779761169E-03
  0.97737508412615E-04 -0.51605482542777E-05 -0.14716894703188E-03
  0.50450175956646E-04 -0.15758489492233E-04 -0.98652339463267E-03
  0.65396257709606E-04 -0.30384269530885E-04 -0.98596735142029E-03
  0.68380998731042E-04 -0.32735681117059E-04 -0.98681633576003E-03
  0.69831099685515E-04  0.75662554565897E-04 -0.10668032329548E-03
  0.67504243012705E-04 -0.31908822854118E-04 -0.98802528172374E-03
  0.64691042715198E-04  0.87821546363686E-04 -0.12159139209464E-03
  0.62839963434316E-04 -0.27373301074386E-04 -0.98848475713920E-03
  0.56259813476676E-04  0.86370989799652E-04 -0.13743911085471E-03
  0.57422484630910E-04 -0.21852148494778E-04 -0.98792293907146E-03
  0.78256366804483E-04  0.43814215325087E-04 -0.11012091851277E-03
  0.38792230550075E-04  0.26288609127963E-05 -0.98579846069565E-03
  0.60337872672768E-04 -0.11345505786391E-04 -0.97859905288444E-03
  0.63489795168783E-04 -0.24622899709727E-04 -0.97872311033093E-03
  0.39906300440103E-04 -0.54554668777891E-07 -0.22032412412562E-03
  0.54109310963508E-04 -0.54606834004006E-04 -0.98122044659269E-03
  0.10255137572276E-03  0.10580626222996E-04 -0.29837211975917E-03
  0.47168351417193E-04 -0.61258831849039E-05 -0.97446829527762E-03
  0.11621505099983E-03 -0.89465033688159E-05 -0.31086728039474E-03
  0.48769182919625E-04 -0.25630336878295E-04 -0.97445141233994E-03
  0.11825453393397E-03 -0.23592653293650E-04 -0.32103545301196E-03
  0.58133292423191E-04 -0.51585931595922E-04 -0.97917785815495E-03
  0.49735848285438E-04 -0.40975165108122E-04 -0.97545701347929E-03
  0.48993256536194E-04 -0.51986797667789E-04 -0.97686323763596E-03
  0.50310401982613E-04  0.16033001955890E-04 -0.26750961569578E-03
  0.33919079058853E-04  0.61003099040150E-05 -0.97410295309000E-03
  0.59814841508508E-04 -0.32292944752622E-05 -0.26917089940979E-03
  0.35543322531437E-04 -0.14810627932843E-04 -0.97385339486507E-03
  0.73010650050281E-04 -0.24352783222550E-04 -0.28719822665526E-03
  0.36790520537117E-04 -0.33456238218964E-04 -0.97443012058078E-03
  0.94553726969913E-04 -0.36638840444771E-04 -0.31184980382928E-03
  0.16266059426252E-03 -0.10697840942166E-04 -0.31942707962942E-03
  0.83655097666774E-04  0.86912042758730E-05 -0.25774512119682E-03
  0.12927957184855E-03  0.38519998486371E-05 -0.30570711893807E-03
  0.14834862936824E-03  0.14379466622435E-04 -0.29345208082628E-03
  0.65814953554239E-04 -0.34966552763055E-04 -0.97954823967096E-03
  0.11029448572322E-03  0.43622456959250E-04 -0.24046468451532E-03
  0.65710961583190E-04 -0.42348044893765E-04 -0.98066180978087E-03
  0.72044285304757E-04  0.53409701759055E-04 -0.19938906853215E-03
  0.63524376883574E-04 -0.46928586370256E-04 -0.98225299631573E-03
  0.41621732421734E-04  0.40726084378859E-04 -0.18036759654759E-03
  0.59318656383084E-04 -0.43837157115339E-04 -0.97747893892613E-03
  0.58856590981735E-04 -0.45790321943281E-04 -0.98417195139642E-03
  0.52166984155144E-04 -0.41035486347920E-04 -0.98514912001524E-03
  0.12863744233350E-03  0.21473898249557E-04 -0.31803348842848E-03
  0.54700722477681E-04  0.62806519492017E-06 -0.97631942529938E-03
  0.15007703327270E-03 -0.41847003627540E-06 -0.33116987245887E-03
  0.56950469416917E-04 -0.16539620245627E-04 -0.97590015675037E-03
  0.15452946244811E-03 -0.47625462198565E-05 -0.33508126347860E-03
  0.58993707601260E-04 -0.32222730586947E-04 -0.97669173264532E-03
  0.16964481037946E-04  0.18746362666543E-04 -0.17288637485482E-03
  0.27771541800889E-04  0.72054622405224E-04 -0.30495703268930E-04
  0.40749298999766E-04  0.85083592550234E-04 -0.14990948712071E-03
  0.50525061216126E-04  0.92900084690214E-04 -0.13517661348054E-03
  0.27949358553600E-04  0.41525612706938E-04  0.25443046204825E-04
  0.42974561064272E-04 -0.68030001460621E-05 -0.99348144748579E-03
  0.31594592946538E-04  0.58272428269818E-04 -0.38010504003949E-05
  0.39986089988958E-04  0.17650094659549E-05 -0.99223323974319E-03
  0.37216591036298E-04  0.75242370027278E-04 -0.39416397990548E-04
  0.37132139893195E-04  0.10370403501979E-04 -0.99144590295763E-03
  0.41670533663708E-04  0.89889514589675E-04 -0.74616652624247E-04
  0.45273064315958E-04 -0.16483583779416E-04 -0.99354056845488E-03
  0.32698566125617E-04  0.19080113477715E-04 -0.99002606891725E-03
  0.26918412363010E-04  0.28064213091244E-04 -0.98921531265859E-03
  0.38474904323271E-04  0.10640099565536E-03 -0.12855805393419E-03
  0.19183957255102E-04  0.35716381182830E-04 -0.98898627739249E-03
  0.31352350661306E-04  0.10442857358399E-03 -0.14583814724649E-03
  0.11168683056930E-04  0.43109245717348E-04 -0.98788685769525E-03
  0.19257185062356E-04  0.93227991796141E-04 -0.15724174953458E-03
  0.58454194415474E-06  0.49376858470450E-04 -0.98717916428472E-03
  0.42200308346880E-04  0.10112041524207E-03 -0.10427511565662E-03
  0.79847543484315E-04 -0.71679961427636E-04 -0.15477213343674E-03
  0.26090042418435E-04  0.25046233632874E-04  0.41428848472904E-04
  0.29277159581317E-04  0.44640928542803E-05  0.36619193828901E-04
  0.31104255714501E-04  0.89410962211548E-04 -0.66539901674476E-04
  0.18398589589451E-04  0.39714540877428E-04 -0.99129772903865E-03
  0.32292521231613E-04  0.10437415529317E-03 -0.10170357587767E-03
  0.11978521172772E-04  0.48344883170415E-04 -0.98987768979110E-03
  0.30119533392700E-04  0.11252981272332E-03 -0.13297873762606E-03
  0.44599230053412E-05  0.53888073682564E-04 -0.98848054979925E-03
  0.20972794938571E-04  0.11288305373304E-03 -0.16045360112446E-03
  0.46985944630528E-04 -0.24316924868811E-04 -0.99281477724619E-03
 -0.41041726763732E-05  0.57940391588097E-04 -0.98714270845986E-03
  0.35130548067107E-04 -0.25332378844299E-04 -0.98705689797182E-03
  0.78830108259114E-04 -0.82904555338127E-04 -0.13483823263701E-03
  0.37813803226188E-04 -0.31527569978771E-04 -0.98914010718165E-03
  0.69227179293077E-04 -0.67539317819539E-04 -0.78643359927406E-04
  0.42084277617684E-04 -0.32303406211521E-04 -0.99133561077348E-03
  0.44985873840450E-04 -0.28255520911751E-04 -0.59337260163205E-05
  0.46124466186660E-04 -0.28798520128350E-04 -0.99207656188294E-03
  0.62657602803850E-04 -0.56146964395042E-04 -0.15689628109999E-03
  0.46179337457533E-04 -0.41823467048502E-05 -0.98759808765353E-03
  0.47222615559350E-04 -0.25839628607725E-04 -0.98732910002557E-03
  0.50168146007323E-04 -0.29721046893920E-04 -0.98915093509917E-03
  0.76718070362476E-04 -0.49931810559298E-04 -0.17405607806223E-03
  0.53404593137449E-04 -0.18186292707418E-04 -0.98528469806253E-03
  0.94754351132556E-04 -0.71390037205097E-04 -0.16160866968102E-03
  0.55806677648883E-04 -0.25172930985683E-04 -0.98643502503702E-03
  0.86312154857146E-04 -0.47537637677153E-04 -0.11707679112629E-03
  0.59074279271449E-04 -0.29177046160079E-04 -0.98791861721798E-03
  0.64117768300326E-04  0.49275327511967E-06 -0.61136816973599E-04
  0.16407918007316E-04  0.30928883232725E-04 -0.98655136257450E-03
  0.62453831597126E-04 -0.29407601227324E-04 -0.98893750801213E-03
  0.63487490117163E-04 -0.28739955464323E-04 -0.99020637127638E-03
  0.55133540788320E-04  0.68021669691469E-04 -0.56257789693652E-04
  0.61307808283900E-04 -0.24012752781233E-04 -0.99053445928252E-03
  0.57452843635113E-04  0.84853219909137E-04 -0.85282622666355E-04
  0.57761999459749E-04 -0.16659947234837E-04 -0.99020744236957E-03
  0.55908236951514E-04  0.92789097586365E-04 -0.11309975367227E-03
  0.52692505990989E-04 -0.10376737905644E-04 -0.98892285143724E-03
  0.53472828841053E-04  0.41203124207426E-04 -0.40198899955319E-04
  0.82852929428771E-04 -0.73868534632619E-04 -0.12027216651370E-03
  0.23486618524544E-04  0.82698607263453E-04 -0.15474954287244E-03
  0.36728830849219E-04  0.94209188955537E-04 -0.14659872039791E-03
  0.62689778740419E-04 -0.38711794749818E-04 -0.54465732107530E-04
  0.53872502422461E-04 -0.29501527067414E-04 -0.99021384179979E-03
  0.42748352571627E-04  0.35341952755420E-05 -0.13175240763071E-05
  0.56568351188948E-04 -0.27151775687367E-04 -0.99117553385817E-03
  0.37483913458203E-04  0.34020531933315E-04  0.83337694706538E-05
  0.55096068380519E-04 -0.22608420642516E-04 -0.99223416859211E-03
  0.40932108076363E-04  0.55417980033522E-04 -0.12624715333364E-04
  0.26128171735663E-04  0.22697880268734E-04 -0.98685360032229E-03
  0.52500903966181E-04 -0.15346454115356E-04 -0.99241625778586E-03
  0.50199856966102E-04 -0.74752866704365E-05 -0.99128783315536E-03
  0.48893078799430E-04  0.89069922319163E-04 -0.80211819713236E-04
  0.45695569950300E-04  0.46706210557944E-06 -0.98992887378242E-03
  0.49421616949137E-04  0.97546594298214E-04 -0.11044831803748E-03
  0.40047524249651E-04  0.75935853531721E-05 -0.98865131140153E-03
  0.45407293348547E-04  0.99363902446257E-04 -0.13253135096222E-03
  0.33421317492081E-04  0.15250069026568E-04 -0.98760441214239E-03
  0.45861958554023E-04  0.73476390728921E-04 -0.45249514191369E-04
 -0.90386228514786E-04 -0.35739762599052E-04 -0.16540674324606E-03
  0.28941835158198E-04 -0.44977804551075E-04  0.18624837374582E-04
  0.48455878523497E-04 -0.77630172852769E-04 -0.57895474061963E-04
  0.35928885783228E-04  0.33999527016561E-04 -0.16625106954947E-03
  0.46068096761271E-04  0.36288436717483E-04 -0.98287254910678E-03
  0.32514579651055E-04  0.60431327416643E-04 -0.21142528211097E-03
  0.52735199357233E-04  0.28062153818469E-04 -0.98199702320970E-03
 -0.41253335282983E-04  0.38782140542113E-04 -0.98223237047053E-03
  0.55630345259262E-04  0.17536168565100E-04 -0.98099753343021E-03
  0.70669102645346E-04  0.24405674398162E-04 -0.24187031834992E-03
  0.36452104892793E-04  0.42868564990441E-04 -0.98366564974132E-03
  0.57431664474682E-04  0.38641416735921E-05 -0.98061087982337E-03
 -0.72230573349897E-04 -0.10669841145269E-04 -0.98126992927957E-03
 -0.12678877525928E-06 -0.49235320043005E-04 -0.19943920111213E-03
 -0.72109429948178E-04 -0.24792858133017E-04 -0.98181544819262E-03
  0.22177264375083E-04 -0.95814403359646E-04 -0.18002738500406E-03
 -0.69920682953602E-04 -0.35217234496502E-04 -0.98385528946957E-03
  0.20874727997387E-04 -0.10485754349789E-03 -0.14018652010179E-03
 -0.66133721487908E-04 -0.40964616883469E-04 -0.98572566783926E-03
 -0.34639828642401E-04  0.66302235396336E-05 -0.22035712496450E-03
 -0.33915881632255E-06 -0.77449450586822E-04 -0.77319824134986E-04
  0.44232311204262E-04  0.11890605190626E-04 -0.14569235286561E-03
  0.48213093622810E-04  0.20347518403831E-05 -0.15213912842401E-03
 -0.10588406117432E-03 -0.30476314956043E-04 -0.10760924320691E-03
 -0.50887792307730E-04 -0.23090404769643E-04 -0.98980725050913E-03
 -0.11323667776681E-03 -0.24401299379136E-04 -0.12906053589201E-03
 -0.45173315503992E-04 -0.11305362411730E-04 -0.98874485093200E-03
 -0.10232700456116E-03 -0.19944430753594E-04 -0.14565173597666E-03
 -0.37967803375519E-04  0.58438710289791E-06 -0.98715485665354E-03
 -0.77828721975983E-04 -0.16249554716804E-04 -0.15555842145075E-03
  0.25055592181560E-04  0.43190782971136E-04 -0.98451063455658E-03
 -0.29534238743558E-04  0.11031575835569E-04 -0.98587034136292E-03
 -0.19619414684316E-04  0.20214049293857E-04 -0.98530544530753E-03
 -0.10450797971650E-04 -0.88447975822173E-05 -0.16748281598476E-03
 -0.92635371226959E-05  0.28437938353848E-04 -0.98470797039917E-03
  0.19464858830575E-04 -0.53513352784669E-05 -0.16803463694659E-03
  0.23347193802109E-05  0.35637692370428E-04 -0.98441957966845E-03
  0.39874752267686E-04 -0.19204040402506E-05 -0.16270080092935E-03
  0.13306223872789E-04  0.40292643378443E-04 -0.98466455169830E-03
 -0.44842378681878E-04 -0.12416497493184E-04 -0.16225153647683E-03
 -0.55077273884878E-04 -0.33782952957490E-04 -0.98915931570082E-03
 -0.60223836843216E-04 -0.41654900480598E-04 -0.98793372983193E-03
 -0.56003643784504E-04 -0.36968692233772E-04 -0.98991858519956E-03
  0.55898886169915E-04  0.25557005992853E-04 -0.20154037027047E-03
  0.38596936300750E-04  0.50591190030274E-04 -0.98219282884105E-03
  0.56423620797395E-04  0.58330302840634E-04 -0.24850499557183E-03
  0.47178912398038E-04  0.42909614708802E-04 -0.98082301076593E-03
  0.59721790246394E-04  0.79549826095797E-04 -0.29163007317408E-03
  0.52525259186014E-04  0.32676022729249E-04 -0.97949314464620E-03
  0.78144557817240E-04  0.64312059550104E-04 -0.29808828683022E-03
  0.27281529143741E-04  0.54039068167800E-04 -0.98355749864793E-03
  0.55801573463344E-04  0.18806823998460E-04 -0.97843068374987E-03
  0.57673306079868E-04  0.39492558246421E-05 -0.97856665978225E-03
 -0.22978434845504E-05 -0.15450859806723E-04 -0.18295442509779E-03
 -0.67012134295606E-04 -0.20493951542127E-04 -0.98372239225603E-03
  0.26546659887532E-04 -0.71232773546447E-04 -0.16722231794523E-03
 -0.66046950263627E-04 -0.32475345288140E-04 -0.98469553561637E-03
  0.39121590123431E-04 -0.10072253040636E-03 -0.13938811868027E-03
 -0.62178682112990E-04 -0.39638256938531E-04 -0.98665971799229E-03
  0.11177026373997E-03  0.23928812202502E-04 -0.29374099014328E-03
 -0.30480908796273E-04 -0.46763973299678E-04 -0.35179968042145E-04
  0.47975082726466E-04  0.70389573785635E-05 -0.18001496178251E-03
  0.28526007928980E-04  0.66656844941901E-06 -0.17301007606127E-03
 -0.62921576434073E-04 -0.30566380219730E-04 -0.36934465198530E-04
 -0.52367250301137E-04 -0.27791085337582E-04 -0.99110104988863E-03
 -0.91386906962248E-04 -0.22681672170670E-04 -0.66341958746964E-04
 -0.47537584061663E-04 -0.14527148592457E-04 -0.99088296926029E-03
 -0.10870000251181E-03 -0.18187707251314E-04 -0.10210366680312E-03
 -0.42336868517830E-04 -0.94389272032591E-06 -0.98978372388051E-03
 -0.10976264638676E-03 -0.15161253277134E-04 -0.13060516543227E-03
  0.15517656942804E-04  0.52494159558841E-04 -0.98429094749793E-03
 -0.35572484632296E-04  0.11162078142167E-04 -0.98831618149001E-03
 -0.26885759750972E-04  0.21759219298487E-04 -0.98682460436798E-03
 -0.68598507161038E-04 -0.79197664726689E-05 -0.15860079402428E-03
 -0.17153158644442E-04  0.32043796405529E-04 -0.98605764424150E-03
 -0.35768052474741E-04 -0.46616569350934E-05 -0.16473175529776E-03
 -0.72373073269634E-05  0.41471446985835E-04 -0.98497319862547E-03
 -0.13678569456964E-05 -0.22618123560225E-05 -0.16905984951728E-03
  0.38945883300709E-05  0.48149310751881E-04 -0.98431770776429E-03
 -0.95354936241090E-04 -0.11796554708531E-04 -0.14856862334099E-03
  0.29382232724178E-04 -0.88223912541878E-04 -0.80032754873166E-04
 -0.82122331590341E-04 -0.42855569698840E-04 -0.94200070014712E-04
 -0.50522307414581E-04 -0.68686917764974E-04 -0.11069554645242E-03
  0.32469792349923E-05  0.47000081661441E-04 -0.13961034212213E-03
  0.49026474340644E-04  0.11293578861987E-04 -0.98449700074722E-03
  0.14517615827038E-04  0.39943422067413E-04 -0.17182855491772E-03
  0.50922571802659E-04  0.24728692544750E-05 -0.98430675572031E-03
  0.42570073553376E-04  0.20547357748008E-06 -0.17635613588232E-03
  0.51631306345129E-04 -0.87937549960788E-05 -0.98434925348441E-03
 -0.90687836373369E-04 -0.22369453383169E-04 -0.31569495956598E-03
  0.44484945306543E-04  0.16925122715074E-04 -0.98466983867600E-03
 -0.71455515650725E-04 -0.52412471224217E-05 -0.97681148104628E-03
 -0.71819220098757E-04 -0.20148253928261E-04 -0.97742412059074E-03
 -0.45932038203332E-04 -0.11961083550582E-03 -0.28553848619221E-03
 -0.68653707646842E-04 -0.32881582110828E-04 -0.97881311419774E-03
 -0.52102307396605E-04 -0.12808702447667E-03 -0.26071569803328E-03
 -0.64648485803062E-04 -0.40294604470058E-04 -0.98093209550990E-03
 -0.74622504113608E-04 -0.97266424265837E-04 -0.20564983736857E-03
 -0.59656300975099E-04 -0.41853209719474E-04 -0.98411533532160E-03
 -0.62199271450856E-04 -0.74494656259159E-04 -0.29327348806292E-03
 -0.99374506953747E-04 -0.61314459410381E-04 -0.16056046389866E-03
  0.30313883508046E-05  0.29224373647788E-04 -0.88209311050227E-04
  0.10319500697966E-04  0.11131528139118E-04 -0.58018928844844E-04
 -0.62392894002855E-04 -0.28001426269173E-04 -0.16259850625918E-03
 -0.38553723602893E-04 -0.24108739454557E-04 -0.98600030873942E-03
 -0.29231739782470E-04 -0.24027178037693E-04 -0.16548982158270E-03
 -0.30345214157214E-04 -0.15135853337547E-04 -0.98562663300808E-03
  0.23152078533530E-05 -0.20082714282271E-04 -0.16753589176230E-03
 -0.21363863119954E-04 -0.64315481303982E-05 -0.98463539258693E-03
  0.27123759310680E-04 -0.15486155878272E-04 -0.16380925365953E-03
  0.37068886450488E-04  0.21753036288075E-04 -0.98463316319391E-03
 -0.11837700911728E-04  0.17220633483073E-05 -0.98429297526805E-03
 -0.21893798326488E-05  0.96606558750128E-05 -0.98439220162718E-03
  0.42141928341865E-04 -0.64460535402213E-05 -0.12252427330771E-03
  0.77201833214168E-05  0.15725442344062E-04 -0.98447826133641E-03
  0.34278926206799E-04 -0.21187155475173E-05 -0.90307888477065E-04
  0.17218565746745E-04  0.19268726447568E-04 -0.98488892277395E-03
  0.22150040799111E-04  0.27098523805953E-05 -0.63721360507771E-04
  0.27162455694676E-04  0.21942618395585E-04 -0.98513588374167E-03
  0.41078712377487E-04 -0.10685570872710E-04 -0.14964307634814E-03
 -0.59626074838861E-04 -0.40914986638968E-04 -0.98708851473912E-03
 -0.56146127763838E-04 -0.38861908167952E-04 -0.98637884715534E-03
 -0.51966897735733E-04 -0.31821766958389E-04 -0.98762109077670E-03
  0.12732887509669E-04  0.42665883767766E-04 -0.13957088305586E-03
  0.49460151710724E-04  0.22805954981063E-04 -0.98365181626546E-03
  0.15998754906253E-04  0.54109401642415E-04 -0.18343817054458E-03
  0.53749838309733E-04  0.14540110021765E-04 -0.98322382922197E-03
  0.36070182111015E-04  0.32173873550584E-04 -0.19894669993454E-03
  0.55905561503600E-04  0.34912737032690E-05 -0.98232686650423E-03
  0.71285109686031E-04 -0.16414448529861E-04 -0.20043748853237E-03
  0.42866281005419E-04  0.29505363608168E-04 -0.98379491602212E-03
  0.56507422044694E-04 -0.79977473608878E-05 -0.98275039076439E-03
 -0.74554878521560E-04 -0.15122746296398E-04 -0.97886013130963E-03
 -0.13538765116911E-04 -0.87076797602271E-04 -0.23362427987233E-03
 -0.72778527355341E-04 -0.29297705296659E-04 -0.97996012727868E-03
 -0.37385849450803E-05 -0.11621008411958E-03 -0.21200308946750E-03
 -0.69275792143327E-04 -0.37720092001736E-04 -0.98223757305555E-03
 -0.20219002395335E-04 -0.10272002680411E-03 -0.16325698977734E-03
 -0.65077673240446E-04 -0.41330727455866E-04 -0.98470822732989E-03
 -0.44682960976757E-04 -0.31052070401739E-04 -0.25403094002629E-03
 -0.11195904334439E-03 -0.40078363134181E-04 -0.14661709327197E-03
  0.19445888777611E-04  0.19629517957396E-04 -0.10179099474129E-03
  0.32180800059056E-04  0.52843303243099E-05 -0.10102905876780E-03
 -0.10675961728109E-03 -0.29655462384503E-04 -0.14976265931215E-03
 -0.45919437388526E-04 -0.21907394565019E-04 -0.98755189434741E-03
 -0.86171635245386E-04 -0.24436253916915E-04 -0.15616501311653E-03
 -0.38891837701129E-04 -0.11561016656368E-04 -0.98668680110423E-03
 -0.55235923305699E-04 -0.20956364889049E-04 -0.16142495920939E-03
 -0.30625922365846E-04 -0.20848917142978E-05 -0.98535017222659E-03
 -0.20735192463714E-04 -0.16692288838988E-04 -0.16549077841546E-03
  0.32255047240885E-04  0.32134845553003E-04 -0.98441201778135E-03
 -0.21106433043490E-04  0.72733021341761E-05 -0.98435734033962E-03
 -0.10684245677640E-04  0.15774731867346E-04 -0.98447005960221E-03
  0.33787453632954E-04 -0.87830511841403E-05 -0.16143343003461E-03
 -0.19245009460840E-06  0.22725043588328E-04 -0.98433303435620E-03
  0.44626180198975E-04 -0.45782897145513E-05 -0.14564471462712E-03
  0.10865398860421E-04  0.27652889485462E-04 -0.98462395374464E-03
  0.42735332135689E-04  0.77154304513916E-07 -0.12220132509847E-03
  0.21202752980947E-04  0.31432128347483E-04 -0.98519902642020E-03
  0.11165723229541E-04 -0.12375529125654E-04 -0.16687283357287E-03
 -0.14891139681722E-04 -0.37340538594981E-04 -0.99104473837373E-03
 -0.57720155394779E-04 -0.40804871418704E-04 -0.98878105422678E-03
 -0.53204973106236E-04 -0.39193709679652E-04 -0.99059945455751E-03
 -0.50906227890960E-04  0.39166961834952E-04 -0.21787222830603E-03
  0.14757641054384E-04  0.76878747482275E-04 -0.98115094039676E-03
 -0.14469607375251E-04  0.73687256945356E-04 -0.27872081750533E-03
  0.22189632756273E-04  0.71949946215647E-04 -0.97827141709675E-03
  0.15049464903307E-04  0.99250039561590E-04 -0.32501044394198E-03
  0.28253866206401E-04  0.62297656480977E-04 -0.97568410756290E-03
  0.32853728780152E-04  0.84598472754662E-04 -0.31937933445217E-03
  0.57763122334765E-05  0.76300666112629E-04 -0.98431333865657E-03
  0.32007724998125E-04  0.46984567759412E-04 -0.97386485861659E-03
  0.33464374573547E-04  0.26999695097180E-04 -0.97368727996993E-03
  0.28633087794633E-04 -0.45476685299412E-04 -0.16121352541161E-03
 -0.37486712288617E-04 -0.29859875808377E-04 -0.98540847678130E-03
  0.50009633165646E-04 -0.85327326389078E-04 -0.14452860543912E-03
 -0.34506723871410E-04 -0.36874066490867E-04 -0.98710905994645E-03
  0.51603945250433E-04 -0.90856121144186E-04 -0.98241345993091E-04
 -0.30250677408254E-04 -0.38722720602724E-04 -0.98965019366692E-03
  0.43702000792673E-04  0.45607923072983E-04 -0.28614533817445E-03
  0.36134015293466E-04 -0.65172237941024E-04 -0.22702580649882E-04
 -0.83215729323441E-04  0.19542471120172E-04 -0.17521274826336E-03
 -0.10278737113122E-03  0.11677620027793E-04 -0.14663909761339E-03
  0.67836214888472E-05 -0.28087056948586E-04  0.55413241120182E-04
 -0.32832273114370E-04 -0.28648134098409E-04 -0.99370586820500E-03
 -0.82079959366232E-05 -0.16172326866584E-04  0.68969069380062E-04
 -0.31229813935805E-04 -0.16817579075426E-04 -0.99453964693312E-03
 -0.24461322665230E-04 -0.10283088768752E-04  0.59440961305462E-04
 -0.29705735767068E-04 -0.31929638710631E-05 -0.99402724798940E-03
 -0.43360106556876E-04 -0.75384366843075E-05  0.33068544315323E-04
 -0.31731478977325E-05  0.70871523755613E-04 -0.98672234267470E-03
 -0.28427438363453E-04  0.10546835159359E-04 -0.99288564888081E-03
 -0.26556767510162E-04  0.24138893026305E-04 -0.99140278630904E-03
 -0.86606131134691E-04 -0.15909821271279E-05 -0.46943604366967E-04
 -0.22224300874982E-04  0.37476781413513E-04 -0.99091978871380E-03
 -0.10277730027881E-03  0.28944589830860E-05 -0.87792758988975E-04
 -0.17685759133071E-04  0.49527342741491E-04 -0.99005262436459E-03
 -0.10859058077341E-03  0.71347746309646E-05 -0.12052601490585E-03
 -0.10817411512200E-04  0.61173933111165E-04 -0.98880046900671E-03
 -0.65453166633016E-04 -0.55029137668396E-05 -0.46453734943303E-05
 -0.34822876543298E-04 -0.36020241525135E-04 -0.99239470622869E-03
 -0.25285019438161E-04 -0.37216879796333E-04 -0.99188158538906E-03
 -0.21782296539687E-04 -0.31552127279151E-04 -0.99332647120160E-03
 -0.73007360509932E-04  0.78116847768062E-04 -0.26260963042143E-03
  0.10153774640012E-04  0.77471707179399E-04 -0.97945816955360E-03
 -0.40846958948193E-04  0.10754598737498E-03 -0.31333728300906E-03
  0.15358160301367E-04  0.70080251053490E-04 -0.97674994449934E-03
 -0.13012518852736E-04  0.99428438729178E-04 -0.31402214421417E-03
  0.18723145391202E-04  0.57740244532428E-04 -0.97410284178892E-03
  0.48853910242177E-05  0.58313657445632E-04 -0.27943790704922E-03
  0.41793116478279E-05  0.79799084556550E-04 -0.98275794074593E-03
  0.19718134241395E-04  0.39963767040068E-04 -0.97327644066087E-03
  0.18729026069293E-04  0.18593975683286E-04 -0.97344850245305E-03
  0.20075400662876E-04 -0.20460876658443E-04 -0.16597010628971E-03
 -0.26225990376563E-04 -0.25112914072281E-04 -0.98483010205935E-03
  0.45942581800776E-04 -0.69047737701602E-04 -0.15454260084921E-03
 -0.24599973176272E-04 -0.33482841361600E-04 -0.98640269417694E-03
  0.57189325757983E-04 -0.92073452587678E-04 -0.12445224327007E-03
 -0.20940672864065E-04 -0.38653723357425E-04 -0.98860668606430E-03
  0.14182423902199E-04  0.21155609310273E-04 -0.25713638108565E-03
  0.18335024452854E-04 -0.35464762340129E-04  0.41945458874211E-04
 -0.97322175237499E-04  0.44135808873731E-04 -0.19698166322361E-03
 -0.10719276743437E-03  0.23426235561104E-04 -0.14187214046286E-03
  0.47610298253221E-05 -0.18480632486504E-04  0.74011287402252E-04
 -0.21515836669906E-04 -0.20712622081593E-04 -0.99445725531855E-03
 -0.67921817054467E-05 -0.10506845598034E-04  0.82169453019768E-04
 -0.21460347068403E-04 -0.80738789685834E-05 -0.99479320269317E-03
 -0.18627042189582E-04 -0.61121751785678E-05  0.73517396508973E-04
 -0.21704021648540E-04  0.51733374808672E-05 -0.99392798049672E-03
 -0.32259659863435E-04 -0.37518280511378E-05  0.53678754893478E-04
 -0.19274300492577E-05  0.76756730785055E-04 -0.98649331442541E-03
 -0.21591959100474E-04  0.18100633031553E-04 -0.99338705207299E-03
 -0.19552625365544E-04  0.31247091827992E-04 -0.99293325883578E-03
 -0.69446582935223E-04  0.22094222264401E-05 -0.11949425690437E-04
 -0.16403351036187E-04  0.43344384592585E-04 -0.99239230083391E-03
 -0.89250266370853E-04  0.76447383329514E-05 -0.53646747408929E-04
 -0.12546752574575E-04  0.56928446973155E-04 -0.99125215930180E-03
 -0.10324341223388E-03  0.13091262850358E-04 -0.95896697234396E-04
 -0.75543565268500E-05  0.68369273735150E-04 -0.98934797021412E-03
 -0.49324500806735E-04 -0.11686132120493E-05  0.25474345931731E-04
  0.69701079299673E-05 -0.56547458036716E-04 -0.14288798784011E-04
  0.23778824644380E-04 -0.51492549413769E-04  0.96305060351298E-05
  0.42420485999439E-04 -0.83500823761012E-04 -0.64106501715151E-04
  0.37686316638743E-04  0.19199017716323E-04 -0.20951857892169E-03
  0.28138532764923E-04  0.62936905729345E-04 -0.98194903152475E-03
  0.57949778618302E-04  0.49237715623071E-04 -0.26170817972285E-03
  0.38470101367017E-04  0.57213738208256E-04 -0.98004822032296E-03
  0.69657364539148E-04  0.84287247407358E-04 -0.32102333362513E-03
  0.45799646690106E-04  0.48074699929923E-04 -0.97817241263653E-03
  0.81260808765624E-04  0.89180548180794E-04 -0.34151712866421E-03
  0.16432734442717E-04  0.62998566889888E-04 -0.98377438005577E-03
  0.49818888919582E-04  0.35066014916676E-04 -0.97675774277390E-03
  0.52329442571996E-04  0.17362017226872E-04 -0.97624276840963E-03
  0.20411602915094E-04 -0.44214567822639E-04 -0.16469671436787E-03
 -0.57982103632238E-04 -0.28585024165434E-04 -0.98497068701822E-03
  0.42111231759932E-04 -0.87947627691641E-04 -0.14707581003269E-03
 -0.55602018684668E-04 -0.36967038988178E-04 -0.98656984804909E-03
  0.43834293614340E-04 -0.96110639114616E-04 -0.10249844513467E-03
 -0.52032382156967E-04 -0.40437945966323E-04 -0.98854941217694E-03
  0.10249138242750E-03  0.57829689696304E-04 -0.32576770020164E-03
  0.28392195286781E-04 -0.70302617520974E-04 -0.30553340113573E-04
  0.84690401897442E-05  0.60477077320529E-05 -0.18133476691705E-03
 -0.26653179534008E-04  0.16959429426421E-05 -0.16770401440170E-03
 -0.18200430246214E-04 -0.32741679210712E-04  0.16419519480750E-04
 -0.49949475912394E-04 -0.31740563900399E-04 -0.99164534000316E-03
 -0.45402725238209E-04 -0.21198063962985E-04  0.78452758319244E-05
 -0.46416040046962E-04 -0.19844663300150E-04 -0.99255020079951E-03
 -0.73957460329657E-04 -0.16036587268980E-04 -0.27099042206234E-04
 -0.42618909618992E-04 -0.63284140083050E-05 -0.99209753716169E-03
 -0.96924970986683E-04 -0.13407901535592E-04 -0.71754817607221E-04
  0.45467720696858E-05  0.59494933716535E-04 -0.98449399007497E-03
 -0.37310921182639E-04  0.72031753059094E-05 -0.99098775878803E-03
 -0.30787096806430E-04  0.20281792545565E-04 -0.98909747467704E-03
 -0.10637079659367E-03 -0.65932842051946E-05 -0.13643315254858E-03
 -0.23442129779612E-04  0.32969755513558E-04 -0.98763564606124E-03
 -0.89598838600947E-04 -0.32597744826683E-05 -0.15164854844584E-03
 -0.16006515645013E-04  0.43564982901194E-04 -0.98626168650090E-03
 -0.60542837819609E-04 -0.69563335402507E-06 -0.15995076769072E-03
 -0.57823463516866E-05  0.52652119557818E-04 -0.98535513752223E-03
 -0.10887056058869E-03 -0.10829119722596E-04 -0.11044691252142E-03
 -0.38800124288656E-04 -0.39585008190925E-04 -0.99022138440349E-03
 -0.47134208313702E-04 -0.39819264400609E-04 -0.99058092022587E-03
 -0.43309942881804E-04 -0.34437651139353E-04 -0.99231517998402E-03
  0.15232899430300E-04  0.40379285742362E-04 -0.24190420517327E-03
  0.26598535510968E-04  0.69073050484962E-04 -0.98010413130822E-03
  0.43390874405061E-04  0.78269266877981E-04 -0.30771466107049E-03
  0.34501723593745E-04  0.61966001295795E-04 -0.97783770893601E-03
  0.61087056257260E-04  0.96395776145731E-04 -0.34601869177585E-03
  0.40201707943750E-04  0.49668460335999E-04 -0.97567035653519E-03
  0.75009826442885E-04  0.75006378358127E-04 -0.33180109680177E-03
  0.16727670204398E-04  0.71465657405580E-04 -0.98271720852981E-03
  0.43643617260432E-04  0.32637130487152E-04 -0.97441573507333E-03
  0.45421536994179E-04  0.13340918623269E-04 -0.97453900748652E-03
  0.10208804058705E-04 -0.16431643026233E-04 -0.16640115667784E-03
 -0.48319782103449E-04 -0.23535645151245E-04 -0.98494455734213E-03
  0.36726800842524E-04 -0.68751772791752E-04 -0.15502955359775E-03
 -0.47719300111597E-04 -0.33891776855463E-04 -0.98608483464596E-03
  0.49400391756973E-04 -0.95704132736596E-04 -0.12688284965329E-03
 -0.44209037704823E-04 -0.39692349503641E-04 -0.98793204680015E-03
  0.88576389852878E-04  0.38169962483080E-04 -0.30414640545873E-03
  0.83658308904487E-05 -0.40069829976999E-04  0.28112061404974E-04
 -0.20435287994852E-04  0.16889777882236E-04 -0.19363585319975E-03
 -0.55620845577428E-04  0.78762850232719E-05 -0.16816717515798E-03
 -0.11428677210446E-04 -0.22934253659251E-04  0.49193898591881E-04
 -0.41579929904865E-04 -0.24453339859897E-04 -0.99347752396159E-03
 -0.32899727471179E-04 -0.15228781905900E-04  0.38544821614999E-04
 -0.38758116533427E-04 -0.12247404823307E-04 -0.99375691242830E-03
 -0.57425008920731E-04 -0.11310959148125E-04  0.53234660080532E-05
 -0.35399883281184E-04  0.16779358665707E-05 -0.99288824431524E-03
 -0.81903116235530E-04 -0.90889325254735E-05 -0.38494538873617E-04
  0.55545102700490E-05  0.68785901831525E-04 -0.98477691024212E-03
 -0.31643898460111E-04  0.16023945178130E-04 -0.99153739353676E-03
 -0.27001668881761E-04  0.29855825373929E-04 -0.98961259207193E-03
 -0.10852324643202E-03 -0.19425178649451E-05 -0.11621706347378E-03
 -0.20700825989887E-04  0.42117892274059E-04 -0.98823575458665E-03
 -0.10253975506381E-03  0.22068218795135E-05 -0.13943577706417E-03
 -0.13432477474690E-04  0.53675286856876E-04 -0.98719212419228E-03
 -0.84646471693416E-04  0.43197947980218E-05 -0.15394673181156E-03
 -0.50709988037215E-05  0.62353780013104E-04 -0.98609294391311E-03
 -0.10133032041927E-03 -0.60591900887691E-05 -0.81423491829398E-04
  0.41170342802791E-04  0.60927462054293E-04 -0.23959733323185E-03
  0.18908133535100E-04 -0.26131152453745E-05 -0.97394060530199E-03
 -0.29274419922001E-04  0.44730698137408E-04 -0.98400266092706E-03
 -0.68334854326529E-04  0.63221707817764E-04 -0.26981464160631E-03
 -0.22305949856517E-04  0.55216987869115E-04 -0.98200381822665E-03
 -0.28078283391681E-04  0.82610577899173E-04 -0.22098065963380E-03
 -0.13250356770557E-04  0.58573028633369E-04 -0.98443176567839E-03
  0.24958346467903E-05  0.10167977800895E-03 -0.18712191301779E-03
 -0.47450902756703E-04  0.16899559474774E-04 -0.97375394724479E-03
 -0.84569054907445E-04  0.17180921048460E-04 -0.31097262097350E-03
 -0.39598442241669E-04  0.33984064131188E-04 -0.97523832125343E-03
 -0.94670474077334E-04  0.57606003313916E-04 -0.32080022156815E-03
 -0.29776331504802E-04  0.47151975727027E-04 -0.97736029964035E-03
 -0.84166030040739E-04  0.91730517090586E-04 -0.31275884847151E-03
 -0.21399576648972E-04  0.56381659323271E-04 -0.97957748556282E-03
 -0.54175985264571E-04  0.11654421815062E-03 -0.28123525197726E-03
 -0.35164807099258E-04  0.92646693261396E-05 -0.97341941416521E-03
 -0.29667648512543E-04  0.28019199427693E-04 -0.97429141745229E-03
 -0.57706321906801E-04  0.42508088142773E-04 -0.28268604971681E-03
 -0.23262703464896E-04  0.43720041530949E-04 -0.97521620261702E-03
 -0.74247937611811E-04  0.88552003209775E-04 -0.30992809358175E-03
 -0.16147425072151E-04  0.19334185598672E-04 -0.97377253661005E-03
 -0.22932166937105E-04  0.20852198451035E-04 -0.25628266448353E-03
 -0.63040629902152E-04 -0.62752426431391E-05 -0.20953773554655E-03
 -0.33294272066779E-04  0.47976009599833E-04 -0.97974601054687E-03
 -0.10342799932080E-03  0.46586692023621E-04 -0.32118740573411E-03
 -0.42276460463798E-04  0.28350561776782E-05 -0.26779286089105E-03
 -0.11581503449786E-03  0.26164902351804E-04 -0.34640953100682E-03
 -0.44576019897735E-04  0.37188614110767E-04 -0.97744917612444E-03
 -0.18333666335719E-04  0.46036489458348E-04 -0.98572470151268E-03
 -0.24217500540397E-04  0.18173829287777E-04 -0.17092957309479E-03
 -0.60268254268538E-05  0.43001946500953E-04 -0.98631648569040E-03
 -0.66649138984413E-05  0.41935308296580E-04 -0.16378645668938E-03
  0.53961689717403E-05  0.37431242966705E-04 -0.98647178325063E-03
  0.19978220192704E-04  0.18785710188274E-05 -0.25252560701414E-03
 -0.65910019058451E-04  0.11131351651110E-04 -0.97686936658652E-03
 -0.11349429247401E-03  0.11914296110528E-04 -0.33841064638268E-03
 -0.56329217633235E-04  0.27063745824424E-04 -0.97794064837928E-03
 -0.11197212408703E-03  0.20349379210570E-04 -0.32423876384374E-03
 -0.43132439123262E-04 -0.11678898502805E-05 -0.18375916694126E-03
 -0.84929172990509E-04  0.18102593116827E-04 -0.27281066425458E-03
 -0.44491379278526E-04  0.38287755066926E-04 -0.97978037986038E-03
 -0.10533301941515E-03 -0.84647806814227E-05 -0.33734186801126E-03
  0.28007418764945E-05  0.72468928167363E-04 -0.16801139971474E-03
 -0.10210538873261E-04  0.52298035202787E-04 -0.98617714288347E-03
 -0.62090124238068E-04  0.56590922670909E-05 -0.97424088563190E-03
 -0.21118533031433E-04  0.52717707601799E-04 -0.98431290403802E-03
 -0.50388081245939E-04  0.26226445729983E-04 -0.21883521250464E-03
 -0.32366649019344E-04  0.47138043120476E-04 -0.98205618404524E-03
 -0.19928258376326E-04  0.47581035669301E-04 -0.18530928562170E-03
 -0.54263274401358E-04  0.22687709282434E-04 -0.97503328193522E-03
 -0.40038493448640E-04 -0.23814661640563E-04  0.13373905315435E-02
 -0.37295709557074E-04 -0.21940687307452E-04  0.31194768272511E-03
 -0.17280017880154E-04 -0.19009349059162E-04  0.18863048996864E-03
 -0.43707462319155E-04 -0.11648879956124E-04  0.13306498885237E-02
 -0.24111597485203E-04 -0.30018460343152E-04  0.25105635075888E-03
 -0.46661499656291E-04  0.45451236412260E-05  0.13248030013841E-02
  0.13220208099374E-03  0.50319421338819E-04  0.42976463732431E-03
 -0.59616176803041E-04  0.18009922207702E-04  0.34316153027072E-03
  0.74360728467243E-04  0.18328211661429E-04  0.12723080149261E-02
 -0.12538337283480E-04 -0.80323804683344E-05  0.15522771031729E-03
  0.74830877916072E-04  0.33234568285179E-04  0.12774499164608E-02
  0.10984993219921E-03  0.10855017206342E-03  0.42189852921898E-03
  0.73486712996722E-04  0.43323372025745E-04  0.12858781616459E-02
  0.10219434967987E-03  0.12060565997833E-03  0.39116365739812E-03
 -0.48893911543442E-04  0.22268092226903E-04  0.13207970583842E-02
 -0.37175720051562E-04 -0.29404084424715E-04  0.13422808905938E-02
 -0.16582536897884E-04 -0.16365413644352E-04  0.13404644710039E-02
 -0.32991883107052E-04 -0.30008045516765E-04  0.13445066701790E-02
  0.72466444225041E-04  0.46029856941161E-04  0.12955197693708E-02
  0.52368298161904E-04  0.55811691836357E-04  0.34801760392510E-03
  0.37152581613304E-04  0.38417546626429E-04  0.13204510273852E-02
  0.26390079532111E-04  0.46378771893045E-04  0.33851916502274E-03
  0.27544884982318E-04  0.29016973868866E-04  0.13252093283788E-02
  0.37517837644480E-05  0.39449713523727E-04  0.32141705666144E-03
  0.16893042707784E-04  0.18973926840733E-04  0.13291621368120E-02
 -0.11984890403178E-04  0.33838441326883E-04  0.29584744974253E-03
  0.56323166721022E-05  0.74801571459445E-05  0.13327922402141E-02
 -0.17653319836471E-04  0.27949201061955E-04  0.26278196794734E-03
 -0.56337566312544E-05 -0.45530890442423E-05  0.13366100796196E-02
 -0.16285327079233E-04  0.21513772337983E-04  0.22620363492616E-03
 -0.12134936384804E-04  0.14570423950413E-04  0.19011234044487E-03
 -0.25917984235147E-04 -0.25413845021550E-04  0.13436481204927E-02
 -0.93606836236271E-05  0.81702185447695E-05  0.16276871347469E-03
 -0.96669340334737E-05  0.84458937198012E-06  0.14975729339402E-03
  0.10453179650508E-03  0.94627442593554E-04  0.34664867245227E-03
 -0.17078551020164E-04 -0.11147280134599E-04  0.17181021848803E-03
  0.10446366294997E-03  0.68571621676886E-04  0.32631969098749E-03
 -0.13254909369124E-04 -0.57894555890637E-06  0.16291808412427E-03
 -0.44917817479106E-04 -0.36772896555905E-04  0.13357974606637E-02
  0.45069336557064E-04  0.45495933512066E-04  0.13141578542613E-02
 -0.50092888344096E-04 -0.26738733633218E-04  0.13302873568117E-02
 -0.24038604142168E-04 -0.25625238447250E-04  0.21714152237210E-03
 -0.55143518057296E-04 -0.10501506641166E-04  0.13239339049566E-02
 -0.35317266477373E-04 -0.32936381116242E-04  0.28268342294317E-03
 -0.58876758486360E-04  0.78519271907622E-05  0.13185698611497E-02
 -0.54855574151506E-04 -0.97470836328942E-05  0.33289647056707E-03
  0.81685602214348E-04  0.13295756488687E-04  0.12857641217606E-02
  0.10911838421255E-03  0.59072471312756E-05  0.39682855423569E-03
  0.82644891881739E-04  0.27892660343024E-04  0.12877668023507E-02
  0.83723732988957E-04  0.66550575776943E-04  0.39346608606390E-03
  0.81580136644192E-04  0.38528904667195E-04  0.12934107085619E-02
  0.69078172096092E-04  0.10160400709435E-03  0.36560474046983E-03
 -0.39719944324585E-04 -0.40936128475403E-04  0.13386614472380E-02
  0.68544911347857E-04  0.43967137309584E-04  0.13054791687129E-02
 -0.13001134429722E-04  0.77310544040236E-05  0.17917458459320E-03
 -0.15298541134120E-04  0.13503610812914E-04  0.21145705527732E-03
  0.61406486055792E-04  0.38657327204407E-04  0.13135695712722E-02
  0.96584515619983E-04  0.52747127732302E-04  0.33279993149239E-03
  0.52225105473968E-04  0.31308552296526E-04  0.13186444863013E-02
  0.78730343719149E-04  0.42916752181258E-04  0.34359105072610E-03
  0.42041568447355E-04  0.22182818959642E-04  0.13218382614335E-02
  0.51786581277157E-04  0.36921956861534E-04  0.34669921933115E-03
  0.30007602678496E-04  0.12228492676060E-04  0.13243355288642E-02
  0.22036548106103E-04  0.32667703140634E-04  0.33888483922464E-03
  0.17408723365723E-04  0.13928164033843E-05  0.13269237594229E-02
 -0.19775153594066E-05  0.28585526813771E-04  0.31995297140092E-03
  0.39440245919761E-05 -0.99361154007782E-05  0.13297506734208E-02
 -0.15269336671385E-04  0.24079820686270E-04  0.29107837799422E-03
 -0.90513635490542E-05 -0.21872574644352E-04  0.13330579500146E-02
 -0.18260419734238E-04  0.18654386313816E-04  0.25257981736220E-03
 -0.21050677481973E-04 -0.32420556915317E-04  0.13365941506960E-02
 -0.31723649144928E-04 -0.39118163878698E-04  0.13389826045253E-02
  0.77869570370174E-04  0.71072107013151E-04  0.35518106906878E-03
 -0.85785368415729E-05  0.76875213532307E-05  0.15561249908320E-03
  0.99360737395067E-04  0.95808513784304E-04  0.37416792340179E-03
 -0.14426207766637E-04 -0.19939313991411E-04  0.19042370638747E-03
 -0.19274487443750E-04 -0.24086212303238E-05  0.13339235443911E-02
 -0.18152876829019E-04 -0.28940089430916E-04  0.25342778370111E-03
 -0.20821226235243E-04  0.11547819627771E-04  0.13280082555057E-02
 -0.27366287305749E-04 -0.18975455072447E-04  0.31354250036249E-03
 -0.21690246290556E-04  0.27040225264870E-04  0.13240475882058E-02
 -0.46365522344219E-04  0.20657847436927E-04  0.34462566802863E-03
  0.42977677142654E-04  0.16747809439297E-04  0.12473613707880E-02
  0.11062731501391E-03  0.58597599186926E-04  0.38553629118112E-03
  0.43270389523050E-04  0.35234318465678E-04  0.12539656449597E-02
  0.10466110719599E-03  0.12442106574648E-03  0.41927261499865E-03
  0.42612812061523E-04  0.50264965600555E-04  0.12658512687383E-02
  0.94584252571123E-04  0.15111067179271E-03  0.43849171992764E-03
  0.41284840983020E-04  0.59054716698260E-04  0.12799141349245E-02
  0.72884598481769E-04  0.13047803780835E-03  0.41626998285130E-03
 -0.18054368066752E-04 -0.11975214130266E-04  0.13410984086541E-02
  0.38142568815539E-04  0.60942552077257E-04  0.12945229343862E-02
 -0.11644179431641E-04 -0.11743671264618E-04  0.15401448945883E-03
 -0.87110539483599E-05 -0.48865762863765E-05  0.14356804671188E-03
  0.94472455818580E-05  0.59515461896050E-04  0.13234404868437E-02
 -0.11595482264196E-04  0.43773149620926E-04  0.25868388738903E-03
  0.55654593687462E-05  0.49617961363255E-04  0.13315289076131E-02
 -0.11067970448034E-04  0.32728092864490E-04  0.22434804195706E-03
  0.17679039778181E-05  0.38657853662836E-04  0.13377931471824E-02
 -0.10569580504756E-04  0.25413732587749E-04  0.19699876538212E-03
 -0.23838402312646E-05  0.26623858405662E-04  0.13427139024950E-02
 -0.94163426089931E-05  0.19780403630828E-04  0.17620097240802E-03
 -0.70311190285975E-05  0.14248588678742E-04  0.13467988341017E-02
 -0.77390334448728E-05  0.13876859816809E-04  0.16202695283123E-03
 -0.11574817655360E-04  0.21273359127017E-05  0.13498344574456E-02
 -0.68283860728832E-05  0.76338450845338E-05  0.15100497188492E-03
 -0.15370120852179E-04 -0.78096562040084E-05  0.13513150396618E-02
 -0.69201429631208E-05  0.15914702650966E-05  0.14439155353282E-03
 -0.17824065574218E-04 -0.13858855638476E-04  0.13505060633640E-02
 -0.18350032930672E-04 -0.15472589885835E-04  0.13468578104030E-02
  0.45672182343069E-04  0.95775202444027E-04  0.37848614939314E-03
  0.32727764985410E-04  0.58695161657342E-04  0.13077562052523E-02
  0.21852080508679E-04  0.70328349085075E-04  0.34811149614009E-03
 -0.31041068087879E-04 -0.12372313769366E-04  0.13363187098459E-02
 -0.17783463619784E-04 -0.25975505412347E-04  0.21976958754652E-03
 -0.33651327232890E-04  0.90402115790588E-06  0.13296237104936E-02
 -0.25253987572644E-04 -0.28855419195150E-04  0.28548842543202E-03
 -0.35433515014968E-04  0.16810159802835E-04  0.13245880219221E-02
 -0.41549235520339E-04 -0.29496674891436E-05  0.33338772588721E-03
  0.59742006417468E-04  0.70323663726977E-05  0.12582825073438E-02
  0.15225977142726E-03  0.25027048591924E-04  0.42917720856399E-03
  0.61398592820468E-04  0.25267387338640E-04  0.12611500362373E-02
  0.13394507966858E-03  0.95340028435712E-04  0.43538924339575E-03
  0.61168032654596E-04  0.40614880998071E-04  0.12698477725949E-02
  0.12158879078213E-03  0.13789587343164E-03  0.43949016260499E-03
  0.60347871155336E-04  0.50215379218285E-04  0.12811429352818E-02
  0.11319258575112E-03  0.12889089071890E-03  0.41218687421354E-03
  0.57907367783672E-04  0.52812251781571E-04  0.12932342990213E-02
 -0.13540849349249E-04 -0.14813476373304E-04  0.16759386915405E-03
 -0.29057698976539E-04 -0.19906499960068E-04  0.13428538439929E-02
 -0.10182633809296E-04 -0.67118383973052E-05  0.14568023103066E-03
 -0.28182409829944E-04 -0.22039318483414E-04  0.13469241498377E-02
  0.26749092866976E-04  0.53404155422074E-04  0.13177227061099E-02
  0.43087294929242E-05  0.53735352155948E-04  0.32111377909648E-03
  0.20597108212744E-04  0.44998381981101E-04  0.13253972172976E-02
 -0.79537541081252E-05  0.42990341804211E-04  0.29258587381636E-03
  0.13107917164515E-04  0.35062795053355E-04  0.13311764828851E-02
 -0.14360131065198E-04  0.35264519706898E-04  0.26199042568000E-03
  0.52398317547193E-05  0.23840575500515E-04  0.13358906456284E-02
  0.52501591548953E-04  0.50761968549816E-04  0.13051143942666E-02
 -0.15876946098625E-04  0.28757861643062E-04  0.23033818970658E-03
 -0.13340345658639E-04  0.22383767525656E-04  0.20097354271559E-03
 -0.11196446503140E-04 -0.44822520819567E-06  0.13440249984456E-02
 -0.10068671308272E-04  0.15037112087851E-04  0.17441292106836E-03
 -0.18858429794938E-04 -0.11163630668835E-04  0.13471675258575E-02
  0.80513321540024E-04  0.41772427532715E-04  0.13006245467860E-02
 -0.24757913219287E-04 -0.18691686477410E-04  0.13485869414848E-02
 -0.82079184531682E-05  0.75544931166087E-06  0.14459947440288E-03
 -0.29245509504161E-05  0.11833716560376E-04  0.13400605639738E-02
  0.71777042311623E-04  0.91271033581305E-04  0.31448283563543E-03
 -0.20606285726962E-04 -0.52590791981948E-05  0.18363668060929E-03
  0.83906981814978E-04  0.65436815575481E-04  0.27888045354079E-03
 -0.27828678211671E-04 -0.72160389395143E-04  0.13198595910632E-02
 -0.29411819916320E-04 -0.99583747399706E-05  0.29964160865605E-03
 -0.39339840798528E-04 -0.70036008740466E-04  0.13162060748123E-02
 -0.42366302604730E-04 -0.20398366848488E-04  0.27206457399573E-03
 -0.50622586002951E-04 -0.62036048390883E-04  0.13100266938767E-02
 -0.53299867872538E-04 -0.37968370785830E-04  0.27096062894966E-03
 -0.60421360796469E-04 -0.47519563122850E-04  0.13026256315087E-02
 -0.65059575341523E-04 -0.62196169626743E-04  0.31296081087215E-03
 -0.67840098026201E-04 -0.26364216934811E-04  0.12954867659143E-02
 -0.84659144791611E-04 -0.65994072788902E-04  0.36692100123806E-03
 -0.71594072404978E-04 -0.23899456510182E-05  0.12897941998087E-02
 -0.11666056828061E-03 -0.24375392155934E-04  0.39467417165833E-03
  0.78677458889520E-04  0.30380258743446E-04  0.13144992126116E-02
  0.10251074517147E-04  0.31054447757574E-04  0.34795186785276E-03
  0.78012563437630E-04  0.39002002684153E-04  0.13170746043170E-02
 -0.77458414154204E-05 -0.32738679268700E-05  0.32773320783168E-03
 -0.45763049665578E-05  0.74192949183954E-04  0.33419084865524E-03
 -0.15493502599600E-04 -0.69377203730672E-04  0.13219274152731E-02
 -0.30362771884868E-05 -0.62098093961738E-04  0.13223750273633E-02
  0.31633573162960E-04  0.48441567615090E-04  0.20901654409318E-03
  0.68100975535193E-04  0.23703092415341E-04  0.13301477720472E-02
  0.49420718773447E-04  0.29630911796878E-04  0.19712104525647E-03
  0.60562328521424E-04  0.11899939405144E-04  0.13318924683020E-02
  0.69012849890118E-04  0.18291978153160E-04  0.21423905744308E-03
  0.53086079202296E-04 -0.39365786496362E-06  0.13311397020650E-02
  0.87839109377188E-04  0.12367791334498E-04  0.24757005803479E-03
  0.44757675154223E-04 -0.13244302668744E-04  0.13289555862661E-02
  0.99462217514757E-04  0.92623619835100E-05  0.28540964183135E-03
  0.34451406085791E-04 -0.26237158724383E-04  0.13267203292655E-02
  0.97751793988351E-04  0.75437442055887E-05  0.31756878974463E-03
  0.22513205568609E-04 -0.38745982203502E-04  0.13247257616422E-02
  0.81526848006047E-04  0.59421571588889E-05  0.33951815816701E-03
  0.10075415183040E-04 -0.51144612737406E-04  0.13231706017729E-02
  0.54544507727782E-04  0.36905658124954E-05  0.34925120058627E-03
  0.22120878440074E-04  0.83756934080892E-06  0.34516619094281E-03
  0.75422159865400E-04  0.33671802497668E-04  0.13255007598322E-02
  0.76178492532614E-04  0.41766630126900E-04  0.13216875970983E-02
  0.72185622937153E-04  0.36909157189697E-04  0.13283609905043E-02
 -0.16577161121924E-04 -0.80226821018882E-04  0.13170733431387E-02
  0.49379901610616E-05 -0.18211959052178E-04  0.34154033243314E-03
 -0.27788871932500E-04 -0.80044653899519E-04  0.13120056991593E-02
 -0.27943672230315E-04 -0.27161436737118E-04  0.32792400094757E-03
 -0.38721377301925E-04 -0.74042448624349E-04  0.13051750138715E-02
 -0.55494610635992E-04 -0.43688003942012E-04  0.32085676343573E-03
 -0.48800918388820E-04 -0.62964897421674E-04  0.12963197450781E-02
 -0.77526303704179E-04 -0.71585388119743E-04  0.34461005533569E-03
 -0.58355114758397E-04 -0.44594068411714E-04  0.12872083101470E-02
 -0.97160846408633E-04 -0.95309034552396E-04  0.39244214899663E-03
 -0.63945156282006E-04 -0.21596830469915E-04  0.12791503785161E-02
 -0.12246696135885E-03 -0.76970259518011E-04  0.42209824174548E-03
  0.69531930541072E-04  0.26031931577936E-04  0.13191667097613E-02
  0.41838903321679E-05  0.88852778066409E-05  0.33776230628991E-03
  0.68543669774919E-04  0.36246132980606E-04  0.13191317021122E-02
  0.40298474983802E-04 -0.11788184100387E-04  0.34823862167129E-03
 -0.53985521884988E-05  0.80475495007514E-04  0.28160429317928E-03
 -0.52257883913861E-05 -0.74961655152300E-04  0.13204450294904E-02
  0.64970619957881E-05 -0.66088018139927E-04  0.13228134991633E-02
  0.60216106183404E-05  0.59108184097143E-04  0.21962985100833E-03
  0.65001373894189E-04  0.27938662006421E-04  0.13350047783344E-02
  0.21193986021821E-04  0.34802548825428E-04  0.18314252571030E-03
  0.57415342389280E-04  0.16027058373027E-04  0.13384669342464E-02
  0.37943358267038E-04  0.18117950935017E-04  0.17728822765981E-03
  0.50128544692013E-04  0.23436466226307E-05  0.13384039854553E-02
  0.56561583698679E-04  0.91655055758757E-05  0.19262946236308E-03
  0.43693678402914E-04 -0.11814324978063E-04  0.13358123657930E-02
  0.75433590725162E-04  0.47861486810111E-05  0.22183659130130E-03
  0.36684018346594E-04 -0.26431161064294E-04  0.13323740896574E-02
  0.90353512135300E-04  0.25765826426887E-05  0.25845160115189E-03
  0.28151466378552E-04 -0.40709636648144E-04  0.13291213538535E-02
  0.96831283745098E-04  0.25186194682953E-06  0.29503471371206E-03
  0.17968694654762E-04 -0.54014995699097E-04  0.13257891101009E-02
  0.91629543843331E-04 -0.29450105237039E-05  0.32498403922984E-03
  0.71713592553225E-04 -0.69805046317450E-05  0.34317174189778E-03
  0.77807616627452E-04  0.39542861750915E-04  0.13086005370392E-02
  0.16910004428522E-04  0.72838613173308E-04  0.25621071450973E-03
  0.11393751225579E-04  0.83644855584648E-04  0.31713690801454E-03
 -0.19556028050836E-04  0.40164272363983E-05  0.20307107210797E-03
 -0.44598606526035E-04 -0.50465376740584E-04  0.13313623060708E-02
 -0.11398622472985E-04  0.61917888988436E-04  0.30067721753636E-03
 -0.51916932533082E-04 -0.42565249981854E-04  0.13276023752891E-02
 -0.26062504413008E-04 -0.19226169769511E-04  0.19882365501675E-03
 -0.59422567855281E-04 -0.28102815985373E-04  0.13210943432847E-02
 -0.35771762583589E-04 -0.35738913653328E-04  0.25390172897718E-03
 -0.65147511716624E-04 -0.92274197698901E-05  0.13150577034074E-02
 -0.51737405859946E-04 -0.32872632242326E-04  0.31701091469043E-03
 -0.69039369145823E-04  0.11108442003757E-04  0.13107986681533E-02
 -0.78415479576995E-04  0.69419628839683E-05  0.35031301906355E-03
  0.85537987896351E-04  0.25004653193933E-04  0.12985962929316E-02
  0.59572569512927E-04  0.29525814484161E-04  0.36814623901699E-03
  0.85030715856676E-04  0.35798535212276E-04  0.13021600032827E-02
  0.40332487893944E-04  0.79266698705986E-04  0.35393599041455E-03
 -0.35829308902971E-04 -0.51824749618112E-04  0.13326216546954E-02
  0.83967730747733E-04  0.41291795305320E-04  0.13075960428792E-02
 -0.20814341200116E-04  0.10148892410687E-04  0.24028752578034E-03
 -0.18751625643504E-04  0.14307834558307E-04  0.28095022548660E-03
  0.71825693400754E-04  0.33355401032802E-04  0.13156547858384E-02
  0.96792696171627E-04  0.47762911422876E-04  0.28232103462043E-03
  0.63485322724247E-04  0.25274107630291E-04  0.13200556994018E-02
  0.10294541721291E-03  0.37343855760355E-04  0.30752764080532E-03
  0.53661762963506E-04  0.16016677313376E-04  0.13223577339572E-02
  0.95943518952896E-04  0.30584515955276E-04  0.33150657730173E-03
  0.41963305041861E-04  0.58110424137142E-05  0.13232086783640E-02
  0.74082503715927E-04  0.26217948257044E-04  0.34463643804561E-03
  0.29371466487640E-04 -0.52612351031870E-05  0.13239621146782E-02
  0.43740817877014E-04  0.23616644243589E-04  0.34570688721791E-03
  0.15663305254583E-04 -0.16617511471261E-04  0.13251087235549E-02
  0.13878920147476E-04  0.21377376193061E-04  0.33593086675815E-03
  0.18908994058441E-05 -0.28069756286492E-04  0.13269933852045E-02
 -0.80913541104688E-05  0.18292942556965E-04  0.31449208630151E-03
 -0.11730680020775E-04 -0.39085743951022E-04  0.13294329735963E-02
 -0.24668951185148E-04 -0.47465844949513E-04  0.13319913250050E-02
  0.80560074578538E-04  0.40354127491713E-04  0.13190559168691E-02
  0.36836192397331E-04  0.88404826147644E-04  0.30513755991955E-03
  0.47665536259139E-04  0.66368047604926E-04  0.25064402505245E-03
 -0.26284834108323E-04  0.27262308004713E-05  0.27059892933988E-03
 -0.38199636708117E-04 -0.62519843661991E-04  0.13251868521884E-02
 -0.29494660332840E-04 -0.49834446606211E-05  0.23354609068035E-03
 -0.48374748291037E-04 -0.57662954446935E-04  0.13220029425147E-02
 -0.33094193989468E-04 -0.16879860139964E-04  0.21633275655318E-03
 -0.57965795541222E-04 -0.46829262430099E-04  0.13160995477361E-02
 -0.41170631725144E-04 -0.35926754024263E-04  0.24439568328181E-03
 -0.66194152529471E-04 -0.28750527011541E-04  0.13095798532828E-02
 -0.71337555314120E-04 -0.73364233755959E-05  0.13038410898566E-02
 -0.78160967790587E-04 -0.29503937466931E-04  0.35403406529251E-03
  0.84017187805443E-04  0.20994398638794E-04  0.13082835698095E-02
  0.40404512880876E-04  0.29426117935251E-05  0.34427435134137E-03
  0.84156707328485E-04  0.33129131413505E-04  0.13091692245299E-02
  0.21195212971314E-04  0.55063119149296E-04  0.35156983216652E-03
  0.83266748835522E-04  0.40600813175127E-04  0.13134886053571E-02
 -0.26983654165146E-04 -0.61233580110336E-04  0.13264285233683E-02
  0.80984193630724E-04  0.38815071970524E-04  0.13141644797343E-02
 -0.15599853021895E-04  0.77197931625120E-05  0.30741998576898E-03
  0.47092321036446E-05  0.10465277615354E-04  0.33375260283237E-03
  0.75450530170165E-04  0.31849444799962E-04  0.13202186802994E-02
  0.64497669026685E-04  0.44615005238219E-04  0.22908259577031E-03
  0.68296933593747E-04  0.22004835367941E-04  0.13241655281183E-02
  0.83343103688814E-04  0.31672144752033E-04  0.24492609469279E-03
  0.60442977161845E-04  0.11918442264584E-04  0.13258366679810E-02
  0.98855712037280E-04  0.23641119670277E-04  0.27794538245411E-03
  0.50758231911037E-04  0.12178782861335E-05  0.13257572959762E-02
  0.10203479055754E-03  0.18475074454824E-04  0.31084199686940E-03
  0.39214913563879E-04 -0.10482085258492E-04  0.13247604543053E-02
  0.89889938338999E-04  0.15798513860734E-04  0.33405479092305E-03
  0.26512363168309E-04 -0.22558193333550E-04  0.13240456836443E-02
  0.64481824234184E-04  0.14621553267536E-04  0.34566908165865E-03
  0.13075184619483E-04 -0.34145423299552E-04  0.13239340828295E-02
  0.33386867414263E-04  0.13436242379218E-04  0.34585887364351E-03
 -0.22923163524720E-06 -0.45826880102168E-04  0.13245310610391E-02
 -0.14293965582815E-04 -0.55082480239465E-04  0.13257759190442E-02
  0.13126316731837E-04  0.66449392477724E-04  0.13129370050585E-02
 -0.69380235911783E-05 -0.71155380820018E-05  0.13524147096963E-02
  0.16861952998016E-04  0.69275491447608E-04  0.12995729942022E-02
  0.76301516535180E-04  0.24594395150970E-05  0.13212809058520E-02
  0.24980348171403E-04 -0.23662714623452E-04  0.25370600945353E-03
  0.78388100843547E-04  0.17244947557620E-04  0.13164458354330E-02
  0.25463201355450E-04 -0.12225955145912E-04  0.31672663455040E-03
 -0.54007770470654E-04  0.40658130160997E-04  0.13206721150776E-02
 -0.99188134907644E-05 -0.13316895375694E-04  0.34302884744913E-03
 -0.44028899483351E-04  0.31948127772395E-04  0.13235656691907E-02
  0.70597401787526E-05 -0.53133569510653E-05  0.33167467211743E-03
 -0.31357466985457E-04  0.21783251907870E-04  0.13266041651643E-02
  0.19573860253104E-04 -0.11778070466118E-06  0.31221943227463E-03
 -0.17540411770506E-04  0.10792260122272E-04  0.13297032809480E-02
  0.27193851101150E-04  0.16723190017725E-05  0.28818141421732E-03
 -0.32616908427043E-05  0.36734485429172E-06  0.13331309209207E-02
  0.31478174417494E-04  0.27050624434034E-08  0.25921741904864E-03
  0.10749030429514E-04 -0.86531203290660E-05  0.13362604065426E-02
  0.20091471201974E-04 -0.16708023190663E-04  0.19703079093874E-03
  0.31178618058242E-04 -0.11442048740007E-05  0.22926888740108E-03
  0.70986981158186E-04 -0.11141445057595E-04  0.13269960659650E-02
  0.61206858366430E-04 -0.21895276376626E-04  0.13321549037552E-02
  0.47796418568474E-04 -0.25438253644670E-04  0.29857592987475E-03
 -0.41581282254176E-04  0.15257558475195E-04  0.13234454562484E-02
 -0.54444397153551E-05 -0.33048698318446E-04  0.34597376925761E-03
 -0.28814232995943E-04  0.39473335879178E-05  0.13253088580795E-02
  0.11228234735002E-04 -0.20937657601025E-04  0.33538373676483E-03
 -0.14360474924788E-04 -0.64286120724424E-05  0.13274548152583E-02
  0.25255577918694E-04 -0.11752095850768E-04  0.31861867099118E-03
  0.14314890466508E-05 -0.15508775733350E-04  0.13294960470267E-02
  0.33352033887963E-04 -0.65117596669389E-05  0.29422627955115E-03
  0.16886728362770E-04 -0.22184375625688E-04  0.13319212091496E-02
  0.36236331098620E-04 -0.36889030057930E-05  0.26238013150817E-03
  0.31889049462421E-04 -0.25995672624307E-04  0.13335169210725E-02
  0.33908226448919E-04 -0.40282634101563E-05  0.22630888163714E-03
  0.47038615952090E-04 -0.26428440613372E-04  0.13339403596577E-02
  0.28421707751209E-04 -0.61924025614471E-05  0.19344345478549E-03
  0.22427508929022E-04 -0.10275978554236E-04  0.17816772201096E-03
  0.81978122366942E-04  0.56375415654454E-05  0.13116856268541E-02
  0.24746290303579E-04 -0.15772200394104E-04  0.13389469761634E-02
  0.38443361983938E-04 -0.19510469432363E-04  0.13397944005993E-02
 -0.82877543158797E-05  0.16145927107753E-04  0.13365268819356E-02
  0.25547103754600E-04  0.12634092224094E-05  0.22128148522932E-03
  0.46589108015296E-05  0.46777149891084E-05  0.13402778720376E-02
  0.24498945948881E-04 -0.19464203848170E-05  0.19647321631891E-03
  0.17056792416991E-04 -0.50762097612508E-05  0.13432893892505E-02
  0.21287200693294E-04 -0.23473229013387E-05  0.17593833331348E-03
  0.28930855283914E-04 -0.12231772355383E-04  0.13447842250407E-02
  0.16412376558524E-04 -0.35207602230427E-05  0.15907832924761E-03
  0.40117672169763E-04 -0.14996993021254E-04  0.13442993062880E-02
  0.10214198616570E-04 -0.53195701086989E-05  0.14832383527165E-03
  0.49409627767247E-04 -0.12334681380269E-04  0.13415414910936E-02
  0.33215831786932E-05 -0.86466452198806E-05  0.15368391029158E-03
  0.54801183195059E-04 -0.46235719817048E-05  0.13351844934132E-02
 -0.17921342783686E-06 -0.16034368474661E-04  0.18999180458531E-03
  0.57430998092741E-04  0.71121247923019E-05  0.13285396349545E-02
  0.24148142845769E-04  0.57706738196405E-05  0.24769512946580E-03
  0.27800918384497E-04 -0.23432955163024E-05  0.19917984254132E-03
 -0.20475980144104E-04  0.27522296713715E-04  0.13324472339029E-02
 -0.32642960167212E-04  0.38514704051209E-04  0.13281734973178E-02
  0.21792468293817E-04 -0.45407378564018E-05  0.17264364717443E-03
  0.51573396188107E-04 -0.18642024909056E-04  0.13391015414690E-02
  0.14776526543991E-04 -0.71485294075986E-05  0.15805167883184E-03
  0.61390850808948E-04 -0.12140761090609E-04  0.13353570439261E-02
  0.89925110339495E-05 -0.12179823409347E-04  0.16985325955458E-03
  0.66977325997242E-04 -0.92323868623639E-06  0.13289232246695E-02
  0.89443542942263E-05 -0.19876420656964E-04  0.21699226373467E-03
  0.69417279559556E-04  0.12259687856288E-04  0.13232377983081E-02
  0.12813606469731E-04 -0.20177356513282E-04  0.28648501144439E-03
 -0.59468812078068E-04  0.59392686424909E-04  0.13123814360215E-02
 -0.21185113912558E-04  0.14794488507845E-04  0.34484271631658E-03
 -0.52546332517544E-04  0.54405537297928E-04  0.13185861685379E-02
  0.16925035339820E-07  0.16292862547553E-04  0.32590116704973E-03
 -0.43515745924119E-04  0.47105736804487E-04  0.13237067734705E-02
  0.13709643230821E-04  0.15181323308299E-04  0.30386342600442E-03
  0.20738340623635E-04  0.11149920467021E-04  0.27697329556516E-03
  0.41212937354236E-04 -0.23617943668513E-04  0.24156139190480E-03
  0.77689146673987E-04 -0.10692410479679E-04  0.13166760854441E-02
  0.37664303143412E-04 -0.15127889016215E-04  0.21444564573058E-03
  0.40440647953841E-04 -0.80519250766611E-04  0.35818179535650E-03
  0.45326989222847E-04 -0.55675498975273E-04  0.12966164712011E-02
  0.79162294946489E-04 -0.62142509979027E-04  0.37238308758146E-03
  0.58916554677710E-04 -0.41155634032416E-04  0.12871216560621E-02
  0.12158302429716E-03 -0.48769217676785E-04  0.39654704067506E-03
  0.67643014574087E-04 -0.21416306219474E-04  0.12788993101229E-02
  0.15327367333078E-03 -0.37878098392295E-04  0.42152699964137E-03
  0.72004066523139E-04  0.23114804969013E-06  0.12730577708371E-02
  0.15523430610816E-03 -0.94079394089916E-05  0.43172123708976E-03
 -0.38095384379976E-05 -0.54295561065558E-04  0.13212862039562E-02
 -0.72442601526310E-05 -0.86772823199275E-04  0.34133022311233E-03
  0.11639204772529E-04 -0.58002159328552E-04  0.13185467706424E-02
  0.14196446859511E-04 -0.69948980445263E-04  0.34376400830492E-03
  0.28731041199415E-04 -0.57460709773937E-04  0.13148335984186E-02
  0.38441188108536E-04 -0.50309814981683E-04  0.33940010306070E-03
  0.29334790776794E-04 -0.65033370468939E-04  0.13052244715237E-02
  0.46286983710920E-04 -0.51996686534820E-04  0.13097152910780E-02
  0.97356844254682E-05 -0.97000517398816E-04  0.34509095124177E-03
  0.16271404999206E-03 -0.34452967905060E-04  0.43654948845229E-03
  0.21156654902887E-04 -0.20869664722654E-04  0.12415499953697E-02
  0.66172234611237E-04 -0.56192552138994E-04  0.34590608506732E-03
  0.31902838278282E-04 -0.52060485082905E-04  0.12647660778286E-02
  0.10439598754495E-03 -0.13115916377368E-03  0.43514878316004E-03
  0.37991981783876E-04 -0.29635789566752E-04  0.12535757795459E-02
  0.12387195260984E-03 -0.78583514209418E-04  0.41267378681290E-03
  0.41526349835230E-04 -0.61139968959418E-05  0.12471497267512E-02
  0.12082448834225E-03 -0.13091882682849E-04  0.38367316648608E-03
  0.27487990956703E-04 -0.69514372688862E-04  0.12928023554469E-02
  0.49858291070389E-04 -0.11652304994392E-03  0.38149695226423E-03
  0.41017726688473E-04 -0.56374272428249E-04  0.12807175342510E-02
  0.98362493578831E-04 -0.10050752014908E-03  0.41457960569945E-03
  0.50733381997610E-04 -0.37264420381808E-04  0.12699601935961E-02
  0.14379463756948E-03 -0.73779366110698E-04  0.43589228284249E-03
  0.56395972062817E-04 -0.15056776771627E-04  0.12618033109370E-02
  0.13786370426779E-04 -0.68834554002988E-04  0.13126842411717E-02
  0.62448889435713E-04 -0.34532625876585E-04  0.33147628596932E-03
  0.62174213038619E-04 -0.41360828463293E-04  0.13025739389722E-02
  0.86743071761574E-04 -0.27529711920739E-04  0.33117577914914E-03
  0.84041114292058E-04  0.97525245825760E-05  0.12996052540769E-02
  0.77758770663254E-04 -0.18437454263594E-04  0.34895683203721E-03
 -0.25236662960042E-04 -0.13500180190292E-04  0.13244007702677E-02
 -0.12994512556956E-05 -0.48344048848076E-04  0.34630602811538E-03
 -0.10772010852201E-04 -0.23060546980684E-04  0.13252093553974E-02
  0.16379716623334E-04 -0.33773440415702E-04  0.33695764024037E-03
  0.51304410538695E-05 -0.30839816806169E-04  0.13262849597705E-02
  0.30399393073349E-04 -0.21056922482149E-04  0.31962752288371E-03
  0.21876337046276E-04 -0.35166200151982E-04  0.13271424893121E-02
  0.38756089828950E-04 -0.12022488958285E-04  0.29264706205284E-03
  0.38511528629169E-04 -0.36258488530097E-04  0.13270763111536E-02
  0.41125394865321E-04 -0.84725954017262E-05  0.25774601479607E-03
  0.54810584982202E-04 -0.32862582517093E-04  0.13261083754746E-02
  0.39822791959382E-04 -0.94895993452128E-05  0.22533220223194E-03
  0.68566704817668E-04 -0.24182503856673E-04  0.13223861611513E-02
  0.76858134610216E-04 -0.29760924054971E-04  0.30678652362102E-03
  0.80786827229272E-04 -0.88460999992740E-05  0.13040962452239E-02
  0.66211375766579E-04 -0.21436208338837E-04  0.27261932872863E-03
  0.73404687565322E-04 -0.25623085956357E-04  0.13099701208544E-02
  0.73199487287910E-04 -0.25370192168789E-04  0.12952581918453E-02
  0.10993372658859E-03 -0.30552053193972E-04  0.35118669984742E-03
  0.78597374936249E-04 -0.57075411714571E-05  0.12892931626638E-02
  0.12184208965531E-03 -0.28876057435398E-04  0.38101130862411E-03
 -0.21227229135994E-04 -0.30425399370748E-04  0.13241035547708E-02
 -0.14876057184582E-04 -0.75907851282758E-04  0.34495625231457E-03
 -0.71292749749604E-05 -0.39494179888426E-04  0.13232802254232E-02
  0.28902933286246E-05 -0.22836190661625E-04  0.25727086137048E-03
  0.40262546625779E-05 -0.61106654374276E-04  0.34444735987722E-03
  0.23034931900648E-04 -0.43273872340612E-04  0.33548263432145E-03
  0.25820558302308E-04 -0.47170660528244E-04  0.13216788809469E-02
  0.38782549723325E-04 -0.27576771280527E-04  0.31823623604142E-03
  0.43435868913633E-04 -0.44991805567191E-04  0.13195236682367E-02
  0.50271601727315E-04 -0.17511650186239E-04  0.29335715425542E-03
  0.60284903716029E-04 -0.38038884363068E-04  0.13158320134576E-02
  0.58267183607422E-04 -0.15507337401870E-04  0.27140580682079E-03
  0.87101338414567E-05 -0.45104654946283E-04  0.13227987844920E-02
 -0.79868688060278E-05  0.90501987159151E-04  0.35153930143148E-03
  0.57472352902178E-04  0.20347713270553E-04  0.13233930606407E-02
 -0.55145726585143E-04  0.64553505052840E-04  0.12933842265868E-02
 -0.13063860102632E-04 -0.26948017811918E-04  0.24650717906987E-03
  0.10216668385810E-04  0.13601363328233E-04  0.13282875277302E-02
 -0.17493370181399E-04 -0.19916193428957E-04  0.30894787651001E-03
  0.99820596240900E-05  0.27443875031977E-04  0.13245121856156E-02
 -0.33513673564726E-04  0.17150260111800E-04  0.34465796774312E-03
  0.69757319768289E-06  0.16412001890603E-04  0.12367374244537E-02
 -0.24617201961379E-05  0.37979569637763E-04  0.30734784394758E-03
  0.92781025436193E-06  0.38875106336066E-04  0.12442051601986E-02
 -0.11109131923505E-04  0.10791378717847E-03  0.36722299183316E-03
  0.58181453457006E-06  0.55494327344080E-04  0.12579460452231E-02
 -0.21582408144255E-04  0.15871006843810E-03  0.42969185019063E-03
 -0.59737602267492E-06  0.68163061051311E-04  0.12744857767135E-02
 -0.29507595022461E-04  0.15680652738238E-03  0.43054350179645E-03
 -0.25265857186669E-05  0.74799794547510E-04  0.12913420585084E-02
 -0.28317448672264E-04  0.11719404500920E-03  0.36915577774161E-03
  0.10845168923023E-04  0.14024548843644E-05  0.13341217123676E-02
 -0.36613719100488E-05  0.75362019403926E-04  0.13068341459312E-02
 -0.12067139493686E-04 -0.16790391179345E-04  0.18540924563414E-03
 -0.84246865861946E-05 -0.89013718383911E-05  0.15207939478416E-03
 -0.14768782342397E-04  0.61296864745925E-04  0.13342615780298E-02
  0.28119152479037E-05  0.16987587735311E-04  0.16852238412707E-03
 -0.10764565401169E-04  0.50013493677761E-04  0.13408952146431E-02
  0.26943806243916E-05  0.96195771476691E-05  0.15346352935870E-03
 -0.68496020608506E-05  0.36649222344094E-04  0.13459763722191E-02
  0.23022949509513E-05  0.57558980935306E-05  0.14730419530894E-03
 -0.37368981235819E-05  0.23015657763252E-04  0.13497641924935E-02
  0.19747302307871E-05  0.26614421842907E-05  0.14567047298765E-03
 -0.60005297925938E-06  0.99947571243987E-05  0.13521505888341E-02
  0.95590863795356E-06  0.84014189971650E-06  0.14387701481518E-03
  0.20037267981427E-05 -0.96898650827038E-06  0.13529055025103E-02
 -0.57116135788199E-06 -0.97275592901373E-06  0.14279056938440E-03
  0.51592579869263E-05 -0.83711683266032E-05  0.13515892256856E-02
 -0.37268423235496E-05 -0.40917161736972E-05  0.14338573355926E-03
  0.84645768638107E-05 -0.10415620571500E-04  0.13476411073379E-02
  0.10849007928732E-04 -0.71327599235930E-05  0.13414564998336E-02
  0.51876532464197E-06  0.30648173619666E-04  0.19643948548300E-03
 -0.19176553959690E-04  0.75422920377847E-04  0.29405318027076E-03
 -0.10268115799135E-04  0.46273166158177E-04  0.23514937108803E-03
 -0.14398895916106E-04 -0.24470968646199E-04  0.21809201801134E-03
 -0.51383695250735E-05  0.56755244201542E-05  0.13309804876428E-02
 -0.18059698758730E-04 -0.27741054057888E-04  0.28371152115410E-03
 -0.58917589072990E-05  0.19844400935362E-04  0.13261512840931E-02
 -0.30506803199625E-04 -0.32108595910859E-05  0.33320101664076E-03
  0.22920019101414E-04  0.42112764841395E-05  0.12383856103391E-02
  0.56559319207379E-04  0.12828938983422E-04  0.32081264673478E-03
  0.22791053922149E-04  0.27597398222910E-04  0.12422731485604E-02
  0.52358278337388E-04  0.81932516979909E-04  0.35235499103545E-03
  0.22728448770190E-04  0.45681881961702E-04  0.12526625714400E-02
  0.46503920945698E-04  0.14216028642148E-03  0.41130257407390E-03
  0.21170460274376E-04  0.59600190459032E-04  0.12674695252757E-02
  0.28117143854247E-04  0.15743497194826E-03  0.43622163699564E-03
  0.19740015215687E-04  0.67668298664205E-04  0.12837687494504E-02
  0.59473454051442E-05  0.12848161634266E-03  0.40558321674094E-03
 -0.45439565027641E-05 -0.51730801589382E-05  0.13376627585332E-02
 -0.46033643996437E-05  0.70723780810293E-04  0.13195435326992E-02
 -0.12231846030341E-04 -0.14640946194150E-04  0.16826383441472E-03
 -0.87121928403068E-05 -0.78382915948657E-05  0.14698408351999E-03
 -0.47234637326511E-05  0.62175022254582E-04  0.13295707196418E-02
 -0.51984737744206E-05  0.29474941707719E-04  0.19599663714354E-03
 -0.50991494682032E-05  0.51733918935900E-04  0.13372388733223E-02
 -0.38558137224193E-05  0.20032922042777E-04  0.17168563306874E-03
 -0.47430912811098E-05  0.39667895514324E-04  0.13432277129457E-02
 -0.36792579564687E-05  0.14507553034593E-04  0.15770733282374E-03
 -0.53633348909364E-05  0.26673748372110E-04  0.13477974679845E-02
 -0.37810094258005E-05  0.10202657528491E-04  0.15137385564420E-03
 -0.62642401398502E-05  0.13856891346863E-04  0.13510535349188E-02
 -0.38815493007030E-05  0.58484360544829E-05  0.14677052938064E-03
 -0.68970780992224E-05  0.17713899407677E-05  0.13527226932638E-02
 -0.39729020011704E-05  0.19454202654019E-05  0.14457341122935E-03
 -0.13875424150298E-04  0.57369045018490E-04  0.34574258769674E-03
 -0.54885477305927E-05 -0.23302890263140E-05  0.14271106174404E-03
 -0.60276797652674E-05 -0.11636990222111E-04  0.13498059743580E-02
 -0.45344591915655E-05 -0.10961612888584E-04  0.13447222459484E-02
 -0.18183146229936E-04  0.70129053270179E-04  0.13255018342320E-02
 -0.65153950211400E-05  0.54923166623174E-04  0.24418486410274E-03
 -0.21029674682616E-04  0.75528569740850E-04  0.13142166289902E-02
  0.27370459182962E-04 -0.10750692057589E-04  0.13482300931984E-02
  0.63131874956379E-05 -0.37048722823335E-05  0.14415356082752E-03
  0.35162671512517E-04 -0.11530914370681E-04  0.13459103448731E-02
  0.44234524477856E-07 -0.64927236500580E-05  0.14558057206966E-03
  0.40344115308870E-04 -0.71974222523032E-05  0.13403999932243E-02
 -0.48599711188972E-05 -0.12518887489700E-04  0.17199358329926E-03
  0.42796874475199E-04  0.19206009841724E-05  0.13330751641279E-02
 -0.50015546149303E-05 -0.22076955362453E-04  0.23001860876655E-03
  0.43409531145616E-04  0.13941653024677E-04  0.13270018639709E-02
 -0.51437952518998E-05 -0.19747546701659E-04  0.29835229349631E-03
 -0.41321430118497E-04  0.55819433542077E-04  0.12658018245331E-02
 -0.10015594541583E-03  0.11473674356737E-03  0.43558757408767E-03
 -0.41059666353381E-04  0.66043040624102E-04  0.12801036979606E-02
 -0.58778858713657E-04  0.11950130539957E-03  0.41060701305714E-03
 -0.39507873866729E-04  0.71534789806452E-04  0.12952948079505E-02
  0.11530095807276E-04 -0.24072765987230E-05  0.15043440175675E-03
 -0.24523948781950E-04  0.97919891927680E-04  0.35456892106274E-03
  0.18596538850628E-04 -0.43046847325574E-05  0.13484865327808E-02
  0.91774345488796E-05  0.57016672398719E-05  0.13468091178727E-02
 -0.50289967774907E-04  0.64700260387078E-04  0.37646166600671E-03
 -0.52006573932385E-04  0.66864815052239E-04  0.13052486064019E-02
 -0.17498569705258E-04  0.55202605795834E-04  0.34077679528242E-03
 -0.46825430373449E-04  0.65639848332794E-04  0.13147369171271E-02
  0.22815046858484E-05  0.41440622192784E-04  0.30271716867222E-03
 -0.39985875972134E-04  0.60616085503640E-04  0.13226700659212E-02
  0.12478557468316E-04  0.27885094652193E-04  0.26754230003105E-03
 -0.31664864623032E-04  0.53311227183882E-04  0.13294368387585E-02
  0.16630316184000E-04  0.15592597717608E-04  0.23531596661472E-03
 -0.22035648589290E-04  0.43069508933863E-04  0.13349443996211E-02
  0.17706507352182E-04  0.63863113578797E-05  0.20699921764342E-03
 -0.11930078540686E-04  0.30696596879208E-04  0.13397410135753E-02
  0.17513502125320E-04  0.13712030217608E-05  0.18584537503276E-03
 -0.14577359946280E-05  0.18003062161135E-04  0.13438050752602E-02
  0.17078199160815E-04 -0.20620552508020E-05  0.17051926734066E-03
  0.15018875283376E-04 -0.26379329353659E-05  0.15914725199379E-03
 -0.36958526462861E-04  0.73143161417807E-04  0.13086448457823E-02
 -0.46204641270208E-05  0.66217345706037E-04  0.29141551503831E-03
 -0.32878130381441E-04  0.70533619658461E-04  0.13197612039962E-02
 -0.96166993603003E-05 -0.19557725619928E-04  0.20574063988383E-03
  0.27146739977095E-04  0.77501215850293E-05  0.13304795190337E-02
 -0.96591068388663E-05 -0.25643403227617E-04  0.27336913285772E-03
  0.26563564795003E-04  0.20781111858533E-04  0.13256479109177E-02
 -0.16946149262787E-04 -0.64563965726296E-05  0.32891432453074E-03
 -0.21218579310566E-04  0.28117032088653E-04  0.12421811661400E-02
 -0.66595878856475E-04  0.65378039269343E-04  0.35450001934682E-03
 -0.21564284961051E-04  0.47944313207781E-04  0.12529868372510E-02
 -0.71210885998410E-04  0.12801988239680E-03  0.41470992615170E-03
 -0.21680135300174E-04  0.62938365141249E-04  0.12679272451752E-02
 -0.59777133871821E-04  0.15574272725862E-03  0.43884827955761E-03
 -0.22180232551598E-04  0.72377216261496E-04  0.12845173283273E-02
 -0.39670718544155E-04  0.13597384933438E-03  0.39644021005917E-03
 -0.22003934626849E-04  0.76517660633912E-04  0.13003970535290E-02
 -0.20391781293023E-04  0.93425964547717E-04  0.31721200184516E-03
  0.26972904027142E-04 -0.27754065622637E-05  0.13373090460587E-02
 -0.72049195719842E-05 -0.99833704707223E-05  0.16006297300868E-03
  0.24703015626309E-04 -0.90608365983952E-05  0.13445603742134E-02
 -0.19726108949679E-05 -0.49974429432847E-05  0.14346544866834E-03
  0.51428547285085E-05  0.38966289564165E-04  0.23907241179082E-03
 -0.27238984849159E-04  0.64265413199141E-04  0.13289323292303E-02
  0.93473321993500E-05  0.20399566184196E-04  0.20168696701748E-03
 -0.20450142035464E-04  0.54892793266303E-04  0.13360515634668E-02
  0.10265814542040E-04  0.89541767830670E-05  0.17622484333070E-03
 -0.13034949343459E-04  0.42734924719491E-04  0.13415345371709E-02
  0.95122590299332E-05  0.33785818064435E-05  0.16095707996745E-03
 -0.41044422293005E-06 -0.86003545940101E-05  0.32051650781126E-03
 -0.56145849930779E-05  0.28900228462039E-04  0.13459747080256E-02
  0.17136748170857E-05  0.15669034017423E-04  0.13491877451583E-02
  0.84613843923982E-05 -0.15469408314752E-05  0.14932378917123E-03
  0.80974821734509E-05  0.33086524377839E-05  0.13510559032652E-02
  0.61680647509006E-05 -0.15072272272176E-05  0.14555283597158E-03
  0.14268683798726E-04 -0.57796156357374E-05  0.13512010678989E-02
  0.29211882252064E-05 -0.24246787863233E-05  0.14232594617331E-03
  0.19885723297256E-04 -0.99775306048724E-05  0.13491721964555E-02
  0.93157446802512E-05  0.32702118220923E-06  0.15427562330232E-03
  0.67284398635585E-04  0.41824258549407E-04  0.13229692984358E-02
 -0.54182079185517E-04 -0.50034967249185E-04  0.30520477783032E-03
 -0.64279249308622E-04  0.11057391546043E-05  0.22443650823690E-03
 -0.20709227774322E-05  0.13535788293566E-04  0.13541725063290E-02
 -0.46889535858972E-04 -0.27421415772120E-04  0.20595821080006E-03
 -0.13912789938587E-04  0.24906797437079E-04  0.16102073042016E-03
  0.12778843895500E-05  0.26265151940715E-04  0.13500423120320E-02
 -0.61924685134922E-04  0.29229316160493E-04  0.13322861419804E-02
 -0.26596393860795E-04  0.45963460350864E-04  0.18519413854347E-03
 -0.49268245774616E-04 -0.50579168946875E-04  0.23369332719991E-03
  0.53111633587260E-05  0.37280283388436E-04  0.13424973588879E-02
 -0.43897062426983E-04  0.71468185815517E-04  0.23719706221321E-03
  0.73862642601116E-05  0.45524675616830E-04  0.13346048240355E-02
 -0.59358078805787E-04  0.17644508167074E-04  0.13308450410123E-02
 -0.57116226840739E-04  0.86467435606473E-04  0.30184771352823E-03
 -0.71145124522791E-05  0.93035403294685E-05  0.15428540305116E-03
 -0.50720956755469E-04 -0.69314298818979E-04  0.26617413471197E-03
 -0.53167443785757E-04  0.65253968352862E-04  0.34280637054572E-03
  0.93882823738565E-05  0.38726292723949E-04  0.13241353993597E-02
 -0.53568648827705E-04  0.49995574820198E-05  0.13292375251820E-02
 -0.48585207955679E-04 -0.82329546662239E-04  0.29688120173351E-03
  0.39677323247837E-05 -0.25527009485935E-04  0.30318311095030E-03
  0.41056253237711E-06 -0.89261123223991E-05  0.12363266118046E-02
 -0.44959628009533E-04 -0.77791426819237E-05  0.13271917283548E-02
  0.15295826426726E-04 -0.97585461612411E-04  0.35759599834504E-03
  0.66216232958907E-06 -0.33868744112613E-04  0.12432291229539E-02
 -0.42797506063515E-04 -0.87839156001075E-04  0.32092114712772E-03
  0.30661626610446E-04 -0.15673843733529E-03  0.42436184228113E-03
 -0.16811071578648E-05 -0.55800232993395E-04  0.12559864862141E-02
  0.84246922440207E-05  0.45387480456213E-04  0.13286664341304E-02
 -0.33783051482812E-04 -0.20110665689749E-04  0.13255569996388E-02
 -0.62823787779091E-04  0.38182391114399E-04  0.13328792539809E-02
 -0.25306136878645E-05 -0.23889310051556E-05  0.15406433115871E-03
 -0.61368342289065E-04  0.26405762014691E-04  0.13158027400091E-02
  0.38590889762449E-04 -0.12466748823239E-03  0.33330447191914E-03
  0.87148290950980E-08 -0.86239596701232E-04  0.12971158359592E-02
 -0.79510585136614E-04  0.38182119897385E-04  0.34504052546321E-03
  0.25729484790541E-04 -0.88981847863161E-04  0.26265851493564E-03
 -0.55472499176963E-05 -0.87468515411506E-04  0.13112422661537E-02
 -0.62173181186086E-04  0.40656625652458E-04  0.13167082304094E-02
  0.17318378325770E-04 -0.63057870147376E-04  0.21485072290938E-03
 -0.92968805883485E-05 -0.82872802045110E-04  0.13230845940447E-02
 -0.90065262156793E-04  0.69080078679001E-04  0.31316141463035E-03
  0.12384840559005E-04 -0.46312418397163E-04  0.18721320178960E-03
 -0.11061666155978E-04 -0.73322943290587E-04  0.13325083155795E-02
 -0.46042528743972E-05 -0.10035122162567E-05  0.13553670508387E-02
 -0.60671846815499E-04  0.47345409223117E-04  0.13211265509106E-02
  0.79428478771196E-05 -0.34359094027106E-04  0.17043524349323E-03
 -0.11636135235217E-04 -0.60785922005130E-04  0.13403927625856E-02
  0.39239434747192E-05 -0.26267684948095E-04  0.16026800832713E-03
 -0.60373575517840E-04  0.48384824819221E-04  0.13264916269328E-02
 -0.10529022011997E-04 -0.46569767511305E-04  0.13466294739837E-02
 -0.56855779693806E-04  0.28246806519092E-04  0.20662431311270E-03
  0.18450347138401E-05 -0.20458398188940E-04  0.15647902643872E-03
 -0.90570796000814E-05 -0.30961320242494E-04  0.13512130817448E-02
  0.35995541559300E-06 -0.12425991873693E-04  0.15540533025441E-03
 -0.61946183784430E-04  0.44385218582614E-04  0.13313633043642E-02
 -0.66965747487773E-05 -0.16101699232995E-04  0.13543159753856E-02
 -0.47779587176770E-04 -0.15347137086202E-05  0.19322452041264E-03
 -0.75480061300567E-04  0.58236424287378E-04  0.25343392170454E-03
  0.73536827512395E-05 -0.79007608676425E-04  0.12821789947115E-02
  0.46645394216142E-04 -0.16427127024264E-03  0.43458482303455E-03
 -0.31507668221685E-04 -0.85427633687305E-04  0.33678770593686E-03
 -0.68980831600952E-04  0.39411490346390E-04  0.13260009106241E-02
 -0.54644153576512E-05  0.17824898880133E-04  0.15748779773527E-03
 -0.58937292524484E-04 -0.50772058114363E-04  0.26535267918374E-03
  0.13282252718785E-04  0.17944788064292E-04  0.13521821431514E-02
 -0.16022146398516E-04  0.36279187375053E-04  0.17308209692899E-03
  0.17810451679789E-04  0.30020009379066E-04  0.13461735352254E-02
 -0.64935208520963E-04  0.30395957489343E-04  0.13260603531352E-02
 -0.31768934890123E-04  0.60548550554488E-04  0.21314242718301E-03
 -0.56161421378623E-04 -0.66291039614619E-04  0.29779518120400E-03
  0.21617729584886E-04  0.40704511393451E-04  0.13377921536355E-02
 -0.46831070374562E-04  0.82706287482950E-04  0.27658725290851E-03
  0.23663834519053E-04  0.45101339665639E-04  0.13308495402401E-02
  0.91337875780363E-05  0.37150666926623E-05  0.13549756481631E-02
 -0.58756641955795E-04  0.20142472319323E-04  0.13254509229490E-02
 -0.50408165798677E-04  0.79634500675075E-04  0.33031950516062E-03
  0.25028277364346E-04  0.41453023523288E-04  0.13254787332336E-02
 -0.49320461651325E-04  0.90191693407513E-05  0.13246694863272E-02
 -0.36235575418879E-04  0.39260495345034E-04  0.34926381970220E-03
  0.25939938311876E-04  0.33256783366132E-04  0.13230409879900E-02
 -0.36373259243234E-04 -0.71306605760948E-04  0.34115348278026E-03
 -0.49821098283445E-04 -0.67506546066620E-04  0.34656727207620E-03
 -0.19030651735512E-04 -0.20784880429551E-04  0.12419229747311E-02
 -0.37958918368679E-04 -0.23168206564145E-05  0.13242046889348E-02
 -0.37831230130766E-04 -0.13072613966542E-03  0.40571042297985E-03
 -0.18477688789716E-04 -0.44833627464529E-04  0.12517500884287E-02
 -0.20414682268385E-04 -0.61980106866764E-04  0.34751441415904E-03
 -0.48638403150744E-04 -0.72958408363543E-04  0.32433922669566E-03
 -0.31235714045623E-05 -0.74101187268320E-04  0.12720566321614E-02
  0.22458218091458E-05  0.51653934628223E-05  0.15459164850178E-03
  0.57299769522391E-05 -0.11527756660036E-04  0.13550180705715E-02
  0.53283745221173E-04 -0.12945704266247E-03  0.38198854630854E-03
 -0.52844288087414E-05 -0.85021439194437E-04  0.12884048815751E-02
 -0.70748794636931E-04  0.30010684243535E-04  0.13095173129181E-02
  0.52019863754932E-04 -0.89605410972380E-04  0.31121013109956E-03
 -0.64614044543519E-05 -0.89706113866570E-04  0.13034972944228E-02
 -0.10107859418972E-03  0.51978952720046E-04  0.34182848847775E-03
  0.46102175269691E-04 -0.60175913324674E-04  0.25311098510319E-03
 -0.75631985492640E-05 -0.88748799113559E-04  0.13165129728285E-02
 -0.69490331571654E-04  0.42922006558706E-04  0.13119304217949E-02
 -0.98568616350626E-04  0.60272384210534E-04  0.29610716699623E-03
  0.39487783306614E-04 -0.41988790264932E-04  0.21309505456411E-03
 -0.70026041881036E-05 -0.82397454712700E-04  0.13267818792254E-02
 -0.59527842627557E-04 -0.27607849869619E-04  0.23599988955877E-03
  0.33024657236802E-04 -0.30179198736365E-04  0.18751505577822E-03
 -0.54333037982788E-05 -0.71270799514007E-04  0.13352519472624E-02
 -0.78771058285867E-04  0.34005142018330E-04  0.24527844981066E-03
  0.25263842859443E-04 -0.22285646912307E-04  0.17089104717900E-03
 -0.28794846005610E-05 -0.58005244833196E-04  0.13425112030888E-02
  0.18724032787219E-04 -0.16809920880374E-04  0.16171415277555E-03
 -0.69098336128685E-04  0.48848757676835E-04  0.13213716528231E-02
 -0.17634973409538E-06 -0.42775915760885E-04  0.13482399931221E-02
 -0.30227775003135E-04  0.20112831659172E-04  0.16922750031525E-03
  0.14121299031448E-04 -0.11937491171248E-04  0.15827593899663E-03
  0.27944003885045E-05 -0.27257904914085E-04  0.13524774919840E-02
 -0.70171259202356E-04  0.45524810037441E-04  0.13248579686818E-02
  0.86688133731677E-05 -0.44451459358646E-05  0.15601365959780E-03
 -0.68338997619271E-04  0.48686699654846E-04  0.13162443397731E-02
  0.55474684568580E-04 -0.16128207353777E-03  0.40721722583164E-03
 -0.24293004331362E-04 -0.96646439099662E-04  0.33109819192145E-03
  0.12997086407735E-04 -0.64207627312814E-04  0.12660570494258E-02
 -0.32346165610117E-04 -0.38170020394871E-04  0.13327712517188E-02
 -0.22623523984966E-04 -0.43492248028186E-04  0.17934451682051E-03
 -0.35960293910568E-04 -0.84512321302873E-04  0.25038334205439E-03
 -0.30006058222708E-04 -0.21778505306500E-04  0.13444482877769E-02
 -0.19910850371102E-04 -0.30157672351347E-04  0.16912144435821E-03
 -0.30684955798075E-04 -0.73852659717106E-05  0.13480282638447E-02
 -0.24925762241203E-04 -0.51111698113602E-04  0.13283518332481E-02
 -0.18079686262556E-04 -0.16451771514567E-04  0.16169447402530E-03
 -0.32669619403915E-04 -0.97599187534288E-04  0.27909784090106E-03
 -0.30059162288981E-04  0.69085773229125E-05  0.13500694111931E-02
 -0.18145047819184E-04 -0.17412926967422E-05  0.15798311948881E-03
 -0.28438310171018E-04  0.20149844327964E-04  0.13501863394327E-02
 -0.28094913060286E-04 -0.36770379211695E-04  0.13398596614746E-02
 -0.13874007614322E-04 -0.61378004937101E-04  0.13237728547004E-02
 -0.21196625031482E-04  0.16590184697626E-04  0.16064534934261E-03
 -0.26678814402349E-04  0.30715359852294E-04  0.13476470396486E-02
 -0.12069141950714E-05 -0.67403170699301E-04  0.13188430535836E-02
 -0.30981024207810E-04  0.39025814270399E-04  0.17890769608237E-03
 -0.24063771231496E-04  0.40415998548397E-04  0.13413207292694E-02
 -0.11909095902825E-04 -0.10582189973594E-03  0.32719792256970E-03
 -0.48371819877088E-04  0.65021296157211E-04  0.22504084459284E-03
 -0.22755159144677E-04  0.47789006483746E-04  0.13336150525906E-02
 -0.50404696002246E-04  0.37822101883644E-04  0.13198536042002E-02
 -0.65737550804653E-04  0.83069134818232E-04  0.28992907883014E-03
 -0.22659682328134E-04  0.47444261954243E-04  0.13277523654960E-02
 -0.79294619609274E-04  0.62765176159321E-04  0.33351422882698E-03
 -0.25381062489721E-04 -0.10549485031030E-03  0.30520033514452E-03
 -0.65654688160031E-04  0.67295852247654E-04  0.33708050482498E-03
 -0.25310161269006E-04 -0.56188156717748E-04  0.19363552538968E-03
 -0.24808911791193E-04 -0.50705702949370E-04  0.13346704130044E-02
 -0.42712258873126E-04  0.45604109574671E-04  0.19646905624917E-03
 -0.37108066603845E-04  0.45732834958778E-04  0.13352389302800E-02
 -0.40580262397882E-04  0.29400014873602E-04  0.13454596237347E-02
 -0.62316991106969E-04  0.72259890438207E-04  0.25298429018557E-03
 -0.36818606481880E-04  0.48771156650491E-04  0.13288778849884E-02
 -0.26122641913701E-04 -0.19030730521242E-05  0.16432963054859E-03
 -0.74477449071685E-04  0.78167940164585E-04  0.31438035154325E-03
 -0.37233058917309E-04  0.44327830305651E-04  0.13237588045900E-02
 -0.41800423001481E-04  0.18410923345475E-04  0.13454061650899E-02
 -0.26642139928324E-04 -0.20861170148280E-04  0.17099364455017E-03
 -0.63721384011353E-04  0.44948208087845E-04  0.34449916835511E-03
 -0.36276467157292E-04  0.32792922788791E-04  0.13221582344877E-02
 -0.35614670492855E-04 -0.70181283209806E-04  0.22412967036379E-03
  0.14868874591402E-04 -0.12130559258758E-03  0.34596019851754E-03
  0.13397520825281E-04 -0.76384688952992E-04  0.13042592595568E-02
 -0.29297761769161E-04 -0.37645962870551E-04  0.18400366626760E-03
 -0.60690121178231E-05 -0.11508988859336E-03  0.30912270378600E-03
  0.64256783392916E-06 -0.77657940990647E-04  0.13141933268024E-02
 -0.16734429508790E-04 -0.10253655904051E-03  0.27331727338646E-03
 -0.40772726126909E-04 -0.89958004720697E-05  0.13402799148308E-02
 -0.10479537512392E-04 -0.72939064872763E-04  0.13219128762589E-02
 -0.32301259076416E-04 -0.54320111357859E-04  0.20218094614852E-03
 -0.22477663938800E-04 -0.87077989084140E-04  0.24191870632793E-03
 -0.18672183455203E-04 -0.63451033649969E-04  0.13287078115106E-02
 -0.37752422870985E-04 -0.23444526111726E-04  0.13364554966412E-02
 -0.25126515049286E-04 -0.70609130943718E-04  0.21490119500923E-03
 -0.41950933033212E-04  0.51020635393489E-05  0.13436156636646E-02
 -0.22309420451706E-04  0.40341685720471E-04  0.13236079555603E-02
 -0.50217902103677E-04  0.46719496691402E-04  0.13232316482530E-02
  0.67017022678122E-04 -0.15219593380964E-03  0.41787773357229E-03
 -0.10897938108586E-04 -0.17727272115973E-05  0.15449740193452E-03
 -0.16219906766193E-04  0.94524892961391E-05  0.13536705946179E-02
 -0.50790486702084E-04  0.42072597783155E-05  0.13357404541124E-02
 -0.14237870413769E-04  0.13088615041569E-04  0.15587431132693E-03
 -0.14503727068727E-04  0.22572281761325E-04  0.13517187238759E-02
 -0.42087627190178E-04 -0.64209631555595E-04  0.23233676393436E-03
 -0.21739521439313E-04  0.31928090320651E-04  0.16744734741743E-03
 -0.11375644276711E-04  0.33572531073136E-04  0.13463848413916E-02
 -0.46806512871021E-04 -0.94147972903304E-05  0.13328154005317E-02
 -0.36979754039426E-04  0.55200910842315E-04  0.20190204016552E-03
 -0.43919746111423E-04 -0.80315875278943E-04  0.26129590074721E-03
 -0.85010606171914E-05  0.43424349543981E-04  0.13381765290934E-02
 -0.38991969847933E-04 -0.45227345432402E-04  0.20566514380033E-03
 -0.55330365690791E-04  0.79179933899167E-04  0.26336374576377E-03
 -0.39428762151340E-04 -0.23663426672770E-04  0.13300525470535E-02
 -0.63554181791562E-04  0.81082391570737E-04  0.32225682204900E-03
 -0.42264681711150E-04 -0.91860179463328E-04  0.28884050626053E-03
 -0.71720225025543E-05  0.43613563070472E-04  0.13260083130417E-02
 -0.51292748387664E-04  0.44160621467771E-04  0.34747775196691E-03
 -0.62673542482945E-05  0.33843297633755E-04  0.13236810210423E-02
 -0.29498968946687E-04 -0.36468742253738E-04  0.13270596250333E-02
 -0.35790670727301E-04 -0.97642977137403E-04  0.31331601691421E-03
  0.74476552560102E-04 -0.12814329248394E-03  0.40621125346945E-03
  0.17947233610564E-04 -0.44254448306510E-04  0.12511807591065E-02
 -0.17392615494765E-04 -0.46821528043568E-04  0.13241143847184E-02
  0.70282360909207E-04 -0.16955199020929E-03  0.43970701271104E-03
 -0.75666515975978E-05  0.47498604595427E-04  0.13312578000573E-02
 -0.17945568080790E-04 -0.47353676477202E-05  0.13532957205534E-02
 -0.21349364190547E-04  0.82968776843733E-04  0.31040121236886E-03
 -0.98807671223841E-05 -0.13784552875858E-04  0.15675567540278E-03
  0.22488584961954E-04 -0.69107319478737E-04  0.12791945309611E-02
 -0.76842469523685E-04  0.74978000410426E-04  0.28301451661301E-03
  0.33341884926549E-04 -0.14328561113072E-03  0.36553195542535E-03
  0.12147387595035E-04 -0.79913136337993E-04  0.12932956621986E-02
 -0.49206980748385E-04  0.48401970870416E-04  0.13284944902061E-02
 -0.57234925357060E-04  0.52587809140808E-04  0.22087630304383E-03
  0.11890946998011E-04 -0.11962891369464E-03  0.30419502255505E-03
  0.12554966097064E-05 -0.83967445431878E-04  0.13063130471218E-02
  0.34729271747983E-06 -0.94195934872016E-04  0.25157691295733E-03
 -0.50032172433550E-04  0.44564881952136E-04  0.13348854619908E-02
 -0.73161945342868E-05 -0.81992046176992E-04  0.13178930815383E-02
 -0.41275967326695E-04  0.23575922600128E-04  0.18340516595228E-03
 -0.60547313363702E-05 -0.73364526690502E-04  0.21481696061167E-03
 -0.13376429717366E-04 -0.73980001733562E-04  0.13272216290915E-02
 -0.92883444556032E-05 -0.56756370965177E-04  0.19147242970485E-03
 -0.52117587747543E-04  0.37812455499972E-04  0.13390798007800E-02
 -0.17296055321439E-04 -0.62457106368422E-04  0.13351295739094E-02
 -0.35616830191869E-04 -0.20072093211864E-05  0.17510138746396E-03
 -0.11392812022967E-04 -0.43380769336350E-04  0.17500872061090E-03
 -0.19237806199251E-04 -0.49357286778467E-04  0.13416593056761E-02
 -0.53060650531651E-04  0.29021529215855E-04  0.13396792442422E-02
 -0.11055651696454E-04 -0.33754171035555E-04  0.16479324545082E-03
 -0.19626027835173E-04 -0.34346298145461E-04  0.13469348442465E-02
 -0.36514158703987E-04 -0.24742778931346E-04  0.18524136650545E-03
 -0.99292403241582E-05 -0.24321531323028E-04  0.16012214314365E-03
 -0.19384639311751E-04 -0.19280617151396E-04  0.13508966168554E-02
 -0.52633124849590E-04  0.17622117929399E-04  0.13382011336548E-02
 -0.11051836642380E-04 -0.15194547750243E-03  0.43619575102846E-03
 -0.17210228256816E-04 -0.66278588769773E-04  0.12654891610163E-02
 -0.38686589453645E-04  0.38083984991197E-04  0.13420122627491E-02
  0.17256202643565E-04 -0.47749118306481E-04  0.13393221204224E-02
 -0.21354754024944E-05 -0.83739096450801E-04  0.38256978403257E-03
 -0.22542958440311E-04 -0.83177585019222E-04  0.12920464013495E-02
  0.55812264680877E-04 -0.26377913495100E-04  0.34260659906795E-03
 -0.17358624228081E-03  0.41291029613286E-04  0.43807671116864E-03
  0.36892308864461E-04 -0.57576690547366E-04  0.35437840356097E-03
 -0.71946038864589E-04  0.53149984539503E-04  0.13019297327286E-02
 -0.16587545043229E-04 -0.88466945896953E-04  0.13047095130502E-02
 -0.17088045025990E-04 -0.86568537393800E-04  0.13112796865344E-02
 -0.10027019285459E-03 -0.74474226891314E-05  0.33118431949391E-03
 -0.71714879823614E-05 -0.83852993909105E-04  0.13177587760195E-02
  0.64144401338238E-04 -0.41488454946806E-04  0.32868618267345E-03
 -0.91917694894624E-05 -0.88745764065942E-04  0.13145587779142E-02
  0.21244900435484E-04 -0.35397834949312E-04  0.35011004025223E-03
  0.77444555541844E-04 -0.29962278833869E-04  0.30085142244106E-03
 -0.71535302300605E-04  0.54130055998403E-04  0.13091686357427E-02
 -0.15240468522300E-05 -0.83760237405918E-04  0.13220405923267E-02
 -0.26735282918333E-04 -0.83076897825832E-04  0.13029516183707E-02
 -0.76250526689819E-04 -0.23262755109228E-04  0.33491399027741E-03
  0.79776802670626E-04 -0.20559024398974E-04  0.26983589392765E-03
 -0.19607621504451E-04 -0.50362088301774E-04  0.35545863317109E-03
 -0.55833728796671E-04  0.31165061375038E-04  0.12620711284415E-02
  0.56024067141801E-05 -0.74303491158765E-04  0.13282183306931E-02
 -0.12827337067019E-03  0.19089661900692E-04  0.34744097185690E-03
 -0.28512167971867E-04 -0.72068702727763E-04  0.12780328485874E-02
 -0.36616196190089E-04  0.60676599749126E-04  0.34572707199171E-03
 -0.55700175909900E-04  0.59388367329455E-04  0.12804380295493E-02
  0.41332820999173E-04  0.37257537210889E-04  0.13228499315947E-02
 -0.73735657726792E-04  0.19326728409226E-04  0.12872397733717E-02
  0.12011100059838E-04 -0.66311694515607E-04  0.13271550579801E-02
 -0.17455100712468E-04  0.12555847173724E-04  0.34225805492988E-03
  0.42578040485337E-04  0.27197941982038E-04  0.13229018106940E-02
 -0.14792932713083E-03  0.27552308863991E-04  0.39670878704465E-03
  0.90618388558553E-04 -0.11755128797082E-04  0.30160154561520E-03
 -0.72343599421905E-04  0.47430435124221E-04  0.12949214910730E-02
 -0.10125343983120E-03 -0.10521981803950E-03  0.41517990597980E-03
 -0.36859141465772E-04 -0.30999039549641E-04  0.12539818390311E-02
 -0.73538429431242E-04  0.36571751965603E-04  0.12893538266314E-02
  0.28544692974052E-05 -0.76751992306717E-04  0.13228075080191E-02
 -0.80191636302710E-04 -0.13693507472389E-03  0.43797671861933E-03
 -0.33203607176383E-04 -0.54664198616564E-04  0.12649607946888E-02
 -0.15114753931923E-03  0.41950958732791E-04  0.37740362550593E-03
  0.80208163707296E-04 -0.18757049340725E-04  0.32712725675666E-03
 -0.55493514389113E-04  0.48449484014245E-04  0.12699576045549E-02
 -0.45815840087962E-04 -0.11812137736006E-03  0.41799965232611E-03
 -0.14600361410853E-03  0.60331200659020E-04  0.43371105624904E-03
  0.87989725839741E-04 -0.64296555943193E-05  0.26720961084635E-03
 -0.16644004687830E-03 -0.32265526484900E-05  0.42948655023593E-03
  0.72338825390516E-04 -0.13137688687352E-04  0.23689103325621E-03
  0.38346080875396E-04  0.15779908664634E-04  0.13482580808188E-02
 -0.67784147499083E-04  0.23734509071209E-04  0.12739138793080E-02
 -0.17839248310710E-03  0.28391564577787E-04  0.43117673442158E-03
 -0.29575224218839E-05  0.36238961590774E-04  0.17600201047979E-03
 -0.85466529285682E-04  0.14006790018877E-04  0.37076720766608E-03
 -0.54129738036745E-04 -0.14567031754028E-04  0.12618051432062E-02
  0.44664212307405E-04  0.28092851902526E-04  0.13428546885875E-02
 -0.67068130902065E-04  0.41241373959658E-04  0.12791010108084E-02
 -0.14250278756797E-03 -0.68943105771999E-04  0.43364348995840E-03
  0.10214692801995E-04  0.17774800554798E-04  0.16041482660606E-03
 -0.18388007971085E-04  0.60845954083255E-04  0.21728135186873E-03
 -0.65508620822503E-04  0.58319139407215E-04  0.12959283636520E-02
 -0.16688830163895E-03  0.35506751008429E-04  0.41768861773396E-03
 -0.30449928220072E-04  0.81829091488377E-04  0.28041483726002E-03
  0.56801002004241E-04  0.32299735742162E-04  0.13207994986082E-02
  0.53672964257891E-04  0.42984290590963E-04  0.13282075218535E-02
 -0.65992948805494E-04  0.52583383268276E-04  0.12865038589798E-02
 -0.17193198424086E-04  0.34996384582961E-04  0.34845544730525E-03
 -0.31702787484315E-04  0.76249554806220E-04  0.33307868254270E-03
  0.55434631312168E-04  0.40221491099241E-04  0.13230790823913E-02
  0.50056626016100E-04  0.37886684500067E-04  0.13350616880431E-02
 -0.68738923569997E-04  0.52551350972421E-04  0.13138356326401E-02
 -0.11754326667692E-03 -0.11600101995778E-03  0.43905854157708E-03
  0.32121551606514E-04  0.10699382084786E-05  0.13498340504608E-02
  0.11731362188295E-04 -0.62220282392083E-04  0.13338954523456E-02
 -0.53573172101189E-04 -0.26955217775532E-04  0.34409598841353E-03
 -0.34755552611326E-04 -0.74372210764032E-04  0.12921894234341E-02
 -0.54802783778590E-04  0.91061508337609E-05  0.12589126055382E-02
 -0.59859475783477E-04 -0.77362694802598E-04  0.37407883072554E-03
  0.60514487191152E-04 -0.89196502175876E-05  0.20630651012429E-03
 -0.73680624805628E-04  0.14922656080890E-04  0.13004631342755E-02
 -0.62354418126366E-04  0.47841366160773E-04  0.13174587541927E-02
  0.48148585954230E-04 -0.58906351615582E-05  0.18416470921406E-03
 -0.49900807570845E-04 -0.39082589994103E-04  0.12701403879778E-02
 -0.31118294440766E-04 -0.22004890064582E-04  0.34727142578973E-03
 -0.43584242083672E-04 -0.60017348320681E-04  0.12805624673396E-02
 -0.93084666217109E-04 -0.11025374596893E-03  0.41316426652081E-03
  0.35286394811976E-04 -0.13288274074808E-05  0.16929720425379E-03
  0.26772167425480E-04 -0.14662925790223E-04  0.13481579034827E-02
 -0.49456145694630E-04  0.12846500259738E-04  0.35874753830952E-03
 -0.64326359208477E-04  0.60147063987155E-04  0.13049931775182E-02
 -0.67022669952227E-04  0.24423796583381E-05  0.12737178608468E-02
  0.22557868079271E-04  0.61356058360833E-05  0.16083529179840E-03
 -0.15685219692536E-03 -0.18111335541992E-04  0.43018446963820E-03
  0.22097183876767E-04 -0.31281576575068E-04  0.13442282498074E-02
 -0.24372973609643E-04 -0.44764828613971E-04  0.34859697895312E-03
 -0.12828952173128E-03  0.22425755665395E-04  0.39103986666389E-03
  0.18839446934459E-04 -0.56686727477546E-05  0.13532339111185E-02
 -0.73361950398306E-04  0.44736067833805E-04  0.13039988099148E-02
 -0.76717422258111E-04 -0.22451502460638E-04  0.27762892007942E-03
  0.65099241272189E-04 -0.42000480020296E-04  0.27098209940974E-03
  0.25193392542277E-04 -0.62173686934127E-05  0.16308042265501E-03
  0.14687859106263E-04 -0.21729003140300E-04  0.13513362572508E-02
 -0.39750735865875E-04  0.18386886322099E-04  0.12472882243634E-02
  0.38604878339144E-04 -0.63804948197711E-05  0.13438171570204E-02
  0.45613413849681E-04  0.33251068108461E-05  0.17874715964431E-03
 -0.72020809885319E-04  0.47859611690640E-04  0.13186252325684E-02
  0.16040090455935E-04  0.13775417988484E-05  0.15771168517988E-03
  0.59146457964142E-04  0.32868609093569E-04  0.13363109555410E-02
 -0.96119436643039E-05 -0.90255856636944E-04  0.13099844339425E-02
 -0.67289482065132E-04 -0.42864442614123E-04  0.29976281442775E-03
  0.14760765330276E-04  0.25173927383691E-04  0.16843486461607E-03
  0.62036470688720E-04 -0.60725823558180E-04  0.31334700706985E-03
  0.10884589455441E-04 -0.38127394655630E-04  0.13471646245598E-02
 -0.12738354109950E-03  0.26182795475748E-04  0.38815873017594E-03
  0.29949506421691E-04  0.11359652426675E-04  0.16670413837397E-03
  0.39841399786848E-04  0.43090570872907E-04  0.13271298939427E-02
 -0.13844823662118E-05 -0.79488055043878E-04  0.13282743579415E-02
  0.61472435621066E-04 -0.29640647744731E-04  0.23578524802704E-03
  0.53039403886025E-04 -0.20464852934837E-04  0.20732822434039E-03
 -0.11155015307010E-03  0.40153319224572E-04  0.30444418673158E-03
 -0.72868462074587E-04  0.50187019194799E-04  0.13091065347958E-02
  0.26519811581572E-05 -0.67679519295186E-04  0.13354124946725E-02
 -0.12661549045996E-03  0.79763038878990E-04  0.41926440567824E-03
 -0.12457337141557E-03  0.52702719568300E-04  0.34671190354783E-03
 -0.90298547232773E-04  0.72991542694597E-05  0.27539710995368E-03
  0.42842893458695E-04 -0.14494496511868E-04  0.18524561577698E-03
  0.45441886786851E-04  0.85344845831967E-05  0.13449480187161E-02
  0.69585790246284E-05 -0.53739957166430E-04  0.13418924017609E-02
 -0.18310766757874E-06  0.46749109992911E-04  0.19354547608774E-03
 -0.56283127441734E-05 -0.87436420600814E-04  0.13201543662931E-02
 -0.73240213869358E-04  0.50431697010400E-04  0.13149298586364E-02
  0.33473935611315E-04 -0.10841574408405E-04  0.17112418269818E-03
 -0.40582289226765E-04  0.39742662559334E-04  0.12542883903556E-02
  0.33035831318429E-04 -0.22176472412595E-04  0.13402661559329E-02
  0.52378536391578E-04  0.21861722739542E-04  0.13424228950955E-02
  0.63408219752777E-05  0.11497695633749E-04  0.15640055949318E-03
 -0.18246500337604E-04  0.48962453779861E-04  0.19221603271806E-03
  0.27291354987476E-04 -0.38294720729817E-04  0.13359434896267E-02
  0.64734604302401E-04  0.40719792044500E-04  0.13287877096117E-02
  0.76781809986641E-04 -0.32463684687299E-05  0.23105868209195E-03
 -0.10970337116979E-03  0.21198164956611E-04  0.36797932141258E-03
 -0.61761318587146E-04  0.34372633239693E-04  0.13216566722495E-02
 -0.42274277138474E-04 -0.52096694815678E-04  0.34103739026867E-03
  0.48497477058441E-04 -0.89138949544824E-04  0.36165777207559E-03
 -0.33892358179211E-04  0.73850392253191E-04  0.24672595018167E-03
  0.37818694642091E-04  0.42745599888304E-04  0.13329538121904E-02
  0.21697801956863E-04 -0.12606333888878E-03  0.41124200124958E-03
 -0.57264650228339E-04  0.12507460919849E-06  0.32180650661246E-03
  0.20453294490375E-04 -0.53381351958561E-04  0.13316553374980E-02
 -0.52769830758219E-04  0.25417368927869E-04  0.13223970130340E-02
 -0.96597393018412E-04  0.66494194860137E-04  0.40943189863290E-03
 -0.43029988039181E-04  0.85474517319199E-04  0.30939809944104E-03
 -0.15562988688621E-04 -0.80092342270061E-04  0.12811488099818E-02
 -0.38317921980843E-04 -0.57837133170143E-05  0.12472461722145E-02
  0.34332689937506E-04  0.34503779975587E-04  0.13409416536681E-02
 -0.14160825295403E-04  0.71963406120757E-04  0.24738001384186E-03
  0.23908086623524E-04  0.94831830630636E-05  0.13523867736425E-02
  0.28971092844582E-04  0.23093620063361E-04  0.13482777501284E-02
 -0.68375027681034E-04  0.42340646746702E-04  0.13204200948406E-02
 -0.57167440378915E-04 -0.52556936120733E-04  0.32388594993613E-03
 -0.11466272834594E-03 -0.39131588085449E-04  0.38354586876644E-03
 -0.74167450650686E-04  0.33656132251994E-04  0.13003182286360E-02
 -0.42729749950434E-05  0.26631756901008E-04  0.16436768921481E-03
 -0.12835733187909E-04 -0.88153514187360E-04  0.12964186138748E-02
  0.61865395837755E-04 -0.96227973775120E-06  0.20072340714891E-03
 -0.21046220711243E-04  0.46234657486048E-05  0.12381670149530E-02
 -0.48728274269754E-04  0.37941063567109E-04  0.96441074137833E-03
  0.36267162899303E-04 -0.50464083971898E-04  0.96561897557489E-03
 -0.40379691128157E-04  0.23321467777203E-04  0.12342076041811E-02
  0.30716839524819E-04 -0.70939803707710E-04  0.10080686341149E-02
  0.72311772006355E-04 -0.82893892737576E-04  0.11945774943107E-02
  0.55052178966008E-04 -0.41951768600370E-04  0.12473035346034E-02
 -0.61194329925636E-04  0.90503545872010E-04  0.11445890294955E-02
 -0.51614495937401E-04 -0.12241617113279E-05  0.94943810016231E-03
  0.55288194547670E-04 -0.85044485471802E-04  0.12026098501357E-02
  0.59485938158435E-04 -0.79965831227805E-04  0.11825990616332E-02
  0.94421684557033E-04 -0.28863378478731E-04  0.10231240233823E-02
 -0.39501716497696E-04  0.10515413787591E-03  0.11596798252056E-02
 -0.29070612943731E-04  0.17934884299205E-04  0.12417506837967E-02
  0.59721690081256E-04 -0.65679839414657E-04  0.12364807699717E-02
 -0.26428168110383E-04  0.18035499889696E-04  0.12416929560013E-02
  0.52366116419063E-04 -0.73806011052816E-05  0.11768829929901E-02
  0.66902964239512E-04 -0.80847259202078E-04  0.12166438821426E-02
 -0.40350786591832E-04  0.12866300317717E-04  0.12251646416208E-02
  0.37851646909117E-04  0.60732637410237E-04  0.12404955913350E-02
 -0.26531533245998E-04 -0.29581249250333E-04  0.11893168558124E-02
 -0.19849328138804E-04  0.14354483936177E-04  0.12381670362619E-02
  0.53562246091338E-06  0.34807404142204E-06  0.12228901784018E-02
  0.45712930153104E-04 -0.31535926579164E-04  0.11750198112092E-02
 -0.77004946448650E-04  0.63127427155829E-04  0.10714288314785E-02
  0.21290947754977E-04  0.11470977061696E-03  0.12087472319048E-02
  0.38263659413474E-04  0.14993564184722E-04  0.12506708100506E-02
  0.57231631438337E-04 -0.68875351781282E-04  0.10557189125416E-02
  0.57651051925238E-04 -0.41937712086066E-04  0.11574075254215E-02
  0.12219443508937E-04 -0.69889277285681E-05  0.12131006476099E-02
  0.30312456829714E-04  0.99102984828358E-04  0.12217978837131E-02
 -0.36255889416024E-04  0.27902566777550E-04  0.12347009927230E-02
 -0.63067397814397E-04  0.91660222663353E-04  0.11030776271965E-02
  0.37807305309160E-04  0.38831373370693E-04  0.12467621865724E-02
 -0.74870334677311E-04 -0.23247113304370E-04  0.99046317305627E-03
  0.35465595746119E-04  0.80945661596572E-04  0.12321615031371E-02
  0.67927565361486E-04 -0.38355295063760E-04  0.98494489693964E-03
  0.63144412949918E-04 -0.58416139315117E-04  0.10148510178544E-02
  0.22245025355209E-04 -0.14107937941994E-04  0.12019911692075E-02
  0.68160270243599E-04 -0.51440644596346E-04  0.11332364846021E-02
  0.48021052545567E-04 -0.76897341941553E-04  0.12265654883476E-02
  0.91216486379909E-05  0.12646235740279E-03  0.11908455540907E-02
  0.38254891765058E-04 -0.88497492777004E-05  0.12533464034966E-02
  0.90334412053257E-04 -0.48765185029628E-04  0.10414775217087E-02
 -0.57476627026890E-04  0.85677918897909E-04  0.10524656597482E-02
 -0.86360102713820E-04 -0.91939312913674E-05  0.10347695945375E-02
 -0.34495381886951E-04 -0.53200869470008E-05  0.12082128372800E-02
 -0.66695472799422E-04  0.52811485767324E-04  0.10153473092949E-02
  0.41612787759094E-04 -0.57411656061344E-04  0.12446472463018E-02
 -0.42831717541437E-04  0.11086801924847E-03  0.10951446904431E-02
  0.39390223927448E-04 -0.21014376593630E-04  0.94265019865971E-03
  0.83939223828314E-04 -0.58235165832407E-04  0.10715786909603E-02
 -0.24450489512341E-04  0.12606758687457E-03  0.11349156963369E-02
 -0.10861150343933E-04  0.79532465816506E-05  0.12317835632133E-02
  0.38683183892017E-04 -0.32739110304522E-04  0.12531593478245E-02
 -0.83703774405232E-04  0.27918879033781E-04  0.10459311083667E-02
  0.76136214690901E-04 -0.58267249600501E-04  0.11038269387699E-02
 -0.65161328477786E-05  0.13142498177832E-03  0.11666970441712E-02
 -0.23445905077968E-04 -0.53703918990837E-04  0.11761151681510E-02
  0.50167089412540E-04 -0.70437179526102E-04  0.10979147305580E-02
 -0.71881093939230E-04  0.14613448186691E-04  0.99206323828830E-03
  0.32851637232480E-04 -0.22066449849280E-04  0.11902632714387E-02
 -0.70102224155789E-04 -0.46843043075179E-04  0.11473384275357E-02
  0.54265290878960E-04 -0.17335904419849E-04  0.12482590816401E-02
  0.11431689270165E-03 -0.60826304977130E-04  0.11723739148013E-02
  0.79572673912359E-04  0.12437646865860E-04  0.12143571945046E-02
  0.10650572135181E-03 -0.48184073506704E-04  0.11867280425165E-02
 -0.63967750871470E-04  0.12560348400589E-04  0.11917138607395E-02
  0.83232971473387E-04 -0.10412725798120E-04  0.12244714195649E-02
 -0.31033287659254E-04  0.78158242205675E-04  0.11888850109504E-02
  0.10029878417380E-03 -0.30457051264771E-04  0.11925347974435E-02
  0.84842549407198E-04 -0.34764055051631E-04  0.12296362785839E-02
 -0.58274967909533E-04 -0.14562441802641E-04  0.11749973321458E-02
 -0.12522956754126E-04  0.80331201751906E-04  0.11833423586684E-02
  0.88488045672657E-04 -0.58342375343805E-04  0.12246385590265E-02
  0.93372006935615E-04 -0.11401949468651E-04  0.11906092104445E-02
 -0.62725480021896E-04  0.33639494721668E-04  0.12055786636101E-02
 -0.54816794405101E-04 -0.42006226690164E-04  0.11641268615767E-02
  0.83185025115413E-04  0.59103225203395E-05  0.11847782307854E-02
  0.10079047029061E-03 -0.76736231900775E-04  0.11896112261282E-02
  0.25149135475326E-04  0.33157270590620E-04  0.11849936589823E-02
  0.64228781759096E-05  0.78322699774615E-04  0.11780973162582E-02
 -0.17447473277093E-04  0.11178558521849E-03  0.11691082069048E-02
  0.71210255671457E-04  0.21462277237868E-04  0.11793065645307E-02
  0.91994527455161E-05  0.39415754574935E-04  0.11919928794875E-02
  0.30969784789040E-05  0.11153992356210E-03  0.11761410347366E-02
 -0.82307801744871E-04 -0.24588766072722E-04  0.11184353643401E-02
  0.57900199608671E-04  0.34586033546202E-04  0.11759778896958E-02
  0.21737143927210E-04  0.10602077623501E-03  0.11823592077418E-02
 -0.70479579447650E-05  0.43539412766411E-04  0.12012005952375E-02
  0.96296297636776E-04 -0.74570737678220E-04  0.12088431391247E-02
  0.37924256896374E-04  0.95961173658553E-04  0.11892157570231E-02
  0.73147656437942E-04  0.33920139249039E-04  0.12045196100835E-02
  0.65009860383813E-04  0.53223538337060E-04  0.11955473625185E-02
  0.88485329185871E-04  0.14448672521063E-05  0.12033924389778E-02
  0.93890088068083E-04 -0.19730917352471E-04  0.12114839581336E-02
 -0.71267578110925E-04 -0.19649787734575E-04  0.11501029295729E-02
  0.97583979894589E-04 -0.42099401878054E-04  0.12128086961037E-02
  0.25508042359251E-04  0.53965967567909E-04  0.11782674629852E-02
  0.79699561018399E-04  0.20778068789475E-04  0.11940482109460E-02
  0.10397118578693E-03 -0.61726973099508E-04  0.12032625087431E-02
  0.77664341970397E-05  0.59846231449970E-04  0.11837616033941E-02
  0.11116100416904E-03 -0.71146050323298E-04  0.11865291500768E-02
  0.69291019119034E-04  0.38405598020907E-04  0.11862852503353E-02
 -0.75110668725242E-04  0.11377653883723E-04  0.11638789995868E-02
  0.11315069166605E-03 -0.63894629499995E-04  0.11701029583317E-02
 -0.48678858012050E-04  0.70786745312865E-04  0.11931007056359E-02
 -0.10280322254085E-04  0.62715445682008E-04  0.11913040335826E-02
  0.55559479797657E-05  0.95667231417399E-04  0.11760875758254E-02
 -0.74029015257534E-04  0.38194953655800E-04  0.11803890213540E-02
  0.42755283828546E-04  0.64378176121344E-04  0.11755699380192E-02
 -0.26793811522208E-04  0.62048673141783E-04  0.12001750744912E-02
  0.24304403798994E-04  0.90400862535236E-04  0.11766680227583E-02
  0.41295210612630E-04  0.81665297040959E-04  0.11802603896901E-02
  0.25392750309561E-04  0.73007804522912E-04  0.11749851351749E-02
 -0.42029645442923E-04  0.57188397878945E-04  0.12077718247724E-02
 -0.63954575711184E-04  0.57653774700651E-04  0.11913275607388E-02
  0.54617487228690E-04  0.69221005945226E-04  0.11870572678756E-02
 -0.54489054486370E-04  0.47852655145970E-04  0.12109027211834E-02
  0.12020482198488E-03 -0.61096515796480E-04  0.11557018827844E-02
  0.57231961119274E-04  0.52899023826688E-04  0.11796276944315E-02
  0.66262152697802E-04 -0.18766986095090E-04  0.11683685962794E-02
  0.42622426701465E-04  0.45374597044887E-04  0.11755265255641E-02
 -0.22543309711795E-04  0.44801632441551E-04  0.12109391858026E-02
 -0.20982272259081E-04  0.12250386698266E-03  0.11569472655266E-02
  0.56207099375314E-04  0.14615640751742E-04  0.11757711379881E-02
  0.37874238679859E-04  0.25953823964348E-05  0.11851911598239E-02
 -0.68929804192841E-06  0.12439128279227E-03  0.11747046586618E-02
  0.41078134455493E-04  0.24580330800129E-04  0.11793552822917E-02
 -0.89222934113922E-04 -0.32374675336953E-04  0.10813002734921E-02
  0.16823841642513E-04  0.11838922387024E-03  0.11888568454128E-02
  0.24403912312107E-04  0.10700458621866E-04  0.11935346606781E-02
  0.11097194810626E-03 -0.44203071069152E-04  0.10783592938827E-02
  0.31867740560276E-04  0.10713357913432E-03  0.12001957621860E-02
 -0.88800734856902E-04  0.13135123544133E-05  0.10824850983192E-02
  0.10741940809067E-04  0.16937212017470E-04  0.12022819387508E-02
 -0.39509716703133E-04 -0.60276916559099E-04  0.11713306052228E-02
  0.42670519652185E-04  0.92502087507031E-04  0.12102195755928E-02
  0.49233279058822E-04  0.74550333676804E-04  0.12201129097320E-02
 -0.33586112874645E-05  0.22408337037548E-04  0.12120129765523E-02
  0.96637237135016E-04 -0.51838476825309E-04  0.11233978434817E-02
  0.52484972268043E-04  0.53627440844869E-04  0.12294739012515E-02
 -0.87331021438754E-04  0.36461379230886E-04  0.10990643575568E-02
 -0.16938369189214E-04  0.26622495787798E-04  0.12220889056650E-02
  0.53686108099075E-04  0.30563014745312E-04  0.12372399508526E-02
  0.87943497514655E-04 -0.43134574593731E-04  0.11441571930017E-02
 -0.78218904058860E-04  0.67673268706959E-04  0.11225984177043E-02
  0.54507345662152E-04  0.60526560885011E-05  0.12433445831646E-02
  0.78367640661123E-04 -0.31193204778507E-04  0.11585152651147E-02
 -0.28416117327121E-04  0.28675899388135E-04  0.12298457283831E-02
  0.10444074776949E-03 -0.53532911562964E-04  0.10993002183447E-02
 -0.84602482923435E-04  0.82547706390036E-05  0.11269377563275E-02
 -0.14652464196821E-04  0.97041011613819E-04  0.11764802798736E-02
  0.70775917823642E-04  0.24057768409078E-05  0.11739729597606E-02
  0.50234461300628E-04  0.82623211933415E-04  0.11975560787880E-02
  0.12103139900427E-03 -0.43857156994037E-04  0.11153707956687E-02
  0.58691502734362E-04  0.65451448614061E-04  0.12070079392008E-02
 -0.35284085834369E-04  0.43028785456058E-04  0.12196391792753E-02
 -0.83011169384522E-04  0.40197746819012E-04  0.11449945553711E-02
  0.64249067568236E-04  0.45230054196531E-04  0.12168830440650E-02
  0.11748910079441E-03 -0.54791730591269E-04  0.11304327679981E-02
 -0.45264532553271E-04  0.37871230098966E-04  0.12248402859032E-02
  0.67772043366505E-04  0.21883829302717E-04  0.12257160583924E-02
  0.10956417604724E-03 -0.51911731661762E-04  0.11489793239624E-02
 -0.72741516965968E-04  0.64965329917959E-04  0.11626582653027E-02
  0.69526154816868E-04 -0.19128253728583E-05  0.12345896974783E-02
 -0.42983518314610E-04  0.11192050924006E-03  0.11332517399983E-02
 -0.51531516357830E-04  0.28581381807827E-04  0.12228245306465E-02
  0.10181742833411E-03 -0.41025528486246E-04  0.11641607053843E-02
 -0.52060135346715E-04  0.12670930334998E-04  0.12114304741434E-02
  0.71988604156558E-04 -0.51142839251978E-04  0.12385973852397E-02
 -0.55748243174904E-04  0.82689506362463E-04  0.11734315940396E-02
  0.93045910601864E-04 -0.26459752098877E-04  0.11723999557083E-02
  0.78110203171797E-04 -0.72103657904720E-04  0.12249867041373E-02
 -0.45889159369090E-04 -0.10127043305185E-04  0.11937666461941E-02
  0.83156697241169E-04 -0.11337155439834E-04  0.11744078542455E-02
  0.85041024095323E-04 -0.82060716079696E-04  0.12042822426891E-02
 -0.35433327063575E-04  0.93325755626435E-04  0.11764789684187E-02
 -0.39946888212169E-04 -0.36372755159811E-04  0.11773850558729E-02
  0.87826195289334E-04 -0.76357148563072E-04  0.11854331350987E-02
  0.69945505845647E-04 -0.26018214423920E-04  0.12407375363881E-02
  0.74260634211164E-04  0.73078884411102E-05  0.12004539056733E-02
 -0.17424693725889E-04  0.11559971826607E-03  0.11769345676302E-02
 -0.28501818155514E-04  0.12634624683948E-04  0.12349106078487E-02
  0.37134968022649E-04  0.17841770974491E-04  0.12388654425267E-02
 -0.61828848334705E-04 -0.76351337357124E-04  0.11794340078789E-02
  0.27181932957734E-04  0.15032746488703E-04  0.12446334527281E-02
 -0.70371380160964E-04 -0.77002841995457E-04  0.12003217776016E-02
 -0.79639864940497E-04 -0.64676377131816E-04  0.12195297888274E-02
  0.17026021093635E-04  0.56841249946117E-05  0.12437100114505E-02
 -0.86575849903786E-04 -0.44995109509668E-04  0.12307751387614E-02
 -0.56410947826763E-04 -0.63545340356625E-04  0.11659763420953E-02
  0.64428728035129E-05 -0.78435829781757E-05  0.12382846629623E-02
 -0.92240924011537E-04 -0.71358447600569E-05  0.12217379184243E-02
 -0.48607631603002E-05 -0.22800350509041E-04  0.12294986596483E-02
 -0.90904121487184E-04  0.77885720473334E-05  0.12095522052685E-02
 -0.16140215675463E-04 -0.37766374978777E-04  0.12196340780156E-02
 -0.84544802040961E-04  0.20159357996870E-04  0.11966236759345E-02
 -0.75230162875497E-04  0.31339547910316E-04  0.11857657387217E-02
 -0.28138418887662E-04 -0.51305904789126E-04  0.12087195654548E-02
 -0.89916068217120E-04 -0.25237848721330E-04  0.12304974950276E-02
 -0.62807641153147E-04  0.41318024857329E-04  0.11786086604640E-02
  0.11753835525660E-03 -0.21533114192877E-04  0.11110564267046E-02
  0.10707935349605E-03  0.40458842681180E-05  0.11207984032685E-02
 -0.86700572009996E-04 -0.88838896587116E-04  0.10901046809598E-02
 -0.79825066095373E-04  0.13591559475115E-04  0.11796725942359E-02
 -0.83058323326871E-04 -0.77226701156268E-04  0.10487188576171E-02
 -0.65663616350880E-04  0.24091971870089E-04  0.11754999574179E-02
 -0.49448069369276E-04  0.33806367271149E-04  0.11754744994097E-02
 -0.78036968550205E-04 -0.55400920330619E-04  0.10114611385259E-02
 -0.31160231517417E-04  0.43190595613979E-04  0.11788044854960E-02
  0.48017202150273E-04  0.11572551325985E-04  0.12250008139512E-02
  0.74276039563148E-04 -0.70912110627684E-04  0.11786476969587E-02
  0.15635441597278E-04  0.54446234870343E-04  0.11822265902442E-02
  0.73097333357493E-04 -0.49062474287411E-04  0.11755313514148E-02
  0.41970693321239E-04  0.54129521479600E-04  0.11752883841430E-02
  0.66575003194331E-04 -0.25172308902562E-04  0.11865372534245E-02
  0.68500161571093E-04  0.46222583380319E-04  0.11597581687561E-02
  0.90836202658632E-04  0.28021872546206E-04  0.11391735382275E-02
  0.57771000734077E-04 -0.36134446941977E-05  0.12051235456368E-02
 -0.97461464088205E-05  0.50682434411261E-04  0.11819143522699E-02
 -0.40171936376486E-04 -0.63566071720902E-04  0.11965949455325E-02
 -0.48616004392852E-04  0.51283813080552E-04  0.11751157787188E-02
 -0.31148480580241E-04  0.60337446207653E-04  0.11735845942981E-02
 -0.73401129379496E-04 -0.11471843796025E-04  0.12405285774900E-02
  0.50832858440356E-04 -0.18167992256387E-04  0.11955891568988E-02
 -0.76588623785263E-04  0.71845391828785E-05  0.12317708286408E-02
 -0.77491081152461E-04  0.22444625349803E-04  0.12192492009643E-02
  0.41877627689097E-04  0.96616234368165E-07  0.12160828980908E-02
 -0.74783490779558E-04  0.35672543307379E-04  0.12053902669084E-02
  0.31923248405916E-04  0.11707377285019E-04  0.12345201028138E-02
  0.57774351828284E-04 -0.40050837003180E-04  0.11790979217609E-02
 -0.67576648399337E-04  0.47286733412070E-04  0.11936998541276E-02
  0.22730929498550E-04  0.13500115807838E-04  0.12448308967915E-02
 -0.45341150367075E-04  0.69320610490146E-04  0.11777751259957E-02
  0.15201441043013E-04  0.78174503579237E-05  0.12481231589951E-02
 -0.26892621222376E-04  0.77568554479510E-04  0.11691553892926E-02
 -0.48925829285061E-05  0.82173581430585E-04  0.11558730940195E-02
  0.84048143938026E-05 -0.32360762927921E-05  0.12470827519227E-02
  0.19338177509954E-04  0.80673841163679E-04  0.11341596453779E-02
 -0.58243086767996E-04  0.58424085071792E-04  0.11847308471797E-02
 -0.69611541499689E-04 -0.33001818707999E-04  0.12423293115130E-02
 -0.65170342766603E-04 -0.55594964340049E-04  0.12336249251189E-02
  0.60571424843766E-04 -0.62977625046682E-04  0.11736955569545E-02
 -0.49572452899073E-04 -0.76269296614454E-04  0.11814262741925E-02
 -0.82812790448411E-05  0.66012208740692E-04  0.11701069034852E-02
 -0.57166078636730E-04 -0.87819968496418E-04  0.11607360524024E-02
  0.17198648245594E-04  0.67792713307091E-04  0.11609732850388E-02
  0.44880818723938E-04  0.64028820199736E-04  0.11430831463826E-02
 -0.62453086255903E-04 -0.95149206537699E-04  0.11309840461427E-02
  0.71811904469110E-04  0.51509464151729E-04  0.11185400075135E-02
 -0.64604007559241E-04 -0.96783943153761E-04  0.10896920194866E-02
  0.91385204030052E-04  0.30019382562150E-04  0.10936036290609E-02
  0.10486804495257E-03  0.36552932223016E-05  0.10742397194703E-02
 -0.63578832356368E-04 -0.87975036759877E-04  0.10417619606150E-02
  0.11152203851281E-03 -0.23132983207708E-04  0.10684444436435E-02
 -0.59000776720255E-04 -0.68505873565122E-04  0.99482670118299E-03
 -0.42292562219767E-04 -0.76016118886131E-04  0.11777023676281E-02
 -0.48838673826474E-04 -0.81793190966699E-04  0.11948017572848E-02
 -0.55178128956229E-04 -0.38431124408696E-04  0.96075622923981E-03
 -0.57622927279422E-04 -0.74474489894865E-04  0.12160425017431E-02
 -0.92200501193481E-04  0.32598345110645E-05  0.11885304486989E-02
 -0.10086043526520E-03 -0.92097676993566E-05  0.11995381090075E-02
 -0.87033164588003E-04 -0.88583848589840E-04  0.11268863779556E-02
 -0.10427100264871E-03 -0.23751739261238E-04  0.12105275909089E-02
 -0.28219201824923E-04  0.75526195091106E-05  0.11920715918987E-02
 -0.75407741100953E-04 -0.40300961965540E-04  0.11773528123104E-02
 -0.75216308357029E-05  0.19515467116154E-04  0.12029159352746E-02
 -0.87658145371794E-04 -0.50862457076528E-04  0.11738439759522E-02
  0.14594917825688E-04  0.30266990043473E-04  0.12122611450034E-02
  0.35784141291028E-04  0.35904082636629E-04  0.12170079397195E-02
 -0.97376736330552E-04 -0.62086973219808E-04  0.11690127131543E-02
 -0.46927699535027E-04 -0.35204474343637E-05  0.11829178563181E-02
  0.55003759855718E-04  0.34137556754862E-04  0.12133562100907E-02
  0.72067729621164E-04  0.23986359495741E-04  0.12005223270223E-02
  0.87893852902977E-04  0.43619591911233E-05  0.11829182349119E-02
 -0.10305775844135E-03 -0.80139428874851E-04  0.11355009533527E-02
  0.10145251022387E-03 -0.20161320716123E-04  0.11679629399428E-02
 -0.98081292510618E-04 -0.78980877611926E-04  0.11039507924797E-02
  0.11012401519117E-03 -0.44234691452654E-04  0.11622917511790E-02
 -0.83729043337830E-04 -0.51204348519964E-04  0.11240855358364E-02
 -0.10308842456571E-03 -0.72809230072437E-04  0.11577692088186E-02
 -0.60729674360615E-04 -0.30811010267596E-04  0.11822183427419E-02
 -0.65163423774427E-04 -0.13200288160177E-04  0.11768785350885E-02
 -0.43435212268347E-04 -0.21004592812802E-04  0.11903478831509E-02
  0.86764445294889E-04 -0.15943658757136E-04  0.11831907052248E-02
  0.96642763190807E-04 -0.40702590179112E-04  0.11726925490148E-02
  0.61562077623839E-04  0.23141275832868E-04  0.12181980279873E-02
  0.10081265827586E-03 -0.63162285347375E-04  0.11753725545539E-02
  0.47187026352578E-04  0.28999188413273E-04  0.12284947145252E-02
 -0.92419387887897E-04 -0.57623517982143E-04  0.10963748111078E-02
 -0.98177286461519E-04 -0.72148977025649E-04  0.11234600717113E-02
  0.31375579636430E-04  0.26470867528089E-04  0.12291553951468E-02
 -0.10594925189984E-03 -0.74105072610688E-04  0.11514777855943E-02
  0.12980028902746E-04  0.17225241178970E-04  0.12227707993858E-02
 -0.11229098654395E-03 -0.66598363011195E-04  0.11715855500050E-02
 -0.11184655510791E-03 -0.55521190066383E-04  0.11804811265270E-02
 -0.65828277346890E-05  0.40068810945504E-05  0.12124030781571E-02
 -0.10512725617638E-03 -0.43694070561564E-04  0.11805017288829E-02
 -0.25066463472652E-04 -0.97111359133319E-05  0.12007169849497E-02
 -0.94456570856767E-04 -0.32741354569023E-04  0.11772381900951E-02
 -0.81493155949556E-04 -0.22299977510504E-04  0.11751567036708E-02
 -0.92907292168663E-04 -0.66068944999946E-04  0.10693000174735E-02
  0.21971930216052E-05 -0.17444530886353E-04  0.12425634240605E-02
 -0.88611323345819E-04 -0.67993006009939E-04  0.11426773670084E-02
 -0.97121205537308E-04 -0.72404592581655E-04  0.11673094810952E-02
 -0.53877008229403E-05 -0.10605153301964E-04  0.12215977911180E-02
  0.82829729676630E-04  0.25285216844886E-04  0.11752130359804E-02
 -0.21292821879963E-04 -0.24555775259049E-04  0.12101562462690E-02
  0.10027556828596E-03  0.28144184143681E-05  0.11574064260270E-02
  0.11306208252343E-03 -0.21675286747230E-04  0.11445877309764E-02
 -0.36940913239063E-04 -0.37007268780174E-04  0.11995115019243E-02
  0.11970086533222E-03 -0.44944459496819E-04  0.11441656971228E-02
  0.61962866434005E-04  0.39609473977258E-04  0.11914014333277E-02
 -0.52154152105374E-04 -0.48177555658237E-04  0.11897667093579E-02
 -0.81159284243560E-04 -0.74504336389275E-04  0.11770859880611E-02
 -0.65160223452816E-04 -0.58760247575168E-04  0.11804625410557E-02
 -0.90710485993793E-04 -0.70318923693066E-04  0.11985720163137E-02
 -0.75378626674563E-04 -0.70398241863379E-04  0.11690371884238E-02
 -0.99687057473426E-04 -0.55982253181715E-04  0.12132495223611E-02
 -0.10439682956153E-03 -0.39081255219825E-04  0.12167979312324E-02
 -0.82690624740904E-04 -0.81217483685105E-04  0.11531395816639E-02
 -0.73766023668690E-04 -0.65947288568306E-04  0.11571031745658E-02
  0.39275032823512E-04  0.44108964764281E-04  0.11993157112655E-02
  0.10127658022848E-04  0.40761868252117E-05  0.12317270161791E-02
  0.14821368314012E-04  0.42254413438404E-04  0.11988405482309E-02
 -0.10634747968213E-03 -0.65427485923495E-04  0.11875703732535E-02
  0.87242999171745E-04 -0.57966924615559E-04  0.11755180115578E-02
 -0.11265424886734E-03 -0.52490168586778E-04  0.11980624670020E-02
  0.81933770830842E-04 -0.33950961612188E-04  0.11796293814917E-02
 -0.11201692878555E-03 -0.39501574190455E-04  0.11973301855885E-02
 -0.10538478728418E-03 -0.26845403326368E-04  0.11901112366125E-02
  0.71811750653341E-04 -0.96655041127531E-05  0.11946996406956E-02
 -0.96203558507791E-04 -0.14678079302812E-04  0.11818016118262E-02
  0.61808070836170E-04  0.10150152863103E-04  0.12140257612842E-02
 -0.82544754627262E-04 -0.44814702700111E-05  0.11758444378345E-02
 -0.66251098316424E-04  0.52435819964142E-05  0.11745646365859E-02
  0.50308262388072E-04  0.20946979613666E-04  0.12304095003256E-02
 -0.49098884667885E-04  0.15454103049880E-04  0.11779628965480E-02
  0.37840012858436E-04  0.22404408601434E-04  0.12381159478681E-02
 -0.30052025824186E-04  0.25747070476786E-04  0.11850901122060E-02
 -0.86587394451404E-05  0.35415610986250E-04  0.11931076754548E-02
  0.24867385221368E-04  0.16270700822797E-04  0.12378224263292E-02
 -0.88536068541613E-04 -0.42342890639555E-04  0.10432948785276E-02
  0.44927791696656E-04  0.71985890806112E-04  0.11039926397849E-02
  0.67198803736775E-04  0.54102351937745E-04  0.10704196410046E-02
 -0.31910281094218E-05 -0.33276847213015E-04  0.12356575432907E-02
  0.12670243187762E-04 -0.72996466096972E-04  0.11819888363053E-02
  0.15749434797967E-04 -0.77246905560434E-04  0.12206209048272E-02
  0.16519125915456E-04 -0.81344247320347E-04  0.11487268716623E-02
  0.92182266905717E-05 -0.59048520689588E-04  0.12410492297369E-02
  0.57651006727576E-05 -0.35155749024699E-04  0.12540412271471E-02
  0.20273144234727E-04 -0.85557538228512E-04  0.11067312862561E-02
  0.41131234559494E-05 -0.11404415544214E-04  0.12584382993795E-02
  0.23160681975621E-04 -0.84328914327702E-04  0.11972191988113E-02
  0.26214625223064E-04 -0.82679121282567E-04  0.10580786283047E-02
  0.19942728228872E-05  0.34244695579521E-04  0.12560656632519E-02
  0.10722666950320E-04 -0.56469884969683E-04  0.11766805011490E-02
  0.20607780653749E-06  0.55132446282004E-04  0.12514706307530E-02
  0.71129903239380E-05 -0.34118099082793E-04  0.11903777554353E-02
 -0.20790757738589E-05  0.73551046875691E-04  0.12450978112816E-02
 -0.41450460562435E-05  0.90854808782870E-04  0.12354377457920E-02
 -0.18602902131464E-05 -0.13239552035897E-04  0.12097424900884E-02
  0.33983121480641E-05  0.11732515799165E-04  0.12584371026052E-02
  0.27963574878441E-04 -0.80367744511640E-04  0.11794614012367E-02
  0.90081150364546E-05 -0.62457375862154E-04  0.12072709995227E-02
  0.82565289073696E-05 -0.20931214665956E-05  0.92349515056155E-03
 -0.19737479706749E-04  0.42790427482426E-04  0.12504447775249E-02
 -0.22732645197280E-04  0.61704711195816E-04  0.12428250541671E-02
 -0.31471357748320E-05  0.10188805360182E-04  0.12455285120050E-02
 -0.24007754390897E-04  0.78909638513168E-04  0.12334107732785E-02
 -0.60698816981792E-05  0.69162917166752E-05  0.12491273065342E-02
 -0.24411236621153E-04  0.94213342351428E-04  0.12212219854011E-02
 -0.22707856508581E-04  0.10715388844914E-03  0.12037006164358E-02
 -0.62724960954477E-05 -0.10086295428662E-05  0.12494916370871E-02
 -0.36028804754728E-05 -0.12787319288922E-04  0.12469776597536E-02
 -0.10067244872176E-04  0.11697879010618E-03  0.11386177370563E-02
 -0.35344794316610E-05  0.10928441067701E-03  0.10880570437363E-02
  0.25151293379005E-06 -0.25682438843973E-04  0.12415864391412E-02
  0.16152796198633E-05  0.92156445175933E-04  0.10310410084253E-02
  0.32614620305421E-05 -0.38791229491892E-04  0.12348051131887E-02
  0.47866497792954E-05  0.65942620388718E-04  0.97752501057986E-03
  0.88100153008864E-05  0.33537575962555E-04  0.93880553435086E-03
  0.58248577861698E-05 -0.51156205400840E-04  0.12239122744127E-02
 -0.68912121498660E-05  0.10687139180544E-03  0.12207162728945E-02
  0.20847855089030E-05  0.73817820983043E-05  0.12359828287145E-02
 -0.10995636474636E-04  0.35706721947766E-05  0.12287191961709E-02
 -0.10115544197259E-04  0.12488344598710E-03  0.11641448492535E-02
  0.21136111903306E-04  0.24459743737874E-04  0.12553847058344E-02
  0.34506985711191E-04 -0.57644522759263E-04  0.11665524856610E-02
  0.20164886287596E-04  0.46922125886369E-04  0.12521053189621E-02
  0.19579923715220E-04  0.67161932441777E-04  0.12467713769181E-02
  0.42725804923675E-04 -0.65476237028453E-04  0.11358287131191E-02
  0.17136184739450E-04  0.85805454061075E-04  0.12388388000634E-02
 -0.66504387753193E-05 -0.66492337321456E-04  0.11750640409674E-02
  0.25423661123004E-04 -0.48354423263800E-04  0.11899231061198E-02
  0.12840972361626E-04  0.10351709553274E-03  0.12269653050656E-02
 -0.80921823620712E-05 -0.44913305971686E-04  0.11824544992820E-02
 -0.11499023997191E-05  0.12871374212818E-03  0.11829575655594E-02
 -0.14075759346866E-04 -0.21644555164832E-04  0.12000725955708E-02
 -0.12271732585466E-04  0.13024401826181E-03  0.11477118760885E-02
 -0.24549129450595E-04  0.12089801256458E-03  0.11023570532098E-02
 -0.23463899461263E-04 -0.90293004922826E-06  0.12194980111421E-02
 -0.35454756130118E-04  0.10147067345704E-03  0.10504073496662E-02
  0.67358890146197E-05  0.11846529254023E-03  0.12091799640190E-02
  0.21728404842554E-04  0.76694530607088E-06  0.12568407046983E-02
  0.21934453728924E-04 -0.22396292418735E-04  0.12567339023166E-02
  0.17934286427739E-04 -0.39249691423597E-04  0.12085374009196E-02
 -0.15941202452868E-04  0.11728562877649E-04  0.12413804303475E-02
 -0.12873608877545E-04  0.12186346814036E-03  0.11190049420024E-02
 -0.17254827230543E-04  0.12352902039203E-04  0.12463840673903E-02
 -0.16160734786236E-04  0.10866710400851E-03  0.10643172196101E-02
 -0.18651847937061E-04  0.85876893406779E-04  0.10074311769052E-02
 -0.15957471147606E-04  0.86532444532405E-05  0.12467331378221E-02
 -0.20609637567129E-04  0.54443149402404E-04  0.95963000948032E-03
 -0.11191624990249E-04  0.45657948605012E-06  0.12444522028844E-02
 -0.22344231808176E-04  0.19150359554172E-04  0.93098414833955E-03
  0.44954003721960E-04 -0.73425871275742E-04  0.11753491540156E-02
 -0.45035335250429E-05 -0.98305646231821E-05  0.12386552937638E-02
  0.42565153778982E-04 -0.83903295112329E-04  0.11889138350659E-02
  0.37108295035143E-05 -0.20293264289683E-04  0.12313458560438E-02
  0.36347070877085E-04 -0.82410845282199E-04  0.12115753004232E-02
  0.28745173105321E-04 -0.69314669587979E-04  0.12345246489286E-02
  0.11021437620431E-04 -0.30350575139484E-04  0.12217821338055E-02
  0.23760913595558E-04 -0.46754161401816E-04  0.12501514922700E-02
 -0.83854559487309E-05  0.11906947853229E-03  0.11977067259624E-02
 -0.42391844193994E-04  0.72875024176516E-04  0.10012008328706E-02
 -0.17248293179525E-04  0.22157194502325E-04  0.12559859664838E-02
 -0.15522214838352E-04 -0.54575139586002E-08  0.12578535562680E-02
 -0.28940800598510E-04 -0.53938522318631E-04  0.95363943394650E-03
 -0.50075332448111E-04  0.76178101262414E-04  0.11930201165588E-02
 -0.37555351182460E-04  0.86753201510102E-04  0.11809856095125E-02
 -0.24724935725225E-04 -0.19553629962367E-04  0.92884907091021E-03
 -0.20687854708422E-04  0.94548911330597E-04  0.11637797036433E-02
  0.44682678220092E-04 -0.53388631391687E-04  0.11742653022909E-02
 -0.10136910145668E-05  0.96124160400812E-04  0.11382249805124E-02
 -0.57015511604901E-04  0.63502771124476E-04  0.12039274299170E-02
  0.20042846269026E-04  0.90001627088856E-04  0.11020016331555E-02
  0.39564945386496E-04  0.75151343697336E-04  0.10596931080358E-02
  0.32261122230945E-04 -0.11332739509602E-04  0.12069935794882E-02
  0.55037357475864E-04  0.51672033341475E-04  0.10184709491672E-02
  0.65418945689662E-04  0.22045883014900E-04  0.98702650712668E-03
  0.22463765538491E-04  0.41061579883765E-05  0.12273060591985E-02
  0.70008488711473E-04 -0.10146726629550E-04  0.97498737987112E-03
  0.13992823769068E-04  0.10879815287595E-04  0.12413358853970E-02
  0.40796652180389E-04 -0.31546345141386E-04  0.11872128525913E-02
 -0.33381767254498E-04 -0.79859955395423E-04  0.99879481825992E-03
 -0.60889658997357E-04  0.50144349478323E-04  0.12153713087622E-02
 -0.61740130870089E-04  0.35846013631831E-04  0.12280134934060E-02
  0.82516540163819E-04  0.28700887231822E-04  0.10407346548395E-02
 -0.97522761603000E-05 -0.48002622369727E-04  0.12272838627905E-02
  0.91914250351477E-04 -0.58384941228389E-06  0.10227797737905E-02
 -0.24057893749844E-04 -0.72905648821640E-04  0.11753136444645E-02
 -0.17683558709250E-04 -0.61722881538617E-04  0.12157243009302E-02
 -0.27258538235430E-04 -0.82954065974562E-04  0.11867099517303E-02
 -0.24653199226148E-04 -0.75434580099895E-04  0.11999066243023E-02
 -0.35198463506113E-04 -0.81294344755635E-04  0.12068413270632E-02
 -0.43261804947044E-04 -0.66600004831060E-04  0.12278491381274E-02
 -0.30198614012491E-04 -0.88202375057189E-04  0.11774332034761E-02
 -0.48346232774461E-04 -0.44466018812916E-04  0.12436799531813E-02
 -0.34963981117739E-04 -0.97464770071801E-04  0.11462750395599E-02
 -0.51720914802935E-04 -0.21052030957216E-04  0.12501225813463E-02
 -0.55385736338401E-04  0.69957148398188E-06  0.12477992572804E-02
 -0.36533141235296E-04 -0.10053159880272E-03  0.11036727016422E-02
 -0.58909370144262E-04  0.19636092660572E-04  0.12399431093045E-02
 -0.36499209960667E-04 -0.95205381865544E-04  0.10519372772344E-02
 -0.74553026155580E-05 -0.80890940146480E-04  0.11801460196843E-02
  0.10837932379044E-04 -0.45512091389341E-05  0.12188632395183E-02
 -0.12847834240665E-04 -0.84434080659831E-04  0.11959710063116E-02
 -0.21124025537316E-04 -0.76322466765387E-04  0.12179003668396E-02
  0.15095045518724E-04  0.94026744432386E-04  0.10657675509340E-02
  0.25789092981301E-04  0.73501587155899E-04  0.10141515199103E-02
 -0.67897270312448E-05 -0.95543267088202E-04  0.10763388704933E-02
  0.34858315615100E-04  0.45496306636217E-04  0.97023049365959E-03
 -0.33658814459728E-05 -0.85705103181704E-04  0.10218730983758E-02
  0.40573948783431E-04  0.12308555330513E-04  0.94446727161671E-03
  0.10761749066835E-04 -0.74917592551296E-04  0.11752842426174E-02
 -0.86147196929951E-05 -0.97065388981100E-04  0.11257089061403E-02
  0.62643818562376E-06 -0.66205284226182E-04  0.97070753267905E-03
  0.28489346347624E-04 -0.65535687236222E-04  0.11731723015388E-02
  0.16783015443201E-05 -0.82034660850459E-04  0.12072683117406E-02
 -0.56292363726687E-05 -0.68997632211109E-04  0.12296747837673E-02
  0.27021547097644E-04 -0.44423384208924E-04  0.11807306495500E-02
 -0.10560945193547E-04 -0.46874511974848E-04  0.12470032421268E-02
  0.20559012890562E-04 -0.23030521905944E-04  0.11985959216390E-02
 -0.13301277230158E-04 -0.23064698351215E-04  0.12559592818383E-02
  0.84939836402955E-05 -0.84072596423460E-04  0.11862018828061E-02
  0.51454531323171E-06  0.10559231246955E-03  0.11147174571499E-02
 -0.83747190420412E-05 -0.90359430068312E-04  0.11657494660834E-02
 -0.14182135196832E-04  0.10815474485778E-03  0.11542706056733E-02
  0.33816347511619E-05  0.17119968731610E-05  0.12497900828866E-02
 -0.26997321145480E-04 -0.57416863760847E-04  0.12379455399168E-02
 -0.30567529862486E-04 -0.33494982337028E-04  0.12511132061644E-02
  0.71721428535533E-06 -0.97770745435889E-05  0.12487313963905E-02
 -0.33764897211774E-04 -0.10504542413658E-04  0.12551034476918E-02
  0.19420662602043E-06 -0.24047089399514E-04  0.12444674065855E-02
 -0.36770716966035E-04  0.11127277941298E-04  0.12528580818510E-02
 -0.40103206981138E-04  0.30972397548202E-04  0.12462268691197E-02
 -0.43380530959703E-06 -0.39014144420957E-04  0.12387054928291E-02
 -0.42942832859512E-04  0.48437014753897E-04  0.12363088516786E-02
 -0.31339014577174E-05 -0.53016814972310E-04  0.12298446900979E-02
 -0.43634238738619E-04  0.64886285228112E-04  0.12255108889396E-02
 -0.42374390328003E-04  0.79831772923187E-04  0.12140370094665E-02
 -0.52316947177390E-05 -0.66565083871119E-04  0.12165990078480E-02
 -0.37125207082605E-04  0.92732068290044E-04  0.12008168274983E-02
 -0.70269158047410E-05 -0.79621383038066E-04  0.11955228070423E-02
 -0.28005282486341E-04  0.10308283748994E-03  0.11819927359443E-02
  0.78388464307623E-05  0.90363133975673E-05  0.12478925969798E-02
  0.56728920390247E-05 -0.37495491558516E-04  0.93470322320714E-03
