  0.47295815351555E-04 -0.56032231525113E-06 -0.14588539639960E-02
 -0.66427542207841E-05  0.74974868276059E-04 -0.14572899773368E-02
 -0.31642154272155E-04  0.80831232959992E-04 -0.14253906353348E-02
 -0.55049253966232E-04  0.83342981352284E-04 -0.13916106983831E-02
 -0.74512656095639E-04  0.81132287054066E-04 -0.13677178642675E-02
 -0.88489355765879E-04  0.80788643508703E-04 -0.13584916816615E-02
 -0.91701897941224E-05 -0.93097082254066E-04 -0.13954413042433E-02
 -0.24367888757156E-04 -0.10984844760408E-03 -0.14100889838762E-02
 -0.29181986153928E-04 -0.11772940604643E-03 -0.14317884880183E-02
 -0.27336994399309E-04 -0.12194747467580E-03 -0.14520797190088E-02
  0.16848564815271E-04  0.62335532733396E-04 -0.14766401865273E-02
 -0.16580379836498E-04 -0.11898910673401E-03 -0.14648252059452E-02
  0.14363490429382E-04 -0.10087899268501E-03 -0.14627269041733E-02
  0.29108805076307E-04 -0.85822915532228E-04 -0.14535884925893E-02
  0.41803101642451E-04 -0.68466414232719E-04 -0.14439386862192E-02
  0.52802869417053E-04 -0.50182643754595E-04 -0.14373392630130E-02
  0.60309901962655E-04 -0.31189079413916E-04 -0.14360344090792E-02
  0.64809155623638E-04 -0.11294434641303E-04 -0.14402874117490E-02
  0.65197403669784E-04  0.71882658353641E-05 -0.14472758249780E-02
  0.59098671026117E-04  0.25916244666794E-04 -0.14524621799035E-02
  0.46482782179981E-04  0.45285440357324E-04 -0.14501507243411E-02
 -0.23181337536670E-05 -0.11155047662132E-03 -0.14679427179869E-02
  0.33518687690904E-04  0.42768123891983E-04 -0.14799660680631E-02
  0.42765872246954E-04  0.21148577695403E-04 -0.14717155987437E-02
  0.46881455443103E-04 -0.21217514242237E-04 -0.14466321455011E-02
  0.26154812444818E-04 -0.52399650432839E-04 -0.14480095762076E-02
  0.28879386451634E-04 -0.29789728717203E-04 -0.14584877955647E-02
  0.29308705433856E-04 -0.80672139277225E-05 -0.14740579654324E-02
  0.26926862912604E-04  0.14891320235523E-04 -0.14916194854048E-02
  0.19702780564366E-04  0.37297629339220E-04 -0.15058489263256E-02
  0.73044135746180E-05  0.59025534333597E-04 -0.15106847769995E-02
 -0.12323278016528E-04  0.75342307333551E-04 -0.14999117192075E-02
 -0.34538615626188E-04  0.82324545265687E-04 -0.14743307973854E-02
 -0.56880113688661E-04  0.83564730864463E-04 -0.14416959631313E-02
 -0.78116479716031E-04  0.82433652774417E-04 -0.14135075864226E-02
 -0.93491891864446E-04  0.81378939702463E-04 -0.13984331173512E-02
 -0.14089659567658E-04 -0.10000557404358E-03 -0.13671740781645E-02
 -0.23145335680802E-04 -0.11538881440412E-03 -0.13920019331214E-02
 -0.26602933243736E-04 -0.12501212048261E-03 -0.14182879299632E-02
 -0.21995772909675E-04 -0.12751319408196E-03 -0.14389168641501E-02
 -0.11069106133313E-04 -0.12334205961076E-03 -0.14495366034753E-02
  0.38666221746790E-05 -0.11464167744873E-03 -0.14507630593978E-02
  0.17381700848033E-04 -0.10064860823545E-03 -0.14464003630479E-02
  0.27658801842992E-04 -0.81107093443933E-04 -0.14412346849769E-02
  0.37412600228278E-04 -0.62196504239875E-04 -0.14376203300150E-02
  0.42940524359253E-04 -0.42217246174214E-04 -0.14391015887207E-02
  0.25740704937793E-04  0.60968221622868E-04 -0.14346320059795E-02
  0.21323667214437E-04 -0.73151696942857E-04 -0.14429978199726E-02
  0.84033030292485E-06  0.70522886955113E-04 -0.14042258652437E-02
 -0.47946715916389E-04  0.75404144221302E-04 -0.13330351670860E-02
 -0.25946127541017E-04 -0.93337769681947E-04 -0.14883769531022E-02
 -0.74435529852914E-05 -0.85738041842361E-04 -0.14945948001196E-02
  0.14523472469508E-04 -0.77633155725603E-04 -0.14917837243057E-02
  0.33924751970238E-04 -0.66780149667681E-04 -0.14830143099351E-02
  0.50292481108106E-04 -0.52872502588739E-04 -0.14717583986725E-02
  0.66296470766533E-04 -0.37384065448582E-04 -0.14604545928846E-02
  0.79382088138337E-04 -0.22272958074600E-04 -0.14516542671532E-02
  0.90470886110828E-04 -0.80039389165335E-05 -0.14457042263401E-02
  0.96000111718842E-04  0.66764021032993E-05 -0.14404883074795E-02
 -0.38080957290843E-04 -0.97308201496347E-04 -0.14736084476416E-02
  0.94835288201866E-04  0.18991460736280E-04 -0.14317186283960E-02
  0.68337081405038E-04  0.42162423775654E-04 -0.13817249873769E-02
  0.44886846617444E-04  0.47864725614268E-04 -0.13369086994498E-02
  0.21139072576616E-04  0.50697170758993E-04 -0.12873845173949E-02
 -0.46721707690296E-05  0.50403934759387E-04 -0.12448927303396E-02
 -0.24666080406908E-04  0.47515965460756E-04 -0.12183439324662E-02
 -0.40792591698262E-04  0.42397170029458E-04 -0.12116112217546E-02
 -0.37423155377595E-04 -0.75112894165380E-04 -0.14372784457884E-02
 -0.47435312569832E-04 -0.81858708385491E-04 -0.14469509968910E-02
 -0.48459386165548E-04 -0.83283437551313E-04 -0.14650954599823E-02
  0.86209935206155E-04  0.31795755728311E-04 -0.14138581940480E-02
 -0.41239440408611E-04 -0.97910875005753E-04 -0.14546650718411E-02
 -0.36342763555767E-04 -0.91903811429121E-04 -0.14382948873179E-02
 -0.22635174564451E-04 -0.82331624508505E-04 -0.14330375200445E-02
 -0.65165621785153E-04  0.74401494110080E-04 -0.13136442489551E-02
 -0.23701245380505E-04 -0.98138959337620E-04 -0.14235333483065E-02
 -0.32406695456255E-04 -0.10795911067763E-03 -0.14380138829493E-02
 -0.33910197704008E-04 -0.11154589949426E-03 -0.14574683804031E-02
 -0.26602433505843E-04 -0.10950235845465E-03 -0.14742971325471E-02
 -0.12519063025723E-04 -0.10399255052325E-03 -0.14827378344007E-02
  0.55846525036563E-05 -0.95484147127450E-04 -0.14819503026109E-02
  0.24190975474671E-04 -0.84815436251079E-04 -0.14732984608042E-02
  0.39947810237925E-04 -0.70277768517843E-04 -0.14619690795659E-02
  0.54640708568819E-04 -0.54340358064783E-04 -0.14505430768522E-02
  0.66283435609934E-04 -0.37172434004829E-04 -0.14424339690834E-02
  0.75928782643862E-04 -0.20277047686907E-04 -0.14387429667687E-02
  0.80942919430672E-04 -0.26273083606347E-05 -0.14386023665765E-02
  0.80517360319634E-04  0.13427150117800E-04 -0.14385766146449E-02
  0.74113566671196E-04  0.28763184914637E-04 -0.14333324217391E-02
  0.58277816061417E-04  0.44956265174198E-04 -0.14173721727301E-02
  0.35390451638113E-04  0.55431302517285E-04 -0.13864924520853E-02
  0.10985295828927E-04  0.61550964196465E-04 -0.13450445405472E-02
 -0.14172890034157E-04  0.64728169777625E-04 -0.13031303027635E-02
 -0.36248180832845E-04  0.63409648976746E-04 -0.12727516362103E-02
 -0.54825329900320E-04  0.60361376936799E-04 -0.12589936847454E-02
 -0.22839706239649E-04  0.74560375200238E-04 -0.13663270595488E-02
  0.14096087640139E-04 -0.92965840868036E-04 -0.14416750705265E-02
  0.45369413042292E-05 -0.11178780160522E-03 -0.14404998391182E-02
 -0.77761383873604E-05 -0.12340667019590E-03 -0.14370411755859E-02
 -0.36613355167194E-04  0.41384948909559E-04 -0.15069031607208E-02
 -0.57053728487611E-04  0.37526838678966E-04 -0.14719784833217E-02
 -0.74658317020532E-04  0.32586792072598E-04 -0.14472897667915E-02
 -0.88486309128623E-04  0.29748760744224E-04 -0.14385867245694E-02
  0.40052410315664E-06 -0.39598775409270E-04 -0.11803890660241E-02
 -0.15302006814852E-04 -0.54913008538568E-04 -0.12109917584210E-02
 -0.23852875868005E-04 -0.72522360542577E-04 -0.12573603836097E-02
 -0.31323623166796E-04 -0.90259191735031E-04 -0.13124144018140E-02
 -0.34714339884083E-04 -0.10154006406279E-03 -0.13680870970086E-02
 -0.18114366211162E-04  0.42971475407381E-04 -0.15401541082312E-02
 -0.37274917744480E-04 -0.10636307797418E-03 -0.14155504835459E-02
 -0.28356109094701E-04 -0.87460738991161E-04 -0.14772706077573E-02
 -0.24689120254756E-04 -0.70234829100944E-04 -0.14975246625276E-02
 -0.21527933450049E-04 -0.51218807868052E-04 -0.15148657413277E-02
 -0.19002333922816E-04 -0.33053582399791E-04 -0.15316308440265E-02
 -0.15976324829146E-04 -0.12826501436650E-04 -0.15472742820927E-02
 -0.12440077500250E-04  0.78095551797082E-05 -0.15596775103296E-02
 -0.95284885485502E-05  0.26473851470547E-04 -0.15665701507049E-02
 -0.93995966759533E-05  0.43998659838200E-04 -0.15651734704442E-02
 -0.16992105761270E-04  0.54947012737134E-04 -0.15511911282663E-02
 -0.33253601510579E-04 -0.10028453245049E-03 -0.14514111996261E-02
 -0.61679062551907E-05  0.39269149032835E-04 -0.15630225665061E-02
 -0.46766204575730E-05  0.27777157082485E-04 -0.15731823073972E-02
 -0.10487592048153E-04  0.12578887764159E-04 -0.15740610439592E-02
 -0.91643559755169E-05 -0.26270782500378E-06 -0.15774628876561E-02
  0.68339840007200E-06  0.11898181045477E-04 -0.15772948052257E-02
  0.58840139914766E-05  0.23233404783547E-04 -0.15711029231006E-02
 -0.12637283316492E-05  0.28236549756835E-04 -0.15536196903467E-02
 -0.17164453292837E-04  0.27652901756993E-04 -0.15240196047105E-02
 -0.38305380919259E-04  0.23102170986755E-04 -0.14873510188475E-02
 -0.59026301291456E-04  0.18009874988066E-04 -0.14562667759685E-02
 -0.74496087037515E-04  0.14783230917826E-04 -0.14397096950874E-02
  0.81373882848656E-06 -0.16644588233462E-04 -0.11564844255192E-02
 -0.14395280161176E-04 -0.29611866591202E-04 -0.11787384896983E-02
 -0.25199825327197E-04 -0.44537151238217E-04 -0.12201150710672E-02
 -0.35003240147182E-04 -0.61602163921146E-04 -0.12748770528592E-02
 -0.41769869067555E-04 -0.76516704173808E-04 -0.13366987227540E-02
 -0.47237898870716E-04 -0.85061703569477E-04 -0.13967326068609E-02
 -0.46837487645009E-04 -0.87825414711632E-04 -0.14474815773625E-02
 -0.43579553764077E-04 -0.81041657367807E-04 -0.14849724575164E-02
 -0.38848046550605E-04 -0.66252025952404E-04 -0.15117882869339E-02
 -0.32981733077049E-04 -0.52162092902455E-04 -0.15316310502603E-02
 -0.29287387886854E-04 -0.37534625016599E-04 -0.15471575415678E-02
 -0.23690725923922E-04 -0.21185218064830E-04 -0.15599055492688E-02
 -0.17825342857944E-04 -0.34958138554291E-05 -0.15692058472299E-02
 -0.33406863328268E-04  0.57268094595433E-04 -0.15240806965606E-02
 -0.53426726623369E-04  0.55272791047087E-04 -0.14897639332050E-02
 -0.73219345199775E-04  0.51698078399866E-04 -0.14588968334302E-02
 -0.87563165790223E-04  0.47707018531800E-04 -0.14413469480771E-02
 -0.19159393003130E-04 -0.12551432749924E-03 -0.14191330669333E-02
 -0.92528117108974E-05 -0.11807929453305E-03 -0.14349805568230E-02
 -0.34163881902968E-06 -0.10202138876910E-03 -0.14445317780203E-02
  0.53408569283782E-05 -0.81533649921530E-04 -0.14526169043484E-02
  0.99344674627185E-05 -0.60263910482521E-04 -0.14619980220537E-02
  0.10338683049721E-04 -0.38071398532292E-04 -0.14753902509252E-02
  0.10737900496863E-04 -0.16406445072728E-04 -0.14926184424676E-02
  0.10110892163097E-04  0.61161713391390E-05 -0.15117164934133E-02
  0.71546089895636E-05  0.28443555658394E-04 -0.15278770124195E-02
  0.29555023913218E-06  0.51053636426843E-04 -0.15360355259546E-02
 -0.13618827047812E-04  0.69412104965875E-04 -0.15307818863969E-02
 -0.33424496425686E-04  0.78282318063466E-04 -0.15101031945124E-02
 -0.54181960901308E-04  0.79934569349478E-04 -0.14789539831362E-02
 -0.76069138743878E-04  0.76791508843264E-04 -0.14478778516145E-02
 -0.92435969787385E-04  0.74332598624419E-04 -0.14271479107291E-02
 -0.10443360644439E-03  0.73560356404404E-04 -0.14219362228443E-02
 -0.42746683880938E-05 -0.85459878921055E-04 -0.13119360287255E-02
 -0.19230267653457E-04 -0.10379533636794E-03 -0.13392026568259E-02
 -0.23880697177095E-04 -0.11795655913292E-03 -0.13720033037768E-02
 -0.24465197262170E-04 -0.12703983308657E-03 -0.14027375732438E-02
 -0.18377039317226E-04 -0.12882632590256E-03 -0.14252931098601E-02
 -0.23944078704655E-04 -0.12500296917442E-03 -0.13931665991937E-02
 -0.40630714023669E-04 -0.79379755713733E-04 -0.14840151956025E-02
 -0.25894188023642E-04 -0.11712590415898E-03 -0.13573800559093E-02
 -0.11405205939215E-04 -0.84921927210476E-04 -0.12795511079041E-02
 -0.49139989568171E-05 -0.62522271632050E-04 -0.12232480597035E-02
 -0.17508085419301E-04 -0.80658288914428E-04 -0.12596821554073E-02
 -0.25257346165007E-04 -0.98743871588284E-04 -0.13063404141394E-02
 -0.29183751750807E-04 -0.11294898840562E-03 -0.13542797927931E-02
 -0.28734260361173E-04 -0.11898671993106E-03 -0.13963864010292E-02
 -0.23785789610668E-04 -0.11681811376175E-03 -0.14276248393164E-02
 -0.17678883393131E-04 -0.10560807080665E-03 -0.14487738192976E-02
 -0.12622496034905E-04 -0.86960006953146E-04 -0.14649901249273E-02
 -0.77438803486175E-05 -0.67190159353355E-04 -0.14793306295162E-02
 -0.57957816731326E-05 -0.46414748119847E-04 -0.14949976102408E-02
 -0.41160075545050E-05 -0.25991659288348E-04 -0.15127292133405E-02
 -0.44385950010667E-05 -0.33436427131665E-05 -0.15307008607221E-02
 -0.47583535945846E-05  0.20001828866390E-04 -0.15458421078622E-02
 -0.57682691656635E-05  0.40705038967671E-04 -0.15542584596357E-02
 -0.12133968193712E-04  0.58447606236293E-04 -0.15516256824405E-02
 -0.27515439171919E-04  0.67551525998908E-04 -0.15342733192375E-02
 -0.46898057468510E-04  0.69752908943024E-04 -0.15048068119852E-02
 -0.66994333677750E-04  0.67283146795644E-04 -0.14715872685539E-02
 -0.84151270290555E-04  0.63628127077093E-04 -0.14458299766651E-02
 -0.99493549305786E-04  0.60826514375807E-04 -0.14345731836633E-02
  0.66490845053482E-05 -0.64069515490151E-04 -0.12539324957016E-02
 -0.20455870884491E-04 -0.10248647730261E-03 -0.13169684408132E-02
 -0.23154969545300E-04 -0.73361098024048E-04 -0.14973288240632E-02
 -0.21644304047950E-05 -0.65722847000488E-04 -0.15022321375995E-02
  0.19938035352268E-04 -0.56969115849010E-04 -0.14990147363638E-02
 -0.85612865560884E-04  0.54655639589904E-04 -0.14866957170738E-02
 -0.67320367233881E-04  0.61650249936628E-04 -0.14941451916009E-02
 -0.48501731399487E-04  0.69122776460897E-04 -0.14914250654876E-02
 -0.28579568530214E-04  0.73892691579222E-04 -0.14826053596033E-02
 -0.87358196344198E-05  0.76830551132884E-04 -0.14721931478380E-02
  0.12181886380064E-04  0.76722613643443E-04 -0.14622846681526E-02
  0.35357227373236E-04  0.73061925372119E-04 -0.14537765681815E-02
  0.56193926608642E-04  0.69614319547242E-04 -0.14472459524706E-02
  0.74965802183220E-04  0.66919577787869E-04 -0.14426066452859E-02
 -0.96601241815826E-04  0.49746742090395E-04 -0.14701401855875E-02
  0.91576078806590E-04  0.62344875439271E-04 -0.14397574757803E-02
 -0.10580021063211E-03  0.62428782087205E-04 -0.14382658101303E-02
 -0.10618120875579E-03  0.64856948985578E-04 -0.14529508314967E-02
 -0.97170634790236E-04  0.67552605037346E-04 -0.14701735728736E-02
 -0.83119285645606E-04  0.72407041657711E-04 -0.14811874605810E-02
 -0.65031056891440E-04  0.77819993133125E-04 -0.14813984168245E-02
 -0.47115481842231E-04  0.81331122667275E-04 -0.14736544754650E-02
 -0.28123597339016E-04  0.82770916288309E-04 -0.14626693452458E-02
 -0.87108474459118E-05  0.81849516326356E-04 -0.14524328016031E-02
  0.13219517493129E-04  0.76667628881861E-04 -0.14445530066383E-02
  0.10494691520981E-03  0.51438486967283E-04 -0.14383074376349E-02
 -0.10141714721238E-03  0.46926576692629E-04 -0.14515394963665E-02
 -0.96951665402879E-04  0.46296523718071E-04 -0.14397539681480E-02
  0.12556135373128E-03  0.34380557246109E-04 -0.14091483302362E-02
  0.53670556364193E-04  0.57966716378287E-04 -0.14851421241569E-02
  0.75510440879640E-04  0.59127404279862E-04 -0.14758520393846E-02
  0.96887634804790E-04  0.60624593368252E-04 -0.14640274201717E-02
  0.11305294793031E-03  0.59358980858985E-04 -0.14495581234660E-02
  0.12369495004478E-03  0.52188435147737E-04 -0.14305476250905E-02
  0.12735045562469E-03  0.42367975408725E-04 -0.14045972001936E-02
  0.12289731624594E-03  0.29426734975400E-04 -0.13699609962115E-02
 -0.94998603449386E-04  0.29000735270209E-04 -0.14455840623638E-02
 -0.93637980216037E-04  0.28331587861227E-04 -0.14633211181416E-02
 -0.85544064998903E-04  0.30873543545228E-04 -0.14832071262846E-02
 -0.68888496865230E-04  0.38627943209735E-04 -0.14974831966062E-02
 -0.49611716051752E-04  0.48469064470483E-04 -0.15018589556982E-02
 -0.29657015931192E-04  0.57975407125934E-04 -0.14984492566000E-02
 -0.91243777833251E-05  0.63979033925254E-04 -0.14908781964557E-02
  0.10675282533806E-04  0.67687054281472E-04 -0.14825773280941E-02
  0.32874115598759E-04  0.67810481827007E-04 -0.14739323698264E-02
  0.55446901680983E-04  0.67606659342841E-04 -0.14652907830520E-02
  0.77527678330981E-04  0.65336885100999E-04 -0.14564928382242E-02
  0.95261750982135E-04  0.64493948626106E-04 -0.14475816375648E-02
  0.10928758266346E-03  0.60947337404553E-04 -0.14379830516484E-02
  0.12046521200886E-03  0.49558390872210E-04 -0.14261814013671E-02
  0.34653605187211E-04  0.70027023718806E-04 -0.14400425445080E-02
  0.55367236494817E-04  0.65354996909253E-04 -0.14388191806841E-02
  0.72019917167280E-04  0.59366232214845E-04 -0.14411182433230E-02
 -0.10696372004679E-03  0.77163361680244E-04 -0.14299607798836E-02
 -0.73326139357904E-04  0.86766098640403E-04 -0.14450173500704E-02
 -0.62776482291688E-04  0.60102591215278E-04 -0.12630764160583E-02
 -0.58577764258891E-04  0.84756167113768E-04 -0.14437272658709E-02
 -0.54812205173092E-04  0.51975495737989E-04 -0.14366969635395E-02
 -0.65371785707228E-04  0.59251149202888E-04 -0.14185473281159E-02
 -0.41580877320878E-04  0.80117812361368E-04 -0.14405264283406E-02
 -0.71832442338714E-04  0.64866406288071E-04 -0.13975922191667E-02
 -0.24102643902863E-04  0.74873154194003E-04 -0.14382656394278E-02
 -0.77881148650871E-04  0.70000016971185E-04 -0.13715451792404E-02
 -0.81067672280912E-04  0.73306814425451E-04 -0.13448283046819E-02
 -0.62442843106777E-05  0.66428956033602E-04 -0.14396877616047E-02
 -0.82995544089385E-04  0.75644600948688E-04 -0.13224431071978E-02
  0.11469035697221E-04  0.54886720137519E-04 -0.14454896082504E-02
 -0.77646747750050E-04  0.72735032157416E-04 -0.13109025953145E-02
 -0.25515952213866E-04  0.57570310299957E-04 -0.14461849494550E-02
 -0.94168398925930E-04  0.82605943857980E-04 -0.13634758549389E-02
 -0.40122850878519E-04  0.66610570934260E-04 -0.14389600971686E-02
 -0.93995778939402E-04  0.83172246991638E-04 -0.13791727757800E-02
 -0.55767785789918E-04  0.73373320746075E-04 -0.14333946192966E-02
 -0.68205589448228E-04  0.78411448902167E-04 -0.14268403603105E-02
 -0.88208885583055E-04  0.82645635610536E-04 -0.13988677227337E-02
 -0.69044578256057E-04  0.58232475875442E-04 -0.12834148755761E-02
  0.30782030667237E-04  0.54966013555713E-04 -0.14922514235385E-02
 -0.68354371418380E-04  0.52921383737334E-04 -0.13147851154593E-02
 -0.68528912209210E-04  0.46346337554826E-04 -0.13521400351085E-02
 -0.10280652560403E-03  0.78917890519560E-04 -0.14452451713043E-02
 -0.93063499588216E-04  0.81362672779746E-04 -0.14592051713210E-02
 -0.78126658448992E-04  0.83930252463463E-04 -0.14656244141645E-02
 -0.62600936014003E-04  0.86005051121412E-04 -0.14624280696975E-02
 -0.44466352292094E-04  0.86288145278745E-04 -0.14541668962859E-02
 -0.25885029723209E-04  0.83051577242382E-04 -0.14456023835945E-02
 -0.18428878596305E-04 -0.45821640725084E-05 -0.11674485246998E-02
 -0.69491097324357E-05  0.78169066377338E-04 -0.14394293656043E-02
 -0.43854031045499E-04  0.34053368481443E-05 -0.12422231905384E-02
 -0.37241892792891E-04  0.12344398719504E-04 -0.12024980613327E-02
  0.13641802631210E-04  0.69995636173374E-04 -0.14370634786317E-02
 -0.27435384779981E-04  0.21577686245211E-04 -0.11796534485656E-02
  0.31435693783384E-04  0.60890181251520E-04 -0.14395204076181E-02
 -0.62348546773641E-04  0.14452350963689E-04 -0.13459398592888E-02
 -0.58603156710035E-04  0.23491674316785E-04 -0.12964846794108E-02
 -0.10117527146287E-03  0.82913336853965E-04 -0.13983735108288E-02
 -0.55611800984601E-04  0.33242204605203E-04 -0.12547139534431E-02
 -0.10299373798025E-03  0.84385083099425E-04 -0.14097423482477E-02
 -0.50265142061164E-04  0.38515790146023E-04 -0.12247907965799E-02
 -0.67107083747577E-04  0.38987178812858E-04 -0.13898375852374E-02
 -0.96936026467515E-04  0.85595618801077E-04 -0.14256833276045E-02
 -0.88090751181540E-04  0.85662555053741E-04 -0.14392421010162E-02
 -0.19174667932666E-04 -0.12675105147926E-04 -0.15741401238090E-02
  0.84471911283132E-05  0.50364394129037E-04 -0.14982160663241E-02
 -0.31399729734502E-04  0.33904085098570E-04 -0.15062767871151E-02
  0.11618372032892E-03  0.27046524979138E-04 -0.14437392450799E-02
  0.11433109733221E-03  0.31791470183696E-04 -0.14140001328262E-02
  0.10220074610802E-03  0.33401540185976E-04 -0.13696937201875E-02
  0.84060557635532E-04  0.32515721146335E-04 -0.13130028402176E-02
  0.62754330092377E-04  0.30788577784108E-04 -0.12533733820218E-02
  0.36755655869976E-04  0.27163077855712E-04 -0.12016998443931E-02
  0.14722645545648E-04  0.19923767340420E-04 -0.11677369314919E-02
 -0.46561472666011E-05  0.60668284226612E-05 -0.11559482614468E-02
 -0.54578411562172E-04 -0.41136886581341E-04 -0.14363389424277E-02
  0.11039931752648E-03  0.18580049684679E-04 -0.14623188404280E-02
 -0.64331526682389E-04 -0.47632070813373E-04 -0.14444973030318E-02
 -0.56367804827317E-04 -0.46568521844871E-04 -0.14831006066563E-02
 -0.38821820900681E-04 -0.39422908481455E-04 -0.14986776520798E-02
 -0.17614205992852E-04 -0.30874873280065E-04 -0.15068702783269E-02
  0.58769122312000E-05 -0.21908630275962E-04 -0.15085342931721E-02
  0.27019038944098E-04 -0.12539433538496E-04 -0.15070161258000E-02
  0.47532102501809E-04 -0.35162959562087E-05 -0.15032593788525E-02
  0.69193899020394E-04  0.49523082981526E-05 -0.14981280903551E-02
  0.88723317297123E-04  0.15719944624579E-04 -0.14910028949007E-02
  0.10538209372517E-03  0.25764998908300E-04 -0.14804416063146E-02
 -0.64034934687991E-04 -0.48515281721970E-04 -0.14628981597430E-02
  0.98405368988535E-04  0.80680805225590E-05 -0.14742581806518E-02
  0.82346655575973E-04 -0.42122678787052E-05 -0.14831038454049E-02
  0.64728866190232E-04 -0.16435354489611E-04 -0.14910461759709E-02
  0.39622420935068E-04 -0.46656651342584E-04 -0.14917675734959E-02
  0.58740384146564E-04 -0.35994975723874E-04 -0.14817630982885E-02
  0.76089008219147E-04 -0.22210350911431E-04 -0.14718043672606E-02
  0.90791260895847E-04 -0.77463376907329E-05 -0.14630741737151E-02
  0.10164373881318E-03  0.56063884234479E-05 -0.14548337576619E-02
  0.10804398616776E-03  0.17878654532273E-04 -0.14435452551476E-02
  0.10665637726078E-03  0.25502263433754E-04 -0.14243758627865E-02
  0.95524184987849E-04  0.33245048774621E-04 -0.13926541298292E-02
  0.77108706131723E-04  0.38594823369979E-04 -0.13460679230282E-02
  0.54595383908548E-04  0.39067822672577E-04 -0.12910391355774E-02
  0.30963041242057E-04  0.39409729301924E-04 -0.12376204895716E-02
  0.64009671734226E-05  0.36358863684720E-04 -0.11978934856423E-02
 -0.13226142302462E-04  0.28937838937817E-04 -0.11775113167036E-02
 -0.52719937591337E-04 -0.62643111392929E-04 -0.14398024554581E-02
 -0.57761666059206E-04 -0.65692510125987E-04 -0.14541454528481E-02
 -0.54745499534250E-04 -0.66077016809359E-04 -0.14739473269270E-02
 -0.40915505928437E-04 -0.61301645821739E-04 -0.14920576794958E-02
 -0.20936874359334E-04 -0.53860025451924E-04 -0.15031510936984E-02
  0.24110497312068E-05 -0.44405179496189E-04 -0.15065000408451E-02
  0.24829242967195E-04 -0.35614254886124E-04 -0.15039309215596E-02
  0.43829756977712E-04 -0.25667281241395E-04 -0.14985567346903E-02
  0.11764893544052E-03  0.33045458451728E-04 -0.14640850853499E-02
  0.12246522529839E-03  0.35356193886130E-04 -0.14381749631528E-02
  0.11868000444406E-03  0.34406909692742E-04 -0.13993479186587E-02
  0.10803354171626E-03  0.32233913887814E-04 -0.13465182215858E-02
 -0.79660840877900E-04 -0.11714101529582E-04 -0.14633897921575E-02
 -0.70697043306881E-04 -0.91175127859645E-05 -0.14840093191699E-02
 -0.53256680843406E-04 -0.24561533462556E-05 -0.14996392855902E-02
 -0.32577397144241E-04  0.75135141795060E-05 -0.15071915466528E-02
 -0.11753392455450E-04  0.18004727418652E-04 -0.15083060296860E-02
  0.74954128290877E-05  0.27701108251683E-04 -0.15065907036870E-02
  0.27417482357574E-04  0.36135527431351E-04 -0.15036921074135E-02
  0.51477648782046E-04  0.41881576561582E-04 -0.14989512893027E-02
  0.74231717852258E-04  0.46005357523677E-04 -0.14919420830864E-02
  0.95942321146113E-04  0.49187221901830E-04 -0.14812822631356E-02
  0.11286510008100E-03  0.52427540248995E-04 -0.14656956485042E-02
  0.12444110083370E-03  0.49712108878731E-04 -0.14434506679227E-02
  0.12784093579074E-03  0.43296952194285E-04 -0.14123641301927E-02
  0.12328462102302E-03  0.35136113898355E-04 -0.13708468485974E-02
  0.11097835868766E-03  0.24450637856425E-04 -0.13215913072019E-02
  0.91604311191947E-04  0.10226747774974E-04 -0.12715923881437E-02
 -0.85107324668666E-04  0.10438643645528E-04 -0.14397964477896E-02
 -0.88673332274196E-04  0.87149542442171E-05 -0.14537816678772E-02
 -0.83538162768643E-04  0.92366307140010E-05 -0.14742339683791E-02
 -0.70667156719505E-04  0.14138019475176E-04 -0.14930050541536E-02
 -0.50999909984347E-04  0.23135155418429E-04 -0.15038089867019E-02
 -0.80468500353793E-04 -0.90492415626435E-05 -0.14447579234663E-02
 -0.11349872517122E-04  0.42973654255885E-04 -0.15032392936156E-02
 -0.73043702234755E-04 -0.63923748510059E-05 -0.14369278379808E-02
  0.68201232767580E-04  0.98805344706906E-05 -0.12192853278810E-02
  0.89002563086711E-04  0.27250986999180E-04 -0.12865211499244E-02
  0.67264355565557E-04  0.21711990462276E-04 -0.12281897209052E-02
  0.41470961379910E-04  0.13086329878948E-04 -0.11828664495800E-02
  0.19920581258382E-04  0.30393696179801E-06 -0.11575750625873E-02
 -0.68418743940229E-04 -0.26723421595329E-04 -0.14385029896702E-02
 -0.73354169258332E-04 -0.30383962937147E-04 -0.14528040880714E-02
 -0.69448693318625E-04 -0.29932317290971E-04 -0.14732537902202E-02
 -0.56176754206729E-04 -0.25083625967749E-04 -0.14919288104434E-02
 -0.35788497145933E-04 -0.16994765275575E-04 -0.15038830259678E-02
 -0.12932899595415E-04 -0.75169672241562E-05 -0.15089093032937E-02
  0.81309135558208E-05  0.21827677680250E-05 -0.15090421555208E-02
  0.27080818431630E-04  0.12939497785891E-04 -0.15077520086116E-02
  0.49546380944767E-04  0.20556878518624E-04 -0.15046110826324E-02
  0.71972123708305E-04  0.26649853287591E-04 -0.14994206177129E-02
  0.93247250220881E-04  0.34365949094391E-04 -0.14909634980663E-02
  0.11041201590054E-03  0.41349865367449E-04 -0.14777952017618E-02
  0.12187124835987E-03  0.43086022773114E-04 -0.14571968033876E-02
  0.12619748536286E-03  0.40479776486140E-04 -0.14261165644179E-02
  0.12303935529980E-03  0.35857494501926E-04 -0.13828140042041E-02
  0.11042771752820E-03  0.29586439793844E-04 -0.13287941765345E-02
  0.91367805497863E-04  0.21204921570068E-04 -0.12713551311085E-02
  0.43370741797423E-04 -0.38074339404376E-05 -0.11839804066201E-02
 -0.27119218927576E-04 -0.26311760723342E-04 -0.15672145531131E-02
 -0.79379153754168E-04  0.81359906391432E-04 -0.14161378939018E-02
  0.55454454098663E-04 -0.12071495672078E-04 -0.15604992116727E-02
  0.10044065103514E-03  0.36867477446552E-04 -0.14543642723337E-02
  0.49700999039280E-04  0.49098669445968E-05 -0.15207517507696E-02
 -0.35285625962853E-04 -0.19445571080611E-04 -0.15355898588398E-02
  0.10993280490926E-03  0.20730290210306E-04 -0.14613266587149E-02
 -0.28511290832938E-05 -0.10700009238131E-04 -0.15405520663535E-02
  0.37337168196558E-04  0.12796564702857E-04 -0.15037096656676E-02
 -0.38212346575114E-04 -0.34741087897374E-04 -0.15537081549365E-02
  0.10855261121937E-03  0.31952456075889E-05 -0.14607009168855E-02
  0.93679371703874E-05 -0.13299255879745E-04 -0.15534800931751E-02
 -0.47788247427751E-04 -0.37117812267879E-04 -0.15343005340191E-02
  0.24425384289281E-04  0.21154623641174E-04 -0.14864483310051E-02
  0.95374741701187E-04 -0.15559774487292E-04 -0.14492379160612E-02
  0.21195805460011E-04 -0.11226234445112E-04 -0.15626017082156E-02
 -0.56740915144524E-04 -0.39090500799715E-04 -0.15052037497268E-02
  0.71484836273509E-04 -0.35110955452920E-04 -0.14280167472006E-02
  0.78308621307056E-05  0.32411771547996E-04 -0.14704273294666E-02
 -0.62953257695113E-04 -0.37330017844899E-04 -0.14652687489477E-02
  0.32259117696320E-04 -0.98328756812266E-05 -0.15687496916365E-02
  0.41311990686459E-04 -0.54156731818156E-04 -0.14063457047736E-02
 -0.16555190653071E-04 -0.48134462492927E-05 -0.15240535623150E-02
 -0.64735259096530E-04 -0.28956162292007E-04 -0.14139068952412E-02
 -0.16406355103726E-04 -0.20362188322399E-04 -0.15734623143419E-02
  0.88025772362319E-04  0.50796044989454E-04 -0.14465970436339E-02
  0.11010476158073E-03  0.10659193133142E-05 -0.14131348531762E-02
 -0.38916311551456E-04 -0.55165406055349E-04 -0.14385140021348E-02
 -0.17304245667929E-04  0.10352609685786E-04 -0.15053877293123E-02
  0.89472290141829E-04 -0.17817168225376E-04 -0.13900316741017E-02
  0.52343832926323E-04 -0.28165347935935E-04 -0.15268072664091E-02
  0.26763917437168E-05  0.13709560681755E-04 -0.15405219651177E-02
 -0.65502957120509E-04  0.31285121511780E-04 -0.14242853162332E-02
  0.59485616649427E-04 -0.37906575312587E-04 -0.13664232824820E-02
  0.15513819975160E-04  0.13583849014132E-04 -0.15641187230786E-02
  0.67023800319652E-04 -0.17932818262116E-04 -0.15441533894362E-02
 -0.58747062294558E-04  0.23445245109505E-04 -0.14546630121402E-02
  0.30926194524864E-04 -0.57862222005381E-04 -0.13519874937108E-02
  0.14996587056341E-04  0.80842447660700E-05 -0.15752984876740E-02
 -0.46613086791345E-04  0.15625525888645E-04 -0.14809938344520E-02
  0.68989309199028E-04 -0.99905960680660E-05 -0.15460763241652E-02
  0.29095678458841E-05 -0.81741284463730E-04 -0.13517111264240E-02
  0.49326356490668E-05 -0.13130781414185E-05 -0.15780342302581E-02
 -0.32056116541473E-04  0.40454065580622E-05 -0.15041806641749E-02
 -0.61062423280310E-05 -0.11526835370366E-04 -0.15771274419295E-02
  0.61689099964088E-04 -0.31065155123385E-05 -0.15362275424719E-02
  0.26844401483946E-04 -0.39947274732932E-04 -0.14958280764785E-02
 -0.78529417630881E-05  0.45770083001058E-04 -0.14568425024069E-02
  0.12532744601075E-04 -0.73767851493073E-04 -0.13936643802650E-02
  0.28714174257948E-04  0.17605851586809E-05 -0.15701489664224E-02
 -0.65810800541858E-04  0.60927259132389E-05 -0.13962546636092E-02
  0.81670258060468E-04  0.14181683067278E-05 -0.15183902201520E-02
  0.76082954643621E-04 -0.30910839220562E-04 -0.14802762359371E-02
  0.23207571474743E-04 -0.34421342337450E-05 -0.15752899850024E-02
 -0.65793388595487E-04 -0.19420424296600E-05 -0.14427641062858E-02
  0.49066185107225E-04 -0.47536091984650E-04 -0.14558104749817E-02
  0.13026408181844E-04 -0.10128168588843E-04 -0.15744761010230E-02
  0.71921910665415E-04  0.12015794452180E-04 -0.15025519496343E-02
 -0.58618067286124E-04 -0.85103590208958E-05 -0.14816974567398E-02
  0.13266946315348E-05 -0.17187925521508E-04 -0.15706966141103E-02
  0.20352060426767E-04 -0.63857853647903E-04 -0.14326758878441E-02
  0.59605901878543E-04  0.22991518622412E-04 -0.14851242502262E-02
 -0.11096157953153E-04 -0.21479060588284E-04 -0.15636958691906E-02
 -0.58615896121786E-05 -0.81900726141354E-04 -0.14205437303342E-02
 -0.48682995068888E-04 -0.14141859081717E-04 -0.15124283713031E-02
  0.44913716228059E-04  0.33801397100165E-04 -0.14693442850781E-02
 -0.23793041344561E-04 -0.21980635948811E-04 -0.15522078620364E-02
  0.28291638701628E-04  0.43468686439121E-04 -0.14557721173796E-02
  0.93194069647475E-04 -0.12750365697640E-04 -0.14943276911293E-02
  0.40472532948064E-04 -0.78343610820608E-05 -0.15703194383618E-02
  0.84175286839121E-04 -0.10639471772403E-04 -0.15256140368797E-02
 -0.39384605762142E-04 -0.34076563784667E-04 -0.14446204936947E-02
 -0.58754893336159E-04 -0.19334000045433E-04 -0.13550601350978E-02
 -0.12562564218291E-05 -0.66970111887323E-04 -0.14429096632156E-02
  0.39545926947730E-04 -0.68897800938937E-05 -0.15620409859198E-02
 -0.51455787841278E-04 -0.87305819805478E-05 -0.12949799219968E-02
  0.50149708683100E-04  0.52330108555965E-04 -0.14460882010489E-02
  0.26323324004382E-04 -0.10333144229732E-04 -0.15396992491162E-02
 -0.57926939583256E-04 -0.21704556849866E-04 -0.14380421292645E-02
  0.24445545608562E-04 -0.53073743527046E-04 -0.14664333087119E-02
  0.66310117782691E-04  0.42629568189017E-04 -0.14560110069176E-02
 -0.40166904911513E-04 -0.14453254728871E-04 -0.14547993766116E-02
  0.51322519006675E-05 -0.17708819104316E-04 -0.15049978457135E-02
  0.81174576367199E-04  0.31284367721043E-04 -0.14692157075449E-02
  0.53519094893332E-04 -0.38849219906775E-04 -0.14960262089005E-02
 -0.18646209742233E-04 -0.83419603793919E-05 -0.14868588893586E-02
  0.92332829743992E-04  0.17343062494083E-04 -0.14838617753653E-02
 -0.19032931685148E-04 -0.25671013492142E-04 -0.14691081690143E-02
  0.73913136707610E-04 -0.24440488150635E-04 -0.15185710376920E-02
  0.39676230754100E-05 -0.17879078832729E-05 -0.15245633471440E-02
  0.98803946579208E-04  0.35082691244531E-05 -0.14945148044841E-02
  0.21480772310875E-04  0.24895855950673E-05 -0.15538176141270E-02
 -0.40776574980936E-04  0.43489801472694E-05 -0.14692930246973E-02
 -0.27330087937106E-04 -0.27884521680986E-04 -0.15661163599988E-02
 -0.29694898633578E-04 -0.16390428638540E-04 -0.12004491463246E-02
  0.11927562902042E-03  0.16138016796765E-04 -0.13843155209952E-02
 -0.55180957769240E-04 -0.55758651902531E-04 -0.13743282504663E-02
  0.11669883149905E-03  0.36667032653281E-04 -0.14365201971172E-02
 -0.39181968471208E-04 -0.29707218293268E-04 -0.12496178444153E-02
  0.26973646681149E-05 -0.34477410079151E-04 -0.14842349461579E-02
  0.14545318781727E-04 -0.42386150092296E-04 -0.12043952337658E-02
  0.37697975663674E-05  0.87010598013927E-05 -0.15059039758345E-02
  0.51125076995106E-04 -0.99857945297524E-05 -0.15596638475572E-02
 -0.42274222413876E-04  0.43524122608333E-04 -0.14531307350259E-02
  0.75533739100721E-04 -0.20078105130727E-04 -0.13235071919662E-02
 -0.11228008460633E-04  0.21184157523315E-04 -0.14881813275371E-02
 -0.42852391562258E-04 -0.48824259275230E-04 -0.15399509552251E-02
  0.10292640584319E-03 -0.13537143903263E-05 -0.13537658150234E-02
 -0.55515579631745E-04 -0.65023349191670E-04 -0.14814541486963E-02
  0.87715607107132E-04 -0.34796434036246E-05 -0.12894473879256E-02
  0.46709562140072E-04 -0.17327663227246E-04 -0.15480487036453E-02
  0.40366111343213E-04 -0.81229247634931E-05 -0.15510569774781E-02
  0.16628470594917E-04 -0.63264226163715E-04 -0.12985840086111E-02
  0.39040123079925E-04 -0.21983547437240E-04 -0.12066236982353E-02
 -0.22226316518010E-04 -0.62963643728726E-04 -0.14422523383168E-02
  0.58667220262607E-04 -0.20614145818461E-04 -0.12595637645445E-02
 -0.18934148959257E-04 -0.44891092497237E-04 -0.14541459766897E-02
  0.10957135359230E-03  0.13676039514011E-04 -0.13296676253686E-02
 -0.50625356328492E-04 -0.58480243055524E-04 -0.15162029127610E-02
 -0.28254251235915E-04  0.33956831647588E-04 -0.14702556152244E-02
  0.66539999875401E-04 -0.47699563675219E-05 -0.12300236279070E-02
 -0.58626217317577E-04 -0.77599179601254E-06 -0.14448458982567E-02
  0.29609352825025E-04 -0.34365454743773E-05 -0.15384324007331E-02
 -0.34746350402037E-04 -0.38822552503506E-04 -0.15560830404406E-02
  0.11971316619795E-03  0.19483804873797E-04 -0.14289710298369E-02
  0.17739441794020E-04  0.66903552240147E-06 -0.15231391220325E-02
  0.70463225772738E-06 -0.51014324027639E-04 -0.14635302027070E-02
  0.29677644679190E-04 -0.41909829402821E-04 -0.12469317244430E-02
  0.27164034697944E-04 -0.24677171832826E-04 -0.15204255708913E-02
  0.46119234965141E-04 -0.39520869941847E-04 -0.13032323052485E-02
  0.20055480953863E-04 -0.21310441841424E-04 -0.11705009485056E-02
 -0.47619942948096E-04 -0.44275289803745E-04 -0.13102861893353E-02
 -0.58497763489733E-04 -0.62995536916082E-04 -0.14336408821058E-02
  0.77058034360866E-05 -0.84098835130659E-05 -0.22451916994457E-04
 -0.63532091005975E-04 -0.90539573780358E-04 -0.10174066621667E-03
  0.66186405001402E-06 -0.36610112076452E-05  0.46595599362905E-05
  0.56966708342764E-04 -0.37745278613972E-04 -0.98575372612276E-03
  0.17335988939280E-04  0.14088673513867E-04 -0.98259695235047E-03
  0.34858413198926E-05 -0.58355628195905E-05 -0.57899986984741E-05
  0.11195291872117E-04  0.66806908919888E-05 -0.98248369752287E-03
  0.64181497579658E-04 -0.51019859918901E-04 -0.92277804272758E-04
  0.24774986665772E-04  0.71938489390687E-04 -0.21331194815154E-03
  0.21286928119155E-04  0.44420241897983E-04 -0.98431492564812E-03
  0.35940938523860E-05 -0.52869715675662E-06 -0.98385331915843E-03
  0.18887293240801E-04 -0.22024811651681E-04 -0.72419850005984E-04
  0.24672668831026E-04  0.48767022947606E-04 -0.98260937043034E-03
 -0.70167171877390E-04 -0.91565537163271E-04 -0.12700247181582E-03
 -0.54957951503823E-05 -0.15602513977850E-04 -0.16735168529054E-03
  0.12476941566251E-04  0.40478986316934E-05 -0.98407921218031E-03
  0.20414150304490E-04  0.52808467817019E-04 -0.97744971284723E-03
  0.70040370341300E-04  0.12836858907468E-03 -0.32223810468570E-03
  0.43906377597809E-04 -0.34432423512673E-04 -0.98450940730523E-03
 -0.39100353192895E-04 -0.14029647738178E-04 -0.15166083423377E-03
  0.58913092367875E-05 -0.13839974288832E-05 -0.98409182267361E-03
  0.10404740526366E-03 -0.40631148491585E-04 -0.17402568155684E-03
 -0.36836200679971E-04 -0.83818490068617E-05 -0.99216201153320E-04
 -0.13850611118178E-05 -0.17049249464951E-05  0.10060637452327E-04
  0.10404308137895E-05 -0.69249479925228E-05 -0.98334874929681E-03
  0.24051571743372E-04  0.51388702349548E-04 -0.98010957444608E-03
  0.47373951358464E-04  0.10849168374851E-03 -0.27187879399003E-03
 -0.17896323763437E-04 -0.27866654212463E-05 -0.39266861193213E-04
 -0.32375103250935E-05 -0.11333011858937E-04 -0.98328577808755E-03
  0.51869193777627E-04 -0.35349016700976E-04 -0.98480408597334E-03
 -0.72176159720558E-05 -0.90240022994514E-06 -0.39983312923627E-05
 -0.53250718322267E-05 -0.11283942109476E-04 -0.98334410197978E-03
  0.10960529315281E-03 -0.45574705666623E-04 -0.14931957491453E-03
 -0.31420234394790E-05 -0.52499413084199E-06  0.92658734867573E-05
 -0.27076772584197E-05 -0.72391049994786E-05 -0.98400844323615E-03
 -0.16041048472955E-04 -0.33636570585483E-04 -0.98769811529909E-03
  0.23290964357245E-04  0.20054706081874E-04 -0.98316652772097E-03
  0.16125492613704E-04  0.36290586755637E-04 -0.98516070263417E-03
  0.13277533743060E-04 -0.10971787073389E-04 -0.47163618460095E-04
  0.25228570916211E-04 -0.51887957462577E-05 -0.25719448619697E-03
  0.24508718560041E-04 -0.21226669706334E-05 -0.97252149251977E-03
  0.42214955736468E-04 -0.41046540129506E-04 -0.98679442756998E-03
  0.21594149629481E-04 -0.11770004294993E-04 -0.16555298074908E-03
  0.12306607080871E-04  0.17808310350999E-04 -0.98390039860356E-03
  0.32408334079039E-04 -0.24823698381895E-04 -0.15225268617513E-03
  0.45424169541162E-05 -0.35534726993111E-04 -0.98906054384575E-03
  0.36166925295575E-05  0.82696022352794E-05 -0.98426830627857E-03
 -0.47926568282148E-04 -0.10023590045865E-03 -0.10568315910716E-03
 -0.28214289508861E-04 -0.11997680426782E-04 -0.16427024823116E-03
  0.31023341782703E-05  0.12610420576359E-04 -0.98369550265498E-03
  0.72231956124350E-05  0.18329698844556E-04 -0.98482612701851E-03
 -0.43287494922857E-04 -0.90779845170755E-05 -0.12916778061674E-03
  0.34333708977905E-04 -0.39300686801961E-04 -0.98597997068679E-03
  0.31290899760134E-04 -0.31607943607269E-04 -0.13444417896778E-03
 -0.28189305382662E-04 -0.33000483064975E-05 -0.65882180833100E-04
 -0.78212257250259E-05  0.54442614168264E-06 -0.98293013552990E-03
 -0.51639216626112E-04 -0.97910925560285E-04 -0.13062239531926E-03
 -0.11411453667245E-04  0.31429810835492E-07 -0.16452342094274E-04
 -0.11966635422533E-04 -0.31120450957997E-05 -0.98290375647766E-03
  0.15625568185569E-05 -0.12486921844082E-05 -0.98366885680558E-03
 -0.49985493028108E-05  0.76421930822896E-06  0.54002547019501E-05
 -0.11821292891752E-04 -0.21917776694380E-05 -0.98319504138881E-03
  0.25149000185161E-04 -0.34963650639033E-04 -0.98512296220447E-03
 -0.26027438015053E-05  0.66596503159344E-05 -0.98357543328559E-03
  0.58802214620806E-04 -0.39989031790307E-04 -0.98688426049679E-03
  0.39738449704459E-04  0.63389001167172E-05 -0.97256670043478E-03
  0.57428927274953E-04  0.38831589028747E-05 -0.28413188989879E-03
  0.19655464794934E-04  0.37895343049390E-04 -0.18147422891543E-03
  0.30087415913484E-04  0.23606330454888E-04 -0.98348747067247E-03
  0.12558718481705E-04 -0.60998123875447E-04 -0.49473432078493E-04
 -0.54742607006274E-05 -0.34471131144185E-04 -0.98880797839683E-03
  0.23012234672724E-04 -0.11643726330405E-04 -0.83811039596109E-04
  0.37400124913140E-04  0.25141420488210E-04 -0.98321325948248E-03
  0.39789060996467E-05  0.88550600206185E-05 -0.97273542960841E-03
  0.40712948543086E-04 -0.82128542049481E-05 -0.13935247490904E-03
  0.45398886338801E-04  0.26030190230091E-04 -0.98230941171351E-03
  0.24001734172346E-04  0.10221179833978E-04 -0.16793364977617E-03
  0.55543551560413E-04 -0.41945767250967E-04 -0.98750535035164E-03
 -0.53548523734221E-04 -0.83141224715778E-04 -0.68471951882312E-04
  0.68403129746443E-04  0.15131141137588E-05 -0.21643962449524E-03
 -0.20595221558054E-04 -0.76473962700123E-04 -0.47663772325252E-04
  0.10152669456152E-03  0.15031747002618E-04 -0.29991187294636E-03
  0.57197710623641E-04  0.23721118812277E-04 -0.97860164560277E-03
  0.11487671410115E-04  0.27559119471256E-04 -0.98530253860749E-03
  0.11869939498318E-03  0.23801480697546E-04 -0.34817416548509E-03
  0.29253518112633E-04 -0.10641963712413E-04 -0.16082109985948E-03
  0.56434180522990E-04  0.20366029014223E-04 -0.97514662223191E-03
  0.49895298771057E-04 -0.42361604766074E-04 -0.98793131521844E-03
  0.99063596019593E-04  0.17438295412303E-04 -0.33069870722338E-03
  0.51056794827995E-04  0.13890434063307E-04 -0.97339386344216E-03
 -0.38700999534006E-04 -0.92126092837023E-04 -0.73278652163270E-04
  0.52722125055626E-04  0.26036123236094E-04 -0.98102653552368E-03
  0.78764181187877E-05  0.12320092140366E-04 -0.25259613385638E-03
  0.42578961284229E-04  0.30281918930611E-04 -0.97524221756180E-03
  0.20973464417264E-04  0.16807151803889E-04 -0.97285298216256E-03
  0.77516808913817E-04  0.89375663357305E-04 -0.31496641891022E-03
  0.26762746248094E-04  0.40016724392817E-04 -0.97539381726455E-03
  0.50600218848094E-04 -0.36264972449126E-04 -0.98945474045686E-03
  0.48627227296056E-04  0.67349675526653E-04 -0.28541531660461E-03
  0.38496834248215E-04 -0.25091597069435E-04 -0.98608365600050E-03
  0.15505291015935E-04  0.34963206409787E-04 -0.97342986775440E-03
  0.10390507098777E-05 -0.43240465389170E-04  0.96298363004763E-05
  0.17750863918366E-04  0.40775848915141E-04 -0.26155908631662E-03
  0.11421373708143E-05  0.28388178215889E-04 -0.97280598862653E-03
  0.33585677682147E-05 -0.27365148776105E-04 -0.98324948846610E-03
 -0.55802222587014E-05 -0.49361613508403E-05 -0.92962899321725E-05
 -0.72773336462522E-06 -0.63286300851991E-05 -0.40757787411760E-05
 -0.61096899395685E-05  0.25639737753382E-04 -0.25567124715055E-03
  0.44710146408734E-04 -0.39002614313195E-04 -0.99002980155372E-03
  0.23592888696673E-04 -0.18918645410487E-04 -0.16505875134206E-03
  0.21659364325403E-04 -0.50574300154928E-05 -0.98490561299633E-03
 -0.20770674162528E-04 -0.57984046854131E-04  0.52292285100863E-06
 -0.25502327065505E-04 -0.18585416476006E-04 -0.16312577215633E-03
  0.61257145939850E-05 -0.30595200572183E-04 -0.98353415760352E-03
  0.14269141373494E-04 -0.97541828696982E-05 -0.98452828046557E-03
 -0.15596500684895E-04 -0.69379221169080E-05 -0.39495532290045E-04
 -0.65907556312128E-04 -0.64995085158573E-04 -0.15700314681099E-03
 -0.40635050986796E-04 -0.14490862786812E-04 -0.12763822157745E-03
  0.87285542712060E-05 -0.15456055637000E-04 -0.98410291061248E-03
 -0.14888589814765E-04  0.19116237900762E-04 -0.97220696449073E-03
  0.36555048627890E-04 -0.39978959938059E-04 -0.98922864700826E-03
  0.33457775906362E-04  0.42915919618433E-04 -0.97753833198149E-03
  0.39794215179612E-04 -0.33967488766068E-04 -0.20392676134859E-04
  0.98532992996472E-05  0.87074436837525E-05 -0.98382518177289E-03
  0.11540823380193E-03 -0.29561174272200E-04 -0.14332855682804E-03
  0.46541695270444E-04 -0.25990006293907E-04 -0.98671294503383E-03
  0.27581107212002E-04 -0.27111512338294E-04 -0.10310270066908E-03
  0.13632099845691E-04  0.16740376716135E-04 -0.98421896967921E-03
  0.76869386581750E-05 -0.43016702512872E-06 -0.98293587726671E-03
  0.33572760843664E-04 -0.27512343823834E-04 -0.12886237761105E-03
  0.18359639726306E-04  0.24153205439279E-04 -0.98449537662989E-03
  0.10468918764121E-04 -0.15393715986840E-04 -0.41158386350220E-04
  0.51999612740273E-04 -0.28495145605313E-04 -0.98723248367828E-03
  0.38225477440802E-04 -0.22537484912826E-04 -0.15070852578028E-03
  0.83286176523242E-04  0.83550449712664E-04 -0.30896246633312E-03
  0.23847358715881E-04  0.30493033386319E-04 -0.98469173186397E-03
  0.41904552649452E-04 -0.95297227467340E-05 -0.17522672738092E-03
  0.29070194318872E-04  0.37237442687987E-04 -0.98392064434668E-03
  0.50625172847599E-05 -0.10724365358447E-04 -0.98323844029747E-03
  0.48546001509182E-04  0.13908663403365E-04 -0.20923556974927E-03
  0.37113991174986E-05 -0.10111721464143E-04 -0.16621572681998E-04
  0.83183144651491E-04 -0.28272180108876E-04 -0.16165502652631E-03
  0.33528961246918E-04  0.41357868996727E-04 -0.98233308066915E-03
  0.53839086205711E-04 -0.32958486512689E-04 -0.98857516359716E-03
  0.65577279247773E-04  0.48997466159526E-04 -0.25962092285359E-03
  0.35672106242941E-04  0.42493174987690E-04 -0.98008107834520E-03
  0.32522269287691E-05 -0.20343083220235E-04 -0.98375458352062E-03
  0.91732231451834E-04 -0.29907821802691E-04 -0.87513822973085E-04
 -0.55695096860178E-04 -0.64964044905862E-04 -0.15468147343423E-03
 -0.26077515555629E-04 -0.70551322873446E-05 -0.66903008146391E-04
 -0.35077679213278E-04 -0.75035608247928E-04 -0.32502240083395E-04
 -0.70609501360103E-04 -0.83573110571196E-04 -0.14486983101606E-03
 -0.16390085403077E-04  0.39304648754598E-04 -0.97249680388832E-03
  0.40037211446400E-04 -0.22495973255269E-04 -0.13858571949321E-03
  0.34676862107841E-04  0.30609849505259E-04 -0.98361927237919E-03
 -0.60416206215022E-04 -0.93830580790133E-04 -0.13047732801755E-03
  0.56291945255937E-04 -0.14346529701683E-04 -0.18902777022669E-03
  0.41276370075231E-04  0.33623196458470E-04 -0.98233472786878E-03
  0.27145848573349E-05  0.61640034416739E-04 -0.27669293112665E-03
  0.79357208447740E-04  0.62383414896270E-05 -0.25297459873880E-03
  0.46082517190512E-04  0.34564462394854E-04 -0.98046093688554E-03
 -0.25375746671232E-04 -0.29998143022017E-04 -0.98607266192342E-03
  0.10558819714515E-04 -0.35757335246768E-04 -0.98672803466164E-03
 -0.14340312059169E-06 -0.32247907725784E-04 -0.98604134251547E-03
  0.46207802898386E-04  0.33467844041555E-04 -0.97773808372756E-03
 -0.59985518303963E-04 -0.82399355560866E-04 -0.14581019863861E-03
 -0.17913323532723E-05  0.46451228903532E-04 -0.97357100257475E-03
  0.10133036929835E-03  0.53770324991214E-04 -0.33064890173650E-03
  0.36047897153256E-04  0.86955451706793E-04 -0.29439181642771E-03
  0.68952676148080E-04  0.45436521324038E-04 -0.29742495798496E-03
  0.10729444973798E-04  0.50733990083199E-04 -0.97458013763607E-03
  0.33763407225623E-04  0.23999743608421E-04 -0.97349409058306E-03
 -0.11207959759620E-04 -0.27895280032458E-04 -0.98519333263156E-03
  0.32350364556500E-04  0.25591597627921E-04 -0.26303290586447E-03
  0.64369425678006E-04  0.11672539659354E-03 -0.32382992291702E-03
  0.10237131887413E-03  0.35621404667506E-04 -0.31427237958242E-03
  0.44630090511831E-05 -0.19626448756730E-04 -0.98346954441275E-03
  0.28487345976207E-04  0.27177828083928E-04 -0.98411512144950E-03
 -0.53343569593296E-05 -0.22186104908004E-04 -0.16626194994171E-03
  0.10588787112026E-04 -0.28206958406838E-04 -0.98375337597652E-03
 -0.10630432500561E-04 -0.31988009747750E-05 -0.18929465588757E-04
  0.82362438093494E-06 -0.20824117505462E-04 -0.98344476235310E-03
 -0.33584236056982E-04 -0.13138965898835E-04 -0.95536115855004E-04
 -0.42115805511732E-05 -0.21227981405535E-05  0.27626558105846E-05
  0.95569983037664E-06 -0.17256325748076E-04 -0.98376917437386E-03
  0.28693142312044E-04 -0.39969264376778E-04 -0.98795447989818E-03
 -0.36033083144149E-04 -0.23220179716567E-04 -0.98499693015747E-03
 -0.14313047662070E-05 -0.32776289330064E-05  0.60188658999030E-05
  0.40181040143312E-05 -0.99771956254870E-05 -0.98396559671395E-03
  0.15005350439602E-04 -0.23349985351552E-04 -0.98442359078349E-03
  0.28972325901458E-04 -0.22937738544274E-04 -0.10038345482810E-03
 -0.46174765232140E-04 -0.88871909457118E-04 -0.70424722620274E-04
  0.86524589971451E-05 -0.14081712605583E-05 -0.98278355316476E-03
 -0.37893876498350E-04 -0.19853213152077E-04 -0.14791953388416E-03
  0.58851830153066E-05 -0.93912988817768E-05 -0.18984247602434E-04
  0.13591053507626E-04  0.79572562931448E-05 -0.98269715040043E-03
  0.20457736131216E-04 -0.38347027211002E-04 -0.98725249152011E-03
  0.12538431870869E-04 -0.14459984219459E-04 -0.42113260085387E-04
  0.21391203660369E-04 -0.17937345813007E-04 -0.98470284943666E-03
  0.17686108757826E-04  0.16216085755416E-04 -0.98347740493314E-03
 -0.55265676686686E-04 -0.96102885635165E-04 -0.10492415999532E-03
  0.20654019695257E-04 -0.20020673854140E-04 -0.69414229499256E-04
  0.22990800544704E-04  0.22465779318898E-04 -0.98394908996293E-03
  0.10194648597560E-05 -0.56949698249409E-05 -0.23110245503676E-05
 -0.19132897614719E-05  0.15880356122190E-06  0.10412888413674E-04
  0.56500500583529E-04 -0.40775256610361E-04 -0.98251558094875E-03
 -0.50930237489574E-04 -0.84505856467757E-04 -0.14708869942882E-03
  0.42380478713612E-04 -0.45268073236362E-04 -0.97636382258204E-03
  0.77253358533093E-05  0.34288311570246E-04 -0.10123609025239E-03
 -0.20218822556131E-04  0.40003180439795E-05 -0.98394174938760E-03
  0.90662856940429E-04 -0.12541030509889E-03 -0.32101290065003E-03
  0.96287027522358E-05  0.39529972056475E-04 -0.12999397008102E-03
 -0.81892462457164E-05 -0.72404995236649E-06 -0.98267063075270E-03
  0.90256501623229E-05  0.39639597785618E-04 -0.15073711732263E-03
  0.34945274480943E-05 -0.50835289804293E-05 -0.98296790562324E-03
  0.55937776456031E-04 -0.41149867851877E-04 -0.97578654163484E-03
  0.50904882332243E-05  0.31714868977229E-04 -0.16329866067500E-03
  0.15633587416231E-04 -0.94366799180879E-05 -0.98329519394958E-03
  0.93353498681530E-04 -0.13453274852198E-03 -0.32683053030015E-03
 -0.99307754875759E-06  0.14521940296780E-04 -0.16794558694277E-03
 -0.31598469936497E-04  0.82139093937920E-05 -0.98404330667677E-03
  0.28477727113826E-04 -0.15297574989133E-04 -0.98335738420460E-03
  0.40704630380835E-04 -0.21943297104349E-04 -0.98329011363977E-03
  0.65742481697224E-04 -0.37183382061655E-04 -0.97631841507370E-03
 -0.48751914071524E-04  0.63770021278273E-05 -0.17639372816069E-03
 -0.33243481805252E-04  0.53176094037049E-04 -0.98164000245337E-03
  0.58972232284238E-04 -0.13045859720513E-03 -0.29407954946518E-03
 -0.41335447517495E-04  0.10748636774671E-04 -0.13457028082730E-03
 -0.40440920792777E-04  0.40573015160564E-04 -0.98136603590897E-03
 -0.17917729899813E-04  0.17789193071120E-04 -0.89388471376666E-04
 -0.45768034967473E-04  0.27653212611906E-04 -0.98144682834975E-03
  0.71297714504430E-04 -0.32914830252369E-04 -0.97773724067800E-03
 -0.35932249633818E-05  0.26782581531881E-04 -0.80028429713835E-04
 -0.46201468558141E-04  0.17195827785179E-04 -0.98289515525371E-03
  0.17090804478444E-04 -0.10856932819581E-03 -0.24131443901971E-03
 -0.88542854228036E-05 -0.10241978068168E-04 -0.16718355229859E-03
  0.43692737791678E-05  0.26031040221794E-04 -0.69212607871139E-04
 -0.39377862671159E-04  0.12892728753106E-04 -0.98321608080493E-03
 -0.24766480238422E-06  0.16713545413124E-04 -0.44194113121981E-04
 -0.96461220642853E-05  0.53642118990288E-05 -0.98276728136922E-03
  0.66546337598172E-04 -0.36344089560103E-04 -0.98317854042378E-03
  0.11693317072648E-04  0.32935679561227E-04 -0.98767851674444E-04
  0.22952003530571E-05  0.27366909346363E-05 -0.98274730726524E-03
 -0.32800319855690E-04 -0.92317462048201E-04 -0.16159517253933E-03
  0.13944672650824E-04  0.39248673279180E-04 -0.12516306860861E-03
  0.14075202572357E-04 -0.26411401264780E-06 -0.98348443305878E-03
  0.14882116763964E-04  0.40535071856088E-04 -0.14704217435262E-03
  0.27169337966183E-04 -0.37832197661806E-05 -0.98367894825820E-03
  0.60016285452136E-04 -0.32841808164696E-04 -0.98366812912156E-03
  0.12802354632017E-04  0.32837127533089E-04 -0.16261638611759E-03
  0.39720104514512E-04 -0.91343138943554E-05 -0.98330734023698E-03
 -0.29237198025354E-04 -0.67765032301763E-04 -0.16168607104978E-03
  0.80949990021450E-05  0.14095331704509E-04 -0.17147587764519E-03
  0.51946801241777E-04 -0.16207770143394E-04 -0.98259544810541E-03
  0.17529247763407E-06 -0.11376706998150E-04 -0.17630956429743E-03
  0.62897132645151E-04 -0.21164623981966E-04 -0.98223679634822E-03
  0.50773536863428E-04 -0.28578259546873E-04 -0.98337836990816E-03
 -0.36092702240959E-04  0.14576729963413E-06 -0.17128348819616E-03
 -0.22887592298033E-04  0.51073647051625E-04 -0.98297671899549E-03
 -0.19261988844076E-04 -0.39309167788319E-04 -0.16445361476226E-03
 -0.47467190131032E-04  0.11107597964378E-05 -0.13986557077911E-03
 -0.30116069122202E-04  0.41292427476528E-04 -0.98292685311300E-03
 -0.27700926233969E-04  0.47940665884595E-05 -0.81472708980459E-04
 -0.36568817902959E-04  0.30129431091137E-04 -0.98197668432118E-03
  0.28110779273543E-04 -0.48654942384096E-04 -0.97716333817538E-03
 -0.82775849570585E-05  0.99720323137970E-05 -0.43582464380485E-04
 -0.40287351084944E-04  0.20141072731959E-04 -0.98242680149294E-03
  0.52954019547693E-04 -0.11121599812445E-03 -0.30378084492878E-03
  0.20362922607954E-05  0.35913656128924E-04 -0.99444828476173E-04
 -0.41224758324990E-04  0.97281196192691E-05 -0.98378168682310E-03
  0.40069479917152E-05  0.40830120151146E-04 -0.12763916141734E-03
 -0.31654234452423E-04  0.32675374495858E-05 -0.98463084529733E-03
 -0.33167137733643E-05  0.42330638821672E-04 -0.14921771990150E-03
  0.43375947447235E-04 -0.78604390748843E-04 -0.29238862269436E-03
 -0.42491503953313E-04  0.35356192883379E-05 -0.98392601619663E-03
  0.44249410596694E-04 -0.27151841519285E-04 -0.97191966745697E-03
 -0.87032846855454E-05  0.30945392976641E-04 -0.16154207490454E-03
 -0.31827539707344E-04 -0.45543245363732E-05 -0.98453860423976E-03
  0.65582014799873E-04 -0.80415000369491E-04 -0.30558115174708E-03
 -0.17446294232938E-04  0.11259070102262E-04 -0.16694607366672E-03
  0.58218476409476E-04 -0.19050370057099E-04 -0.97270528251041E-03
 -0.19982702655941E-04 -0.11944691497697E-04 -0.98371668746470E-03
  0.81429150319530E-04 -0.74851551242415E-04 -0.31916690610714E-03
 -0.27347245895958E-04 -0.13269350495515E-04 -0.16582950644089E-03
 -0.83550779482514E-05 -0.18774757438457E-04 -0.98377180200296E-03
  0.68009815352656E-04 -0.12156061896475E-04 -0.97433001185923E-03
  0.85242574778750E-04 -0.49033025781723E-04 -0.31740242211478E-03
 -0.37319042712540E-04 -0.38890481733787E-04 -0.16207094400301E-03
  0.27503269328328E-05 -0.24142663205625E-04 -0.98397827431759E-03
  0.79696825039467E-05 -0.29416790773488E-04 -0.97240845307779E-03
  0.11438711044230E-04 -0.35823918876598E-04 -0.26356745083883E-03
 -0.58705653163376E-04  0.49568745579737E-04 -0.26272007135988E-03
 -0.41824622833039E-04  0.57392610357695E-04 -0.97738956443239E-03
  0.26561915104271E-04 -0.20393531865067E-04 -0.97214017354772E-03
 -0.57983806036044E-04  0.56956265931330E-04 -0.24872389171115E-03
  0.30755009791679E-04 -0.36015327340036E-04 -0.26519866574679E-03
 -0.48853973596696E-04  0.43336037674048E-04 -0.97835828849978E-03
  0.43226097352855E-04 -0.10996749466040E-04 -0.97204513012723E-03
 -0.34092036107055E-04  0.59335011399277E-04 -0.21049396883199E-03
 -0.54144132270633E-04  0.29292055058682E-04 -0.97925446123791E-03
  0.56146023099940E-04 -0.36037070645485E-04 -0.28416456567458E-03
  0.28053464025288E-04 -0.35368270401469E-04 -0.97253301702892E-03
  0.78604169627290E-05  0.24132678180905E-04 -0.70288853535434E-04
 -0.49543028857910E-04  0.12538330497208E-04 -0.98307662190743E-03
  0.40777427225053E-04 -0.61593185010180E-04 -0.26152174260694E-03
  0.72670194764553E-04 -0.29054272396519E-04 -0.97948305721452E-03
  0.28093896919885E-05  0.39170992657400E-04 -0.15052508877799E-03
 -0.19466371009830E-04 -0.28975189161213E-05 -0.98375430256628E-03
 -0.55324389952956E-05 -0.75974743830489E-04 -0.20089616225064E-03
 -0.12910727541385E-05  0.29803088401479E-04 -0.16373690698994E-03
 -0.72286314475948E-05 -0.90198237850255E-05 -0.98295122740845E-03
  0.70047458070350E-04 -0.25363656165862E-04 -0.98148546265991E-03
 -0.76457090178993E-05 -0.42314101046824E-04 -0.18232242203985E-03
 -0.93295003396389E-05  0.12690386059705E-04 -0.16827360789148E-03
  0.39831260857253E-05 -0.14208278641601E-04 -0.98320984856036E-03
  0.28328685585413E-04 -0.44843969920697E-04 -0.97442789787682E-03
 -0.18260011463323E-04 -0.10825244053203E-04 -0.16712796208593E-03
  0.53897569296782E-04 -0.11468674751979E-03 -0.31858629406527E-03
  0.16303143701041E-04 -0.19656417642423E-04 -0.98332122990333E-03
  0.43974665504937E-04 -0.39163627370794E-04 -0.97321836004831E-03
 -0.39227999326582E-04  0.19101339836822E-04 -0.20908565717263E-03
 -0.33466048025118E-04  0.63099828883834E-04 -0.97945847926081E-03
  0.79690887243898E-04 -0.12048837973408E-03 -0.33219288740234E-03
 -0.55114633283230E-04  0.24722783639098E-04 -0.19834301905621E-03
  0.57978953582875E-04 -0.32514349865248E-04 -0.97324054469643E-03
 -0.42686207426364E-04  0.50078037757666E-04 -0.97966972942217E-03
  0.83201048184188E-04 -0.11933195763655E-03 -0.33401249986329E-03
 -0.35466569469259E-04  0.32611343085887E-04 -0.15982086554758E-03
 -0.48910273380463E-04  0.35661648809978E-04 -0.98037744479333E-03
  0.67847336576729E-04 -0.26431848060466E-04 -0.97490148544223E-03
  0.64322260682502E-04 -0.10004748648490E-03 -0.30546851707149E-03
 -0.12853044671048E-04  0.40779053570981E-04 -0.13376073183778E-03
 -0.51089197730567E-04  0.23290172101923E-04 -0.98154273709604E-03
  0.73162219264946E-04 -0.20779737301308E-04 -0.97632999378758E-03
 -0.36407029430501E-05  0.44825813871588E-04 -0.13528607007367E-03
 -0.61984140790163E-05  0.19456985059775E-05 -0.98408950794659E-03
 -0.21266118021823E-04  0.76458899216267E-05 -0.98388837306569E-03
 -0.19726128903783E-04 -0.10931063392299E-03 -0.17283928733515E-03
 -0.62115445846428E-05  0.20049667098850E-04 -0.98341389412425E-03
 -0.38913953949608E-04 -0.43715755918984E-05 -0.97058281744157E-04
 -0.12587862977191E-04  0.13082482861204E-04 -0.98301412216367E-03
  0.62822271443077E-04 -0.41651175748609E-04 -0.98337230521553E-03
 -0.18711169886753E-04  0.40537462536543E-06 -0.35624754658040E-04
 -0.17717630178892E-04  0.71640322399702E-05 -0.98272039062334E-03
  0.36520173653763E-04 -0.87286376248527E-04 -0.13952795150837E-03
 -0.70746665524978E-05  0.13432735020628E-05 -0.22832896044832E-05
 -0.20290634430192E-04  0.43647812411902E-05 -0.98284566757913E-03
 -0.23666615318769E-05  0.13305535796554E-05  0.67398271032362E-05
 -0.16493285249398E-04  0.51802046341535E-05 -0.98350917537017E-03
  0.64172002010868E-04 -0.42098295985750E-04 -0.98409846037202E-03
  0.10735414536297E-05  0.10523556390848E-05  0.42936007092500E-05
 -0.42077241873335E-04 -0.86242427026444E-05 -0.15169438801395E-03
 -0.79268173094072E-05  0.79307552949669E-05 -0.98386314578163E-03
  0.32979993231711E-05  0.23047739547731E-05 -0.30391375159022E-05
  0.21470321828432E-05  0.10094663698602E-04 -0.98272936710884E-03
  0.49525514225673E-05  0.49941073681741E-05 -0.15467685785273E-04
  0.11973540468260E-04  0.11412132505371E-04 -0.98275065451459E-03
  0.61486467200249E-04 -0.42016667143116E-04 -0.98513520174898E-03
  0.71028051105664E-05  0.10209595131136E-04 -0.34934178296774E-04
  0.21634805427963E-04  0.12562370981237E-04 -0.98275730888170E-03
 -0.35951751645768E-04 -0.10395418280165E-03 -0.11819454296767E-03
  0.11260771577967E-04  0.17656348520901E-04 -0.62769760166470E-04
  0.32696078408022E-04  0.12245480863040E-04 -0.98262054427417E-03
  0.17541584481577E-04  0.25952857988599E-04 -0.10025506077862E-03
  0.43240873672966E-04  0.93997573641128E-05 -0.98264283841254E-03
  0.55865410435941E-04 -0.40425895200855E-04 -0.98563726376759E-03
 -0.10661623582865E-04 -0.97378982057753E-04 -0.11488878411332E-03
  0.91614763399146E-04 -0.77372964560895E-04 -0.18610235197018E-03
  0.19347533386259E-05  0.25755210796762E-04 -0.98343448258246E-03
 -0.82718969022297E-05 -0.93035516287742E-05 -0.16795071432633E-03
  0.37633542944436E-06 -0.11665424795319E-05  0.87739228604682E-05
  0.32010915329506E-05  0.67873138991542E-05 -0.98328135454535E-03
  0.24497888532205E-05 -0.19220145857857E-05  0.35613430974986E-05
  0.12267698405097E-04  0.11507318181340E-04 -0.98259085242859E-03
  0.14441351331698E-04 -0.29699888180022E-04 -0.98455080371112E-03
  0.35336706178020E-05 -0.10680369495193E-05 -0.69167489520135E-05
  0.19407496589267E-04  0.15951549513972E-04 -0.98292070573677E-03
 -0.45203074510420E-04 -0.63529650506820E-04 -0.15644179986992E-03
  0.61889384164578E-05  0.22461498589852E-06 -0.25359638526189E-04
  0.27828661073365E-04  0.18703004525783E-04 -0.98273042874238E-03
  0.11802138456381E-04  0.34351829121262E-05 -0.54939564744282E-04
  0.36896477154744E-04  0.19098423976265E-04 -0.98257763111312E-03
  0.37615933310157E-04 -0.41750261352826E-04 -0.98197379937858E-03
  0.23431270145387E-04  0.95996108168628E-05 -0.10048061340136E-03
  0.46355398994152E-04  0.17767745174902E-04 -0.98220960963849E-03
  0.75898036565894E-04 -0.55460638746957E-04 -0.20620388012958E-03
  0.44241776321948E-04  0.18711778860671E-04 -0.16684179911473E-03
  0.55475870840925E-04  0.16514310357459E-04 -0.98142892638156E-03
  0.73643330508342E-04  0.24700960168354E-04 -0.24690056964870E-03
  0.63368320716666E-04  0.14244466806493E-04 -0.97963690457252E-03
  0.47839387237007E-04 -0.40996513546138E-04 -0.98232788659181E-03
  0.10149563400139E-03  0.17945257900401E-04 -0.31650095960385E-03
  0.66772144579223E-04  0.98975978556866E-05 -0.97659699384995E-03
  0.11168090979604E-03 -0.66997352107283E-04 -0.21068093491006E-03
  0.10877671752854E-03 -0.37583667959156E-05 -0.34177060410503E-03
  0.64627413022612E-04  0.40263194292068E-05 -0.97397487128488E-03
  0.88198095773405E-04 -0.26647076477630E-04 -0.31900790709197E-03
  0.56770447536724E-04 -0.30355539281834E-05 -0.97289844285796E-03
  0.25051061645908E-04 -0.30771906065842E-04 -0.10551150476335E-03
  0.28497088272471E-04  0.33795662200245E-04 -0.14645171514100E-03
  0.54730368379030E-04  0.62358414376291E-05 -0.98188599553700E-03
 -0.44344902316913E-04 -0.10148498236485E-03 -0.13393581883704E-03
  0.43130402541011E-04  0.35479101862937E-04 -0.19855001513518E-03
  0.17833077891083E-04  0.37351841535554E-04 -0.12288921945622E-03
  0.36796368788214E-04  0.19006106491166E-05 -0.98303221454477E-03
  0.52382559056805E-04 -0.43981526169946E-04 -0.97935109022705E-03
  0.21392407098000E-04  0.38771287924158E-04 -0.15251043865312E-03
  0.49020178370281E-04 -0.31134190041867E-05 -0.98246699793272E-03
  0.10611485319221E-03 -0.10781962777602E-03 -0.27429013922184E-03
  0.23187225865973E-04  0.31375626107635E-04 -0.17816394189807E-03
  0.60705307487007E-04 -0.73088786184611E-05 -0.98189542967884E-03
  0.23991797840440E-04  0.12222019182075E-04 -0.20001057265140E-03
  0.69530628247526E-04 -0.10945024620205E-04 -0.98082110490773E-03
  0.61620982523049E-04 -0.42078767354884E-04 -0.97919534764961E-03
  0.27470189918532E-04 -0.19937514105503E-04 -0.22467912725774E-03
  0.74073430903168E-04 -0.15815982104476E-04 -0.97864866120060E-03
  0.71037655868330E-04 -0.11732073060582E-03 -0.24908614613451E-03
 -0.12428432955681E-04 -0.27506867976671E-05 -0.16921163780894E-03
 -0.10948612213077E-04  0.45218494402694E-04 -0.98360040698172E-03
 -0.45965865611304E-04 -0.33571854773948E-05 -0.15438423251358E-03
 -0.19768256127114E-04  0.37975977587443E-04 -0.98337132526575E-03
  0.67618775460800E-04 -0.40485526519615E-04 -0.98031450920707E-03
 -0.39923536635747E-04 -0.90757807859298E-06 -0.10052724829741E-03
 -0.26960101427370E-04  0.29376857943043E-04 -0.98285575111102E-03
  0.17193927613573E-04 -0.11816751276567E-03 -0.20375146461802E-03
 -0.17371932097479E-04  0.26806926456233E-05 -0.41917834884983E-04
 -0.32092957763093E-04  0.20617182421255E-04 -0.98218588602246E-03
 -0.46753217478435E-05  0.50385793687036E-05 -0.16094072851648E-04
 -0.34564474775935E-04  0.13984872699677E-04 -0.98283243472883E-03
  0.69130120286771E-04 -0.38383450723676E-04 -0.98146585580732E-03
  0.49454418429860E-06  0.91696288541375E-05 -0.20455356971566E-04
 -0.30795703890627E-04  0.10036845047735E-04 -0.98335581129746E-03
  0.24438492655362E-04  0.54472317340952E-05 -0.98317882578163E-03
  0.43370765331253E-05  0.15872981447985E-04 -0.42175158708466E-04
  0.14102535000465E-04  0.30348675203616E-04 -0.92230814559839E-04
  0.12650688293593E-04  0.74344984178880E-05 -0.98310026883508E-03
  0.64527270304560E-04  0.36650826692228E-05 -0.98052271942255E-03
  0.60058220835634E-04  0.21933999609922E-04 -0.24965806291557E-03
  0.71336630314542E-04 -0.55039907873241E-06 -0.97855244442036E-03
  0.47110898426269E-04 -0.37781159949503E-04 -0.98492416455339E-03
  0.76101729976508E-04 -0.98793434501726E-05 -0.29286045084657E-03
  0.72404716652335E-04 -0.61294431698711E-05 -0.97594070352472E-03
 -0.42995769745809E-04 -0.88085385140315E-04 -0.14770717683998E-03
 -0.32605590643828E-04 -0.63076489354641E-05 -0.16458644797274E-03
 -0.92576627045155E-05  0.32844814783977E-04 -0.98364885400531E-03
 -0.45597930686497E-04 -0.47888351290239E-05 -0.12816533889906E-03
 -0.16319157589373E-04  0.25605441754884E-04 -0.98315290266514E-03
  0.38442499814132E-04 -0.32946929050639E-04 -0.98426817607159E-03
 -0.28393702033630E-04 -0.74514905886887E-06 -0.64300185889220E-04
 -0.22212070400941E-04  0.17929382578031E-04 -0.98223289167639E-03
 -0.36283558105050E-04 -0.65413143948420E-04 -0.15629337772838E-03
 -0.10545220326970E-04  0.16728564639642E-05 -0.16810788332762E-04
 -0.26714228058700E-04  0.11665685029703E-04 -0.98254966502119E-03
 -0.32282598187772E-05  0.24302602486863E-05 -0.85214480770087E-06
 -0.26509764766371E-04  0.90883259100038E-05 -0.98294667509067E-03
  0.27529094784138E-04 -0.26156744162733E-04 -0.98357330938652E-03
  0.79856652577768E-06  0.41981085037984E-05 -0.52671295392949E-05
 -0.20027609540128E-04  0.85378284534557E-05 -0.98381479044783E-03
 -0.27978842013201E-04 -0.37949420791037E-04 -0.16282827743560E-03
  0.36458062467777E-05  0.79474519792538E-05 -0.19270875040819E-04
 -0.99202887059061E-05  0.86697287064408E-05 -0.98337514061551E-03
  0.68470969861018E-05  0.14024332437564E-04 -0.38723540494673E-04
  0.15176670553040E-05  0.84315540653578E-05 -0.98255567182908E-03
  0.40276383359009E-04 -0.45016632194952E-04 -0.97975114451941E-03
  0.10339193861355E-04  0.21764729542436E-04 -0.63265007799484E-04
  0.90756646619201E-04 -0.91894639494051E-04 -0.26421783176167E-03
 -0.40614217029842E-04 -0.70496948781809E-04 -0.29707326884113E-04
 -0.82374789310208E-05  0.32431113579585E-05  0.89048213089912E-04
  0.16016406643694E-04 -0.24233172068534E-04 -0.70561719488255E-04
  0.46291031038033E-05  0.17325554203488E-04  0.68184604979226E-04
 -0.26428116521679E-05  0.37672294316391E-04 -0.99224074801129E-03
 -0.43888414657801E-04 -0.23852529075913E-04  0.19808152603303E-05
  0.22975423698988E-04  0.99006211781580E-05  0.57594672081538E-04
  0.70387071727650E-05  0.44198669028952E-04 -0.99183623166988E-03
  0.53682352956134E-04  0.81145419178269E-05  0.13950223424081E-04
  0.13870137932308E-04  0.51831218568594E-04 -0.99020242601186E-03
 -0.57565246550700E-04 -0.28466868958031E-04 -0.98764532567500E-03
  0.93361712902459E-04  0.10166852500452E-04 -0.58246156018450E-04
  0.14982247306160E-04  0.58503680397289E-04 -0.98828626776488E-03
 -0.64196660574971E-04 -0.36017885480486E-04 -0.53177432220012E-04
  0.11169852022449E-03  0.11035048647300E-04 -0.12379313665187E-03
  0.94453334423069E-05  0.62354477677584E-04 -0.98586379481458E-03
  0.80473804924880E-04  0.70749282115689E-05 -0.15584496549932E-03
 -0.31197902797937E-07  0.63046407284268E-04 -0.98425764698632E-03
 -0.61576046360975E-04 -0.26862377410392E-04 -0.98579201120387E-03
  0.17335652130269E-04  0.26187677186350E-05 -0.16864854303490E-03
 -0.11226258286110E-04  0.58841934702413E-04 -0.98346640596466E-03
 -0.90783675607820E-04 -0.46036954330655E-04 -0.12653195285037E-03
  0.15565795571496E-04 -0.81263510456099E-04 -0.29578574205847E-03
  0.90859177460682E-05 -0.43238876058106E-04 -0.97342929574582E-03
 -0.21659185537739E-04 -0.91198426632258E-04 -0.32359761606161E-03
 -0.89026626869724E-05 -0.51086093383435E-04 -0.97374802952383E-03
 -0.63706556763032E-04 -0.23259876805320E-04 -0.98248258801226E-03
 -0.54218274068764E-04 -0.96288243858911E-04 -0.34623252856259E-03
 -0.24870934767036E-04 -0.57832619389043E-04 -0.97506214255347E-03
 -0.12229985250544E-03 -0.47553921484934E-04 -0.21059595233321E-03
 -0.53661155851236E-04 -0.74941283457888E-04 -0.31663331914959E-03
 -0.37972814912135E-04 -0.60087453736609E-04 -0.97674093759818E-03
 -0.50452588027902E-04 -0.27958078735699E-04 -0.98962196264081E-03
 -0.36164204244547E-04 -0.32323631878208E-04 -0.24955103775586E-03
 -0.13110736053327E-04  0.29656596050170E-04 -0.99156802619143E-03
 -0.23407535968515E-04  0.20298591358169E-04 -0.99097942215965E-03
 -0.38743585218212E-05 -0.13573599090492E-04 -0.99232524159016E-03
 -0.57625408118672E-04 -0.60175667403982E-04 -0.31201128793001E-03
 -0.28183365671930E-04 -0.48205109494977E-04 -0.97357749585901E-03
 -0.81776824965959E-05 -0.64883001500724E-05  0.87591898269590E-04
 -0.86278224232701E-04 -0.56199548905273E-04 -0.32514440821453E-03
 -0.42764879603548E-04 -0.53466660062288E-04 -0.97473788718126E-03
 -0.82663964303179E-04 -0.20459352830242E-04 -0.28413823190452E-03
 -0.53178768829119E-04 -0.54384765018084E-04 -0.97714168905798E-03
 -0.16046767530186E-04 -0.17851899912316E-04 -0.99235981470487E-03
 -0.70970359621404E-04  0.28280207955137E-04 -0.22155157106149E-03
 -0.60871545742563E-04 -0.51404448059051E-04 -0.97957250259179E-03
 -0.14450357313570E-04 -0.71630651187676E-05  0.78160587648493E-04
 -0.68368350700833E-04  0.64014270844730E-04 -0.17494662789825E-03
 -0.64921992901838E-04 -0.44936333560940E-04 -0.98306515150330E-03
 -0.70093806455102E-04  0.83151466597224E-04 -0.14314618040562E-03
 -0.64598632806399E-04 -0.34761320489758E-04 -0.98551387317566E-03
 -0.28629345322190E-04 -0.22074934843698E-04 -0.99206040881874E-03
 -0.68203505316536E-04  0.89162738645796E-04 -0.11439015701920E-03
 -0.60754973612716E-04 -0.24057900563810E-04 -0.98724009192647E-03
 -0.20994455906811E-04 -0.95300338757131E-05  0.62706571623485E-04
 -0.60613874292720E-04  0.85296445495280E-04 -0.83294624971404E-04
 -0.54275157506222E-04 -0.13430103978747E-04 -0.98912017316617E-03
 -0.48688940533075E-04  0.75025460913628E-04 -0.48134172360809E-04
 -0.45293811823765E-04 -0.13568945061161E-05 -0.98991728025193E-03
 -0.40621549676360E-04 -0.25425596769246E-04 -0.99114003209864E-03
 -0.34836774165055E-04  0.60119423431978E-04 -0.85899504879296E-05
 -0.34526886839012E-04  0.10318543016412E-04 -0.99048422176873E-03
 -0.30114074898098E-04 -0.14594043914759E-04  0.38778025874225E-04
 -0.20144382444143E-04  0.43569498589926E-04  0.29827547722223E-04
 -0.76634632722670E-05  0.29101855235751E-04  0.57031556471146E-04
 -0.48178736474647E-04 -0.59198073349696E-04 -0.97915381272453E-03
 -0.64656029409273E-04 -0.17171965005041E-04 -0.97922924479801E-03
 -0.32304921849788E-04  0.11704804324646E-04 -0.19697818377033E-03
  0.10294249915512E-03  0.15324278428395E-04 -0.14782131051462E-03
  0.38556370777891E-06  0.72056388159386E-04 -0.98448172325904E-03
  0.50776583282614E-04  0.95174277625923E-05 -0.16892124474081E-03
 -0.10796658306051E-04  0.70580335584247E-04 -0.98297166882157E-03
  0.39370855607774E-04  0.25564144607710E-05 -0.99041789842289E-03
 -0.13170803044880E-04  0.64324482140084E-05 -0.18145065694201E-03
 -0.22319271983868E-04  0.63859762047017E-04 -0.98203559411442E-03
  0.72998471176833E-04 -0.88367792969502E-05 -0.20917078171584E-04
  0.12691085957784E-04 -0.11302538123117E-03 -0.32495836146189E-03
  0.10516239846043E-04 -0.51289227152927E-04 -0.97482310158053E-03
 -0.28251239039388E-04 -0.11475770035156E-03 -0.34660735509749E-03
 -0.53962478466921E-05 -0.57810328649579E-04 -0.97624012962761E-03
  0.35890412248682E-04 -0.40338763807342E-05 -0.99200188102960E-03
 -0.41269789130086E-04 -0.10593046359018E-03 -0.33595620093552E-03
 -0.19652777083457E-04 -0.61962795748529E-04 -0.97751422775772E-03
  0.31767263816173E-04 -0.94515299566197E-05  0.45328707474027E-04
 -0.19838601825275E-04 -0.78609455916235E-04 -0.27759076050776E-03
 -0.31058877471347E-04 -0.62574608881469E-04 -0.97906772751274E-03
 -0.20918020512033E-05 -0.44264632875074E-04 -0.21891614925630E-03
 -0.40796264701325E-04 -0.58767806715826E-04 -0.98085293822227E-03
  0.27798726367391E-04 -0.10591620036924E-04 -0.99295112358201E-03
 -0.40308332587570E-05 -0.11362789977665E-04 -0.18446588672253E-03
 -0.47046801365085E-04 -0.49980475338421E-04 -0.98312901765624E-03
  0.80574207160835E-05 -0.11089176427103E-04  0.76989703079944E-04
 -0.18185671874904E-04  0.19603098315743E-04 -0.16668609272719E-03
 -0.49895471083083E-04 -0.38884398792858E-04 -0.98446611773568E-03
 -0.34077253675108E-04  0.48065054569398E-04 -0.15759074974671E-03
 -0.49622282658171E-04 -0.27694524301481E-04 -0.98442718335890E-03
  0.18008454922238E-04 -0.15917910129402E-04 -0.99253712405625E-03
  0.11009195038959E-03 -0.96302814188850E-05 -0.10007150731000E-03
  0.83594847885279E-05  0.68866649139666E-04 -0.98667031668230E-03
  0.10570149391178E-03  0.16724843145636E-04 -0.97806016670562E-04
  0.36497448323768E-04  0.81116296905042E-05 -0.98764224024090E-03
 -0.54815772254186E-04 -0.52921486373057E-04 -0.98157698934669E-03
 -0.14747976885195E-03 -0.32047597214060E-04 -0.28284215779720E-03
 -0.42410126896942E-04  0.46268728658450E-04 -0.16789657948104E-03
 -0.58382097228423E-04 -0.42641862330484E-04 -0.98405352314597E-03
 -0.54227060667546E-04  0.70528077011413E-04 -0.15118025704193E-03
 -0.58037441749499E-04 -0.31709201996841E-04 -0.98521875307665E-03
 -0.62498215345754E-04 -0.75953176236984E-05 -0.97578551318532E-03
 -0.60627730281193E-04  0.86259563937470E-04 -0.13632790417846E-03
 -0.54531397931476E-04 -0.20062543896714E-04 -0.98648738784056E-03
 -0.14991375426186E-03 -0.19551364553411E-05 -0.31867956214577E-03
 -0.60640442383839E-04  0.92877987657988E-04 -0.11737627475598E-03
 -0.49375098150345E-04 -0.79627172352804E-05 -0.98780063886744E-03
 -0.54132332818606E-04  0.90788754037106E-04 -0.89363510488254E-04
 -0.40730739105590E-04  0.51654852801330E-05 -0.98891688997058E-03
 -0.11075984172391E-04 -0.39382649703999E-04 -0.97263789870301E-03
  0.22314399072372E-04  0.85031712845368E-05 -0.98465084424343E-03
 -0.30832202190317E-04  0.17609663713916E-04 -0.98994810149607E-03
  0.54019174500098E-04 -0.15225168216577E-04 -0.16146547164024E-03
 -0.27262093611852E-04  0.61786705036820E-04 -0.75442190834113E-05
 -0.20316184140761E-04  0.28268307640323E-04 -0.99069021444320E-03
 -0.11675603394764E-04  0.42887025048739E-04  0.26566415396533E-04
 -0.10113989524880E-04  0.39338403457913E-04 -0.99120106787662E-03
  0.30427431481711E-04  0.10273583371305E-04 -0.98582486368596E-03
  0.59203483146526E-05  0.26771319617504E-04  0.42151297443592E-04
 -0.50639821796373E-06  0.48242918473926E-04 -0.99144926488250E-03
  0.10417879785542E-03 -0.12824355565823E-04 -0.14671450396389E-03
  0.31752518176459E-04  0.17174804269402E-04  0.27732763890724E-04
  0.72099747217208E-05  0.55996858107142E-04 -0.99052385268475E-03
  0.70083435952327E-04  0.14979864833128E-04 -0.25805221120375E-04
  0.10968065196669E-04  0.63333175599488E-04 -0.98898583822644E-03
 -0.42640242529580E-04  0.79774831803033E-04 -0.50508944457252E-04
 -0.16006240659329E-04 -0.45467427506730E-04 -0.27920103794201E-03
 -0.26567797081398E-07  0.51633684882296E-04 -0.98426159693491E-03
  0.49582409582093E-04  0.10109323506526E-05 -0.16166426086582E-03
 -0.15367894410014E-03  0.55163043650108E-05 -0.31499852653662E-03
 -0.64196032594561E-04 -0.35230364517860E-04 -0.97763722236000E-03
 -0.12695786649785E-03  0.32152402683158E-04 -0.23592132335754E-03
 -0.68546132293242E-04 -0.36256006871141E-04 -0.98020642789778E-03
 -0.67232432576370E-04 -0.29574207309230E-04 -0.98340641720091E-03
 -0.92678369076720E-04  0.49539490228878E-04 -0.14287448696218E-03
 -0.69986732704997E-04 -0.34500149740763E-04 -0.98362978060664E-03
 -0.11005480402052E-03 -0.14465220619700E-05 -0.17488662417497E-03
 -0.66621152774065E-04  0.50881120032167E-04 -0.68047711126977E-04
 -0.67255388151749E-04 -0.30366018618668E-04 -0.98640183995309E-03
 -0.47663103234334E-04  0.43029274516889E-04 -0.12353491452490E-04
 -0.60324118393650E-04 -0.24699900659374E-04 -0.98887639228115E-03
 -0.66450686281665E-04 -0.27794106114438E-04 -0.97995821373510E-03
 -0.33736109155343E-04  0.33842755535692E-04  0.26791745070488E-04
 -0.51403684437594E-04 -0.16565532522165E-04 -0.99093154162676E-03
 -0.14981124182267E-03 -0.10917904304729E-04 -0.27634536355884E-03
 -0.22322350469236E-04  0.24989773785825E-04  0.54350105317835E-04
 -0.40024071594871E-04 -0.75798190861663E-05 -0.99214045529336E-03
 -0.13361756400538E-04  0.16740320909944E-04  0.74557074285507E-04
 -0.27520280190301E-04 -0.15399520417639E-06 -0.99292006777192E-03
 -0.63219406267335E-04 -0.22952418199521E-04 -0.97655927931417E-03
 -0.54804134363959E-05  0.10664434245510E-04  0.87604023159554E-04
 -0.15704824747943E-04  0.62765719528676E-05 -0.99279299186702E-03
 -0.16571802789080E-03 -0.98120576649162E-05 -0.33371647642614E-03
  0.66189151265704E-06  0.62850007738841E-05  0.92008042443958E-04
 -0.51210041576913E-05  0.13343019898955E-04 -0.99231992923570E-03
  0.88091092912138E-05  0.26417750435758E-05  0.87377103947980E-04
  0.55912150864261E-05  0.19523334129121E-04 -0.99232537137369E-03
 -0.56666947565789E-04 -0.14722774658953E-04 -0.97343077943478E-03
 -0.73635362942497E-04  0.72798515971097E-05 -0.78923529720750E-04
 -0.56504377336717E-04 -0.31287622132981E-04 -0.97428137570100E-03
 -0.14314145338000E-03 -0.10737365498840E-04 -0.33253990906524E-03
 -0.65876696489920E-04 -0.29241897876284E-04 -0.98604762501419E-03
 -0.15969728699328E-04 -0.60636865922015E-05 -0.99293419579527E-03
 -0.14563879950244E-04  0.56394906743917E-05  0.77998075725827E-04
 -0.26931087710522E-05  0.10167999266118E-05  0.93964697039515E-04
 -0.45200074053340E-05 -0.55814325400345E-06 -0.99277818404795E-03
  0.30237958804231E-05 -0.10590674111631E-05  0.92082735909416E-04
  0.60579914815621E-05  0.59337178330074E-05 -0.99286693933357E-03
 -0.41223665606020E-04 -0.17815530207515E-04 -0.99196025914023E-03
  0.13828555612801E-04 -0.22316569601158E-05  0.80497359804782E-04
  0.15705931668492E-04  0.12003358253853E-04 -0.99251075064230E-03
 -0.21932585336756E-04  0.84200466820551E-05  0.60861659317702E-04
  0.36939212076919E-04 -0.18702163484371E-05  0.45360196379816E-04
  0.24081374903150E-04  0.18826615872546E-04 -0.99126467261269E-03
  0.75827651552350E-04 -0.87356051076294E-06 -0.22355616591879E-04
  0.28694792734039E-04  0.24909858857686E-04 -0.98983969340891E-03
  0.25068464480669E-04  0.87505163069126E-06  0.66382980912989E-04
 -0.52014073174494E-04 -0.23251248433011E-04 -0.99025472259391E-03
  0.27013330032641E-04  0.30660031966867E-04 -0.98738400273268E-03
 -0.32239807417087E-04  0.10491191314047E-04  0.33770820635226E-04
  0.10246104288190E-03 -0.31238830921106E-05 -0.14597295375566E-03
  0.20970030275356E-04  0.32898014834111E-04 -0.98563218927543E-03
  0.51198464693118E-04 -0.70323814772600E-05 -0.16149803647700E-03
  0.11635259128051E-04  0.30909695809378E-04 -0.98425394116402E-03
 -0.60350360639632E-04 -0.27430343944410E-04 -0.98784352669681E-03
 -0.10926688614902E-04  0.65886029627988E-05 -0.25220984599732E-03
 -0.14456916266580E-04 -0.18377776726466E-05 -0.97244228496314E-03
 -0.48072880926152E-04  0.10356586494579E-04 -0.10390391339301E-04
 -0.41972058405464E-04  0.20274379006463E-06 -0.26149990235707E-03
 -0.32037530595995E-04 -0.13455464297727E-04 -0.97216508348448E-03
 -0.94652713026016E-04 -0.89842582066732E-05 -0.29560797448389E-03
 -0.45980501924813E-04 -0.23981678663271E-04 -0.97269720213993E-03
  0.10982845471318E-03 -0.12932636937973E-06 -0.99396126484092E-04
 -0.45964467342340E-04  0.72135913389072E-04 -0.15052240111256E-03
  0.15442320575967E-04  0.25482518384952E-04 -0.99183589028346E-03
  0.55893986149125E-04  0.15960863912312E-05  0.15257387521853E-04
 -0.57847034107928E-04 -0.19396829911763E-04 -0.98934077984695E-03
  0.32623613859642E-04  0.10973950465037E-04 -0.99096705907022E-03
 -0.40768616189681E-04  0.55307837689634E-04 -0.52621619207012E-05
 -0.48952940260332E-04 -0.86440166208808E-05 -0.99094218395686E-03
  0.53402908719373E-04 -0.48213315596843E-05  0.16027513715702E-04
 -0.27172649205390E-04  0.41739616685316E-04  0.29247312061578E-04
 -0.37374338128310E-04  0.22428729193753E-05 -0.99188616162712E-03
 -0.15317704749503E-04  0.28857995908729E-04  0.57983911468800E-04
 -0.25836736215498E-04  0.11026540222397E-04 -0.99207934559781E-03
  0.25914348870301E-04  0.40153507528574E-05 -0.99230317483030E-03
 -0.53175994929532E-05  0.18671516797412E-04  0.76771691208518E-04
 -0.14824505199625E-04  0.18512777534410E-04 -0.99174280338357E-03
  0.21307822503645E-04 -0.57826466927650E-05  0.66601440191764E-04
  0.31896373122703E-05  0.11297618056995E-04  0.83524140715342E-04
 -0.39929588642255E-05  0.26148410709115E-04 -0.99182754229257E-03
  0.15528718737841E-04  0.57944383096961E-05  0.76545270350078E-04
  0.65171913861342E-05  0.32002323428255E-04 -0.99225504277357E-03
  0.17059322594935E-04 -0.24643363913725E-05 -0.99320829489951E-03
  0.38302095416329E-04  0.37795945700145E-05  0.44273580777926E-04
  0.14878534777938E-04  0.38578557862070E-04 -0.99135017513852E-03
  0.49955393094740E-05 -0.64558003494814E-05  0.86769892500607E-04
  0.75585743861481E-04  0.53386399007920E-05 -0.20351858315619E-04
  0.19366471311706E-04  0.46066496921697E-04 -0.98960876449675E-03
  0.10863831901096E-03  0.72026854593670E-05 -0.95998858135103E-04
  0.17492841213113E-04  0.51340974548473E-04 -0.98719962006450E-03
  0.69425739218055E-05 -0.81140857215058E-05 -0.99258909018379E-03
  0.10200907873447E-03  0.56603811285961E-05 -0.14400995160097E-03
  0.10052615918179E-04  0.54124841131443E-04 -0.98537900899441E-03
 -0.28547300644247E-05 -0.63776381412920E-05  0.90509102908539E-04
 -0.54591404581298E-04  0.67588067172692E-04 -0.43604405439803E-04
 -0.65421636622980E-04 -0.28835851614524E-04 -0.98711162958717E-03
 -0.68617463118855E-04  0.76849415669545E-04 -0.86964089441346E-04
  0.95725351914208E-04 -0.42267458008775E-05 -0.61830005674269E-04
  0.22473315167518E-04  0.32458729462785E-04 -0.99068429167632E-03
  0.95770383672745E-04  0.33594676541681E-05 -0.61636941349553E-04
  0.23813861222592E-04  0.38830923656798E-04 -0.98864934416697E-03
 -0.46276328095939E-04 -0.43496015032357E-05 -0.97270101163371E-03
  0.11221666237708E-03  0.33587494613733E-05 -0.12680917943553E-03
  0.19108517811567E-04  0.43031181329413E-04 -0.98616544794336E-03
 -0.85530356885361E-04  0.11780348150799E-04 -0.28613596168336E-03
  0.80049735074350E-04 -0.12267283197012E-05 -0.15581716319712E-03
  0.11138503931167E-04  0.42857774667558E-04 -0.98479275266814E-03
  0.18482326555515E-04 -0.44009475410830E-05 -0.16580552020866E-03
  0.11009281524162E-05  0.39113034280763E-04 -0.98384064792555E-03
  0.21820349676668E-04  0.21456499532041E-04 -0.98492462468364E-03
 -0.12763898779261E-04 -0.11635262091997E-04 -0.25692712003978E-03
 -0.13157923139078E-04 -0.22525242771284E-04 -0.97198667038026E-03
 -0.13935520551202E-03  0.11828710654693E-05 -0.32509189212344E-03
  0.81309724316065E-04 -0.96969363308957E-05 -0.15636979103821E-03
 -0.30414378149626E-04 -0.33052171392801E-04 -0.97254145349091E-03
 -0.99982835658849E-04 -0.31996885308749E-04 -0.31292977928284E-03
 -0.45160057079057E-04 -0.41220205954454E-04 -0.97349057701762E-03
  0.29517303327643E-04  0.21456293955060E-04 -0.98647432667713E-03
 -0.12497164265426E-03 -0.15110792243842E-04 -0.31719657527425E-03
 -0.56305849809116E-04 -0.44909701016715E-04 -0.97585574058835E-03
  0.11342917752639E-03 -0.59739881204961E-05 -0.12828408866603E-03
 -0.11643152276947E-03  0.25232895732540E-04 -0.26638855128627E-03
 -0.64029834313110E-04 -0.45504648420508E-04 -0.97809357868093E-03
 -0.96077918774183E-04  0.62434089550749E-04 -0.19601174668496E-03
 -0.68399241407746E-04 -0.42207017064853E-04 -0.98106252049855E-03
  0.33737225224429E-04  0.17366799255109E-04 -0.98889915611129E-03
 -0.81609705616657E-04  0.78212508679210E-04 -0.13617121663262E-03
 -0.69784443522360E-04 -0.36541307716006E-04 -0.98495346469392E-03
 -0.50250883686860E-04 -0.23241454593602E-04 -0.27708313638661E-03
 -0.46868111194298E-04 -0.15726894952371E-04 -0.98548019083470E-03
 -0.36335891847506E-05 -0.13503994647620E-04  0.82835664246590E-04
 -0.52979528506905E-04  0.89725078887068E-04 -0.14061225655671E-03
 -0.23118915153888E-05  0.40421202080656E-04 -0.98710473839135E-03
 -0.71326219336315E-04 -0.87225280661840E-04 -0.99333356774506E-04
 -0.27746846742029E-04  0.11037957448153E-03 -0.15704251365678E-03
  0.37178223829227E-05  0.50955549467879E-04 -0.98717369885308E-03
 -0.12276004641438E-04  0.12334663856220E-03 -0.17661139205259E-03
  0.85672190867758E-05  0.58663973485969E-04 -0.98577691906703E-03
 -0.39737867113151E-04 -0.29747226777212E-04 -0.98665448515583E-03
  0.25750625693674E-04  0.13275747503200E-03 -0.22682191476001E-03
  0.96727027225109E-05  0.65110753483587E-04 -0.98328087562789E-03
 -0.79135087643268E-04 -0.89320058011987E-04 -0.13080239401629E-03
  0.67678744316052E-04  0.13707312026577E-03 -0.28896760359644E-03
  0.58188604303180E-05  0.69930566426380E-04 -0.98033462322033E-03
  0.77358952989278E-04  0.12945064399258E-03 -0.31858504302501E-03
 -0.36267411403640E-05  0.71128940851039E-04 -0.97701941855586E-03
 -0.48027407895690E-04 -0.22543596397602E-04 -0.98575243005359E-03
  0.43640489491793E-04  0.11371115998826E-03 -0.31635738154465E-03
 -0.15145259460215E-04  0.68728687899931E-04 -0.97530418258501E-03
 -0.80834019990494E-04 -0.77971246187777E-04 -0.15539973916823E-03
 -0.99034609059095E-05  0.10324074479541E-03 -0.32336339570877E-03
 -0.28142420989206E-04  0.62280496476970E-04 -0.97403116776747E-03
  0.50041594473089E-04 -0.35089915812065E-04 -0.17619375672193E-03
  0.33797975047805E-04 -0.35618020861687E-04 -0.98423308055111E-03
 -0.54976855112841E-04 -0.13588717981611E-04 -0.98348845320941E-03
 -0.10947895292227E-04 -0.32686984975707E-04 -0.17676505342521E-03
  0.22968943455099E-04 -0.38358834629707E-04 -0.98408482022302E-03
 -0.78316829737474E-04 -0.53480209718445E-04 -0.17755176537700E-03
 -0.39653361536966E-04 -0.28442612850715E-04 -0.15522052269698E-03
  0.15426203750641E-04 -0.42235654815026E-04 -0.98381687459594E-03
 -0.29582039312459E-04 -0.20014340901287E-04 -0.10433787725462E-03
 -0.26212638959087E-04  0.89703717868836E-04 -0.15396158256124E-03
 -0.30557050230467E-04 -0.33275972055533E-04 -0.98849974866798E-03
 -0.75206327645178E-05  0.28165265121643E-04 -0.98635228542994E-03
 -0.16226527978199E-04  0.62166561898988E-04 -0.15790273393635E-03
  0.95301511444150E-05 -0.31317714128646E-04 -0.99104937768747E-03
  0.11922521659940E-04 -0.47522729487649E-04 -0.20388189707800E-03
  0.25080049795180E-04 -0.44261498098517E-04 -0.98205899255820E-03
 -0.22731087440634E-04 -0.36671265537508E-04  0.39938924546442E-04
 -0.33503097404939E-04 -0.43822455592958E-04 -0.19597390244748E-03
  0.14731916514273E-04 -0.48462493002579E-04 -0.98266437615091E-03
 -0.35852423728236E-04 -0.35564661962807E-04 -0.15792471301601E-03
  0.65505484082097E-05 -0.51038733202917E-04 -0.98233395594035E-03
 -0.66028409252401E-06 -0.32167300347539E-04 -0.99065125486455E-03
 -0.12390175822706E-04 -0.28438481507903E-04 -0.11170194847697E-03
 -0.20006610096871E-05 -0.51432308817904E-04 -0.98218429401476E-03
 -0.33542267579045E-04 -0.48187716858760E-04  0.10945380941966E-04
  0.71739663674103E-05 -0.30212906863616E-04 -0.95309249636194E-04
 -0.99545802029256E-05 -0.47417436570340E-04 -0.98243329727400E-03
  0.87696850190539E-05 -0.45362933794760E-04 -0.98271864060323E-03
  0.19263478887848E-04 -0.35675264717940E-04 -0.10769337929695E-03
 -0.11743444736867E-04 -0.32277806261817E-04 -0.99027931142706E-03
  0.25280513827108E-04 -0.38723886929717E-04 -0.13226718902330E-03
 -0.17361511159833E-04 -0.30526852792117E-04 -0.98432386427818E-03
 -0.46614090871140E-04 -0.62105828060622E-04 -0.24764878504450E-04
  0.25746083079404E-04 -0.33994898039405E-04 -0.15418422687694E-03
 -0.17750884462200E-04 -0.19920914380959E-04 -0.98380454601671E-03
  0.20721948891088E-04 -0.19270700041569E-04 -0.16601523142849E-03
 -0.17133465610197E-04 -0.86772772524624E-05 -0.98424595540066E-03
 -0.22166372736413E-04 -0.33240461628380E-04 -0.98954756491365E-03
  0.10816180876134E-04  0.42538175690425E-05 -0.16845107496875E-03
 -0.15290772219746E-04  0.36736250603382E-05 -0.98455178480272E-03
 -0.60115596375605E-04 -0.76446560334024E-04 -0.62958506595961E-04
 -0.27909944980388E-05  0.32378148798430E-04 -0.16448824544356E-03
 -0.11880441007224E-04  0.15959108972720E-04 -0.98522993051358E-03
 -0.14871685637022E-04 -0.40202145644484E-04 -0.98377173570853E-03
 -0.24147113091143E-04  0.72066012619205E-04 -0.97624034971909E-03
  0.31132609029813E-04 -0.14610727545043E-04 -0.98560359544439E-03
  0.20958384277997E-05 -0.44726736256398E-04 -0.98255880420360E-03
  0.76068546918305E-05  0.62557454511952E-04 -0.97709766191416E-03
 -0.28514980430824E-04 -0.11724897839402E-04 -0.99282034784794E-03
  0.57660395029606E-04  0.12877683265324E-03 -0.33232934013594E-03
 -0.33661234589469E-05  0.61302484569307E-04 -0.97472779388476E-03
  0.40526549004626E-04 -0.30560747008370E-04 -0.99125134356628E-03
  0.18818434744222E-04  0.10336016007867E-03 -0.31255791005203E-03
 -0.17017063888080E-04  0.56259755571373E-04 -0.97353333861830E-03
 -0.30417715006312E-05 -0.30718175790585E-04  0.46809133469934E-04
 -0.24627156364850E-04  0.86738169533805E-04 -0.31326509167291E-03
 -0.30299111821992E-04  0.46706505325651E-04 -0.97237644789981E-03
  0.20725351873473E-04 -0.27106150566496E-04 -0.16734285431907E-03
  0.28278737540725E-04 -0.27583134481507E-04 -0.98487957005955E-03
  0.32147394721759E-04 -0.33953813475151E-04 -0.99122950718288E-03
 -0.27615940277876E-04 -0.25578450672794E-04 -0.16211204915113E-03
  0.19940433808203E-04 -0.31187792404877E-04 -0.98427120246914E-03
 -0.17832563630399E-04 -0.41746584367864E-04  0.34551093477554E-04
 -0.39048287323645E-04 -0.19666745323136E-04 -0.12396836571646E-03
  0.14022507928146E-04 -0.35765270713111E-04 -0.98378352049379E-03
 -0.22572265235166E-04 -0.12000090502472E-04 -0.67048817116325E-04
  0.87410270302283E-05 -0.38534382784577E-04 -0.98345722962567E-03
  0.23412053679753E-04 -0.36135661908986E-04 -0.98993293624028E-03
 -0.71869170834671E-05 -0.93699101538248E-05 -0.29501271534399E-04
  0.37198603774943E-05 -0.36925532558686E-04 -0.98310598432951E-03
 -0.28562620618719E-04 -0.55135392936507E-04  0.61517971891472E-05
  0.10841327243135E-05 -0.10726001048471E-04 -0.22224968134843E-04
  0.76117050803887E-06 -0.30300406850674E-04 -0.98344733095326E-03
  0.78102552336087E-05 -0.16445891501758E-04 -0.39124054206959E-04
 -0.55920449727227E-06 -0.20479592948004E-04 -0.98375710811790E-03
  0.14468327525522E-04 -0.37052584093710E-04 -0.98913813731070E-03
  0.70521423703181E-04  0.14739529393027E-03 -0.33804536731529E-03
  0.23681062338276E-04 -0.23176360582219E-04  0.27811258164221E-04
  0.14256096347847E-04  0.61295293183070E-04 -0.98019839271892E-03
  0.47561801415604E-04  0.14579004946080E-03 -0.29510438206569E-03
  0.54747423869915E-04 -0.22640907960783E-04 -0.16170583453532E-03
  0.44813857772705E-05 -0.18504531131323E-04 -0.51888390934419E-04
 -0.34727527705651E-05 -0.39734464117447E-04 -0.98287655723218E-03
  0.13884150540638E-04 -0.25436955285962E-04 -0.70082627382872E-04
 -0.69996673655450E-05 -0.31150354330745E-04 -0.98391279245660E-03
  0.39742653963215E-04 -0.14237564003414E-04 -0.98703610142061E-03
  0.21761196599760E-04 -0.32858796169238E-04 -0.10258101799885E-03
 -0.80695896948961E-05 -0.20953599376341E-04 -0.98365745008312E-03
  0.10591361337917E-03 -0.23226092609161E-04 -0.14962605160855E-03
  0.27722191900549E-04 -0.35482467254555E-04 -0.13435975784426E-03
 -0.77031531075536E-05 -0.10500213893809E-04 -0.98373126201434E-03
  0.29043321660911E-04 -0.29246671516760E-04 -0.15594377616433E-03
 -0.67096361563907E-05 -0.98929609001052E-07 -0.98444224258619E-03
  0.46338979870039E-04 -0.15973685669130E-04 -0.98835900601273E-03
 -0.88875141773119E-05 -0.15757779113251E-04 -0.61582838983843E-04
  0.24803145011933E-04 -0.13760069044678E-04 -0.16516059997808E-03
  0.11081408903027E-03 -0.20746709749296E-04 -0.10692529084495E-03
  0.15054762876665E-04  0.87831939239411E-05 -0.16503168486059E-03
 -0.39693538410879E-06  0.22237049773489E-04 -0.98530140127728E-03
  0.42044258158200E-05  0.36151777369908E-04 -0.16246615671293E-03
  0.39785520506101E-05  0.32725638843607E-04 -0.98577055364624E-03
  0.49449043767400E-04 -0.20784770211541E-04 -0.98962004611256E-03
 -0.57539705365351E-05  0.66661021131133E-04 -0.16520543630343E-03
  0.93048823024442E-05  0.43840867187237E-04 -0.98595378918233E-03
  0.68776589517748E-04 -0.20209397037921E-04 -0.31581912349748E-04
 -0.73227769502627E-05  0.95774948280829E-04 -0.18226724609583E-03
  0.13924494407721E-04  0.51734826715600E-04 -0.98512464695669E-03
  0.11220773458548E-04  0.12386248721436E-03 -0.22724456468195E-03
  0.15916802666994E-04  0.56862012778513E-04 -0.98282841354608E-03
  0.47179984903982E-04 -0.25832490562249E-04 -0.99055702531239E-03
 -0.38114510281211E-05  0.11361840999094E-04 -0.98475097437035E-03
  0.80601274215777E-07 -0.10652646136070E-04 -0.98312821954832E-03
  0.16307220984846E-04  0.78576466016687E-04 -0.28011187917739E-03
  0.74765369832274E-04  0.84953913826934E-04 -0.26583861073316E-03
 -0.13408700361134E-04 -0.61173488844524E-04 -0.97976360666786E-03
 -0.37476674853556E-04 -0.30734638306166E-04 -0.99026440735447E-03
  0.13291904715747E-05 -0.65306954311230E-04 -0.21710339774623E-03
 -0.23946212202480E-04 -0.60342957329942E-04 -0.98135976237425E-03
 -0.51158606263373E-04 -0.52493874816698E-04 -0.22577154440344E-04
  0.16110953182043E-04 -0.48883313565205E-04 -0.18608468599597E-03
 -0.32390559712971E-04 -0.54474610415278E-04 -0.98251853888921E-03
  0.14008082527396E-04 -0.29959491056182E-04 -0.17314750541748E-03
 -0.37557073108163E-04 -0.44812576953624E-04 -0.98369804559803E-03
 -0.45290262124541E-04 -0.30168567436391E-04 -0.98871105836250E-03
  0.27292989919924E-05 -0.60603963564375E-05 -0.16719087565801E-03
 -0.39611987930575E-04 -0.34220789474817E-04 -0.98384580674155E-03
 -0.66495867593829E-04 -0.67288885275876E-04 -0.68290500433204E-04
 -0.12264435198552E-04  0.22051042026370E-04 -0.16315062048374E-03
 -0.39052588081063E-04 -0.22815673032533E-04 -0.98407644421322E-03
 -0.27085560088950E-04  0.51023356306686E-04 -0.15911230997381E-03
 -0.37223229013078E-04 -0.10168563345948E-04 -0.98532622053473E-03
 -0.51949047628395E-04 -0.27778482446051E-04 -0.98705595944716E-03
 -0.39096299643758E-04  0.77036366721793E-04 -0.15365376451623E-03
 -0.32851996743215E-04  0.32207569056858E-05 -0.98632037809615E-03
 -0.82874347987858E-04 -0.77369939947327E-04 -0.11824332404279E-03
 -0.47015625384373E-04  0.96434342908792E-04 -0.14234975556669E-03
 -0.26976887791158E-04  0.16998207991830E-04 -0.98725424588311E-03
 -0.47450611642245E-04  0.10488251624259E-03 -0.12093693096362E-03
 -0.19737600309930E-04  0.29741265343093E-04 -0.98850554038549E-03
 -0.17416207797350E-04  0.53489467920300E-04 -0.18241328087186E-03
 -0.39344322176408E-04  0.10044374683813E-03 -0.92128809659605E-04
 -0.11472502310393E-04  0.42545410515421E-04 -0.98940110569061E-03
 -0.57183395660433E-04 -0.21952129921008E-04 -0.98459920548089E-03
 -0.27182243338634E-04 -0.83966005565784E-04 -0.27054660732367E-03
 -0.18082913648411E-05 -0.59057590377883E-04 -0.97904446481764E-03
 -0.35398774827897E-04 -0.98831782995308E-04 -0.30848315638469E-03
 -0.37143411433061E-04 -0.38312595597396E-04  0.14828846489443E-04
 -0.42013287603525E-04 -0.28921873297968E-05 -0.98681973073130E-03
 -0.53651982099481E-04  0.98233991856395E-04 -0.12175264328810E-03
 -0.34418221756302E-04  0.10575636311441E-04 -0.98822576091228E-03
  0.75146009537366E-05 -0.21341383901937E-04 -0.99190216000235E-03
 -0.47339117308030E-04  0.95950821960633E-04 -0.89980111045488E-04
 -0.25668813313572E-04  0.23787198845632E-04 -0.98933152863551E-03
 -0.10819599115604E-04 -0.16606405510675E-04  0.77130320616706E-04
 -0.34920329157838E-04  0.82324248219217E-04 -0.50107901816343E-04
 -0.16733617675987E-04  0.36329584794908E-04 -0.99010335308770E-03
 -0.17337094411834E-04  0.62234322957166E-04 -0.14227901718002E-04
 -0.70700405136449E-05  0.48088348745770E-04 -0.99061584223998E-03
 -0.34212007742693E-05 -0.25205102909321E-04 -0.99190107125803E-03
  0.68558435439619E-05  0.42537514318722E-04  0.24361305316358E-05
  0.17349061688978E-05  0.56899560575666E-04 -0.99022335081204E-03
 -0.21340465272700E-04  0.85372213608464E-04 -0.64791278208386E-04
 -0.17655244914819E-04 -0.20799863254118E-04  0.64589635100633E-04
  0.70567452455938E-05  0.64988241120038E-04 -0.98873261853722E-03
  0.84824236451102E-04  0.28127722127660E-04 -0.80056411966497E-04
  0.69685386621972E-05  0.71892105697146E-04 -0.98662872862297E-03
 -0.15162579762874E-04 -0.26830748644965E-04 -0.99121754585029E-03
  0.10847483139290E-03  0.27831232385513E-04 -0.14339824755349E-03
  0.43329483345422E-06  0.76750007641501E-04 -0.98403194637895E-03
 -0.26274950361522E-04 -0.27283570247814E-04  0.43952601265142E-04
  0.82117912530981E-04  0.22849433380215E-04 -0.17572525044683E-03
 -0.90278675384495E-05  0.78028609672644E-04 -0.98232324804657E-03
  0.17827466535233E-04  0.18579049524050E-04 -0.19329718713887E-03
 -0.21272592495847E-04  0.73387744115630E-04 -0.98066176357558E-03
 -0.27082029928202E-04 -0.29118212833359E-04 -0.99066257070872E-03
 -0.11947998793446E-05 -0.10399437964741E-03 -0.30730812426232E-03
  0.11761546960953E-04 -0.54252291179450E-04 -0.97777689963756E-03
  0.41720719258963E-04  0.30943014887052E-04 -0.19029452523768E-04
 -0.11325170497101E-04  0.76994574984027E-04 -0.97775549884471E-03
 -0.26187177481801E-05  0.53816596121544E-04 -0.98963432842598E-03
  0.85096278932082E-05  0.67395609635425E-04 -0.57365732479438E-04
 -0.28877932761188E-04 -0.28357989594261E-04 -0.98370593121021E-03
  0.43733965784601E-04 -0.12959524104677E-04 -0.99112746517975E-03
  0.64654333523482E-05 -0.18767680338224E-05 -0.16689017966903E-03
 -0.28183831079063E-04 -0.16748128725191E-04 -0.98425260917548E-03
  0.47767852411635E-04 -0.14091956204452E-04  0.13398234581242E-04
 -0.74052291792470E-05  0.26935160609864E-04 -0.16523145566015E-03
 -0.26668258135764E-04 -0.37454009426564E-05 -0.98503709512269E-03
 -0.21627352261398E-04  0.56623144628223E-04 -0.16075515215452E-03
 -0.22860442121459E-04  0.97830499533137E-05 -0.98563788314003E-03
  0.37935688645824E-04 -0.18364263086330E-04 -0.99182751029997E-03
 -0.34232052821128E-04  0.83737067163406E-04 -0.15274411693204E-03
 -0.17979496375207E-04  0.22914242569572E-04 -0.98674495256722E-03
  0.13723572561232E-04 -0.16344333615871E-04  0.58440602114875E-04
 -0.40617781517886E-04  0.10299881576218E-03 -0.14116646494314E-03
 -0.11970996288943E-04  0.35335441550220E-04 -0.98777412167582E-03
 -0.37672704515881E-04  0.11138145779545E-03 -0.12831027654243E-03
 -0.46901108518121E-05  0.47475621255837E-04 -0.98838977948004E-03
  0.29617834481082E-04 -0.23625062897946E-04 -0.99221518486518E-03
 -0.21587559435649E-04  0.10838127711250E-03 -0.12096068366301E-03
  0.22549246353661E-05  0.57426382500496E-04 -0.98807680586687E-03
 -0.39337929061376E-05 -0.21393963705305E-04  0.69628402907313E-04
  0.12779030859006E-04  0.10096502860293E-03 -0.13824208909371E-03
  0.63091473830480E-05  0.65614657833903E-04 -0.98608943006029E-03
  0.60709074845159E-04  0.97432463290598E-04 -0.19115025695322E-03
  0.56498266642067E-05  0.72602644387380E-04 -0.98354681941206E-03
  0.19657446414716E-04 -0.27817665139427E-04 -0.99156493725050E-03
  0.91848118305706E-04  0.93171905958285E-04 -0.24433387288095E-03
 -0.87022402412036E-06  0.76135694065715E-04 -0.98027521951471E-03
 -0.14246640512546E-04 -0.28027605664203E-04  0.59587054249630E-04
  0.17384332899112E-04 -0.24590642124538E-04 -0.16437411780756E-03
 -0.27521814594726E-04 -0.38390527042978E-04 -0.98391311073237E-03
  0.23249813842219E-04 -0.38755893479361E-04 -0.15645868336085E-03
  0.93883444568507E-04 -0.14251161350329E-04 -0.64152581710000E-04
  0.40020015328899E-05  0.62407240142553E-04 -0.98830800568568E-03
  0.51708213529326E-04  0.57067350944360E-04 -0.91765393050724E-04
  0.63498505937767E-05  0.70641933206006E-04 -0.98610351582808E-03
 -0.61338916490158E-04 -0.13882859701555E-04 -0.98134093621591E-03
  0.93726221979339E-04  0.53935590841383E-04 -0.15382754367567E-03
  0.25886423599226E-05  0.76999779292162E-04 -0.98370242056737E-03
 -0.10957103446774E-03 -0.53473687258446E-04 -0.21586127602842E-03
  0.98248903629161E-04  0.49298885963047E-04 -0.19888733656576E-03
 -0.64155999304448E-05  0.79795420018174E-04 -0.98088718258654E-03
  0.51035018931897E-04  0.42996494310567E-04 -0.21872497313019E-03
 -0.17397607168717E-04  0.77938116982537E-04 -0.97901292311059E-03
  0.30604842362515E-04 -0.14391447169072E-05 -0.98602342843136E-03
 -0.15688780107695E-04  0.43169795274065E-04 -0.24201174249491E-03
 -0.30147318953682E-04  0.69626960194530E-04 -0.97756084684953E-03
 -0.97359504795890E-04 -0.74008569631296E-04 -0.16773890637512E-03
  0.83191452887603E-04 -0.18167000184002E-04 -0.15625345155716E-03
  0.26589772596020E-04 -0.48890292670091E-04 -0.97979315269820E-03
 -0.19477031857453E-04 -0.70675115546612E-04 -0.25148851867424E-03
  0.13246393085235E-04 -0.52226310325205E-04 -0.98042690797856E-03
  0.38646172052761E-04 -0.21163736717205E-05 -0.98755307185498E-03
 -0.38748999986585E-04 -0.63398813920251E-04 -0.23081157962245E-03
  0.20800858979702E-05 -0.55726497750022E-04 -0.98124909000364E-03
  0.11463366862029E-03 -0.16266353560803E-04 -0.12981960376629E-03
 -0.17732107354524E-04 -0.51782649926747E-04 -0.18421741969915E-03
 -0.74518854944697E-05 -0.57307791357200E-04 -0.98173187968870E-03
  0.85119214314756E-05 -0.46662152249187E-04 -0.15236374005285E-03
 -0.16617365611226E-04 -0.55003942624848E-04 -0.98220364538502E-03
  0.43733271949720E-04 -0.67883535477576E-05 -0.98922137296468E-03
  0.21432947276292E-04 -0.44855630495616E-04 -0.14841054016004E-03
 -0.23363388166459E-04 -0.48000125028166E-04 -0.98296403444053E-03
  0.36089855188142E-04 -0.77832115205562E-04 -0.25093664709580E-03
 -0.21804215906197E-04 -0.21519669489731E-04 -0.98440912235857E-03
  0.65998581316926E-05 -0.73144191670728E-05 -0.25244942282726E-03
 -0.16367645693309E-04  0.38735930602714E-04 -0.17100467509157E-03
 -0.58405879258665E-04  0.21150487871462E-04 -0.97577330923219E-03
 -0.77316980207702E-04  0.28717730432063E-04 -0.25142390748078E-03
 -0.60454241041988E-04  0.83454187469363E-05 -0.97876382500023E-03
 -0.75460184752829E-04 -0.16197476419601E-04 -0.20624189527658E-03
 -0.59471361072915E-04 -0.32808227596546E-05 -0.98123023413913E-03
 -0.69039574903801E-04  0.75923226863800E-04 -0.32765164823225E-03
 -0.43698414764629E-04  0.33496309305675E-04 -0.97202798628100E-03
 -0.10323457716823E-03  0.60335583324871E-04 -0.32847402866142E-03
 -0.53481176055788E-04  0.19897479630343E-04 -0.97365290132741E-03
 -0.11805242125844E-03  0.29190787787315E-04 -0.30444008055598E-03
 -0.60501000332521E-04  0.73356491155608E-05 -0.97570386365432E-03
 -0.11733835769358E-03 -0.14702599938967E-04 -0.26287019042044E-03
 -0.62280825084986E-04 -0.42509469122982E-05 -0.97884938219862E-03
 -0.31571010454357E-04  0.27846732221913E-04 -0.97200189185751E-03
 -0.77588771322847E-04  0.38883963785554E-04 -0.29663532647630E-03
 -0.45208414362504E-04  0.15126340899620E-04 -0.97236692856625E-03
 -0.12353097983476E-03  0.24726460864517E-04 -0.31638240913920E-03
 -0.55810444714380E-04  0.29526281665954E-05 -0.97377040010950E-03
 -0.37047512040096E-04  0.18324321456772E-04 -0.26155403401984E-03
 -0.32326969085506E-04  0.76236272386396E-05 -0.97207510671221E-03
 -0.54843455514300E-04  0.16240134666476E-04 -0.98128411120120E-03
 -0.85705115639999E-04  0.67453588427192E-04 -0.30722798598164E-03
 -0.51216877128979E-04  0.35286297885195E-04 -0.97385481504249E-03
 -0.32692490268692E-04  0.47434183237256E-04 -0.27946165358332E-03
 -0.41660751464479E-04  0.49577265200664E-04 -0.97300991569650E-03
 -0.51844787410474E-04  0.48653720380186E-05 -0.98277707906631E-03
 -0.84323642448693E-04  0.89556627458568E-04 -0.34569886629817E-03
 -0.24250474902487E-04  0.16144976561441E-04 -0.16754954077210E-03
 -0.43647344818011E-04 -0.49743962669828E-05 -0.98431791593170E-03
 -0.36324372084584E-04 -0.12406431213748E-04 -0.16519204274043E-03
 -0.47221550675805E-04 -0.40845980908237E-04 -0.16124213023672E-03
  0.61469083055348E-05 -0.11523943404284E-04 -0.97251901023363E-03
 -0.41993376179059E-04  0.80429663922026E-04 -0.30889238738147E-03
 -0.36482998905696E-04  0.62267458649552E-04 -0.97516735908147E-03
 -0.71206263455606E-04  0.84177723446167E-04 -0.32399689045909E-03
 -0.47224421805576E-04  0.48544471115164E-04 -0.97557739177933E-03
 -0.33368240846300E-04 -0.13954602614813E-04 -0.98462881060511E-03
 -0.54711724853664E-04  0.33813189855815E-04 -0.97692903803178E-03
 -0.65187417256104E-04  0.80274831371279E-04 -0.29591947272535E-03
 -0.55894005988086E-04 -0.36872879739933E-04 -0.16558854243022E-03
 -0.45553148558826E-04 -0.14654172460783E-04 -0.98477773478861E-03
 -0.44936368052893E-04 -0.28115950158298E-05 -0.17814198350025E-03
 -0.53160812241487E-04 -0.42668029658240E-05 -0.98293612997230E-03
 -0.39369905175998E-04  0.32434950204420E-04 -0.20214060901448E-03
 -0.58115895470660E-04  0.19834275208333E-04 -0.97842122979043E-03
 -0.46339506006580E-04  0.62386436015459E-04 -0.24450986218402E-03
 -0.57381778552026E-04  0.69280181312692E-05 -0.98111401137773E-03
 -0.58728077045487E-04  0.96975688949992E-04 -0.34482962853908E-03
 -0.13972714796222E-04 -0.71658379691592E-04  0.34612064052344E-03
 -0.14856830856060E-04 -0.69711750969896E-04  0.13139479516586E-02
 -0.13338431807239E-04 -0.58233417475482E-04  0.13197248180251E-02
 -0.22269378907261E-04 -0.46598792318281E-04  0.33761666703837E-03
 -0.96103242153214E-05 -0.44473517177094E-04  0.13233671937503E-02
 -0.29274630625914E-04 -0.26375821704810E-04  0.32205620113621E-03
 -0.30330385513468E-04 -0.67685963620140E-05  0.26409473929728E-03
 -0.32166697065830E-04 -0.12643520455461E-04  0.29773692677665E-03
 -0.15740682420974E-05 -0.15381581635834E-04  0.13298187377925E-02
  0.38101000260385E-05 -0.82787100579537E-07  0.13332856800950E-02
 -0.24426138329127E-04 -0.56803147407555E-05  0.22585280335617E-03
 -0.97529090791047E-05 -0.99121640665018E-04  0.34848557174108E-03
  0.91821474508032E-05  0.16028061889261E-04  0.13366582020865E-02
 -0.56083046258697E-05 -0.30035616646095E-04  0.13266864554241E-02
 -0.14185921576614E-04 -0.79464459204442E-04  0.13049978536923E-02
  0.76925746031956E-04 -0.15014786254049E-03  0.43747148381921E-03
 -0.14118682371749E-04 -0.85561155165439E-04  0.12932150629045E-02
 -0.16760699544981E-04 -0.46971644940554E-05  0.19059337626566E-03
 -0.27118224609981E-05  0.34565616294222E-04  0.13361288192008E-02
  0.96674919976883E-05  0.29318923202972E-04  0.28079059101892E-03
 -0.14342179125284E-04  0.29047245965547E-04  0.13286224884644E-02
 -0.17506352150406E-04  0.32400079048562E-04  0.33511671098038E-03
 -0.29311018866278E-04  0.21449794372897E-04  0.13227856409906E-02
 -0.13471991220144E-04 -0.12525543099305E-03  0.34886944907900E-03
  0.34111415466033E-04 -0.63881490144655E-04  0.12642118665536E-02
  0.18014732661477E-04 -0.74884902623635E-04  0.12651008162050E-02
 -0.49827493589330E-04 -0.17923230648343E-03  0.43663137002960E-03
  0.27637129382410E-05 -0.81748813679962E-04  0.12723593688409E-02
 -0.52039302874810E-04 -0.17276684946653E-03  0.40783737967592E-03
 -0.95013685786792E-05 -0.86049129446155E-04  0.12822772905543E-02
 -0.29376870278341E-04 -0.15045648030457E-03  0.36661571434854E-03
  0.45772694223553E-05 -0.16683111810684E-03  0.43784464348398E-03
  0.13210918679327E-04  0.30663157553074E-04  0.13394169802713E-02
 -0.14894159872792E-05 -0.79033044084021E-04  0.13146179835700E-02
  0.15357296612546E-04  0.41783158100465E-04  0.13406481133396E-02
 -0.28107562640102E-05 -0.87782887384184E-04  0.13061009928789E-02
  0.92980340208435E-05 -0.12109551421534E-03  0.31146718346805E-03
  0.94926692906854E-05  0.21023984184915E-04  0.21043310196755E-03
  0.15103624136960E-04 -0.10937337570763E-03  0.32959710974110E-03
 -0.62516078817490E-06 -0.67734972583754E-04  0.13197109601156E-02
  0.10606722541590E-04 -0.90485878469907E-04  0.34303540290783E-03
 -0.78951805539545E-05 -0.12810434263904E-03  0.30477007085568E-03
  0.26533824682884E-05 -0.53703125969827E-04  0.13221846397067E-02
  0.69034318000393E-05 -0.38305469396676E-04  0.13235405109933E-02
 -0.11953157964013E-04 -0.42320465037553E-04  0.34282987110599E-03
  0.10665197271738E-04 -0.22623943829397E-04  0.13250961528078E-02
 -0.21309724726771E-04 -0.20746670377356E-04  0.32648204838797E-03
  0.14338485566939E-04 -0.70294512176215E-05  0.13268218180659E-02
 -0.25177665891409E-04 -0.67217741837266E-05  0.29779193722494E-03
 -0.30088051892060E-06 -0.67271587041908E-04  0.34803470407115E-03
 -0.26295293858154E-05 -0.92523679020323E-04  0.12966572395585E-02
 -0.34834284620728E-04 -0.13668194426843E-03  0.33346487251886E-03
  0.44647423346508E-05 -0.92442176492052E-04  0.12881236800663E-02
 -0.29714951138228E-05  0.61418841860273E-05  0.16108946007845E-03
  0.12975905032445E-04  0.48578378665230E-04  0.13396678002482E-02
  0.43155050608019E-05  0.18087973160591E-04  0.18267133611040E-03
  0.56616979442487E-05  0.49316590370880E-04  0.13356918552291E-02
  0.10691428208941E-04  0.29900783937027E-04  0.23990782412214E-03
 -0.57212032524980E-05  0.45276290269647E-04  0.13286159159204E-02
  0.14555716358532E-05  0.39292963198421E-04  0.30927902729643E-03
 -0.21203727087413E-04  0.38555506102780E-04  0.13217164341121E-02
 -0.41758436263301E-04  0.41361955073390E-04  0.34712859605307E-03
 -0.37791049708648E-04  0.31230103402702E-04  0.13170862760509E-02
  0.45997113840676E-04 -0.13414430809297E-03  0.42142419864266E-03
  0.30868684439841E-04 -0.82331634537731E-04  0.12774375624626E-02
 -0.24447689971446E-04 -0.14308431054584E-03  0.41324659471750E-03
  0.16690351756595E-04 -0.88906775835395E-04  0.12804706437345E-02
 -0.52958836925196E-04 -0.14530483013593E-03  0.38271927090546E-03
 -0.92886899434390E-05 -0.12377065459170E-05  0.16675250647343E-03
  0.47757936410745E-05  0.37811778349333E-04  0.13422624143891E-02
 -0.25931030768654E-04 -0.75897828039427E-04  0.12802019840843E-02
  0.83096927101343E-05  0.35184891689404E-04  0.13455342396891E-02
 -0.33487898875724E-04 -0.12206754887247E-04  0.21880143781100E-03
 -0.32375649862232E-04 -0.28348065950800E-04  0.13362573092735E-02
 -0.27694171405287E-04 -0.11631286054880E-04  0.19281871413419E-03
 -0.24776133557506E-04 -0.18507878717998E-04  0.13409783757254E-02
 -0.21736501136098E-04 -0.11573154308586E-04  0.17131179322675E-03
 -0.15814913963147E-04 -0.74379698973741E-05  0.13451143442151E-02
 -0.39129128041299E-04 -0.37729003048832E-04  0.13302250140993E-02
 -0.14828515013382E-04 -0.10223333820304E-04  0.15652721918155E-03
 -0.75140383902007E-05 -0.71132150170889E-05  0.14774249854936E-03
  0.75727193451747E-07  0.13174874845799E-04  0.13507634355926E-02
 -0.18258960578891E-05 -0.20018301981989E-05  0.14538915682018E-03
  0.46949221763238E-05  0.20037738384239E-04  0.13503654658831E-02
  0.29478838074720E-05  0.55467504622111E-05  0.15465098367823E-03
  0.54092977926447E-05  0.23996907920898E-04  0.13472400179333E-02
 -0.72862638318707E-05  0.38530117454420E-05  0.13485265123502E-02
  0.81622387429971E-05  0.14367311942405E-04  0.18753011928825E-03
 -0.40388641903421E-04 -0.15450177811356E-04  0.24763883596597E-03
 -0.48286570542260E-04 -0.22093537362791E-04  0.27954298949422E-03
  0.32136646397143E-04 -0.75616881674626E-04  0.33858300088275E-03
  0.16475641561309E-04 -0.29013058912994E-04  0.12411328920788E-02
 -0.32438363645281E-04 -0.10561958506143E-03  0.36321656900422E-03
 -0.39859539052612E-05 -0.40880808020597E-04  0.12445306494817E-02
 -0.88195850156547E-04 -0.13228269871128E-03  0.41586657463721E-03
 -0.22071147904722E-04 -0.50280790848300E-04  0.12547493071108E-02
 -0.45381861794214E-04 -0.46471806968251E-04  0.13230377126259E-02
 -0.11074487737354E-03 -0.12760629886711E-03  0.43707692884874E-03
 -0.99198939628327E-04 -0.93476435640635E-04  0.40741546582010E-03
 -0.43971013343605E-04 -0.61983032603871E-04  0.12837201670375E-02
 -0.78081092219537E-04 -0.59217697661149E-04  0.36090299881682E-03
 -0.46971726013058E-04 -0.59848534062741E-04  0.12997501854754E-02
 -0.60233670597117E-04 -0.36130317945849E-04  0.31751067919207E-03
 -0.48340588589788E-04 -0.53972577342386E-04  0.13132475087459E-02
 -0.37327858865132E-04 -0.58664962242904E-04  0.12682522643667E-02
  0.91617925758306E-06  0.22109289763813E-04  0.13415792103333E-02
  0.12514982850209E-04  0.21721551109839E-04  0.25128399391685E-03
 -0.73520314890065E-05  0.17680227856232E-04  0.13340014142684E-02
 -0.26836675872941E-04 -0.47343636924082E-04  0.13234037493456E-02
 -0.38834318523326E-04 -0.17595948615071E-04  0.28916164589324E-03
 -0.22305640973277E-04 -0.35376035105040E-04  0.13287025569051E-02
 -0.35776240277430E-04 -0.10425929398738E-04  0.25984907381515E-03
 -0.17197354928321E-04 -0.22660006396561E-04  0.13333682165279E-02
 -0.30639612618087E-04 -0.89980167995697E-05  0.22744174649421E-03
 -0.38996442344903E-04 -0.30625591455679E-04  0.31396893916631E-03
 -0.10840611883773E-04 -0.93947461220204E-05  0.13373048155086E-02
 -0.33479019642487E-05  0.43588946453131E-05  0.13411852211673E-02
 -0.15834128560144E-04 -0.90596082807617E-05  0.16952506201622E-03
  0.26084737724752E-05  0.17267200066481E-04  0.13446077459604E-02
 -0.84011346697702E-05 -0.49532684657128E-05  0.15332404986215E-03
  0.71090452951954E-05  0.27964007567407E-04  0.13464417307975E-02
 -0.28401706377247E-05  0.14255248374219E-05  0.14970713109006E-03
 -0.23549647251193E-04 -0.97959453896933E-05  0.19544609568546E-03
 -0.30809016884488E-04 -0.58004597112331E-04  0.13169454183901E-02
 -0.38803995218552E-04 -0.51478252795316E-04  0.33665168023735E-03
 -0.30646643689811E-04 -0.67280680218608E-04  0.13074364921392E-02
  0.47631876222635E-06  0.25542903675125E-04  0.31675125271001E-03
 -0.19932516349400E-04  0.10864793502558E-04  0.13270808598338E-02
 -0.44891243668706E-04  0.22767380105314E-04  0.34773807298034E-03
 -0.33390551209531E-04  0.39693464472866E-05  0.13231679486653E-02
  0.25179137676423E-04 -0.14044713660896E-03  0.40296574657453E-03
  0.17658297350730E-04 -0.53823057823762E-04  0.12512365546929E-02
 -0.40872539222623E-04 -0.16752291657252E-03  0.42732003775380E-03
  0.47339872327040E-07 -0.63856774222046E-04  0.12569120002485E-02
 -0.72779174129030E-04 -0.17653501758377E-03  0.44082929904065E-03
 -0.16269357117695E-04 -0.70952624094143E-04  0.12678832115520E-02
 -0.66207774353059E-04 -0.15334104110283E-03  0.41628818844153E-03
  0.18734420800064E-04  0.99590642590031E-05  0.13290627925472E-02
 -0.50450801844400E-04 -0.11481004234285E-03  0.38025473009283E-03
 -0.29269731629977E-04 -0.74146793580184E-04  0.12943049327214E-02
 -0.41716444303408E-04 -0.79902071069370E-04  0.35691115470025E-03
  0.31759529394325E-05  0.10902851622927E-04  0.16478511287274E-03
 -0.23125609784816E-04 -0.22194819904259E-06  0.25977164676656E-03
  0.82244598217107E-05 -0.73734051701128E-04  0.13229630078461E-02
 -0.16728944360876E-04  0.25478319777447E-05  0.21972357642254E-03
  0.10220916427405E-04 -0.97598420337634E-04  0.13148187966214E-02
 -0.66113438028049E-04 -0.51771840566668E-04  0.27381304381699E-03
  0.42031363963076E-05 -0.95031169670867E-04  0.13206087870792E-02
 -0.40484034112118E-04 -0.50650527117854E-04  0.21379742652864E-03
  0.33942589243301E-05 -0.88493143180389E-04  0.13279874350651E-02
 -0.12589496832604E-04 -0.53531694551548E-04  0.18432999909454E-03
 -0.62714641503815E-04 -0.51794806929026E-04  0.33254003276048E-03
  0.65827166799343E-05 -0.78892140328796E-04  0.13345551375568E-02
  0.12610432519599E-04 -0.67406591977038E-04  0.13376910726370E-02
  0.24549692209585E-04 -0.72967847853328E-04  0.20404030801333E-03
  0.19850683260441E-04 -0.54824149911948E-04  0.13373087491728E-02
  0.36742491648301E-04 -0.85399568579462E-04  0.23556441285154E-03
  0.28487476586624E-04 -0.41990404828174E-04  0.13347778091236E-02
  0.45028231798522E-04 -0.94689692176930E-04  0.27298932217151E-03
  0.85121417145503E-05 -0.61403268840646E-04  0.18485670655982E-03
  0.36653726863753E-04 -0.27477931962820E-04  0.13315046677803E-02
  0.21525648464347E-04 -0.95340963016560E-04  0.13118623409682E-02
 -0.33514905692794E-04  0.52612592462785E-04  0.12857466344763E-02
  0.45589577039986E-04  0.29060599754966E-04  0.13226986402200E-02
 -0.39861215039987E-05  0.22931028823711E-05  0.32229930195879E-03
  0.46655502131878E-04  0.43672406287592E-04  0.13217874133302E-02
 -0.60496318899619E-05  0.22387365263320E-04  0.29498256071226E-03
  0.44192522652336E-04  0.55233620830056E-04  0.13196931545992E-02
 -0.19102462728775E-05  0.41970378204526E-04  0.27393638710169E-03
 -0.17267926923963E-04 -0.45463221104286E-04  0.35309318410518E-03
  0.36708212348310E-04  0.63027869478968E-04  0.13153075422173E-02
  0.23794455425095E-04  0.66707989315248E-04  0.13081118139379E-02
  0.21257232816300E-04  0.89180232150851E-04  0.33441934400927E-03
  0.67892869867926E-05  0.65996036257217E-04  0.12987234549966E-02
  0.45948345099309E-05  0.10685859376394E-03  0.38683086970129E-03
 -0.13441173513163E-04  0.59730882534508E-04  0.12907261450023E-02
 -0.56076583980366E-04  0.11103750390100E-03  0.40693732079515E-03
  0.90276273069825E-05  0.64313448998287E-04  0.28331773323167E-03
  0.49520063401658E-04 -0.95115379523678E-04  0.30598354052635E-03
  0.43470568358543E-04 -0.11270775792204E-04  0.13286646984820E-02
  0.47316766917156E-04 -0.84125902974153E-04  0.33048753132270E-03
 -0.51404622598481E-04 -0.34929815995039E-04  0.34636939155248E-03
  0.10821952372559E-04 -0.91713972232634E-04  0.13181610618928E-02
 -0.78209789132204E-04 -0.39090728538037E-04  0.30601780653418E-03
  0.15600594016560E-05 -0.91386951381414E-04  0.13220985032859E-02
 -0.64637880613690E-04 -0.38346430603368E-04  0.24025034871274E-03
 -0.11980177553272E-05 -0.86635886938448E-04  0.13290720764881E-02
  0.22553842855244E-04 -0.87607015698387E-04  0.13177661218905E-02
 -0.35389659714332E-04 -0.38947236245219E-04  0.18952145027105E-03
 -0.99775989808478E-05 -0.42027439243301E-04  0.16884756505693E-03
  0.57122914518077E-05 -0.68094150457113E-04  0.13428695749794E-02
  0.82638945077366E-05 -0.48370842279128E-04  0.16951982980292E-03
  0.13165533672799E-04 -0.55491702326041E-04  0.13449093701853E-02
  0.22111143242624E-04 -0.57296776590361E-04  0.18246451593988E-03
  0.21540236551947E-04 -0.42653340880945E-04  0.13436564265670E-02
  0.53787381388775E-06 -0.78606706628918E-04  0.13368675628058E-02
  0.48893789804324E-06 -0.25887289949216E-04  0.34009662487037E-03
 -0.12249741134326E-04  0.55641611337686E-04  0.12741493260697E-02
 -0.71363617530388E-05  0.14352965070245E-03  0.43417295310138E-03
  0.48947653915515E-04  0.55695027520879E-05  0.13259167611218E-02
  0.39175941581814E-04 -0.63225972616324E-04  0.34478539404226E-03
  0.53788225424151E-04  0.21612221315268E-04  0.13234449331689E-02
  0.27397972253487E-04 -0.35330250176371E-04  0.34943791073827E-03
  0.56668840539810E-04  0.36216974484910E-04  0.13205048372512E-02
  0.17139679514118E-04 -0.33695581142362E-05  0.34426363874792E-03
  0.56122240134863E-04  0.48611263881942E-04  0.13168580732630E-02
  0.11202437590384E-04  0.30631487003584E-04  0.33302061680610E-03
  0.51534519853754E-04  0.57207467708125E-04  0.13115166330776E-02
  0.13510068893422E-04  0.67014996296634E-04  0.33133179037550E-03
  0.41655030128963E-04  0.62716323068702E-04  0.13035087396493E-02
  0.26322317606507E-04  0.10435539603442E-03  0.36257398530754E-03
  0.27034923044794E-04  0.64899639414992E-04  0.12927298255554E-02
  0.31755874644944E-04  0.13402588843051E-03  0.41124483042662E-03
  0.80135194385928E-05  0.62698307957414E-04  0.12820994427305E-02
  0.46050312680209E-05 -0.22445091873041E-04  0.34209721082016E-03
  0.22254378147706E-04  0.26809154860284E-04  0.13314832890155E-02
  0.42236114218518E-04  0.12811627640039E-04  0.13233465282979E-02
  0.38241866197022E-04 -0.46376232183183E-05  0.13245270521238E-02
  0.30145052109561E-05 -0.92134091664997E-04  0.13109623099311E-02
  0.29547427985632E-05 -0.10127365845910E-03  0.24991015607378E-03
  0.51417495040840E-05 -0.84222263456884E-04  0.13182763155059E-02
  0.21131373869923E-04 -0.10718259797663E-03  0.27105142969655E-03
 -0.21988833481113E-04 -0.74981735535219E-05  0.13251723087634E-02
  0.30327445293316E-04 -0.10931024859421E-03  0.30175925691190E-03
 -0.23410119534793E-04 -0.98754680210754E-04  0.26100913589723E-03
  0.11974919013014E-04 -0.61522119225252E-04  0.13247870302125E-02
  0.17148809497595E-04 -0.46917077884966E-04  0.13248282235892E-02
  0.22344074614412E-04 -0.85992524882109E-04  0.34590476844935E-03
  0.21620217429617E-04 -0.30668566387759E-04  0.13245743185941E-02
  0.99499278923419E-05 -0.60756886185130E-04  0.35081818486838E-03
  0.25433514519179E-04 -0.14105603917331E-04  0.13243784851191E-02
 -0.38627509052303E-05 -0.34216987386405E-04  0.34399507417796E-03
  0.30377670621598E-04 -0.10288812864590E-03  0.32891212836967E-03
  0.29340550195657E-04  0.27887182690725E-05  0.13243861941056E-02
  0.47992882961439E-05 -0.96485763177739E-04  0.13034411459602E-02
  0.12876173771801E-04 -0.96383356977144E-04  0.12963611565186E-02
  0.24411508015576E-04  0.41380228477240E-04  0.13335934141455E-02
 -0.10103135363240E-04  0.62807707960111E-05  0.18983709909186E-03
  0.23555354230724E-04  0.52792213762357E-04  0.13340941885930E-02
 -0.21060063783280E-05  0.15920289244073E-04  0.18316938089489E-03
  0.17547757566754E-04  0.58635746989069E-04  0.13319696620313E-02
  0.66357977332328E-05  0.30117327092511E-04  0.21303709691203E-03
 -0.51037024998484E-04 -0.10242257199903E-03  0.31036665115811E-03
  0.58810515541122E-05  0.58043974887984E-04  0.13265338465480E-02
 -0.94660315809834E-05  0.53660329223964E-04  0.13188457771607E-02
 -0.12354733483424E-04  0.54721057231624E-04  0.33817605236377E-03
 -0.27684125439154E-04  0.46711173840300E-04  0.13122569410749E-02
  0.36427808205405E-05 -0.98950740872807E-04  0.38515844563337E-03
  0.24886956200650E-04 -0.93393063002157E-04  0.12918469180976E-02
 -0.48410781322055E-04 -0.10497346554795E-03  0.36305756325246E-03
  0.10698372904305E-04  0.44847579889316E-04  0.27877743569098E-03
 -0.13725125256343E-04 -0.11873038341469E-04  0.32452923944997E-03
  0.32826901238699E-04  0.19964428126291E-04  0.13253970904373E-02
 -0.17146730174339E-04  0.34038120725616E-05  0.29286550801876E-03
 -0.45428864120681E-04 -0.70531549217878E-04  0.25237844098898E-03
  0.51560098646328E-05 -0.94746610127612E-04  0.13169781255216E-02
 -0.16226471040465E-04 -0.70959595983107E-04  0.21227457380000E-03
  0.62625045177243E-05 -0.86988697667403E-04  0.13240395256937E-02
  0.77415048155806E-05 -0.78273834437212E-04  0.21034663827374E-03
  0.10074808515534E-04 -0.77166199403283E-04  0.13288510004450E-02
  0.90258446441942E-05 -0.98529517987849E-04  0.13101475652356E-02
  0.24851509550544E-04 -0.90003800639920E-04  0.23384757144823E-03
  0.22006234454384E-04 -0.52638046222211E-04  0.13298810978883E-02
  0.41777194641393E-04 -0.10417205308991E-03  0.30474850226180E-03
  0.28629823934446E-04 -0.38011576695478E-04  0.13280435830237E-02
  0.39928019157815E-04 -0.96160250675824E-04  0.33175468682726E-03
  0.33946097701130E-04 -0.21763310824078E-04  0.13263097825401E-02
  0.31084702053239E-04 -0.76405200310883E-04  0.34681267047634E-03
  0.15246233905673E-04 -0.65280923458798E-04  0.13304578341998E-02
 -0.62002568019653E-04 -0.72738670152064E-04  0.31489533892876E-03
  0.18385098721544E-04 -0.98042130316137E-04  0.13049091649264E-02
 -0.34960444226000E-04 -0.70763394075029E-04  0.35737994545013E-03
  0.35014332410314E-04  0.36265899536383E-04  0.13267756786091E-02
 -0.14301459661815E-04  0.12542170972449E-04  0.25518947329647E-03
  0.35205510994342E-04  0.50011537021253E-04  0.13271262196311E-02
 -0.81511266708446E-05  0.20415648047262E-04  0.22543589896622E-03
  0.31032208053591E-04  0.60005501383454E-04  0.13254628093705E-02
  0.10983955685289E-05  0.33991256058823E-04  0.22195828105876E-03
  0.21237256359836E-04  0.64305802551321E-04  0.13212980666305E-02
  0.11792810865449E-04  0.52368822959376E-04  0.26265176919045E-03
  0.62530896714746E-05  0.63705103658873E-04  0.13139386905864E-02
  0.97290044899912E-05  0.69716838101055E-04  0.32798954724099E-03
 -0.12507606767435E-04  0.58819484900209E-04  0.13060447942678E-02
 -0.31849080628967E-04  0.77984302358379E-04  0.36954666696325E-03
 -0.32001495782341E-04  0.51632378886416E-04  0.13001698233801E-02
  0.23062662201522E-04 -0.62321140514940E-04  0.35730951974614E-03
  0.30479341961495E-04 -0.92696263434400E-04  0.13034058893010E-02
  0.17767848593257E-04 -0.50435498581015E-04  0.35016865551583E-03
 -0.18728677616119E-04  0.18545581895006E-04  0.33950065138024E-03
 -0.51555761251181E-04 -0.21312203637066E-04  0.24760043694449E-03
  0.10954461906717E-04  0.19618221411667E-04  0.29119414831941E-03
  0.39851882687244E-04 -0.34157840610654E-04  0.13388951220424E-02
  0.17327116128389E-04 -0.21796701660325E-04  0.16678369337216E-03
  0.48197130592838E-04 -0.44788377423523E-04  0.13384374134921E-02
  0.18962462204925E-04 -0.16996349303460E-04  0.17437721345877E-03
  0.49856807016262E-04 -0.57277872064264E-04  0.13351428045046E-02
  0.26809177437288E-04 -0.16088561936091E-04  0.22032998221920E-03
  0.18121294209738E-04 -0.27617721128692E-04  0.18706603122440E-03
  0.44291981547427E-04 -0.69326572083402E-04  0.13287756629935E-02
  0.33591968565942E-04 -0.79414934421046E-04  0.13214294777655E-02
 -0.74239511091745E-05  0.16817825547680E-04  0.34763688325718E-03
 -0.79047833429827E-04  0.17284413132368E-04  0.13197864023449E-02
 -0.37918759558292E-05 -0.52360681904408E-05  0.33450262653552E-03
 -0.67669877729803E-04  0.11172880864224E-04  0.13231687808224E-02
 -0.11511306161367E-06 -0.21738702689480E-04  0.31331560065429E-03
  0.30255432313355E-04 -0.18931386031777E-04  0.29018927602048E-03
 -0.53010983994081E-04  0.43607007063873E-05  0.13268346175480E-02
  0.27785506119107E-04 -0.23259263497348E-04  0.13372910779847E-02
  0.12798048810189E-04 -0.13887550963925E-04  0.13346745396530E-02
  0.53747581104448E-04 -0.65656801573122E-04  0.13250465112582E-02
  0.42114848984313E-04 -0.31081038662745E-04  0.26564163179941E-03
  0.44903000645720E-04 -0.77943317658095E-04  0.13183330344873E-02
  0.30743097117720E-04 -0.36467002206114E-04  0.32623788789358E-03
  0.33573966055002E-04 -0.88377186167892E-04  0.13131747729480E-02
  0.14393207461467E-04  0.17809657752731E-04  0.34879623801783E-03
  0.17889331047428E-04 -0.33229114173477E-04  0.22190567388324E-03
 -0.52194978017367E-04  0.16386742637886E-04  0.13237083631624E-02
 -0.35910563699948E-04  0.10125296188223E-04  0.13258223431925E-02
  0.12650640108702E-04 -0.22341980144075E-04  0.31912572389876E-03
 -0.19244791664625E-04  0.20458848573113E-05  0.13288118801030E-02
  0.13659054611973E-04 -0.32395765820466E-04  0.29217824734904E-03
 -0.30352958236169E-05 -0.59631622358618E-05  0.13318372475986E-02
  0.15689148517487E-04 -0.35330679639934E-04  0.25883670520289E-03
  0.13501386612374E-04 -0.50764878417854E-05  0.33812697214032E-03
  0.34948950798428E-05 -0.30314255036686E-04  0.28598906772529E-03
 -0.36971491075608E-04 -0.33004741043273E-05  0.13307613551116E-02
  0.73829877468079E-05 -0.33149229162973E-04  0.25512548841482E-03
 -0.20722564480382E-04 -0.21225551312533E-04  0.30974309880450E-03
 -0.79247722966999E-04  0.40196783960615E-05  0.13217214507400E-02
 -0.10601443905710E-04 -0.28187494648373E-04  0.27834215528517E-03
 -0.67532828550531E-04 -0.22107959888283E-05  0.13275180931942E-02
 -0.13216998592407E-05 -0.30049257696797E-04  0.24548737164633E-03
 -0.52993496241480E-04 -0.83968410246549E-05  0.13332166296843E-02
 -0.86721631888119E-04  0.94625448121423E-05  0.13150944140785E-02
  0.41433997001698E-05 -0.28425603517725E-04  0.21556580285690E-03
  0.67021331271897E-05 -0.25811098288636E-04  0.19132946064649E-03
 -0.20599307720416E-04 -0.18129710342396E-04  0.13421919896735E-02
  0.81429464464657E-05 -0.23067934778522E-04  0.17257833493023E-03
 -0.38583818673910E-05 -0.21807519545385E-04  0.13457314525488E-02
  0.89892154340358E-05 -0.19734911234132E-04  0.15750211993359E-03
  0.12637900595172E-04 -0.25393232178259E-04  0.13485774450779E-02
 -0.37040600948378E-04 -0.13973410355022E-04  0.13379599338807E-02
 -0.32291461092909E-04 -0.75111919909809E-05  0.33735196593922E-03
  0.21298030698446E-04 -0.75538582148376E-04  0.13226994172889E-02
  0.14287579752842E-04 -0.10885237788442E-04  0.31864587383721E-03
 -0.20291661157221E-04 -0.10014807802963E-04  0.13347762493775E-02
  0.10751960484857E-04 -0.31853579937225E-04  0.22495417847984E-03
 -0.38622276238539E-05 -0.16232178237803E-04  0.13383920854659E-02
  0.12922279385822E-04 -0.28100632932994E-04  0.19548084940002E-03
  0.12413262584130E-04 -0.22343336889157E-04  0.13417235493623E-02
  0.13636954311636E-04 -0.23267811350209E-04  0.16933404410924E-03
  0.26861045532377E-04 -0.29710778100990E-04  0.13442865966692E-02
  0.12403591859225E-04 -0.18026338589858E-04  0.15280870084172E-03
  0.38265446574149E-04 -0.37715494559433E-04  0.13446856863846E-02
  0.12374643897918E-04 -0.11522140793197E-04  0.15478790246230E-03
  0.43520945365236E-04 -0.46835348887723E-04  0.13423988811504E-02
  0.15896056361152E-04 -0.72973574622144E-05  0.18673164576345E-03
  0.41065514490186E-04 -0.57645593749110E-04  0.13370980665921E-02
  0.24300273867069E-04 -0.71349167674374E-05  0.25235434905716E-03
  0.32611325826611E-04 -0.67147782287719E-04  0.13293998544755E-02
  0.32332246659111E-04 -0.28663636174571E-04  0.20998916847199E-03
  0.92838916913802E-05 -0.15471899069174E-04  0.14688710798723E-03
  0.56202590487824E-04 -0.50598948096602E-04  0.13296560075488E-02
  0.51350303222925E-04 -0.37135297519980E-04  0.13318368913970E-02
  0.78191303179486E-04 -0.29562303259074E-05  0.35434245944910E-03
  0.66428032530324E-04 -0.31320487011934E-05  0.13099495519738E-02
  0.79824598466451E-04 -0.42844441178213E-04  0.35866674512064E-03
  0.71526942779574E-04 -0.19399479272542E-04  0.13026494472893E-02
  0.89955701019036E-04 -0.80361826311338E-04  0.37193513142846E-03
  0.69379803354530E-04 -0.37213122435556E-04  0.12947398075226E-02
  0.57094832194970E-04  0.10475946370338E-04  0.13163390303930E-02
  0.10457106740557E-03 -0.10938564085032E-03  0.39757020285521E-03
  0.97569330282482E-04 -0.12466220040341E-03  0.41777551942177E-03
  0.46424141402316E-04 -0.69903181704828E-04  0.12801624207037E-02
  0.56700422716260E-04  0.12430035637830E-04  0.34758002273154E-03
  0.44562660567909E-04  0.73103579088008E-05  0.13216446099749E-02
  0.53646968186947E-04 -0.16427700492165E-04  0.33664357567849E-03
  0.55720138033002E-04 -0.68127241667034E-05  0.13192573242997E-02
  0.60928570748756E-04 -0.54483608912605E-04  0.12866956261222E-02
  0.51388323143286E-04 -0.41042076886685E-04  0.31831763654828E-03
  0.77966261032640E-04  0.30277559641328E-04  0.34849104457983E-03
  0.12052975548954E-03 -0.12983525028642E-03  0.44083188477026E-03
  0.96463720644606E-04 -0.50057698658491E-04  0.36606350582804E-03
  0.36495078544930E-04 -0.14816599537340E-04  0.12448374854088E-02
  0.16076830862183E-03 -0.36661553402104E-04  0.43521351831715E-03
  0.65432898499484E-04 -0.95030397737953E-05  0.12699859408605E-02
  0.13903101235076E-03 -0.83852219457604E-04  0.42889025339058E-03
  0.52845239055143E-04 -0.24379434543244E-04  0.12592401541306E-02
  0.51281213327385E-04 -0.48869536235126E-04  0.12688752459389E-02
  0.91903839550046E-04 -0.11601060047736E-03  0.40743611319717E-03
  0.11161056766294E-03  0.70210761086640E-05  0.37492966279989E-03
  0.72530623670586E-04  0.76053752803408E-06  0.12977076908894E-02
  0.12184074786687E-03 -0.42555859484674E-04  0.40311426418148E-03
  0.72148238375898E-04 -0.15134348941667E-04  0.12869556930599E-02
  0.12913839447033E-03 -0.93729746417392E-04  0.42829994182615E-03
  0.64152948945327E-04 -0.32692735369674E-04  0.12769605994939E-02
  0.36308303859312E-04 -0.40088385592926E-04  0.12523175877554E-02
  0.64849917610885E-04 -0.22289198854036E-04  0.13154631297865E-02
  0.55819268355684E-04 -0.60720265723505E-04  0.30589496399266E-03
  0.68092502685982E-04 -0.39601027843118E-04  0.13100044093893E-02
  0.55299924601078E-04 -0.70790354860410E-04  0.13121393142849E-02
  0.58087207243724E-04 -0.54901569245336E-04  0.32059680721036E-03
  0.43807903240746E-04 -0.83487211471143E-04  0.13063652672158E-02
  0.30359653766612E-04  0.18647852793491E-04  0.34931694908092E-03
 -0.18118172642803E-04  0.14881665767187E-04  0.13256226762661E-02
  0.26997357106220E-04 -0.49555274705947E-05  0.33974736291492E-03
  0.54971881418666E-04 -0.49829949730414E-04  0.26841482850258E-03
 -0.21353286726889E-05  0.77858877728642E-05  0.13271282195424E-02
  0.13319236154139E-04 -0.94931386901449E-06  0.13287763900827E-02
  0.23361531713722E-04 -0.35016739626061E-04  0.28983114687682E-03
  0.29012000337236E-04 -0.11464851241405E-04  0.13306481255654E-02
  0.24793322916437E-04 -0.37294020502614E-04  0.25076070722878E-03
  0.42045661096868E-04 -0.24434662058606E-04  0.13319377537052E-02
  0.24785456337118E-04 -0.34101034926908E-04  0.21332798680454E-03
  0.23886863263296E-04 -0.23516850287178E-04  0.31992643529219E-03
  0.61847568491763E-04 -0.55589101720246E-04  0.13179241292410E-02
  0.42443119491795E-04 -0.46791222964021E-04  0.24210915246386E-03
  0.61565765976192E-04 -0.38654445778284E-04  0.13223236709989E-02
  0.69890070334327E-04 -0.75157119151777E-04  0.31516596978671E-03
  0.63751166035889E-04 -0.57582681360318E-04  0.13033801080596E-02
  0.82398779899718E-04 -0.84606561462023E-04  0.34765732004966E-03
  0.52993030334656E-04 -0.72759128118663E-04  0.12966850095272E-02
  0.63732147934229E-04 -0.91110803492679E-04  0.37692582979580E-03
  0.38593310176821E-04 -0.85116200415059E-04  0.12922417073046E-02
  0.43144477673985E-04  0.18328095576431E-04  0.34841203335793E-03
  0.14272757829015E-04  0.13314252971259E-04  0.13254164379553E-02
  0.38310169956749E-04 -0.75538584090668E-05  0.33823217756502E-03
  0.29977486945200E-04  0.34855349480635E-05  0.13254580737948E-02
  0.35562747292121E-04 -0.28153948895865E-04  0.31593408307249E-03
  0.43194753581092E-04 -0.93656163580769E-05  0.13257316695801E-02
  0.34887244455367E-04 -0.39587871340703E-04  0.28243768307569E-03
  0.54481001004361E-04 -0.24016131207790E-04  0.13250059919501E-02
  0.35883543919563E-04 -0.43828076967358E-04  0.25156298545875E-03
  0.26159943491578E-04 -0.29639433732453E-04  0.19388586684749E-03
 -0.96954157689236E-05 -0.14848986077403E-06  0.13306634299002E-02
  0.26174931243417E-04 -0.30152571686796E-04  0.13493856858330E-02
  0.34568428708664E-04 -0.35490898887833E-04  0.13476915366667E-02
 -0.36655507275437E-04 -0.24570058854178E-04  0.13482319314748E-02
 -0.90646643521766E-05 -0.12248339746223E-04  0.14434171908641E-03
 -0.23418056727379E-04 -0.18398658695169E-04  0.13519151725579E-02
 -0.50616396722159E-05 -0.10386643640177E-04  0.14403207948239E-03
 -0.10753139148966E-04 -0.12171650089320E-04  0.13545744974009E-02
 -0.39094416664670E-06 -0.79110250820383E-05  0.14398210604552E-03
 -0.12078839105518E-04 -0.13807678507858E-04  0.14653881936855E-03
  0.68340242384634E-06 -0.71413622731987E-05  0.13555406337413E-02
  0.88555195461436E-05 -0.40994112961887E-05  0.13537368994376E-02
  0.58970606894024E-05  0.20749283836375E-05  0.15740714974238E-03
  0.11897020956944E-04 -0.40220123636745E-05  0.13494523599478E-02
  0.10014182913599E-04  0.94063018460582E-05  0.19220033103547E-03
  0.88241497962286E-05 -0.80681125996164E-05  0.13425018727311E-02
  0.14491052184277E-04  0.13970325052728E-04  0.25785246038825E-03
  0.28598333930183E-05 -0.39224527508535E-05  0.14574581763807E-03
  0.13892264211920E-05 -0.12460031947784E-04  0.13341897186880E-02
 -0.49322430937203E-04 -0.27973521965309E-04  0.13435055393062E-02
 -0.60647034891092E-04 -0.29104875243996E-04  0.13367260657444E-02
 -0.30507253600302E-04 -0.27527612083903E-05  0.12424864848868E-02
 -0.14722926743001E-03 -0.23122083288497E-04  0.41420989406629E-03
 -0.49997214581328E-04 -0.13508997054808E-04  0.12540641124094E-02
 -0.16819372232590E-03 -0.41455463045223E-04  0.44053966851335E-03
 -0.65566175016052E-04 -0.23138778019581E-04  0.12688116738427E-02
 -0.14033805493937E-03 -0.43574086210509E-04  0.39417759808934E-03
 -0.14500812448771E-04 -0.14794557867512E-04  0.15332590973410E-03
 -0.73667154540892E-04 -0.28826263513396E-04  0.12853365011971E-02
 -0.76624400058663E-04 -0.30426930148889E-04  0.13020421408551E-02
 -0.54086009434751E-04 -0.26556861704957E-04  0.24088144505428E-03
 -0.76392714744845E-04 -0.30311564012814E-04  0.13163868352311E-02
 -0.32126200699722E-04 -0.20225762535169E-04  0.19410574483726E-03
 -0.69867470779590E-04 -0.29658431170047E-04  0.13279411317907E-02
 -0.20774893802332E-04 -0.16513004917089E-04  0.16793594795265E-03
 -0.92192644959639E-04 -0.34928516324371E-04  0.31248131424472E-03
  0.16702126561566E-05  0.14671066262117E-04  0.32131872361195E-03
 -0.99564577088323E-05 -0.18992703982236E-04  0.13271004493264E-02
 -0.26284641825804E-04 -0.35868871462011E-04  0.31070188178337E-03
 -0.17883468398304E-04 -0.12826941627427E-04  0.15527965958874E-03
 -0.26962652564513E-04 -0.17960319274254E-04  0.13476583864745E-02
 -0.12767151744357E-04 -0.10654584662535E-04  0.14875947363497E-03
 -0.16041252179218E-04 -0.87973278052702E-05  0.13513896794520E-02
 -0.66997869845391E-05 -0.83765223937831E-05  0.14487317393290E-03
 -0.59978948369634E-05 -0.36492585230298E-06  0.13537156666328E-02
 -0.37468303963156E-04 -0.25398466119275E-04  0.13431470952960E-02
 -0.92136463806789E-06 -0.48622480706231E-05  0.14406017324484E-03
  0.28915954781573E-05  0.42559208739972E-06  0.14926484436344E-03
  0.66381889168525E-05  0.93563772317446E-05  0.13510781921628E-02
  0.70955910770425E-05  0.84497367525694E-05  0.17006682072163E-03
  0.59237567276288E-05  0.90145905325040E-05  0.13460067616950E-02
  0.11891307219009E-04  0.15465558156612E-04  0.22099451124206E-03
  0.96203482559438E-07  0.52349034736495E-05  0.13384052226974E-02
  0.23938788787115E-05  0.56912032153576E-05  0.13536695257311E-02
 -0.21841129518270E-04 -0.13349012320457E-04  0.16643806685915E-03
 -0.47138971714515E-04 -0.31181085700815E-04  0.13377038500744E-02
 -0.27261484799569E-04 -0.14488943603944E-04  0.18379841378358E-03
 -0.64692194443002E-05 -0.16507581166928E-04  0.12376522462426E-02
 -0.91432524979296E-04 -0.63819829001373E-04  0.36879350561549E-03
 -0.26890828456458E-04 -0.26807974140369E-04  0.12455842504226E-02
 -0.14161726300170E-03 -0.80235605187900E-04  0.43002862534650E-03
 -0.44970556621415E-04 -0.36971853127689E-04  0.12590706122250E-02
 -0.14591869185051E-03 -0.69332987620298E-04  0.43045170430800E-03
 -0.57039039822774E-04 -0.44220616443316E-04  0.12749273662261E-02
 -0.11338986249937E-03 -0.46788430619349E-04  0.37189352917040E-03
 -0.62004237739498E-04 -0.46552187472660E-04  0.12920102220767E-02
 -0.77386997723907E-04 -0.30081573481694E-04  0.30328852755489E-03
 -0.64266481073511E-04 -0.44451781120392E-04  0.13079696503704E-02
  0.32766135545244E-04 -0.68292621058567E-04  0.20635081861537E-03
 -0.62245901075754E-04 -0.40986742467158E-04  0.13208707745558E-02
 -0.36503418858713E-04 -0.16493834520566E-04  0.20910636523363E-03
 -0.55552041853335E-04 -0.36422614638858E-04  0.13303825678676E-02
 -0.88089634380277E-04  0.39098521410465E-05  0.34993911306241E-03
  0.88590479605016E-05 -0.10311533651333E-04  0.14633670065583E-03
 -0.80229222698900E-05 -0.37803582592930E-04  0.13246728722743E-02
  0.32942851811375E-05 -0.31513663869910E-04  0.13298366836077E-02
 -0.13384394300122E-06 -0.22577949912712E-04  0.18246289697472E-03
 -0.50727910084003E-04 -0.18826998034634E-04  0.13404919444100E-02
  0.18019533401676E-05 -0.20378031978149E-04  0.16573571911568E-03
 -0.35075324071323E-04 -0.21544679774569E-04  0.13454069964916E-02
  0.29308707577086E-05 -0.18611457527942E-04  0.15580105062179E-03
 -0.18716923365869E-04 -0.21990584088913E-04  0.13490755520665E-02
 -0.64968416831391E-04 -0.14394152307122E-04  0.13341596799107E-02
  0.38957056583390E-05 -0.17006870565519E-04  0.14989049979966E-03
  0.55395971678962E-05 -0.13752739836585E-04  0.14542604460431E-03
  0.12598757309309E-04 -0.22723652537583E-04  0.13527193955727E-02
  0.58737288244197E-05 -0.93618440376160E-05  0.14368346071556E-03
  0.23125056884714E-04 -0.25143852273555E-04  0.13517550750856E-02
  0.71180281637042E-05 -0.29043630009869E-05  0.15305866158520E-03
  0.27338028258189E-04 -0.29250130744083E-04  0.13483284231653E-02
 -0.23106631841988E-05 -0.22124677899031E-04  0.13515175274382E-02
  0.10841638194022E-04  0.30881733118912E-05  0.18811308816532E-03
 -0.66810714843368E-05 -0.25133607571368E-04  0.20691533050972E-03
 -0.19672123240777E-04 -0.27566982817424E-04  0.24058351906669E-03
  0.10223718781624E-04 -0.35667087429156E-05  0.16506339972072E-03
  0.35675014144765E-04 -0.44135278430584E-04  0.13433607510768E-02
  0.16461359078833E-04 -0.15751373332625E-06  0.21707012240996E-03
  0.30087157524850E-04 -0.52325678908797E-04  0.13360333956527E-02
  0.19517211748345E-04 -0.89034776607456E-06  0.28925725153938E-03
  0.19460765027217E-04 -0.60296843125381E-04  0.13277618040815E-02
 -0.76917672564351E-04 -0.95364704570035E-05  0.13266595569876E-02
 -0.97174576015450E-05 -0.59861131579510E-05  0.33960844357018E-03
 -0.91092828517074E-04 -0.94020204625625E-05  0.37201370726369E-03
 -0.87280271029501E-04  0.41402262382556E-05  0.12950672359948E-02
 -0.62971128809591E-04 -0.26431039981115E-04  0.32852259633613E-03
 -0.88185682321196E-04 -0.39485870013613E-06  0.13077255778952E-02
 -0.38264871443784E-04 -0.30015442480681E-04  0.28249877562811E-03
 -0.85595975844260E-04 -0.54554180582312E-05  0.13181160390202E-02
  0.84053420041737E-05 -0.67139331403079E-04  0.13226264748453E-02
  0.25006296794074E-04 -0.36376654323551E-04  0.13416364751685E-02
  0.17639421439865E-04  0.50922749311188E-05  0.25547045026444E-03
  0.17045112512261E-04 -0.42934116642668E-04  0.13329670709976E-02
 -0.30268173314315E-04 -0.23279529397318E-04  0.13504446959149E-02
 -0.18872043362751E-05 -0.13659040389750E-04  0.14530953420189E-03
 -0.15060751859853E-04 -0.19661862797772E-04  0.13530602502869E-02
  0.10646183687272E-05 -0.12088844782957E-04  0.14484262706788E-03
 -0.53878649046896E-06 -0.16864606752681E-04  0.13546522125383E-02
  0.37048606162047E-05 -0.84941041702529E-05  0.14400219435893E-03
 -0.39696630821683E-05 -0.15135647799184E-04  0.14609276990213E-03
  0.11346486610356E-04 -0.15465714787194E-04  0.13544414581851E-02
  0.18208069907358E-04 -0.15809403921857E-04  0.13516419999086E-02
  0.80265645359611E-05  0.36075339491139E-05  0.16889094215880E-03
  0.18635487361275E-04 -0.19535004801270E-04  0.13460560822144E-02
  0.13443606646183E-04  0.83942528932771E-05  0.22146273425821E-03
  0.13538991437151E-04 -0.25386102278087E-04  0.13379530454455E-02
  0.13709246413827E-04  0.99916725474373E-05  0.29275416503856E-03
  0.51449378868235E-05 -0.36299222057663E-05  0.14807194761452E-03
 -0.45180493071054E-04 -0.25324632529100E-04  0.13462173460106E-02
 -0.51767667054225E-05 -0.16469215558391E-04  0.15125962463270E-03
 -0.58883658520261E-04 -0.23753454440013E-04  0.13404207761493E-02
  0.66780142934176E-05  0.38619481641294E-05  0.32082680168857E-03
  0.55353952421863E-05 -0.50153726558316E-04  0.13259172494001E-02
 -0.15817021145513E-03  0.76881801171960E-05  0.43700368367421E-03
 -0.70214668350798E-04 -0.12162888712706E-05  0.12670523070198E-02
 -0.14191613145508E-03 -0.25779086509744E-04  0.41012549354102E-03
 -0.79763605655192E-04 -0.88867648283415E-05  0.12812872097770E-02
 -0.10204933632519E-03 -0.37546670671252E-04  0.34548430805699E-03
 -0.83707267118937E-04 -0.13314695928914E-04  0.12969852968415E-02
 -0.61225720900777E-04 -0.34003678929896E-04  0.27550935600218E-03
 -0.84685262191415E-04 -0.16791177888908E-04  0.13112044760834E-02
 -0.32554402764618E-04 -0.26530782379461E-04  0.21956649223288E-03
 -0.80552627960486E-04 -0.18865367537413E-04  0.13230289051045E-02
 -0.16658772275755E-04 -0.20956237091923E-04  0.18450421145995E-03
 -0.71051107574703E-04 -0.21065768390054E-04  0.13325867667687E-02
 -0.83018783971164E-05 -0.18279697854589E-04  0.16311235817781E-03
 -0.16186264299229E-04  0.74668021326739E-05  0.34038816037414E-03
  0.31552514075962E-04 -0.29219377905180E-04  0.13399021751002E-02
  0.36837266399202E-04 -0.10037119977698E-03  0.26876060619414E-03
  0.42333736009286E-04 -0.78852975358313E-04  0.23821145198285E-03
  0.16244334181117E-04  0.79565834837336E-05  0.13540184105371E-02
  0.11950333669264E-04 -0.37283462079349E-05  0.15713289363310E-03
  0.35848753914340E-05 -0.82736358126340E-06  0.13574516815757E-02
  0.21154473753772E-04  0.67835568136778E-04  0.25642061597338E-03
  0.52557329317962E-05 -0.51612464293470E-05  0.15365251638715E-03
 -0.57500536021436E-04  0.31159062760751E-04  0.13336948539876E-02
 -0.73730446997006E-05 -0.90748006331764E-05  0.13585581681701E-02
 -0.31675211823430E-05 -0.70441064634606E-05  0.15359062766634E-03
  0.33553821071754E-04  0.75464918446708E-04  0.29023999652133E-03
 -0.15721732447927E-04 -0.18283431020652E-04  0.13565119879381E-02
 -0.15018367282434E-04 -0.97339956871883E-05  0.15627306916813E-03
 -0.65253689163097E-04  0.28829561576793E-04  0.13352118075008E-02
 -0.45991419734246E-04  0.30957006186541E-04  0.13311441127245E-02
 -0.32101907143863E-04 -0.12446990125363E-04  0.16575801331059E-03
  0.42198479652419E-04  0.74526147219632E-04  0.31895885393443E-03
 -0.28238020818726E-04 -0.35889792752475E-04  0.13429050267780E-02
 -0.31849788265980E-04  0.28971656791186E-04  0.13285306498256E-02
 -0.57818800559775E-04 -0.12801866631840E-04  0.19318910179499E-03
 -0.31383850610778E-04 -0.42944065736369E-04  0.13341081458094E-02
 -0.87477105517840E-04 -0.11490013877708E-04  0.24922778813310E-03
  0.47153553217303E-04  0.63551765337608E-04  0.33815155040517E-03
 -0.28540424645244E-04 -0.45194307101912E-04  0.13278415644920E-02
 -0.15921255142647E-04  0.25183091621733E-04  0.13268835901316E-02
 -0.99495455815552E-04 -0.87273900343398E-05  0.31430187470006E-03
 -0.22876399959358E-04 -0.27119595324562E-04  0.13512448840813E-02
  0.20539396153123E-04 -0.69543261970171E-06  0.16233634211810E-03
  0.52556441849442E-05  0.55013460029136E-04  0.22334676274124E-03
  0.29850909569938E-04  0.16937600079348E-04  0.13498572631512E-02
 -0.53100353521639E-04  0.25815658346492E-04  0.13167709829821E-02
  0.52468360226275E-04 -0.12622319985975E-05  0.12546012583934E-02
  0.15612372113712E-03 -0.17616919247082E-04  0.41847409367703E-03
 -0.10011905031605E-03  0.30124763864323E-04  0.28892194245289E-03
  0.65052545752236E-04  0.11135746133922E-04  0.12691753864663E-02
  0.18191977141554E-03  0.14212584461498E-04  0.43978490348251E-03
 -0.64802267933446E-04  0.21897376912634E-04  0.13198911544391E-02
  0.72717442142126E-04  0.22107938260605E-04  0.12852947495490E-02
  0.16235675397754E-03  0.29247644585706E-04  0.39914158659579E-03
 -0.71423307120604E-04  0.27268060597257E-04  0.22799365698069E-03
  0.73214920149603E-04  0.29692165639473E-04  0.13002816593581E-02
  0.12156555568005E-03  0.27104835040392E-04  0.32299180635622E-03
 -0.70299390778023E-04  0.21394042398729E-04  0.13257054207023E-02
  0.68929897860527E-04  0.34547936720759E-04  0.13140119091724E-02
  0.84616918110125E-04  0.19438209954266E-04  0.25538104295291E-03
 -0.39405555080936E-04  0.30311731861554E-04  0.19742460276927E-03
  0.61814215607559E-04  0.35180546854308E-04  0.13267083761798E-02
  0.58286563780784E-04  0.13258643853216E-04  0.21022294211607E-03
 -0.71892009986835E-04  0.23054054082662E-04  0.13318417886676E-02
  0.52581364018237E-04  0.31735121850397E-04  0.13372206100090E-02
  0.42108879863096E-04  0.80900725475177E-05  0.18421999004068E-03
 -0.14112000160771E-04  0.41252883056196E-04  0.20000573096552E-03
 -0.70344843725257E-04  0.26072460195445E-04  0.13347553779262E-02
  0.41995435380299E-04  0.25498417800616E-04  0.13445850302633E-02
  0.30226668100749E-04  0.30316019499728E-05  0.17054799154375E-03
 -0.18688735053904E-04 -0.42402345374652E-04  0.13242663782246E-02
 -0.92608076873316E-04  0.35830363059204E-04  0.33947280311066E-03
 -0.70011020339804E-04 -0.16236232165050E-05  0.34890173720258E-03
 -0.53594205016886E-06  0.20053278567393E-04  0.13259913937079E-02
  0.29345088983373E-04 -0.19848915290005E-04  0.17066060361961E-03
  0.31566756057924E-04  0.71630430179163E-05  0.13508557098377E-02
 -0.26304824190821E-05  0.64872617117891E-04  0.25456429913345E-03
  0.20349792074982E-04 -0.19810299371886E-04  0.16191645963865E-03
 -0.76198325085498E-04  0.30546498432609E-04  0.13270692697000E-02
  0.18556070378096E-04 -0.38037417233262E-05  0.13550200959219E-02
  0.12246057171826E-04 -0.18158243685896E-04  0.15623645406898E-03
  0.13951680640503E-04  0.73292151536805E-04  0.28821738454259E-03
  0.69266197927657E-05 -0.13771678961850E-04  0.13577430865624E-02
  0.46764936172368E-05 -0.16589102328367E-04  0.15328594990876E-03
 -0.70952610631076E-04  0.31167681205575E-04  0.13275945320679E-02
  0.44561560308920E-04  0.18505323063238E-04  0.13456933556877E-02
 -0.26307464984466E-05 -0.23848214094246E-04  0.13573017464830E-02
  0.24905271353651E-04  0.73654942589160E-04  0.31854213169574E-03
 -0.10805296915679E-04 -0.34739488259459E-04  0.13538238242638E-02
 -0.62631601118915E-04  0.29566140664351E-04  0.13268748549221E-02
 -0.19641318134145E-04 -0.17344876068519E-04  0.15928770300303E-03
 -0.17342677575830E-04 -0.44865931179052E-04  0.13470916151229E-02
 -0.41084340589045E-04 -0.17977165318754E-04  0.17635635066494E-03
  0.30910268800767E-04  0.63213807854963E-04  0.33972662191794E-03
 -0.21455449342543E-04 -0.53630108444744E-04  0.13383283799224E-02
 -0.49862023206599E-04  0.25811604770093E-04  0.13256566890965E-02
 -0.70676915204316E-04 -0.17499930504638E-04  0.21752729430059E-03
 -0.22381415777500E-04 -0.58685929368560E-04  0.13303650797111E-02
 -0.56613900534503E-05 -0.16525704001939E-04  0.15425466861379E-03
 -0.78603066538066E-04  0.29817026761717E-04  0.13248425753809E-02
  0.39240355242892E-04 -0.19267185987089E-04  0.18388643611418E-03
 -0.25193116467231E-04  0.53898186730190E-04  0.23153880879477E-03
  0.15013289108261E-04 -0.36525660362908E-05  0.12373880240132E-02
  0.32962772990132E-04 -0.10855146723829E-04  0.30830797804678E-03
 -0.67472414588496E-04  0.54531763229191E-04  0.35658400480014E-03
  0.35355815659418E-04  0.84218258622171E-05  0.12438866856370E-02
  0.10120291030415E-03  0.14834421220271E-04  0.36415881261558E-03
 -0.45174184312570E-04  0.39535557437833E-04  0.13091855211285E-02
  0.51265715263428E-04  0.20311923858103E-04  0.12566609333967E-02
  0.16051425915227E-03  0.34805428551604E-04  0.42977976063354E-03
 -0.10371358805122E-03  0.50003369149764E-04  0.33114800759888E-03
  0.64362278493711E-04  0.28914958506644E-04  0.12735280879355E-02
  0.17216890407559E-03  0.30623550403472E-04  0.43534772039676E-03
 -0.60615614792636E-04  0.34475698285344E-04  0.13102106551687E-02
  0.71492076372137E-04  0.34607866583744E-04  0.12898374715694E-02
  0.14190393401776E-03  0.12021527007645E-04  0.37509953947270E-03
 -0.90738681873518E-04  0.46123307620717E-04  0.27731183710280E-03
  0.73231205414030E-04  0.36759284351589E-04  0.13054980779517E-02
  0.10290571326869E-03 -0.42178267717812E-05  0.29985136390111E-03
 -0.71883376762938E-04  0.30294880152622E-04  0.13140790897884E-02
  0.70481748671204E-04  0.37152538973603E-04  0.13195874376854E-02
 -0.48741671362844E-05  0.21462801927759E-04  0.16853041498831E-03
 -0.56186549752307E-04  0.46475531918124E-04  0.23520055555223E-03
 -0.76912247941473E-04  0.29458146195936E-04  0.13201649768577E-02
  0.64256297154460E-04  0.34174119902120E-04  0.13309505432194E-02
  0.51954337789429E-04 -0.17333011482586E-04  0.20559312761265E-03
  0.55018729316099E-04  0.28159710057003E-04  0.13393833321364E-02
  0.47283529478879E-04  0.43559140416358E-04  0.34800622242454E-03
 -0.45015407944338E-04  0.94653968823385E-05  0.34912925990490E-03
 -0.20919320984624E-04 -0.25583392128946E-04  0.13244116441287E-02
 -0.92288606724780E-04  0.57458675148814E-06  0.33664083931548E-03
  0.67111821437365E-04  0.68775578572137E-04  0.30952923206580E-03
  0.41793535219056E-04  0.49156581631667E-04  0.21613485076138E-03
  0.32769198691393E-04  0.28047977136867E-04  0.13268226595879E-02
  0.91970540140043E-05  0.26417168277027E-04  0.13427337883946E-02
  0.29111871661450E-04  0.39484167686051E-04  0.19411298921839E-03
 -0.51383853164763E-05  0.21269358355772E-04  0.13476010391741E-02
  0.74167574086402E-04  0.55191098977648E-04  0.33335127604124E-03
  0.17531350124419E-04  0.30155896420996E-04  0.17851188734147E-03
  0.45957374708982E-04  0.21282898197968E-04  0.13219204827011E-02
 -0.17843462455283E-04  0.16229640588712E-04  0.13516243798725E-02
  0.79468078134329E-05  0.21249145005960E-04  0.16750404968325E-03
  0.22561061296053E-04  0.30959302892728E-04  0.13374900622579E-02
 -0.71835234578220E-04  0.27688452959846E-04  0.34731113326756E-03
 -0.20329429439867E-05  0.13124005329357E-04  0.16090276124759E-03
 -0.43766345584369E-04  0.15399528581188E-04  0.13206639130940E-02
 -0.36320665807903E-04  0.35760607358561E-05  0.13526834202330E-02
 -0.14507334867832E-04  0.56952647071982E-05  0.15850765534061E-03
 -0.10347921587251E-03  0.20260000616893E-04  0.31420705291918E-03
 -0.42972789138224E-04 -0.32501979636855E-05  0.13489898475226E-02
 -0.56891057999689E-04  0.11594427344206E-04  0.13231399548547E-02
 -0.32383164447952E-04 -0.31602565323662E-06  0.16551347464126E-03
 -0.47200787634503E-04 -0.95765612293707E-05  0.13418320526097E-02
 -0.59034975457193E-04 -0.28642509942715E-05  0.19148880234912E-03
 -0.88268635949975E-04  0.15295984330292E-04  0.24915264056472E-03
 -0.28201116871720E-04  0.10766062737927E-04  0.13533711444230E-02
  0.55533484389295E-04  0.57226359635354E-04  0.24390524019012E-03
  0.34812886786791E-04  0.32483931146997E-04  0.13320989173215E-02
  0.18913524663439E-04  0.31824926146222E-04  0.13310540652626E-02
 -0.50700788192235E-04  0.10550150922398E-04  0.13475251740763E-02
 -0.20612059976706E-04  0.11779390092633E-04  0.16474484292584E-03
  0.84699152709657E-05  0.32742848566167E-04  0.18044301266339E-03
 -0.35562236223971E-04  0.21872980299016E-04  0.13472677971900E-02
 -0.55131485647865E-04  0.44906649537782E-05  0.13431125508601E-02
 -0.42793557865914E-04  0.54286613392498E-05  0.17670186446563E-03
  0.20839786423410E-04  0.44061967279026E-04  0.19830268494786E-03
 -0.57153355406211E-04 -0.11124237500158E-06  0.13355576993336E-02
 -0.73346173086619E-04  0.46412392972358E-05  0.21558828304227E-03
 -0.23682220471991E-04  0.25302566180208E-04  0.13434571735177E-02
 -0.55416474685830E-04 -0.23847062559266E-05  0.13282736065013E-02
 -0.10105276850859E-03  0.82621760911523E-05  0.28180949746784E-03
  0.33369380765516E-04  0.55001230571585E-04  0.22251981986041E-03
 -0.45595046061162E-04 -0.43221604079464E-06  0.13238457314779E-02
 -0.93771814130433E-04  0.14356634471291E-04  0.33612647393910E-03
 -0.94759456153042E-05  0.28887725257234E-04  0.13388877734570E-02
  0.67292466289591E-04  0.13756842193089E-04  0.13084665640755E-02
  0.10125644554543E-03  0.41034239599327E-04  0.34591769308953E-03
  0.46060360163463E-04  0.65106553956030E-04  0.25086630347356E-03
  0.58418907257752E-04  0.24726936871619E-04  0.13176941490652E-02
  0.86913368455707E-04  0.57593089880566E-04  0.31384648545129E-03
  0.55030317897177E-05  0.31623809931193E-04  0.13348162110950E-02
  0.47229218834487E-04  0.30887986920000E-04  0.13255801208128E-02
  0.70256477108843E-04  0.61772550656921E-04  0.27762523824093E-03
  0.57703350606185E-04  0.70967213940960E-04  0.28100064320169E-03
 -0.48935540005117E-04 -0.14752161247490E-04  0.13332196709641E-02
 -0.63480737713162E-04  0.10331778677113E-04  0.13282199114844E-02
 -0.89803859804561E-04 -0.68502543370330E-06  0.24744317500775E-03
 -0.44205420495778E-04 -0.15932518206351E-04  0.13271421972436E-02
  0.16592758662570E-04  0.15351444406696E-04  0.16639843513064E-03
 -0.28382810849536E-04  0.30574759188711E-04  0.13347635682529E-02
 -0.39891143754050E-06  0.11250822524747E-04  0.13541197133075E-02
  0.82696416315277E-05  0.96669257379947E-05  0.15965492287901E-03
 -0.12248654105475E-04  0.44623768987025E-05  0.13565876200945E-02
  0.47205034962201E-04  0.74398317810360E-04  0.28791663415833E-03
  0.76434315957519E-06  0.45616002798758E-05  0.15604755739213E-03
 -0.13238585189858E-04  0.30871409702023E-04  0.13317076636488E-02
 -0.21729721204685E-04 -0.30061401226880E-05  0.13564288396319E-02
 -0.92045346977309E-05 -0.20239833375731E-06  0.15573138500318E-03
  0.55817344359812E-04  0.73630645395577E-04  0.31463582454068E-03
 -0.29405363292579E-04 -0.10980426263480E-04  0.13535302929917E-02
 -0.23527354431269E-04 -0.50832030176847E-05  0.15973419034916E-03
  0.21326525943946E-05  0.29181779532108E-04  0.13291402195662E-02
 -0.35481187003185E-04 -0.18958111640114E-04  0.13469430796334E-02
 -0.45144288654966E-04 -0.81803018314884E-05  0.17610885792554E-03
  0.59785849784738E-04  0.62681792353209E-04  0.33458715599433E-03
 -0.39369311478021E-04 -0.25797383067166E-04  0.13379601523562E-02
  0.16428172188449E-04  0.24879873156842E-04  0.13265449769121E-02
 -0.74284434781399E-04 -0.76616758207920E-05  0.21688415287780E-03
 -0.39746925174688E-04 -0.30331662171837E-04  0.13303917392940E-02
 -0.99235566286416E-04 -0.47682472257652E-05  0.28295425178311E-03
  0.59236434943128E-04  0.40723471152934E-04  0.34607829764091E-03
 -0.31816178949580E-04 -0.29359180279912E-04  0.13258502714049E-02
  0.30821924731555E-04  0.17279885925695E-04  0.13240646546922E-02
  0.35786670285784E-04  0.67773960867313E-04  0.25658981798423E-03
 -0.95121940403843E-04 -0.16638721142825E-04  0.28263136682574E-03
  0.12916906028628E-04  0.18257025161742E-04  0.13501581965920E-02
  0.26719749771562E-04  0.24906025850791E-04  0.13452269325152E-02
 -0.10307192219886E-03  0.38907182332679E-05  0.31334951336928E-03
 -0.55846374973444E-04  0.13983787126497E-04  0.19600316976306E-03
 -0.64567605424184E-04  0.12428963647645E-04  0.13354373929368E-02
 -0.33123738451273E-04 -0.12932142653365E-04  0.13241068174017E-02
 -0.72710267126112E-04  0.11550558688685E-04  0.34773555737471E-03
 -0.28143264859485E-04  0.19652937940670E-04  0.17664532521049E-03
  0.73035086055899E-04  0.53113391041670E-05  0.12836119795360E-02
  0.15400986602143E-03  0.11128868528365E-04  0.40946947554930E-03
 -0.62978968527690E-04  0.16733614513861E-04  0.13407818806619E-02
  0.73343213663054E-04  0.17422098414664E-04  0.12973537264010E-02
  0.12995178375572E-03  0.39630228349338E-04  0.35821827080293E-03
 -0.84998142342604E-05  0.30342352494964E-04  0.18070871086117E-03
  0.68164185172205E-04  0.26922705388292E-04  0.13101630542006E-02
  0.10078988250635E-03  0.46978301899467E-04  0.30215314719248E-03
 -0.58549079958849E-04  0.21720280666635E-04  0.13426545646912E-02
  0.59508016419924E-04  0.32886852861623E-04  0.13214316216079E-02
  0.74043349317275E-04  0.43428367534460E-04  0.25280223461410E-03
  0.81246680606311E-05  0.44020068423116E-04  0.19909535013532E-03
  0.49266383156722E-04  0.33509502356523E-04  0.13311111460496E-02
  0.53537408205636E-04  0.37729129024717E-04  0.21524469292463E-03
 -0.51403646901481E-04  0.25863563804760E-04  0.13418302890145E-02
  0.38479233908870E-04  0.30271600592391E-04  0.13391314988103E-02
  0.39558837701948E-04  0.29915377550993E-04  0.19155968405744E-03
  0.22902086939635E-04  0.57225509178573E-04  0.22522947226200E-03
 -0.41523330906406E-04  0.28949188489299E-04  0.13387870478951E-02
  0.27026889336589E-04  0.22619699532528E-04  0.17620429445956E-03
  0.32449715869847E-04  0.43149308625219E-04  0.34956369330142E-03
  0.72395102631298E-04 -0.13274391025687E-04  0.24302231531784E-03
 -0.16105672893981E-04 -0.58230487929753E-04  0.13252233683435E-02
  0.70691627047429E-04  0.42717785157841E-04  0.13159697801296E-02
 -0.78651427736283E-04  0.13979268153884E-03  0.43806951995833E-03
  0.70630434289522E-04 -0.44639470170850E-04  0.32793445482749E-03
 -0.32944693189356E-04  0.48490956150965E-04  0.12707654292790E-02
  0.68390573517111E-04  0.34592528811833E-04  0.13236991575714E-02
  0.63501980621330E-04 -0.60169502412293E-04  0.29640218073059E-03
  0.62492322761732E-04  0.23125922334201E-04  0.13299367486246E-02
 -0.12199869405575E-03  0.13315359613947E-03  0.43868699179205E-03
  0.56843876587851E-04 -0.66220450067965E-04  0.26479247312980E-03
 -0.53320897409988E-04  0.39576863625033E-04  0.12735143252138E-02
  0.54278994930012E-04  0.10702467801691E-04  0.13350619540624E-02
  0.47705107648276E-04 -0.65406826830093E-04  0.23539575960331E-03
 -0.11721379085768E-03  0.11610180267561E-03  0.42297263626600E-03
  0.44074518642734E-04 -0.23984950948072E-05  0.13401792416381E-02
  0.36913694522481E-04 -0.60183509803513E-04  0.20732803924097E-03
 -0.69798953927592E-04  0.30486151851801E-04  0.12798796311803E-02
  0.32473358631338E-04 -0.15889197460997E-04  0.13449756470739E-02
  0.27249375298570E-04 -0.51973757571026E-04  0.18402882773518E-03
 -0.90109232819705E-04  0.83850409469467E-04  0.39546155488188E-03
  0.21239864137922E-04 -0.29305342741466E-04  0.13490453055310E-02
 -0.81779522506452E-04  0.22360411429198E-04  0.12882526422493E-02
  0.18790368816983E-04 -0.43220261355313E-04  0.16801038646839E-03
  0.11617152722675E-04 -0.42044431837767E-04  0.13506610371857E-02
 -0.34398879509056E-04  0.21142490339555E-04  0.13249522043224E-02
  0.73194196795100E-05 -0.37135245209007E-04  0.16043003501650E-03
  0.76509385865297E-04 -0.14123711949689E-04  0.35646430951542E-03
 -0.85252990139197E-04  0.21585474050431E-04  0.13159389943573E-02
 -0.11101392920029E-03  0.10652857865776E-03  0.38332968044250E-03
 -0.68310372040703E-04  0.38691162888278E-04  0.12901695021705E-02
 -0.14825633042704E-04 -0.68536653616772E-04  0.13336594734564E-02
 -0.80788388021755E-04 -0.22806852536614E-04  0.24626152486710E-03
 -0.78480350923441E-04  0.96226819460278E-04  0.35364685676170E-03
 -0.12287430904929E-04 -0.71901381550870E-04  0.13266893191735E-02
 -0.92639929936765E-04 -0.22088477371239E-04  0.31158176562394E-03
 -0.79065636917826E-04  0.32574265366418E-04  0.12969013467129E-02
 -0.25458083746572E-05 -0.71039317754656E-04  0.13225250368347E-02
 -0.63207573132731E-04 -0.15947706050640E-04  0.34821286621421E-03
 -0.46180354835482E-04  0.81747789821065E-04  0.34130741777192E-03
  0.12812379788976E-04  0.38888027564007E-04  0.12503903391794E-02
  0.38746833433823E-04  0.11966604525115E-03  0.40404103057009E-03
 -0.85280407300979E-04  0.27974747189458E-04  0.13045446532372E-02
  0.32184587034381E-04  0.46537570591799E-04  0.12610696312904E-02
  0.83811426127517E-04  0.12371313021217E-03  0.43869482131530E-03
 -0.25319544763407E-04  0.63455388904089E-04  0.34543764555396E-03
  0.48809603974199E-04  0.50626192010970E-04  0.12754670909239E-02
  0.90772236553398E-04  0.87939835847820E-04  0.42649788595707E-03
 -0.87210272874764E-04  0.25161942188570E-04  0.13107575569000E-02
  0.61740782763197E-04  0.49839053795646E-04  0.12912999829243E-02
  0.82917264042596E-04  0.32350511120211E-04  0.38844851404639E-03
 -0.13740792786615E-04  0.40967130500811E-04  0.35085415828195E-03
  0.68645241225412E-04  0.46953755970516E-04  0.13055140906314E-02
 -0.51066815537307E-04 -0.23386593177468E-04  0.19197718867125E-03
 -0.64590581007949E-04  0.47108276875925E-04  0.37346116614460E-03
 -0.87609290908166E-04  0.18033247815625E-04  0.12977883478834E-02
  0.46640222658232E-04  0.58329990894138E-04  0.12896644845521E-02
  0.44328919042702E-04  0.86210593027119E-04  0.38682993180722E-03
  0.57755380134482E-04  0.54993009187104E-04  0.13021204175278E-02
 -0.27070458539434E-04  0.94724900378775E-04  0.36929791846645E-03
  0.40799629646112E-04  0.33528158407294E-04  0.36388106901874E-03
 -0.96576983564046E-05  0.28448698011612E-04  0.12453042223538E-02
  0.63687455365061E-04  0.49909156833022E-04  0.13114480955712E-02
  0.45043779495065E-04 -0.10828049665851E-04  0.35551353113393E-03
  0.65080155621456E-04  0.41333145706288E-04  0.13184134283321E-02
 -0.89047923922918E-04  0.74337818588599E-04  0.37855883467580E-03
  0.50707752812579E-04 -0.44709789511422E-04  0.34479754893148E-03
 -0.32359579479896E-04  0.18657708121748E-04  0.12468654418485E-02
  0.62661277536225E-04  0.28689650553933E-04  0.13238432884287E-02
  0.55331593697952E-04 -0.67307037618298E-04  0.32633645892411E-03
 -0.13794310088107E-03  0.46047361250584E-04  0.41583919152806E-03
  0.57345766378264E-04  0.14536358424769E-04  0.13279318730552E-02
  0.55953155493762E-04 -0.80427251555710E-04  0.30217098284917E-03
 -0.53056220614063E-04  0.76499186791068E-05  0.12550231392362E-02
  0.50345400636782E-04 -0.15902344219551E-07  0.13317093217177E-02
  0.50881292439147E-04 -0.83829964967157E-04  0.27189115145871E-03
 -0.25958250571320E-04  0.26769211504075E-04  0.31369250541895E-03
  0.41438364722534E-04 -0.14820411757651E-04  0.13356620331562E-02
 -0.90928076309039E-05  0.75858329344083E-05  0.12378913529665E-02
 -0.82510189697404E-04  0.84402347555037E-05  0.12818853658076E-02
  0.38146531849898E-05 -0.55130763484451E-04  0.13491947016291E-02
 -0.11754994258492E-03  0.27220442421872E-04  0.41036442840759E-03
  0.29917431899653E-04  0.58134099306815E-04  0.12763916568413E-02
 -0.83639063290125E-05 -0.33113676038225E-04  0.16064080934908E-03
 -0.28973730862298E-05 -0.66331581149634E-04  0.13441532915815E-02
 -0.30167218204915E-04 -0.31024784646008E-04  0.17426587424685E-03
 -0.46166158359843E-04  0.15241954864551E-04  0.35735140825481E-03
 -0.88760291119617E-04  0.14005032280951E-04  0.13070763058920E-02
 -0.68973248409410E-05 -0.74965173502599E-04  0.13363160664748E-02
 -0.59506410570730E-04 -0.29774922687303E-04  0.21281839801037E-03
 -0.89637922274437E-04  0.12989219141067E-03  0.42589571607837E-03
 -0.72323924597893E-05 -0.81486172377426E-04  0.13282256998003E-02
 -0.84170580429352E-04 -0.30085722506436E-04  0.27688133164794E-03
 -0.31997577689662E-04  0.35955959093311E-04  0.12572175351151E-02
 -0.61329633109012E-06 -0.83494178602797E-04  0.13226662890574E-02
 -0.77376604106409E-04 -0.27917926906233E-04  0.33321018295852E-03
 -0.12934673744836E-03  0.11114185848276E-03  0.43690227599318E-03
  0.10563982622723E-04 -0.81065714267527E-04  0.13203755098886E-02
 -0.31613660923474E-04 -0.19429388556340E-04  0.34889717629051E-03
 -0.54025710890159E-04  0.25337723976267E-04  0.12622637741497E-02
 -0.10366193008140E-04  0.45244528498425E-04  0.12579219940398E-02
 -0.21233714438633E-04  0.14465295127499E-03  0.42921605952820E-03
 -0.13384884163643E-03  0.74690695860225E-04  0.43454573217723E-03
  0.10657701692607E-04  0.53402082867967E-04  0.12652433420723E-02
  0.38243429632104E-04  0.15368677832410E-03  0.44347752893887E-03
 -0.70953297424653E-04  0.16168574701872E-04  0.12710708110149E-02
  0.53814178203863E-04  0.13325964962905E-03  0.42702438790804E-03
 -0.12299814874696E-04 -0.61473689876391E-04  0.13422201205688E-02
 -0.44022922988201E-04  0.16494652781654E-04  0.13488249181288E-02
  0.10043843978302E-03  0.76002397214667E-04  0.40200932416892E-03
 -0.81244619038041E-04  0.29387960920240E-04  0.13204121795688E-02
  0.49826581461878E-04  0.38221325817134E-04  0.12641521943002E-02
  0.45131266853957E-04  0.86763089094698E-05  0.13438812331991E-02
  0.32706685908521E-04 -0.40423224505844E-04  0.18388780075022E-03
 -0.66134013070435E-04  0.39276647977821E-04  0.13009066152571E-02
  0.73077866749029E-04  0.40238224717609E-04  0.13120404428955E-02
  0.13740265192517E-03  0.68687694405009E-04  0.43981293756646E-03
  0.93749696044298E-05  0.61362025828335E-04  0.33886852236904E-03
  0.22960502431623E-04 -0.36114352311797E-04  0.16964038745337E-03
 -0.75947533581255E-04  0.26512266000987E-04  0.13221773155887E-02
  0.33554526014092E-04  0.29977789391033E-04  0.12498793785061E-02
 -0.10882957798493E-03  0.74721665551502E-04  0.34249689786597E-03
  0.35577671613208E-04  0.52809132778778E-04  0.33722017002350E-03
  0.20271924125631E-04 -0.16152842414245E-04  0.13531881204599E-02
  0.32400784659384E-04 -0.39149575828359E-05  0.13490987763217E-02
  0.42558062657432E-04 -0.43325324977523E-04  0.20319681675006E-03
 -0.85855787888381E-06  0.72197904004775E-04  0.31789126618898E-03
 -0.81264400672925E-04  0.72445866474993E-04  0.30055042525359E-03
  0.86775681292270E-04 -0.30724670311737E-04  0.30640049112264E-03
 -0.45233943383343E-04  0.72426629382505E-04  0.28186280847275E-03
  0.10953240204594E-03 -0.69023129129318E-05  0.35854671144067E-03
  0.70989259560301E-04  0.37270148028499E-04  0.13229114222213E-02
 -0.24692487863460E-04 -0.24327264136018E-04  0.16492500328773E-03
 -0.17759779650844E-04  0.74226014214810E-04  0.29360623959602E-03
  0.67128948238339E-04 -0.41639340769758E-04  0.26328292913765E-03
  0.70555767757515E-04  0.41987296420262E-04  0.12974395720676E-02
 -0.83474047488554E-04  0.31063788816533E-04  0.13172406580815E-02
  0.64642338488087E-04  0.30596368563654E-04  0.13312854211112E-02
 -0.76287061845021E-04  0.35047132387638E-04  0.13060013924870E-02
  0.53142558842434E-04 -0.44165665986806E-04  0.22848295748829E-03
  0.13223348990073E-03  0.30879303300610E-04  0.41437899293968E-03
  0.62802767282644E-04  0.42075958078280E-04  0.12806895391555E-02
  0.55888831402341E-04  0.20663606220834E-04  0.13379314557087E-02
  0.14668067656349E-04 -0.30792687651438E-04  0.15987847728807E-03
  0.13724287586405E-04  0.19395917075658E-04  0.12407884709941E-02
 -0.81975385933471E-04  0.32424449008825E-04  0.13123912505845E-02
 -0.91057897101083E-04  0.76824158551228E-04  0.37165954704931E-03
 -0.53061174761322E-05 -0.55195116341144E-04  0.13231187260367E-02
 -0.39938725992298E-04 -0.32479742401275E-05  0.34974970316531E-03
 -0.66900742195741E-05 -0.51522467647229E-04  0.13496406565163E-02
 -0.49977624519117E-04  0.45015076978095E-04  0.12984464567679E-02
 -0.11024769244462E-03  0.11000904802643E-03  0.40551840307350E-03
 -0.87323211257559E-04 -0.12317978904640E-04  0.33651960064017E-03
  0.57760421333107E-05 -0.26855228467945E-04  0.15548325820466E-03
 -0.52768884457404E-04  0.45935544357555E-04  0.12859839649402E-02
 -0.66045371356953E-04  0.21960592957662E-04  0.13227223912497E-02
  0.94119338458502E-05 -0.27540839699472E-04  0.13550564393628E-02
 -0.68577057998377E-05 -0.24932210146378E-04  0.15636468906607E-03
  0.13813682039328E-04  0.42052634664388E-04  0.34910660769818E-03
  0.92572945045953E-06 -0.39600289410485E-04  0.13538914918351E-02
 -0.78535589568288E-05  0.29345048714101E-04  0.12377363070344E-02
  0.92302710999940E-04 -0.31165281291481E-04  0.11187552681742E-02
 -0.13744225362846E-04  0.10164552077156E-03  0.11442355305994E-02
 -0.69796375813167E-04  0.34685765039184E-04  0.12126665118376E-02
 -0.10936303592705E-04  0.55354750255275E-04  0.12037323910906E-02
  0.10058723675209E-03 -0.51013867410671E-04  0.11623864249385E-02
 -0.98628155183113E-04  0.38457993327733E-04  0.10689162038295E-02
  0.95021625451312E-04  0.12253028182432E-04  0.11900130551227E-02
  0.98647116204234E-04  0.15539269500243E-04  0.12117271104370E-02
 -0.28928656896202E-04  0.45964005953120E-04  0.94323037299312E-03
  0.10928864838988E-03 -0.33311531470318E-04  0.11875756846665E-02
  0.83177450177495E-04 -0.25631212219288E-04  0.11440991860236E-02
  0.11950956779912E-04 -0.68440120180291E-05  0.12595515222926E-02
  0.58297029532324E-04 -0.55141468330716E-04  0.12203401887061E-02
  0.87854123047076E-04  0.13174974959501E-04  0.12349238679213E-02
 -0.62974304214818E-04 -0.40390255951259E-04  0.11816727991722E-02
 -0.18210320644998E-04  0.31375228542631E-04  0.12442387019998E-02
  0.89297371657142E-04 -0.47633481556964E-04  0.10628806791125E-02
 -0.69183761939767E-04  0.48567585029128E-04  0.12117221104688E-02
 -0.41699566221634E-04  0.44375491954586E-04  0.12375285449659E-02
 -0.48264216257152E-04  0.82489229181060E-04  0.10246337757506E-02
  0.47364612450504E-04 -0.58179707397227E-05  0.12566675860835E-02
  0.29180830475536E-04  0.47421907196433E-05  0.12605548873633E-02
  0.33256227132377E-05 -0.61109097353011E-04  0.11896791414844E-02
  0.10854303864683E-03 -0.47403270498240E-04  0.11767719027700E-02
  0.94745524816329E-04 -0.38502979932288E-04  0.10902529975250E-02
 -0.76134523990992E-04 -0.25932780106142E-04  0.11802290456430E-02
  0.20829222902139E-04 -0.63628807873818E-04  0.11990154231893E-02
  0.68154747442131E-04  0.50278191469140E-05  0.12511773457489E-02
 -0.31482251078872E-04  0.49287434583998E-04  0.12242604670843E-02
  0.83190380589019E-04  0.79859845828535E-05  0.10185739431096E-02
 -0.80419550820876E-04  0.53383809910711E-04  0.11849082056585E-02
 -0.30026586200954E-04 -0.24646575989817E-04  0.11823155631626E-02
 -0.75815823799043E-04  0.61120838923475E-04  0.10398596391736E-02
 -0.10382051532834E-03  0.13247820861006E-04  0.10519728763187E-02
  0.70180172329936E-04 -0.19211771310901E-04  0.11643142823081E-02
 -0.15245067277937E-04 -0.54249638357305E-04  0.11828747613154E-02
  0.44119091073413E-04 -0.42537407139115E-05  0.11953952055006E-02
  0.42032522946279E-04 -0.20513716151653E-04  0.95395359636729E-03
 -0.93462941759779E-04 -0.50945672175361E-04  0.12018077663111E-02
 -0.40932034731573E-04 -0.36290010178986E-04  0.12448412796965E-02
  0.93312846597708E-04 -0.12796447092628E-04  0.10705134819591E-02
  0.78435141133161E-04 -0.47516263281067E-04  0.12253603032972E-02
 -0.54020363678687E-04  0.27458913569088E-05  0.11979824703484E-02
 -0.32429856048283E-04 -0.44907120499836E-04  0.11796108579948E-02
 -0.42545307572185E-04 -0.12157394576031E-04  0.11893158469435E-02
  0.15250920087151E-04  0.15138820338452E-04  0.12185870192241E-02
  0.29609667162200E-04  0.51872438704259E-05  0.12072295553091E-02
 -0.56623572095984E-04  0.55318961983371E-04  0.98490012904973E-03
  0.91839097838727E-04 -0.36031811660387E-05  0.11096008830178E-02
 -0.39673623605090E-04  0.87239912168754E-04  0.11523824526083E-02
 -0.61234163820703E-04 -0.44977339856122E-04  0.12344644448311E-02
 -0.78736136139445E-04 -0.51465870058016E-04  0.12209197773188E-02
 -0.26902448279870E-04  0.77920375496290E-04  0.97879674668449E-03
  0.86059465998642E-04 -0.24545635457095E-04  0.10319827445209E-02
 -0.10664491074533E-03 -0.42183488207356E-04  0.11757920713894E-02
  0.10862984617994E-03 -0.32337515572713E-04  0.12061623501937E-02
 -0.38863464590288E-05 -0.17339291021419E-04  0.12572871487560E-02
  0.32743493872046E-04  0.75398638609064E-04  0.11759749462885E-02
  0.66145308057099E-04 -0.73667351765359E-05  0.97738746529588E-03
 -0.64893309252507E-04  0.71631554036067E-04  0.11684292840773E-02
 -0.11102015749325E-03  0.14471804953988E-04  0.11041752651006E-02
 -0.11476077469308E-03 -0.77828157448199E-05  0.10982619455873E-02
 -0.64176706690140E-04  0.18719175093526E-04  0.12065768566838E-02
  0.70295461410666E-04 -0.36761630019998E-04  0.10029762327261E-02
  0.38566421019356E-04 -0.61215185501293E-04  0.12097534684133E-02
  0.33949007534158E-05  0.23747047863821E-04  0.12283648417501E-02
 -0.46574099675909E-04 -0.33624873059700E-04  0.11797100971957E-02
 -0.11497629298490E-03 -0.27649890956978E-04  0.11411693486713E-02
  0.57247545806734E-04 -0.12756839936106E-04  0.11808792512211E-02
  0.96511956166850E-04 -0.38249145804359E-04  0.12208894747393E-02
 -0.20965354929466E-04 -0.27378940466645E-04  0.12521825573516E-02
 -0.82918639049644E-04  0.34306649495993E-04  0.10112319321749E-02
  0.12816360155454E-04  0.65138311427306E-04  0.11853601539962E-02
 -0.36221916246373E-04  0.97237048055857E-05  0.12078755120928E-02
 -0.24983250215606E-04 -0.49112858939835E-04  0.12352711174082E-02
 -0.41279670422243E-04  0.39282808453174E-04  0.12405339800947E-02
 -0.51495427910996E-04  0.52786267028542E-04  0.12231586038601E-02
  0.69984418194285E-04 -0.55312040458257E-04  0.11818769905973E-02
  0.90309166564438E-05 -0.51747156273746E-04  0.12328847958255E-02
 -0.96171348707898E-04  0.12917608725427E-04  0.11748378070825E-02
  0.82184483957818E-04 -0.28175336764436E-04  0.12390145903271E-02
  0.21370578080260E-04 -0.56305103190155E-04  0.11831063932803E-02
  0.26821370815872E-04 -0.42559178039667E-04  0.12414755771603E-02
  0.54256550219174E-04 -0.52862578389693E-04  0.11802758002799E-02
 -0.35493558582606E-04  0.61339102855611E-04  0.12066483220670E-02
 -0.10115164999141E-04 -0.57562702901635E-04  0.12225725106533E-02
  0.45048922647569E-04 -0.29555591124120E-04  0.12485354840900E-02
 -0.87666413105107E-04 -0.78289618233159E-05  0.11789245137279E-02
  0.62326384363942E-04 -0.39185037853133E-04  0.12393921467744E-02
 -0.11587633569925E-04  0.71181226413681E-04  0.11878087140163E-02
  0.38553949638959E-04 -0.47991866130472E-04  0.11785548560950E-02
  0.64815653561692E-04 -0.17533503345325E-04  0.12500012244380E-02
 -0.59124701457853E-04 -0.19502073534552E-04  0.11838457683637E-02
  0.37275272790330E-04 -0.60281145260217E-04  0.11897767853373E-02
  0.42438702519748E-04 -0.50432682855464E-04  0.12316990960123E-02
  0.11864355092231E-04  0.82188827854168E-04  0.11745647280700E-02
  0.43761064159314E-05 -0.29042484757192E-04  0.11824647567977E-02
  0.22205971617379E-04 -0.39867566115702E-04  0.11790435713276E-02
 -0.11748302725001E-04 -0.15856204002596E-04  0.11888037126250E-02
  0.85705177299730E-04 -0.56461030204041E-04  0.11789167087147E-02
 -0.66599419101012E-04  0.79276935075337E-04  0.11263530295555E-02
  0.99892856900545E-04 -0.59860914081267E-04  0.11377661436811E-02
 -0.92396235127883E-04 -0.30134433324332E-04  0.11754505737680E-02
  0.10310443509921E-03 -0.19205724044835E-04  0.11879871907874E-02
 -0.14951911695476E-04 -0.36947753220640E-04  0.11787589274037E-02
 -0.79015934948765E-04 -0.45657715054881E-04  0.11853765817518E-02
 -0.46032276582335E-04  0.22062682140985E-04  0.12180068448442E-02
 -0.24897174104481E-04 -0.24317617627071E-05  0.11971154632099E-02
  0.10404067873565E-03 -0.55844571564152E-04  0.11531873273664E-02
  0.99931422150270E-04 -0.19121542746388E-04  0.12272191147250E-02
 -0.64469913678319E-04 -0.55444939648963E-04  0.11934802421052E-02
  0.10880966419597E-03 -0.16064710616401E-04  0.12068567251722E-02
 -0.53340529305666E-04  0.34160822279401E-04  0.12263971364049E-02
 -0.48677236473698E-04 -0.61014229969483E-04  0.12021627874600E-02
  0.98083771776084E-04 -0.54551738939001E-04  0.11692244694529E-02
 -0.38657816521134E-04  0.97201243786207E-04  0.11138987543793E-02
  0.32193639332672E-05 -0.48568240005039E-04  0.11789432248189E-02
 -0.97256948309506E-04  0.35476904673035E-04  0.11645075444514E-02
 -0.30455908948845E-04 -0.61107127474977E-04  0.12119403363335E-02
 -0.56178351097512E-04  0.44316559868892E-04  0.12293770237283E-02
 -0.87670203044295E-04  0.59149022735761E-04  0.11463621856038E-02
 -0.32619805110114E-04  0.10322856638189E-03  0.10705884248805E-02
  0.10104233616299E-03 -0.12626837472416E-05  0.12225663220200E-02
  0.10358145872308E-04  0.99010327237388E-04  0.11634187438980E-02
 -0.37959509675377E-04  0.74886042652130E-04  0.11831695688509E-02
  0.83433334198406E-04 -0.46375022900057E-04  0.11565949444755E-02
 -0.16975844903666E-04  0.17608323165087E-04  0.12178782001924E-02
 -0.64367885560053E-04 -0.58168972136090E-04  0.12136036331726E-02
 -0.32260047988887E-04 -0.58831339703288E-04  0.11911784300058E-02
  0.90220181319176E-04 -0.53613895601140E-04  0.12031234537981E-02
  0.70119546347775E-04 -0.41795799470986E-04  0.11666787783447E-02
 -0.45878538654429E-04 -0.55120394735882E-04  0.12251329232843E-02
 -0.10744515706168E-03  0.12697227542586E-04  0.11462631818543E-02
 -0.79979983827941E-04 -0.56318537508636E-04  0.12014051050204E-02
 -0.27250156490278E-04  0.25457854958873E-04  0.12284467677606E-02
  0.55000458168777E-04 -0.35894865572150E-04  0.11738092316803E-02
 -0.35900659900391E-04  0.32535788612394E-04  0.12363482677275E-02
 -0.48649902037977E-04 -0.52077344942337E-04  0.11846427389580E-02
 -0.50988871917211E-05 -0.40954480080497E-04  0.12442434659102E-02
 -0.84992185044254E-04  0.35002512569535E-04  0.11932354088959E-02
 -0.10333418183556E-03 -0.10180850573258E-04  0.11632615892409E-02
  0.76462234303550E-04 -0.57054592609914E-04  0.10441400458289E-02
  0.10372780532162E-03 -0.48079502395123E-04  0.11929285386005E-02
  0.11759377678423E-04 -0.30706174772276E-04  0.12503485877177E-02
 -0.59080699419139E-04  0.61811249006077E-04  0.12007231513532E-02
 -0.10270502259096E-03  0.38578521359275E-04  0.11227967293239E-02
 -0.14004872291348E-04 -0.62396121267469E-04  0.11994018873634E-02
 -0.80597824281003E-04  0.15663110470577E-04  0.11935279350684E-02
 -0.70847869876057E-04 -0.33759748946155E-05  0.11890764676907E-02
  0.81851668536641E-04 -0.67050387998198E-04  0.10896003021477E-02
  0.40382450762394E-04 -0.27709629835103E-04  0.11809862599680E-02
  0.10359777408271E-03 -0.12712584507979E-05  0.11999260065411E-02
  0.23197429929495E-04 -0.59225480952402E-04  0.12208346294034E-02
 -0.60672027147015E-04  0.83476730627962E-04  0.10765945143450E-02
  0.93510088119130E-04 -0.63516809815043E-05  0.11832550898701E-02
  0.94685495890415E-04 -0.60140521580659E-04  0.11022258136404E-02
  0.54233868568263E-04 -0.60245377377297E-04  0.11979918526231E-02
  0.24609071700664E-04 -0.18009997681337E-04  0.11890114929185E-02
 -0.12513410483073E-04  0.86969160243258E-04  0.11684833539782E-02
 -0.11364617674120E-03 -0.95391781412036E-05  0.11369499570756E-02
  0.98008744464727E-04 -0.53799862163793E-04  0.11214340108965E-02
  0.82744262841609E-05 -0.67093160534078E-05  0.11980342281981E-02
  0.47438275095724E-05 -0.62743802124062E-04  0.12100011291899E-02
 -0.10704348233795E-03 -0.30273461706692E-04  0.11642689815381E-02
 -0.86844661684401E-04  0.62263451957303E-04  0.10962901062477E-02
  0.72869054379014E-04 -0.58344786753188E-04  0.12040562889262E-02
  0.93585846133414E-04 -0.49381502327483E-04  0.11413389337844E-02
 -0.94128385920725E-04 -0.46652362126750E-04  0.11852264757297E-02
 -0.53075457400064E-05  0.61664367141453E-05  0.12074307502696E-02
  0.28448434987439E-04 -0.18746146857398E-04  0.12546165254461E-02
  0.85367521929176E-04 -0.68818261082126E-05  0.12417339669060E-02
  0.67578155973598E-04  0.54698297980314E-04  0.11805394748689E-02
 -0.26824020830375E-04  0.33556817439507E-04  0.12473956464608E-02
 -0.53725854841538E-04  0.27855725032539E-04  0.11773487003711E-02
  0.37694753837876E-04  0.63613990005772E-04  0.12126702702036E-02
 -0.51306827704628E-04  0.57738752628176E-05  0.11801829954261E-02
  0.43842312098902E-04  0.77985265545737E-04  0.12009109874989E-02
 -0.46159023912142E-04 -0.16825544528401E-04  0.11793076037691E-02
 -0.36112387011194E-04 -0.39929627929946E-04  0.11704858431602E-02
  0.47979741030265E-04  0.91918451690198E-04  0.11856830703238E-02
 -0.18105666936498E-04 -0.60784833214518E-04  0.11516123892242E-02
  0.51677421800515E-04  0.10473282708517E-03  0.11629079051271E-02
  0.66645828300133E-05 -0.74366806464721E-04  0.11281074714813E-02
  0.33966744321570E-04 -0.77413720316915E-04  0.11047720418405E-02
  0.56193973904320E-04  0.11202118926210E-03  0.11292574694968E-02
  0.60500711152046E-04 -0.73736841931227E-04  0.10897022434500E-02
  0.57455793137477E-04  0.11122143988837E-03  0.10836704703730E-02
  0.26155383955316E-04  0.10919455618792E-03  0.11732767266894E-02
 -0.52881428771306E-04  0.48662167634145E-04  0.11753625895845E-02
  0.31670435544092E-04  0.48998884076528E-04  0.12236200163537E-02
 -0.50820540701670E-04  0.68109952258044E-04  0.11772907928406E-02
  0.25115072824378E-04  0.34358638158558E-04  0.12334453320190E-02
  0.84765097286800E-04 -0.65399069075473E-04  0.11290783837813E-02
  0.30748744351162E-04 -0.27555660800097E-04  0.12105921976785E-02
  0.80047119085742E-05  0.11457772397382E-03  0.11498539193362E-02
  0.11413169399354E-04 -0.25725187534692E-04  0.12308781091367E-02
  0.20842891961574E-04  0.12365887877999E-03  0.11680718146507E-02
  0.20920967204382E-04  0.12780583813501E-03  0.11909028756836E-02
  0.13501458741742E-05 -0.17871074003922E-04  0.12441580561265E-02
  0.32050737710885E-04  0.11554283082633E-03  0.11930306250081E-02
  0.80338005156530E-05  0.12740783497125E-03  0.12103738666793E-02
 -0.99635306464946E-05  0.12451030963302E-03  0.12187830977892E-02
 -0.25788711016891E-04  0.11892263667724E-03  0.12157128148905E-02
  0.77043552010523E-05  0.45318649581173E-05  0.12482904477057E-02
 -0.36690296073964E-04  0.11007776766478E-03  0.12069253462754E-02
  0.16362657372201E-04  0.19355381909599E-04  0.12424416553986E-02
 -0.43295375216501E-04  0.99276054814704E-04  0.11954982281951E-02
 -0.47516143670002E-04  0.85158745640397E-04  0.11842677783948E-02
  0.14321617218336E-05 -0.75574761220273E-05  0.12492349986851E-02
  0.61701468767571E-04 -0.70736872475338E-04  0.11335116011386E-02
  0.48645634845740E-04  0.10020926975800E-03  0.10321655085480E-02
  0.28788064157610E-04  0.84345988222561E-04  0.98420612363080E-03
 -0.25086082132701E-04 -0.62350712644946E-04  0.11093146987271E-02
  0.12829714021288E-05 -0.72322536838893E-04  0.10781441337121E-02
  0.12370609098583E-04  0.14621003948849E-04  0.12534139229051E-02
  0.29634803927633E-04 -0.72586222465168E-04  0.10517267440587E-02
  0.23097014059256E-04  0.27151227014252E-04  0.12484343338334E-02
  0.55605364958412E-04 -0.65889367443189E-04  0.10395383149630E-02
  0.30229489302533E-04  0.92614554971731E-04  0.11742659441084E-02
  0.33273653501732E-04  0.38432751971413E-04  0.12413981043521E-02
  0.41297183130620E-04  0.10019330559167E-03  0.11884972787656E-02
  0.42170408590280E-04  0.48345725761172E-04  0.12326704824142E-02
  0.41206755848931E-04  0.10360578767300E-03  0.12092999337771E-02
  0.28561822750059E-04  0.10048693235800E-03  0.12298562814282E-02
  0.51802390375543E-04  0.58276176744409E-04  0.12213902832155E-02
  0.78390376938110E-05  0.95204840920212E-04  0.12431087192616E-02
  0.59565373472731E-04  0.69890974007837E-04  0.12061870954595E-02
  0.34898179842383E-05  0.42434395965557E-05  0.12542798947267E-02
 -0.46474341437424E-04 -0.43688777205875E-04  0.11388988798432E-02
 -0.13191660125257E-05 -0.39253837971206E-05  0.12501644214187E-02
 -0.59612699066116E-04 -0.22556519220492E-04  0.11605856650021E-02
  0.67583724126891E-05  0.11212157751930E-03  0.12303120123593E-02
 -0.13486094551830E-04  0.10800049607703E-03  0.12347116166184E-02
  0.17955593356803E-05  0.66325498843317E-04  0.95150438610422E-03
 -0.30750111254478E-04  0.10190026294028E-03  0.12295557568787E-02
  0.81668657491587E-04  0.54406113703106E-05  0.11785397560323E-02
 -0.44207320361505E-04  0.95157851575032E-04  0.12191634954499E-02
 -0.53377193876562E-04  0.86572276724848E-04  0.12058081490319E-02
  0.24446116975110E-04  0.11573278389260E-03  0.12145946155448E-02
  0.62548810407966E-04 -0.28166484912965E-05  0.11835340303356E-02
  0.40154437220712E-04 -0.10979477315816E-04  0.11994100179192E-02
 -0.64228211286975E-04  0.56692250839206E-04  0.11847541602187E-02
 -0.67809950707362E-04  0.37448725225346E-04  0.11802106550205E-02
  0.17740123331838E-04 -0.13538096702487E-04  0.12208141849120E-02
 -0.68508231432442E-04  0.17525595528393E-04  0.11775031104317E-02
  0.23192280458198E-05 -0.10670965978774E-04  0.12391364644985E-02
 -0.65769708689791E-04 -0.21826259189508E-05  0.11723520371581E-02
 -0.59434071714216E-04  0.73657862455602E-04  0.11931323483638E-02
 -0.13958881768845E-04  0.89791238291663E-04  0.12459293231007E-02
  0.53842116284801E-04 -0.21972672194721E-04  0.11913555610010E-02
  0.75261276670202E-04 -0.13515357628782E-04  0.11804978859624E-02
  0.97899450790826E-05  0.14473799891687E-03  0.11644432374733E-02
  0.39759174621435E-05  0.12051731759123E-03  0.10529070251883E-02
 -0.19492668710736E-06  0.14067673345502E-03  0.11783397608005E-02
 -0.74503692219648E-05  0.12897284669102E-03  0.11819304580678E-02
 -0.20019469872562E-04  0.10391414710091E-03  0.10284820181571E-02
 -0.11365104644856E-04  0.11420106339652E-03  0.11806348445310E-02
  0.86657397257244E-04 -0.25292600464734E-04  0.11791669178457E-02
 -0.13583819805457E-04  0.97686708026958E-04  0.11778338498972E-02
 -0.15384507090071E-04  0.80205645036876E-04  0.11771114971676E-02
  0.64940235242709E-04 -0.33222978564374E-04  0.11842807061245E-02
 -0.17541069118082E-04  0.62371439206854E-04  0.11810032269761E-02
  0.41159708111617E-04 -0.40437906887513E-04  0.11997447394382E-02
 -0.19245435690855E-04  0.42862182714087E-04  0.11891159136663E-02
 -0.19998662820899E-04  0.20604673660253E-04  0.11995522369438E-02
  0.18667418929864E-04 -0.41150184375252E-04  0.12196968642890E-02
  0.19621504818802E-04  0.13408645477042E-03  0.10890704303741E-02
  0.15387813505777E-04  0.14217184006810E-03  0.11393705062864E-02
  0.10042105936840E-04  0.13398579572560E-03  0.11088720425938E-02
  0.22953312417859E-04  0.14168069614103E-03  0.11250138653867E-02
 -0.35370440878952E-05  0.25846299715549E-04  0.12107937985262E-02
  0.20180975818730E-05  0.64783645557821E-04  0.11903863554229E-02
 -0.59053681523276E-05  0.41720297043760E-05  0.12218032840893E-02
 -0.68306331111794E-05 -0.16532251466921E-04  0.12289226021296E-02
  0.39688558278017E-05  0.82596874867661E-04  0.11837648510154E-02
 -0.36947087455886E-05 -0.34716315283331E-04  0.12298393837051E-02
  0.59081477110306E-05  0.99777066875497E-04  0.11799197553155E-02
 -0.18981042464366E-04 -0.34920544458998E-05  0.12089963970518E-02
  0.68389579254433E-05 -0.48174063346739E-04  0.12212120988313E-02
  0.84228311167689E-05  0.11573829432712E-03  0.11754468232977E-02
  0.50685749824845E-04 -0.51322756814918E-04  0.11860676683480E-02
  0.12529158232253E-04  0.13059157634173E-03  0.11675128468549E-02
  0.75351376696149E-04 -0.44598121664248E-04  0.11743587945295E-02
  0.96536116650943E-04 -0.37647429537128E-04  0.11747152049653E-02
  0.18642896250881E-04  0.14074850995678E-03  0.11523014829305E-02
 -0.72350411663068E-05  0.12129584657021E-03  0.10823967303626E-02
  0.26088481251569E-04 -0.54140036184521E-04  0.12042066507742E-02
  0.35106108248307E-04 -0.74061044334205E-04  0.11495525833973E-02
  0.38178650521499E-05 -0.33756273404964E-04  0.12352210273899E-02
 -0.78351204926986E-05 -0.46503968242977E-04  0.12124079954753E-02
  0.30286937245161E-04  0.11289387868662E-03  0.11703279091422E-02
 -0.31531911821011E-04  0.92918171176041E-04  0.11789323650277E-02
  0.34132850959716E-04  0.12567459764193E-03  0.11508281261812E-02
 -0.34031273031662E-04  0.75791599555625E-04  0.11745025238789E-02
 -0.36248848677788E-04  0.57264744502045E-04  0.11757395972336E-02
  0.38118817124367E-04  0.13139990326010E-03  0.11199771640420E-02
 -0.37384461324906E-04  0.36708756781961E-04  0.11814917722085E-02
  0.36597688909177E-04  0.12629706949131E-03  0.10786164331128E-02
 -0.36353297158179E-04  0.13761956971635E-04  0.11890920890768E-02
 -0.32386077198187E-04 -0.10638140112073E-04  0.11948653279624E-02
  0.23924430887275E-04  0.11368905189527E-03  0.10338620918222E-02
 -0.25873343870836E-04 -0.34647481337915E-04  0.11955365947284E-02
  0.13890603501482E-05  0.96911907127911E-04  0.99662319764909E-03
 -0.12950102348606E-04 -0.55552459004397E-04  0.11868752860703E-02
  0.85425601341991E-05 -0.69574220129774E-04  0.11695903413932E-02
 -0.28927077693189E-04  0.10845912018249E-03  0.11870910101981E-02
 -0.24037726960283E-04  0.12146475084894E-03  0.11946993592917E-02
  0.27347021059361E-04  0.98111363547547E-04  0.11832780811399E-02
 -0.15458068191220E-04  0.13237605314392E-03  0.11990705180170E-02
 -0.11191095367926E-05 -0.20882025077813E-04  0.12415552545193E-02
  0.79791148135479E-05 -0.60318131271482E-04  0.12003105316039E-02
  0.78360918397295E-06 -0.57771219042290E-05  0.12400476804208E-02
  0.31406973422077E-04 -0.65557158223313E-04  0.11822014995534E-02
  0.57889500113596E-04 -0.62624265059938E-04  0.11651042351657E-02
  0.61330382957863E-05  0.11708109765722E-04  0.12333018711080E-02
  0.82224421910322E-04 -0.56691798801295E-04  0.11573848902042E-02
 -0.15603596008644E-04 -0.26580587714118E-04  0.12143912663499E-02
  0.12462966049929E-04  0.30043370480116E-04  0.12226415875241E-02
  0.71167752968358E-05  0.12723881494369E-03  0.11310504263561E-02
  0.17750451395485E-04  0.47913358004193E-04  0.12116306897453E-02
  0.15875753591432E-04  0.13504988676962E-03  0.11558916653303E-02
  0.20935259469006E-04  0.65683440001357E-04  0.12014534289589E-02
  0.11372538756661E-04  0.13841202831749E-03  0.11799652269700E-02
 -0.22128885352603E-05  0.13774286007185E-03  0.11958628413952E-02
  0.24026760025469E-04  0.82377884448790E-04  0.11923705859183E-02
 -0.12690476983788E-04  0.11349914358591E-03  0.11148788021521E-02
 -0.32754296776175E-04  0.83141385092571E-04  0.12407585360476E-02
  0.65337226723586E-04  0.80579408704446E-04  0.11828907237100E-02
 -0.47611677482748E-04  0.77058697897289E-04  0.12305527530973E-02
 -0.40619919165129E-04  0.11812874210180E-04  0.12546007036300E-02
  0.91778843277983E-04  0.20498191795106E-04  0.10674764014890E-02
 -0.59144025842654E-04  0.27825167124320E-05  0.12474715474067E-02
 -0.76146014479248E-04 -0.93741838170578E-05  0.12376967906165E-02
  0.51417525623253E-04  0.47063668510464E-04  0.11771346577810E-02
 -0.89831865238551E-04 -0.19828918163507E-04  0.12237607207079E-02
  0.31030022511639E-04  0.37498502525356E-04  0.11887598795680E-02
 -0.10058928493477E-03 -0.26486237657231E-04  0.12012215250627E-02
 -0.10797343196477E-03 -0.29790376602143E-04  0.11675082793743E-02
  0.87720349319151E-05  0.28806175425240E-04  0.12080602271465E-02
 -0.10884452397526E-03 -0.29890074219421E-04  0.11213360967243E-02
 -0.10862015491410E-04  0.25083547437693E-04  0.12297379544342E-02
 -0.99058158563237E-04 -0.26046137338377E-04  0.10649959022252E-02
 -0.81038972212134E-04 -0.17029152874430E-04  0.10072763931718E-02
 -0.20670995595581E-04  0.25249906976405E-04  0.12446892376581E-02
  0.90425770980893E-04  0.29879653185474E-04  0.11149660951016E-02
 -0.24001941349427E-04  0.18850587651450E-04  0.12601763911538E-02
 -0.79975468929493E-05  0.27460168680024E-04  0.12620922984694E-02
  0.82977157188894E-04  0.33645786763678E-04  0.11567945930262E-02
 -0.74721112996920E-04 -0.34526731012565E-04  0.10311284313995E-02
  0.15463822300305E-04  0.31083929895386E-04  0.12525301038401E-02
 -0.50836750390502E-04 -0.30981530743402E-04  0.97876177888236E-03
 -0.21630855694206E-04 -0.19992328730390E-04  0.94147195876573E-03
  0.27326331623962E-04  0.35359257084904E-04  0.12477091143471E-02
  0.89541588017806E-05 -0.37918463639654E-05  0.92726366338115E-03
  0.38607355137388E-04  0.36948975456776E-04  0.12409883484449E-02
 -0.55825638048549E-04 -0.51617147698619E-05  0.95877496098291E-03
 -0.35625876811811E-06  0.45950119661032E-04  0.11995474129134E-02
  0.51313562196768E-04  0.36275414285579E-04  0.12300710072795E-02
  0.70945247546641E-04  0.61708351469128E-04  0.12206526080565E-02
  0.63905125312837E-04  0.35179193641337E-04  0.12140835364702E-02
  0.53083526097675E-04  0.57165222219784E-04  0.12422237276248E-02
  0.30779657971474E-04  0.48454960873484E-04  0.12558142238485E-02
  0.74137257406072E-04  0.34454323202413E-04  0.11896753803851E-02
  0.99358821282179E-05  0.38404394031659E-04  0.12613480108060E-02
  0.75767490023332E-04  0.60172001870541E-04  0.11978681234681E-02
  0.32275833550135E-05  0.25510788446090E-04  0.12553206728539E-02
 -0.19595786872835E-04  0.27157058221552E-04  0.12515472152693E-02
  0.81567540116525E-04  0.42568177902720E-04  0.11883127225979E-02
  0.83186836451967E-04  0.30119599357070E-05  0.11449386617588E-02
 -0.11285048459166E-03 -0.34912537767922E-04  0.11536201430978E-02
  0.32265303561240E-04  0.57004265775097E-04  0.11810226027809E-02
 -0.11306475917095E-03 -0.23977641983939E-04  0.11058866957983E-02
 -0.10362680933018E-03 -0.95406919488600E-05  0.10515468509162E-02
  0.11295524213726E-04  0.46726856112218E-04  0.11965950712601E-02
 -0.84512852614997E-04  0.67464095139644E-05  0.99968141174284E-03
 -0.11177613691000E-04  0.39519054796502E-04  0.12176821908565E-02
 -0.58810566465469E-04  0.24691176663202E-04  0.96067414781839E-03
  0.83350100830587E-04  0.23854954924598E-04  0.11816645354573E-02
 -0.27039433848594E-04  0.36556010008595E-04  0.12366128063667E-02
  0.91817900962968E-04  0.29891406970874E-04  0.11991730142253E-02
 -0.31075186399714E-04  0.35474810397210E-04  0.12459079900918E-02
  0.87277862257608E-04  0.31078425017175E-04  0.12227010092564E-02
  0.70455541438680E-04  0.25921623286083E-04  0.12444462078297E-02
 -0.10412272861373E-03 -0.40056313820928E-04  0.11903960286376E-02
 -0.91759538903042E-04 -0.39947524938598E-04  0.12172646445396E-02
  0.72594285460028E-04  0.78515713991505E-05  0.11739655660259E-02
 -0.76343983313402E-04 -0.33486936595194E-04  0.12350033097274E-02
 -0.11699743030036E-04  0.28805712937431E-04  0.12523368844894E-02
  0.83760704525719E-04  0.46786587821208E-04  0.12095189670912E-02
 -0.24862775763910E-06  0.30925260441029E-04  0.12500935511171E-02
  0.72027357906730E-04  0.45555166873163E-04  0.12329973038342E-02
  0.51077606608044E-04  0.37434059664324E-04  0.12513052986930E-02
  0.11421075584477E-04  0.31879064766117E-04  0.12444523788010E-02
  0.29592067087305E-04  0.27382139186384E-04  0.12604360814042E-02
 -0.26392872131191E-04  0.12368302947028E-04  0.92967931384893E-03
  0.22625109528151E-04  0.29859756762904E-04  0.12370739991913E-02
 -0.51351332564432E-05  0.56757560849782E-05  0.12622078940817E-02
  0.34996479816331E-04  0.25325862431999E-04  0.12272314347102E-02
 -0.21373803717600E-04 -0.35357738810867E-05  0.12593827251496E-02
  0.49009616383659E-04  0.18939262855393E-04  0.12142833724635E-02
 -0.39700571869359E-04 -0.11968959145291E-04  0.12543668010322E-02
 -0.58881299136248E-04 -0.22504783115171E-04  0.12469368603294E-02
  0.61557765828245E-04  0.12749041298952E-04  0.11970908526712E-02
  0.11130267451709E-04  0.16090407710175E-04  0.12625969554602E-02
 -0.92961290138871E-04 -0.33027203299022E-04  0.10879396163025E-02
 -0.10152640169023E-03 -0.26875643988892E-04  0.11387744981595E-02
 -0.72504047488121E-05  0.20408954538163E-04  0.12548935008274E-02
  0.23064804912831E-04  0.96516772634287E-06  0.12087731541088E-02
  0.47555709774126E-04  0.84122745897149E-04  0.11818384049372E-02
  0.54645574420565E-04  0.89400180356959E-04  0.11991992385945E-02
  0.29097466919497E-05 -0.37345641484747E-06  0.12307714974905E-02
  0.49204994966909E-04  0.89723816362979E-04  0.12208659140155E-02
 -0.59176958323968E-05  0.28252316978811E-05  0.12461300787823E-02
  0.31515908072863E-04  0.84448596430883E-04  0.12405169388167E-02
  0.85093714154478E-05  0.78216533267185E-04  0.12517281285023E-02
 -0.39069030820968E-05  0.86818481038845E-05  0.12536737962719E-02
 -0.12928545545710E-04  0.70627231665792E-04  0.12537485373859E-02
  0.39676019455844E-05  0.15630372425165E-04  0.12561624437793E-02
 -0.31004082418546E-04  0.62647624510254E-04  0.12495626507923E-02
 -0.46273908206916E-04  0.56000780615922E-04  0.12407896225839E-02
  0.15112847397268E-04  0.24483242610230E-04  0.12550681418203E-02
 -0.60015791213498E-04  0.48397936141337E-04  0.12292955147425E-02
  0.48426647781468E-04 -0.47536248896374E-04  0.99048392160560E-03
  0.46426657252772E-04  0.78208845742493E-05  0.11893127459751E-02
  0.22004035867592E-04 -0.58236873499973E-04  0.99793605954460E-03
 -0.65357735946098E-05 -0.63033534492073E-04  0.10247633107430E-02
  0.71440027493239E-04  0.88145443885289E-04  0.11492231715712E-02
 -0.58561620988277E-04  0.69106426875979E-04  0.12172245756018E-02
 -0.67993513797519E-04  0.57271141132694E-04  0.12053171598677E-02
  0.76008794083759E-04  0.88637196105392E-04  0.11039209049222E-02
 -0.76070432989007E-04  0.41451034042269E-04  0.11963954332629E-02
  0.71859197035048E-04  0.81481147941892E-04  0.10499561761149E-02
 -0.81086672108447E-04  0.23914955688692E-04  0.11886739502917E-02
  0.27256953774961E-04  0.33541388490870E-04  0.12504746269319E-02
 -0.81818559950802E-04  0.61128196188024E-05  0.11792628776113E-02
 -0.79543737016097E-04 -0.10892110764282E-04  0.11637721938475E-02
  0.33961039017103E-04  0.50194693173505E-04  0.95010529384998E-03
 -0.72305348398558E-04 -0.28579537430564E-04  0.11389298544728E-02
 -0.56909774532029E-04 -0.45373066059873E-04  0.11033235869562E-02
  0.51927044545732E-05  0.31833740217866E-04  0.92649106225263E-03
 -0.34060899649935E-04 -0.58432397515404E-04  0.10628165790740E-02
  0.67043812703516E-04  0.16068814327992E-04  0.11783592193349E-02
  0.57138109967682E-04  0.66506971458780E-04  0.99494401031343E-03
 -0.73345929089455E-04  0.37396403190679E-04  0.12189866072021E-02
 -0.84349583317646E-04  0.23679030689113E-04  0.12088199011429E-02
  0.38102190332279E-04  0.39950938329955E-04  0.12448709707293E-02
  0.31251744362071E-04  0.66940291832144E-04  0.12490014713077E-02
  0.69318989140684E-04  0.35506960451095E-04  0.11769652754442E-02
  0.90143367325677E-05  0.59390645159551E-04  0.12574843383075E-02
 -0.10344574375048E-04  0.49491905123993E-04  0.12589403551258E-02
  0.50182552492665E-04  0.27432843652472E-04  0.11817163707003E-02
 -0.27350099779600E-04  0.40973117017455E-04  0.12563941991883E-02
  0.28133718718182E-04  0.18711075468530E-04  0.11977202453102E-02
  0.62480845027603E-04  0.29451219325920E-04  0.97459754495283E-03
 -0.43019673455321E-04  0.34249296271045E-04  0.12495013665769E-02
  0.58973181016908E-05  0.13242522576896E-04  0.12196172469218E-02
 -0.75713388846929E-04  0.15292905088110E-04  0.12306518467596E-02
 -0.87722208149204E-05  0.12796164762620E-04  0.12393147358162E-02
 -0.88673243295237E-04  0.31415170806377E-05  0.12192662248688E-02
 -0.96659292797870E-04 -0.85953562958390E-05  0.12030621459875E-02
 -0.12361964431370E-04  0.15920781207504E-04  0.12504654783996E-02
 -0.10133743662126E-03 -0.18533024168535E-04  0.11770012532157E-02
 -0.59472213170428E-04  0.26497905277835E-04  0.12404123567602E-02
  0.48961172056879E-04  0.16079546554161E-04  0.12570665434642E-02
  0.52942296678590E-04  0.73942991696645E-04  0.12315871294514E-02
  0.79499218092109E-04  0.45325334161002E-04  0.10257067959676E-02
 -0.91008971336846E-04  0.88641707293529E-05  0.11973150804473E-02
  0.49512517766416E-04  0.44936694413617E-04  0.12362577004898E-02
 -0.92910068328331E-04 -0.61281061275454E-05  0.11801722073435E-02
 -0.91625681578247E-04 -0.19583990880737E-04  0.11534889992356E-02
  0.60599201601792E-04  0.50040649844585E-04  0.12231884362428E-02
 -0.83430392848181E-04 -0.32789035165033E-04  0.11142865525041E-02
  0.69637723757396E-04  0.56035038145515E-04  0.12026808942028E-02
  0.64882677528131E-04  0.76096426188591E-04  0.12092332185317E-02
 -0.66873152860581E-04 -0.43300888513149E-04  0.10657526786038E-02
  0.77928466893530E-04  0.60863073312123E-04  0.11720505559612E-02
 -0.14863697909197E-04 -0.45871607756015E-04  0.97568185243420E-03
  0.85377967941299E-04  0.62238502725639E-04  0.11310354104786E-02
  0.14785049370903E-04 -0.35538682189944E-04  0.95331905534978E-03
  0.50751945528864E-04  0.65818789283918E-04  0.11772571251689E-02
  0.87119302618436E-04  0.56587965881566E-04  0.10805691416014E-02
  0.62950270658790E-04  0.72910259531636E-04  0.11887303150350E-02
 -0.42670816358407E-04 -0.48799613500615E-04  0.10165631465176E-02
  0.38170829108703E-04  0.13240701050260E-04  0.93891988463165E-03
