{
  "uid_a": "WSe2-1cfbe6183886",
  "uid_b": "MoS2-b3b4685fb6e1",
  "cell_a_original": [
    [
      3.3190066244679373,
      0.0,
      0.0
    ],
    [
      -1.6595033122339686,
      2.874344052118072,
      0.0
    ],
    [
      0.0,
      -0.0,
      1.0
    ]
  ],
  "cell_b_original": [
    [
      3.1840664646845926,
      0.0,
      0.0
    ],
    [
      -1.5920332323422963,
      2.757482445754964,
      0.0
    ],
    [
      0.0,
      0.0,
      1.0
    ]
  ],
  "coeffs_a": [
    [
      25,
      14
    ],
    [
      -14,
      11
    ]
  ],
  "coeffs_b": [
    [
      26,
      15
    ],
    [
      -15,
      11
    ]
  ],
  "twist_angle": 1.1126340372375934,
  "stacking": null,
  "supercell_a": [
    [
      59.742119240422866,
      40.240816729653005,
      0.0
    ],
    [
      -64.72062917712478,
      31.617784573298792,
      0.0
    ],
    [
      0.0,
      0.0,
      1.0
    ]
  ],
  "supercell_b": [
    [
      58.90522959666496,
      41.36223668632446,
      0.0
    ],
    [
      -65.27336252603415,
      30.332306903304605,
      0.0
    ],
    [
      0.0,
      0.0,
      1.0
    ]
  ],
  "final_supercell": [
    [
      72.00192573714124,
      7.476493142725578e-16,
      0.0
    ],
    [
      -36.000961996042925,
      62.35550206135245,
      0.0
    ],
    [
      0.0,
      0.0,
      1.0
    ]
  ],
  "strain_a": [
    [
      -0.00040152954531452734,
      -3.636504616029567e-08
    ],
    [
      -3.636504616029567e-08,
      -0.0004014849643886875
    ]
  ],
  "strain_b": [
    [
      0.0003490705798030458,
      -3.7259022129509065e-08
    ],
    [
      -3.7259022129509065e-08,
      0.00034911236579537874
    ]
  ],
  "maxstrain": 0.04015499078857249
}