  0.10352463917664E-04 -0.26629112075714E-04 -0.15671610588838E-02
 -0.83043734104595E-05  0.20720688464087E-04 -0.15731173262835E-02
 -0.15589614899946E-04  0.21556632788715E-04 -0.15604372091827E-02
 -0.22640846078129E-04  0.11607165010770E-04 -0.15362526909905E-02
 -0.29918639347830E-04 -0.62248110589577E-05 -0.15036072692011E-02
 -0.34346401280331E-04 -0.25209300120848E-04 -0.14715652155914E-02
 -0.38080688172277E-04 -0.43247548980487E-04 -0.14494219139253E-02
 -0.39925082919960E-04 -0.56426789567324E-04 -0.14413761541707E-02
 -0.39033635399662E-04 -0.61652932836144E-04 -0.14472043754060E-02
 -0.37201071725399E-04 -0.61388572513335E-04 -0.14626717859752E-02
 -0.34684328279015E-04 -0.53846840644794E-04 -0.14818297179961E-02
 -0.30081677560202E-04 -0.39249050633287E-04 -0.14983409717990E-02
 -0.25030412772084E-04 -0.20815913056345E-04 -0.15084560501944E-02
 -0.19311210255557E-04 -0.38366535698345E-06 -0.15121186184197E-02
 -0.14027124800860E-04  0.21190700904292E-04 -0.15114562682077E-02
 -0.89476085696806E-05  0.42526921196798E-04 -0.15082520423491E-02
 -0.36260515248329E-05  0.63347400163956E-04 -0.15033305455113E-02
  0.14474151439838E-05  0.82962985271835E-04 -0.14967416441836E-02
  0.70958841716847E-05  0.10119352780660E-03 -0.14877661419385E-02
  0.13645042243314E-04  0.11632694512525E-03 -0.14756666508984E-02
  0.19883985966622E-04  0.12778944130305E-03 -0.14587659000748E-02
  0.25232602086008E-04  0.13386272462009E-03 -0.14347374510766E-02
 -0.15132247509663E-05  0.13743402588633E-04 -0.15770124037712E-02
  0.33804051643526E-05  0.14484191105597E-05 -0.15763806782509E-02
  0.78087461931987E-05 -0.12695353012740E-04 -0.15730232363660E-02
  0.10276862915999E-04 -0.38629946953120E-04 -0.15577101173327E-02
 -0.25529394523172E-05 -0.14563047881570E-04 -0.15117192589654E-02
  0.29782718048849E-05  0.75187018092958E-05 -0.15138262463294E-02
  0.78663933221167E-05  0.28926008604062E-04 -0.15127494990116E-02
  0.11850816359787E-04  0.50323556979200E-04 -0.15093126262092E-02
  0.16158161347726E-04  0.70222879057975E-04 -0.15039423149856E-02
  0.19851647957183E-04  0.88657505682130E-04 -0.14964008752338E-02
  0.22830926206531E-04  0.10426540740793E-03 -0.14857267265313E-02
  0.25813413392760E-04  0.11790398614205E-03 -0.14699792905523E-02
  0.28295282101124E-04  0.12644547977339E-03 -0.14470523454885E-02
  0.29089274292646E-04  0.12894400932129E-03 -0.14144165143074E-02
  0.28668116099204E-04  0.13376476213920E-03 -0.14016557051553E-02
  0.27685686585782E-04  0.12341835669879E-03 -0.13707201766323E-02
  0.19787952808998E-04  0.87429869704545E-04 -0.12650776323364E-02
  0.16544869335257E-04  0.61469374664201E-04 -0.12178263074145E-02
 -0.39343330360490E-04 -0.25363988242899E-04 -0.12416030699228E-02
 -0.31910066700099E-04 -0.36072226290165E-04 -0.12883085038132E-02
 -0.23024910660024E-04 -0.46139605353787E-04 -0.13427350342883E-02
 -0.15786015900470E-04 -0.54835509155239E-04 -0.13980999524838E-02
 -0.89214996164455E-05 -0.58975461144204E-04 -0.14481496477677E-02
 -0.20674563018466E-05 -0.59317591067555E-04 -0.14893917955801E-02
  0.30738138719618E-05 -0.56040317381608E-04 -0.15207055576826E-02
  0.72746564251147E-05 -0.48737940188180E-04 -0.15429560865710E-02
  0.24198237203923E-04  0.10892124011667E-03 -0.13188598979566E-02
 -0.67257212278544E-05 -0.34768583019389E-04 -0.15038824702852E-02
  0.29997168219383E-04  0.12563698971425E-03 -0.13597283086623E-02
 -0.21085469462727E-04 -0.94314978010501E-05 -0.11716300029535E-02
 -0.36246989625745E-04  0.14212503441047E-04 -0.15064827215056E-02
 -0.30149327974607E-04  0.34712683765269E-04 -0.15025117560750E-02
 -0.23726784931655E-04  0.54785257823013E-04 -0.14968563885809E-02
 -0.17514357884261E-04  0.74435252368422E-04 -0.14900105871614E-02
 -0.89980532483299E-05  0.92904540105472E-04 -0.14816437100908E-02
 -0.97393159076054E-06  0.10899811999856E-03 -0.14719863116732E-02
  0.70729490944883E-05  0.12288233591684E-03 -0.14602592732591E-02
  0.15701379407498E-04  0.13234023738526E-03 -0.14449778324585E-02
  0.24096344446346E-04  0.13663091676991E-03 -0.14242896935931E-02
  0.30893572172281E-04  0.13292894440938E-03 -0.13964246254836E-02
 -0.49358987910298E-06  0.28559335655895E-06 -0.11601891111264E-02
  0.62824733655628E-05 -0.19914798976658E-04 -0.11804644267498E-02
  0.15880631310164E-04 -0.37666889590808E-04 -0.12191773125368E-02
  0.28270973012984E-04 -0.53176969963821E-04 -0.12706301532958E-02
  0.38520451932230E-04 -0.65538568089495E-04 -0.13284221569211E-02
  0.45424467663456E-04 -0.74098612387835E-04 -0.13851148900741E-02
  0.49079061030105E-04 -0.77106448039312E-04 -0.14350847792819E-02
  0.47907965234213E-04 -0.74535278116936E-04 -0.14742789966970E-02
  0.41541894421541E-04 -0.67539038258193E-04 -0.15032534828297E-02
  0.31463106455686E-04 -0.56975873214118E-04 -0.15249861956526E-02
  0.21192781725663E-04 -0.44580734165699E-04 -0.15416604729618E-02
 -0.41334827728407E-04 -0.63756821902233E-05 -0.15077460670568E-02
 -0.46433196417600E-04 -0.26039653568959E-04 -0.15036664922589E-02
 -0.52292826642879E-04 -0.41737527575502E-04 -0.14920604355676E-02
 -0.56639316933981E-04 -0.53721918479087E-04 -0.14741050903653E-02
 -0.14645404456953E-04 -0.24921779085371E-04 -0.12009590122424E-02
 -0.62663877369059E-05 -0.38249397561924E-04 -0.12456880550637E-02
  0.44675734241505E-05 -0.50754772046327E-04 -0.13011212127514E-02
  0.12731165948388E-04 -0.61803228295193E-04 -0.13609559234666E-02
  0.19214546965100E-04 -0.69016820261842E-04 -0.14175258468093E-02
  0.22871318483964E-04 -0.70761642521373E-04 -0.14660391416168E-02
  0.22892552543876E-04 -0.67974868107175E-04 -0.15035722626533E-02
  0.21464778098960E-04 -0.61033466805866E-04 -0.15304667706494E-02
  0.17422967266278E-04 -0.51424253778588E-04 -0.15492394193711E-02
  0.11494593620038E-04 -0.38567982035247E-04 -0.15618484647070E-02
  0.29487766952312E-04  0.10751210465268E-03 -0.13122084260661E-02
  0.55840457475912E-05 -0.24326752646694E-04 -0.15702078352232E-02
 -0.10516156552360E-04  0.42861539920047E-05 -0.15772787104183E-02
 -0.20063726611919E-04  0.14373181270930E-04 -0.15752160198102E-02
 -0.29001520601248E-04  0.19567709282057E-04 -0.15663216955269E-02
 -0.38216879799210E-04  0.14621469645476E-04 -0.15466532624196E-02
 -0.46489647975629E-04  0.13164755213903E-05 -0.15165901625926E-02
 -0.51689732974273E-04 -0.17189331998092E-04 -0.14832544699447E-02
 -0.55956127616213E-04 -0.35685605900080E-04 -0.14562533522869E-02
 -0.58347526291365E-04 -0.49749260237582E-04 -0.14422939506228E-02
 -0.59329327976688E-04 -0.58054607581937E-04 -0.14427715274654E-02
 -0.58922270934597E-04 -0.59168650129304E-04 -0.14553130114684E-02
 -0.21462990695227E-05 -0.99139729120722E-05 -0.15752024200952E-02
 -0.12122330616837E-04 -0.51565225335903E-04 -0.14892240912638E-02
 -0.16085618886125E-04 -0.61530180006859E-04 -0.14701512077713E-02
 -0.17926383228248E-04 -0.65085334555622E-04 -0.14522929582957E-02
  0.20007644406527E-04 -0.64510861021028E-04 -0.14394799439081E-02
  0.20625842708828E-04 -0.69978974648245E-04 -0.14491294653416E-02
  0.24572130537141E-04 -0.67312537860071E-04 -0.14671662971692E-02
  0.28588066526238E-04 -0.58941165259454E-04 -0.14868766963190E-02
  0.32846609310972E-04 -0.43821399025107E-04 -0.15020310740765E-02
  0.37701960917299E-04 -0.23703908321032E-04 -0.15094911392711E-02
  0.40956575228501E-04 -0.17727709957706E-05 -0.15096170067710E-02
  0.43868985838894E-04  0.19734252137496E-04 -0.15048743303503E-02
  0.45166135505507E-04  0.40448463021810E-04 -0.14975150624064E-02
  0.45562004855436E-04  0.58955969829108E-04 -0.14886843491396E-02
  0.44405843845734E-04  0.75194240084172E-04 -0.14792603986891E-02
  0.42424365874648E-04  0.89542079793925E-04 -0.14686046654173E-02
  0.38191017408540E-04  0.10043315947813E-03 -0.14552968192014E-02
  0.32847444500011E-04  0.10829868144998E-03 -0.14360962571408E-02
  0.25873073505410E-04  0.10953916618974E-03 -0.14065170979172E-02
  0.16479131576799E-04  0.10293421294793E-03 -0.13638278338749E-02
  0.53763766687885E-05  0.88034421408593E-04 -0.13110028722379E-02
 -0.61422890052603E-05  0.66769639768161E-04 -0.12562307375398E-02
 -0.72600900165420E-04 -0.27952519720384E-04 -0.14153191605421E-02
 -0.60616624380854E-04 -0.26380271642584E-04 -0.14435653481968E-02
 -0.45921111746035E-04 -0.22905261173381E-04 -0.14678682127897E-02
  0.19396597002011E-04 -0.50947978904199E-04 -0.14427207765685E-02
  0.20996697574641E-04 -0.30262159456726E-04 -0.14607731360302E-02
  0.25614391676735E-04 -0.56575202903985E-05 -0.14906584209833E-02
  0.31675325072123E-04  0.19268897188261E-04 -0.15232168127534E-02
  0.57867246193701E-04 -0.19376508564885E-04 -0.15043546268191E-02
  0.58215424273546E-04  0.11546141728459E-05 -0.14988078316346E-02
  0.58536449801707E-04  0.22279630436197E-04 -0.14895676612959E-02
  0.57030097806887E-04  0.41953061530414E-04 -0.14789516167346E-02
  0.54152214351629E-04  0.59700105486378E-04 -0.14689756825765E-02
  0.49617061982891E-04  0.74738915407575E-04 -0.14596772625747E-02
  0.42965972952027E-04  0.87385169890782E-04 -0.14504695232022E-02
  0.34981137139938E-04  0.96613128961381E-04 -0.14389500000262E-02
  0.24769439993669E-04  0.10087335730727E-03 -0.14210581844552E-02
  0.12199060720965E-04  0.97418503343977E-04 -0.13917260407561E-02
 -0.31814044558092E-04 -0.18622489488804E-04 -0.14888353964651E-02
 -0.35352505407171E-05  0.85309437504230E-04 -0.13492207498859E-02
 -0.53316226519903E-04 -0.12668837221281E-05 -0.14596792838668E-02
 -0.37407107820716E-04  0.52949675758412E-05 -0.14731655422035E-02
 -0.22205567686487E-04  0.11629009230955E-04 -0.14870832681423E-02
 -0.65336765047033E-05  0.19074574630394E-04 -0.15017361335613E-02
  0.75086876618930E-05  0.26906152302448E-04 -0.15168875574256E-02
  0.20374057112601E-04  0.34958210751405E-04 -0.15318232324708E-02
  0.29886538064419E-04  0.42299380103731E-04 -0.15451237293444E-02
  0.36111439572686E-04  0.46723653762862E-04 -0.15548782514618E-02
  0.39100146727842E-04  0.46227729671184E-04 -0.15572341055684E-02
  0.36992992441470E-04  0.39000108158640E-04 -0.15472861076225E-02
 -0.69546569151146E-04 -0.81890878391897E-05 -0.14464094815309E-02
 -0.18067093515711E-04 -0.12918802507567E-04 -0.15069161585618E-02
 -0.49517601710050E-05 -0.63683177293000E-05 -0.15225516560363E-02
  0.62481468945853E-05  0.14286714353484E-05 -0.15363384290218E-02
  0.13318267140608E-04  0.90246499763059E-04 -0.12813304599565E-02
  0.48265805682684E-05  0.68334826479609E-04 -0.12274765722710E-02
 -0.67265193078334E-06  0.43767235299313E-04 -0.11855530470451E-02
 -0.59695400912626E-04 -0.32712135740824E-04 -0.13382244766923E-02
 -0.50738450379914E-04 -0.38742488524552E-04 -0.13842712847409E-02
 -0.41974138946535E-04 -0.43006139524203E-04 -0.14279442916610E-02
 -0.32161672873572E-04 -0.43990002777277E-04 -0.14657176699364E-02
 -0.20853742058674E-04 -0.41484629499338E-04 -0.14966272331484E-02
 -0.97275620872710E-05 -0.37248975786495E-04 -0.15205380497347E-02
 -0.20811483958961E-06 -0.30210522824909E-04 -0.15385093514455E-02
  0.20528706043483E-04  0.10754948267222E-03 -0.13377180604400E-02
  0.68901457077494E-05 -0.21481238451784E-04 -0.15516374161561E-02
  0.14239785715811E-04  0.24231479862486E-05 -0.15684548706888E-02
  0.13249010002330E-04  0.14453592416994E-04 -0.15730216328211E-02
  0.11561891895936E-04  0.24753964472788E-04 -0.15737991618789E-02
  0.69819466208699E-05  0.28834537553244E-04 -0.15681505707600E-02
  0.71805670971263E-06  0.23287439468348E-04 -0.15518169971069E-02
 -0.70300205693737E-05  0.80643020125234E-05 -0.15234194615169E-02
 -0.12823931139228E-04 -0.13594973175826E-04 -0.14894875811730E-02
 -0.17360678709648E-04 -0.34855951237795E-04 -0.14604264367776E-02
 -0.18947103038147E-04 -0.50792880843386E-04 -0.14440079041823E-02
 -0.19059277863118E-04 -0.62200620507776E-04 -0.14420144449586E-02
  0.12143515597293E-04 -0.98658485901408E-05 -0.15614626608860E-02
  0.10082145279008E-04 -0.31425640541700E-04 -0.15552009682807E-02
  0.26388074529311E-04  0.11797343673442E-03 -0.13883619442716E-02
  0.32885196613182E-04  0.11476505594871E-03 -0.14548252067796E-02
  0.15704304821434E-04  0.11468441454894E-04 -0.15486637741229E-02
  0.22506451151172E-04  0.21220134413361E-04 -0.15588503846551E-02
  0.25350647116084E-04  0.29922271830892E-04 -0.15658396174229E-02
  0.25928871121816E-04  0.36270988616705E-04 -0.15673890111065E-02
  0.22007417003922E-04  0.35161093746755E-04 -0.15598201644598E-02
  0.16055864169521E-04  0.22344006415609E-04 -0.15393523519915E-02
  0.96692139043359E-05  0.21002985602547E-05 -0.15079436521108E-02
  0.51008011983575E-05 -0.21864192917007E-04 -0.14748885012066E-02
  0.15244018884307E-05 -0.43212515289755E-04 -0.14506430835310E-02
 -0.12337654459876E-06 -0.58009431908334E-04 -0.14403917393698E-02
  0.30766700518197E-04  0.12059886844385E-03 -0.14274179948863E-02
  0.96068213692547E-06 -0.65488703140146E-04 -0.14442818574610E-02
  0.66169572892267E-05 -0.60277338090173E-04 -0.14783155075758E-02
  0.10135577900619E-04 -0.47195835324026E-04 -0.14962610730990E-02
  0.15605574869530E-04 -0.28322198296178E-04 -0.15079620135391E-02
  0.19808118507022E-04 -0.72300165577145E-05 -0.15127273952654E-02
  0.24277217250657E-04  0.15223358791788E-04 -0.15124776627884E-02
  0.28123381311785E-04  0.36375629074727E-04 -0.15090653945208E-02
  0.31028410161930E-04  0.55692369635359E-04 -0.15033987127626E-02
  0.33231103164308E-04  0.74203422258885E-04 -0.14958942612049E-02
  0.34001642828858E-04  0.89910086624449E-04 -0.14861722264100E-02
  0.33966031365909E-04  0.10413318203702E-03 -0.14733319922473E-02
  0.39312322990606E-05 -0.66493786989292E-04 -0.14588552211468E-02
 -0.25735390085504E-05 -0.17332156497362E-04 -0.15654853523173E-02
 -0.14451492657976E-04 -0.26998343228496E-05 -0.15722647185011E-02
 -0.26718291039008E-04  0.97039134575222E-05 -0.15743300799086E-02
 -0.10511360209575E-03 -0.49847681148338E-05 -0.14500523721608E-02
 -0.95166471668736E-04  0.65355963851039E-05 -0.14466383573263E-02
 -0.82264115649975E-04  0.18699692338466E-04 -0.14424009191395E-02
 -0.68491385295171E-04  0.30131664550356E-04 -0.14401885918850E-02
 -0.53109523856732E-04  0.41504563710600E-04 -0.14410819121976E-02
  0.73307594152605E-04  0.97605968719447E-06 -0.14395925381264E-02
  0.58866000280307E-04  0.13942783208879E-04 -0.14428809514253E-02
  0.40647427665665E-04  0.26064457004806E-04 -0.14511997095541E-02
  0.20125077963648E-04  0.36034630778772E-04 -0.14639244263901E-02
 -0.13665200851076E-05  0.43637713801108E-04 -0.14785805133999E-02
 -0.26256994208487E-04  0.48662124080039E-04 -0.14905066464669E-02
 -0.51817050316236E-04  0.48571626006938E-04 -0.14922219371369E-02
 -0.76976417109182E-04  0.38891390360148E-04 -0.14779875284308E-02
 -0.98099345932654E-04  0.22919700507302E-04 -0.14490069357995E-02
 -0.11311749984106E-03  0.49448882072897E-05 -0.14149827426976E-02
 -0.12300802853492E-03 -0.11868378420754E-04 -0.13873228015942E-02
 -0.12826834884822E-03 -0.24382018159427E-04 -0.13728287833053E-02
 -0.13009829867463E-03 -0.30533405867710E-04 -0.13725301325560E-02
 -0.12796722681045E-03 -0.30438352769509E-04 -0.13839525193372E-02
 -0.12373918517540E-03 -0.28049010593776E-04 -0.14013817167396E-02
 -0.11659998555305E-03 -0.22563933461108E-04 -0.14181729238187E-02
 -0.11438924733831E-03 -0.16948723750841E-04 -0.14489040551284E-02
 -0.12220790287480E-03 -0.27194742190536E-04 -0.14400138333308E-02
 -0.12752100618771E-03 -0.33611683448280E-04 -0.14254053204838E-02
 -0.13106014041972E-03 -0.36957994357412E-04 -0.14112178359994E-02
 -0.11277159684304E-03 -0.24340112550237E-04 -0.14660311553440E-02
 -0.10552156932742E-03 -0.10366548269712E-04 -0.14685402787898E-02
 -0.96360499649010E-04  0.44667159482805E-05 -0.14633980507149E-02
 -0.86034295977022E-04  0.18507323034938E-04 -0.14548206794310E-02
 -0.74461921724216E-04  0.33134639864979E-04 -0.14467655088634E-02
 -0.62265205145711E-04  0.46851397149711E-04 -0.14411913703492E-02
 -0.47398255530815E-04  0.59494908324827E-04 -0.14389963205733E-02
  0.99370951857226E-04 -0.47209329964556E-04 -0.14413237824863E-02
  0.90547196365744E-04 -0.33599054578432E-04 -0.14415233925719E-02
  0.77787960332598E-04 -0.20122651636215E-04 -0.14437607483719E-02
 -0.10840004584266E-03 -0.15037885384848E-04 -0.14296968363149E-02
  0.60351515954428E-04 -0.64928301979455E-05 -0.14500585286324E-02
  0.20976059407281E-04  0.15590942837023E-04 -0.14777298756803E-02
 -0.16162496560276E-05  0.25071378503034E-04 -0.14959535239137E-02
 -0.24972659073858E-04  0.32319910867172E-04 -0.15125361908070E-02
 -0.49798597770859E-04  0.35766458134891E-04 -0.15215212355091E-02
 -0.74476927043926E-04  0.32937863675431E-04 -0.15155962944556E-02
 -0.95648470529667E-04  0.21949193549878E-04 -0.14931474492857E-02
 -0.11236216001096E-03  0.45009830561839E-05 -0.14607997358311E-02
 -0.12467316690245E-03 -0.13041860963295E-04 -0.14301284572646E-02
 -0.13143663710099E-03 -0.27315704882108E-04 -0.14103629631871E-02
 -0.13328232329850E-03 -0.35498368817154E-04 -0.14044568873882E-02
  0.41517453310938E-04  0.56927383966817E-05 -0.14616968783086E-02
 -0.98630056194319E-04 -0.64647246619228E-05 -0.14356720982971E-02
 -0.85090732725581E-04  0.25724683978280E-05 -0.14392889331668E-02
 -0.71588597409619E-04  0.10854642483794E-04 -0.14431943449462E-02
 -0.70862960289476E-04 -0.10627178750294E-04 -0.12337589141678E-02
 -0.95105262389885E-04 -0.19693217185962E-04 -0.14164399934506E-02
 -0.70877755517309E-04 -0.16399467998864E-05 -0.12253420725713E-02
 -0.82753105315769E-04 -0.13899921589878E-04 -0.14325736859161E-02
 -0.68574787322217E-04  0.10155698404519E-04 -0.12355333710938E-02
 -0.61130616935801E-04  0.26050795498551E-04 -0.12636767330944E-02
  0.21076423159069E-04  0.74315597701361E-04 -0.14417624226349E-02
 -0.46794957292203E-04  0.46252481422092E-04 -0.13049686875425E-02
  0.19872788235819E-05  0.77245806244277E-04 -0.14405422958838E-02
 -0.30130632288226E-04  0.65557913004104E-04 -0.13506884583007E-02
 -0.68858728312658E-04 -0.18292980022237E-04 -0.12582343951384E-02
 -0.12011253752875E-04  0.80619204952550E-04 -0.13904399652220E-02
  0.57151928894334E-05  0.88337879208535E-04 -0.14174811415749E-02
 -0.42684720458282E-04  0.61865819607613E-04 -0.14045066661461E-02
 -0.81962172194537E-04 -0.28130153986375E-04 -0.13834556186002E-02
 -0.87990069593918E-04 -0.25525405405893E-04 -0.13496106782915E-02
 -0.61941726898137E-04  0.44632689404646E-04 -0.13672650473856E-02
 -0.92937596588341E-04 -0.22338400514101E-04 -0.13172781001512E-02
 -0.77205150786073E-04  0.25400593846486E-04 -0.13270434805994E-02
 -0.95784067512847E-04 -0.18942474495687E-04 -0.12912622350910E-02
 -0.96201931470959E-04 -0.13246703665662E-04 -0.12766290950686E-02
 -0.88784538791008E-04  0.82814222369861E-05 -0.12947946090161E-02
 -0.20419580683654E-04  0.74178925462704E-04 -0.14296197636480E-02
 -0.11816100509821E-03 -0.34515874278617E-04 -0.14549205268840E-02
 -0.10335848025188E-03 -0.23066090029456E-04 -0.13964640898090E-02
 -0.10978324707363E-03 -0.25373615316981E-04 -0.13731998751490E-02
  0.54434269349154E-04  0.34407713773746E-04 -0.14394959785335E-02
  0.39785784958023E-04  0.45674021712382E-04 -0.14439749116273E-02
  0.21410042652504E-04  0.55022157136521E-04 -0.14520713287271E-02
 -0.14604501227721E-06  0.61722056335166E-04 -0.14603425020355E-02
 -0.24986402497616E-04  0.62589643598566E-04 -0.14631492425678E-02
 -0.50386563464525E-04  0.56679911429897E-04 -0.14531212506466E-02
 -0.72529151491390E-04  0.42834987066218E-04 -0.14274589934740E-02
 -0.90024399205282E-04  0.24910425906286E-04 -0.13919245473703E-02
 -0.23044718608624E-04  0.70121843408276E-05 -0.11622223101388E-02
 -0.10323756922171E-03  0.65316046009612E-05 -0.13576445959395E-02
 -0.64717609327231E-04 -0.24955262239260E-04 -0.12945934928653E-02
 -0.20883611366179E-04  0.26042118535920E-04 -0.11749613851848E-02
 -0.11255866108946E-03 -0.92418110453019E-05 -0.13342505641918E-02
 -0.44670819352648E-04 -0.14964453830703E-04 -0.12063521453700E-02
 -0.11706719726081E-03 -0.19134869123151E-04 -0.13260350168461E-02
 -0.47060538143991E-04 -0.31805598583033E-05 -0.11877631020251E-02
 -0.45807282146460E-04  0.10996920364458E-04 -0.11888797973583E-02
 -0.11689354279247E-03 -0.24306190792167E-04 -0.13324945929479E-02
 -0.40982071588251E-04  0.27507034169722E-04 -0.12107358265879E-02
 -0.11439832823113E-03 -0.25857950771562E-04 -0.13499574914904E-02
 -0.31999702920589E-04  0.47504778760329E-04 -0.12496364993870E-02
 -0.18703004367483E-04  0.68645036499097E-04 -0.12988081028010E-02
 -0.15888767273950E-04  0.46699315037164E-04 -0.12080276428995E-02
  0.54853347838725E-04 -0.39911754445650E-04 -0.15034063269548E-02
 -0.12380553487454E-03 -0.40856909103966E-04 -0.14393141490440E-02
 -0.12805909150902E-03 -0.37156719300186E-04 -0.14251022473940E-02
  0.70413415154485E-04 -0.76111748632427E-04 -0.14447762723610E-02
  0.63213016335476E-04 -0.67673036185235E-04 -0.14717047623995E-02
  0.52220487467134E-04 -0.57067245984664E-04 -0.14924626610166E-02
  0.38497539097189E-04 -0.46141603020482E-04 -0.15103945247653E-02
  0.22736553636799E-04 -0.33247828140443E-04 -0.15270238557953E-02
  0.52986041702597E-05 -0.20777269963001E-04 -0.15427559022996E-02
 -0.10427930266811E-04 -0.78796661842801E-05 -0.15562510112201E-02
 -0.27293895609323E-04  0.45420683536854E-05 -0.15655932519321E-02
 -0.42894627073028E-04  0.15009137984417E-04 -0.15683553782039E-02
 -0.56251791487573E-04  0.19335555068351E-04 -0.15608101777434E-02
 -0.69202292532452E-04  0.13600457521280E-04 -0.15400543844384E-02
 -0.79543053017202E-04  0.84286572898923E-06 -0.15086669880793E-02
 -0.87316450981576E-04 -0.16894171094150E-04 -0.14753644466388E-02
 -0.93188574500408E-04 -0.33215975252388E-04 -0.14499880954576E-02
 -0.97709335400397E-04 -0.45215131076746E-04 -0.14382214076837E-02
 -0.99261705911235E-04 -0.50739408049442E-04 -0.14409203908659E-02
 -0.97293457952422E-04 -0.49839189806960E-04 -0.14550488969179E-02
 -0.93581990977631E-04 -0.43702115999484E-04 -0.14732947741760E-02
 -0.87248831927807E-04 -0.31310457570104E-04 -0.14882589656771E-02
 -0.80832138797853E-04 -0.14834735201392E-04 -0.14942972048219E-02
 -0.74543519063102E-04  0.27839048615790E-05 -0.14915225772263E-02
  0.72438083876007E-04 -0.79642127176980E-04 -0.14085167578755E-02
  0.67903200824023E-04 -0.76121411993022E-04 -0.13622454599356E-02
  0.58417742099396E-04 -0.67605005874829E-04 -0.13098740103624E-02
  0.46030347786393E-04 -0.52672231846371E-04 -0.12578815184615E-02
 -0.38794860550235E-04  0.17663951673747E-04 -0.15698541094167E-02
 -0.49977398115761E-04  0.17862805754560E-04 -0.15551966389861E-02
 -0.59810891204479E-04  0.82202759323759E-05 -0.15288802790755E-02
 -0.67438708708955E-04 -0.85792488651566E-05 -0.14954950012593E-02
 -0.73151743434109E-04 -0.26707020482542E-04 -0.14647228564445E-02
 -0.76820605434374E-04 -0.42642910228275E-04 -0.14448802126882E-02
 -0.79012928169857E-04 -0.52447837748486E-04 -0.14398183635601E-02
 -0.79310354494464E-04 -0.55760179710600E-04 -0.14481586746742E-02
 -0.77378841312593E-04 -0.51907801453520E-04 -0.14652042661261E-02
 -0.73703182815118E-04 -0.42679779813838E-04 -0.14838207046363E-02
 -0.67839095565379E-04  0.20919976688042E-04 -0.14836905786526E-02
 -0.68088456286115E-04 -0.28703707425612E-04 -0.14972461416477E-02
 -0.55965142198980E-04  0.84451867545389E-05 -0.14996857132131E-02
 -0.49997361929000E-04  0.27294991311590E-04 -0.14934836310498E-02
 -0.43591239806620E-04  0.46833761375112E-04 -0.14861716977510E-02
 -0.35725285996298E-04  0.65698823807812E-04 -0.14785313646687E-02
 -0.25380173086743E-04  0.82992504764658E-04 -0.14707536296877E-02
 -0.15389876343625E-04  0.99322231828051E-04 -0.14631459566369E-02
 -0.47838305144393E-05  0.11298526984218E-03 -0.14552778997683E-02
  0.56686909683026E-05  0.12401712999901E-03 -0.14470888299712E-02
  0.15965653923081E-04  0.13158555143703E-03 -0.14372095341659E-02
  0.32616601865955E-04 -0.35169138360240E-04 -0.12135679718355E-02
 -0.61873433405253E-04 -0.10356029258020E-04 -0.15022526985189E-02
 -0.60266857594922E-04  0.38841434371872E-04 -0.14744274646243E-02
 -0.51037235356982E-04  0.55547312983386E-04 -0.14656216671959E-02
 -0.40645344286185E-04  0.72690304118308E-04 -0.14580441124273E-02
 -0.90928564115267E-04 -0.38157636263796E-05 -0.14817175926337E-02
 -0.83139688011825E-04  0.13460031770240E-04 -0.14737396668436E-02
 -0.74541220705188E-04  0.29904316111600E-04 -0.14636765158049E-02
 -0.64117551599469E-04  0.45198454876937E-04 -0.14544841408100E-02
 -0.52383119069507E-04  0.60746117740619E-04 -0.14474488533797E-02
 -0.39159324061146E-04  0.74163287288736E-04 -0.14431383067527E-02
 -0.26276067170984E-04  0.86367539316482E-04 -0.14419173402656E-02
  0.99546671343620E-04 -0.72476566638144E-04 -0.14204041347395E-02
  0.97850328697742E-04 -0.62960622667662E-04 -0.14355951094028E-02
  0.90139871919084E-04 -0.50377434644428E-04 -0.14443346797105E-02
 -0.98078203178020E-04 -0.19866210298767E-04 -0.14832363462905E-02
  0.76585820944953E-04 -0.37459979769127E-04 -0.14520622977041E-02
  0.42135480098625E-04 -0.14176431904884E-04 -0.14756053062282E-02
  0.21479510947749E-04 -0.27859535011945E-05 -0.14930570949709E-02
 -0.12203418292506E-07  0.75109168319066E-05 -0.15124956713571E-02
 -0.23109075085918E-04  0.16071695214640E-04 -0.15304208472417E-02
 -0.45721559595891E-04  0.24122505106499E-04 -0.15417795250733E-02
 -0.66991492999937E-04  0.26521914107554E-04 -0.15410682582127E-02
 -0.85513999664214E-04  0.20295975707751E-04 -0.15245902193404E-02
 -0.10179682195752E-03  0.71573325937865E-05 -0.14950482942181E-02
 -0.11473786212513E-03 -0.89896273694034E-05 -0.14623622637800E-02
 -0.12379169380224E-03 -0.25312230906673E-04 -0.14369538763723E-02
  0.61458812267206E-04 -0.25516972863575E-04 -0.14619575673755E-02
 -0.12747871292099E-03 -0.41942368508862E-04 -0.14271160841530E-02
 -0.10501351659704E-03 -0.33468026518363E-04 -0.14749230251476E-02
 -0.11440493704153E-03 -0.46747219397362E-04 -0.14426655765759E-02
 -0.29232516740807E-04  0.88158315381773E-04 -0.14521643831873E-02
 -0.16302972857654E-04  0.10111992245077E-03 -0.14479885625952E-02
 -0.36038335041453E-05  0.11218207402097E-03 -0.14453408474862E-02
  0.71375695940535E-04 -0.67391153510592E-04 -0.13084907688231E-02
  0.82564812241696E-04 -0.76495705175886E-04 -0.13542187415957E-02
  0.89089562597993E-04 -0.79440070951839E-04 -0.13943005270246E-02
  0.88934398047338E-04 -0.74575857740081E-04 -0.14253056460696E-02
  0.83275408237662E-04 -0.65208456160325E-04 -0.14470547278920E-02
  0.72824790154039E-04 -0.54447583708123E-04 -0.14625984976396E-02
  0.57958793401544E-04 -0.42384863851195E-04 -0.14769484673859E-02
 -0.11096853328334E-03 -0.43103061491722E-04 -0.14590863599336E-02
  0.41575822978486E-04 -0.30927884011183E-04 -0.14925037784099E-02
  0.24695119677306E-05 -0.88826850428417E-05 -0.15280807633849E-02
 -0.18511366285836E-04  0.29401708903649E-05 -0.15444648945216E-02
 -0.37782431436325E-04  0.13140978947112E-04 -0.15557618470494E-02
 -0.55539141346891E-04  0.20168275852929E-04 -0.15578690341647E-02
 -0.72345848652551E-04  0.19458461753515E-04 -0.15461545477282E-02
 -0.86145408832374E-04  0.10223155952835E-04 -0.15205036529304E-02
 -0.98020043590418E-04 -0.52591074772102E-05 -0.14871593217063E-02
 -0.10767186018532E-03 -0.21578943579982E-04 -0.14569670547119E-02
 -0.11326037149124E-03 -0.35977494979113E-04 -0.14381093644771E-02
 -0.11533039693389E-03 -0.44604204991504E-04 -0.14339145193807E-02
  0.22724224482069E-04 -0.20204722976714E-04 -0.15100225363849E-02
  0.50463164232624E-04 -0.56946141415041E-04 -0.14934611791793E-02
 -0.94549277777621E-04 -0.52225428029549E-05 -0.12772628322966E-02
  0.46004269093507E-04  0.10719391360655E-03 -0.14256105305169E-02
  0.66209732754704E-04 -0.67525938293312E-04 -0.14815167758097E-02
  0.95643104802110E-04 -0.77479945105029E-04 -0.14073548453210E-02
  0.60443888946900E-04 -0.74589172567296E-04 -0.14625760950436E-02
  0.10102042720120E-03 -0.72205324624967E-04 -0.14281381689171E-02
  0.54514147983495E-04 -0.74151959443288E-04 -0.14439283222409E-02
  0.50241109568173E-04 -0.65760898230287E-04 -0.14329190221183E-02
  0.10330845309174E-03 -0.62204372486212E-04 -0.14385863099814E-02
  0.49606764596965E-04 -0.48175171742047E-04 -0.14345979474724E-02
  0.88473538273801E-05  0.11969014368319E-03 -0.14437427146446E-02
  0.52521074811170E-04 -0.22364442393929E-04 -0.14506544800011E-02
  0.22696038716209E-04  0.12292281073165E-03 -0.14416589174931E-02
  0.56516683632041E-04  0.65686193160946E-05 -0.14769435685031E-02
  0.35236917323764E-04  0.11952886246774E-03 -0.14368196184916E-02
  0.60747562632276E-04  0.36497191791559E-04 -0.15036228244254E-02
  0.58206859797909E-04  0.59905514298350E-04 -0.15198870499721E-02
  0.54182508879098E-04  0.84850584433668E-04 -0.14071531378460E-02
  0.51037868261097E-04  0.73316431750369E-04 -0.15214464976232E-02
  0.59694542582841E-04  0.54124596974272E-04 -0.13844098556047E-02
  0.40019246443992E-04  0.77932385683496E-04 -0.15113939439312E-02
  0.62742796855384E-04  0.19639262107393E-04 -0.13638397907092E-02
  0.26967473767323E-04  0.78116961546900E-04 -0.14957102826950E-02
  0.11788901997779E-04  0.74685165284270E-04 -0.14793873535964E-02
  0.65213406997566E-04 -0.14149543272551E-04 -0.13529540862741E-02
  0.87127807353908E-04 -0.75844238124373E-04 -0.13777348951811E-02
 -0.44387066668646E-05  0.68279428292275E-04 -0.14648708705855E-02
  0.70414037220318E-04 -0.54120514696305E-04 -0.14940675151434E-02
  0.72995466452031E-04 -0.36297682335226E-04 -0.14965989545186E-02
 -0.58939496022027E-05  0.44500252113831E-04 -0.14813871216506E-02
  0.76385997184771E-04 -0.67702285695897E-04 -0.13219050036933E-02
 -0.22456404558800E-04  0.36640818752713E-04 -0.14679803412987E-02
  0.87033376323470E-04 -0.76872828956769E-04 -0.13608753199937E-02
 -0.39273115284168E-04  0.28574662152328E-04 -0.14570308857423E-02
  0.95719204131506E-04 -0.78741953989246E-04 -0.13950687237731E-02
 -0.56189800391990E-04  0.20365363203102E-04 -0.14488403393477E-02
  0.26749093141790E-04  0.13251019488768E-03 -0.14234466266612E-02
  0.22671851787213E-04  0.86941211346638E-04 -0.14322212973312E-02
  0.36119343876893E-04  0.12457348975371E-03 -0.14037618258465E-02
  0.37113596145135E-04  0.81656941544519E-04 -0.14394689611300E-02
  0.44802403422160E-04  0.10738130208821E-03 -0.13772413926000E-02
  0.47700866901269E-04  0.71745159907635E-04 -0.14443770314938E-02
  0.49685399108797E-04  0.79956107921033E-04 -0.13477308801593E-02
  0.55529330138957E-04  0.58020902568235E-04 -0.14505782895275E-02
  0.62279649120329E-04  0.41412981002302E-04 -0.14588899332157E-02
  0.52119415367434E-04  0.47307241263972E-04 -0.13212941760402E-02
  0.68208969553084E-04  0.22796550380745E-04 -0.14694946109761E-02
  0.55529536883745E-04  0.11806381960854E-04 -0.13048749440541E-02
  0.71637775493120E-04  0.33238846788776E-05 -0.14808961138179E-02
  0.60233213004536E-04 -0.20888531988964E-04 -0.13039495667495E-02
  0.73591248769610E-04 -0.16731062113439E-04 -0.14908972083279E-02
  0.68488554426682E-04 -0.47901643189301E-04 -0.13186958611207E-02
  0.77358314778864E-04 -0.66136684322063E-04 -0.13456934850907E-02
  0.69992864409164E-04 -0.42265393018278E-04 -0.13563367203803E-02
 -0.21028773414857E-04  0.61373046525867E-04 -0.14534155607623E-02
  0.76436189193524E-04 -0.62857304304576E-04 -0.13733410139586E-02
  0.61736881795311E-04  0.58807925365566E-04 -0.14417279488775E-02
  0.63183209674819E-04 -0.90207899502533E-06 -0.14433424695786E-02
  0.65279112304351E-04  0.26638589324787E-04 -0.14202148610151E-02
  0.64971227572090E-04  0.32446171330813E-04 -0.14678638550974E-02
  0.66552998950105E-04 -0.76665264146640E-05 -0.14010684396004E-02
  0.61771311784190E-04  0.61962561590244E-04 -0.14874442164668E-02
  0.55487562076123E-04  0.82468826228181E-04 -0.14949725198234E-02
  0.68809637440083E-04 -0.36942140144745E-04 -0.13927612654948E-02
  0.44279170964348E-04  0.93131327436433E-04 -0.14903146343599E-02
  0.71283576953905E-04 -0.59968504381961E-04 -0.13984600232733E-02
  0.29887800441215E-04  0.96407859511767E-04 -0.14788542422335E-02
  0.76198131185525E-04 -0.72392950910723E-04 -0.14158060876866E-02
  0.14475728824506E-04  0.94175685286693E-04 -0.14656945127412E-02
  0.82802314712551E-04 -0.77038650851768E-04 -0.14377908282682E-02
 -0.12445300785279E-05  0.88144765992793E-04 -0.14541051175762E-02
  0.89322108043916E-04 -0.74220361164256E-04 -0.14575087956909E-02
 -0.17052899796872E-04  0.80085068556813E-04 -0.14454769040471E-02
  0.94912608812982E-04 -0.64987315136467E-04 -0.14685023815730E-02
 -0.32988212843761E-04  0.70970808956523E-04 -0.14404385332736E-02
  0.96348034720960E-04 -0.50055106346364E-04 -0.14690825541320E-02
  0.68067906031367E-04  0.19120772409931E-04 -0.14395548382620E-02
  0.93603875072359E-04 -0.32550606386515E-04 -0.14621596182022E-02
  0.79548212925051E-04  0.33586343740272E-05 -0.14441165857586E-02
  0.61472279190214E-04 -0.31590190615512E-04 -0.14246716331961E-02
  0.56317484311546E-04  0.85660780748082E-04 -0.14574508887497E-02
  0.61485824371308E-04 -0.56137883519171E-04 -0.14187715559284E-02
  0.46249526748504E-04  0.10235741144769E-03 -0.14632389104999E-02
 -0.37294301666379E-04  0.52433679213357E-04 -0.14453828680552E-02
  0.83429442032621E-04 -0.74819174309074E-04 -0.13982705291250E-02
  0.37599933382016E-04  0.66087820027659E-04 -0.14403846542308E-02
  0.90477285324731E-04 -0.77659526310933E-04 -0.14239393012553E-02
  0.51700299650942E-04  0.54111931728433E-04 -0.14402748787474E-02
  0.96910216642636E-04 -0.73159420554048E-04 -0.14431210054568E-02
  0.62710620316208E-04  0.40184213562505E-04 -0.14435815387574E-02
  0.10183177338321E-03 -0.62364179307497E-04 -0.14522337524969E-02
  0.70971353232935E-04  0.23685354193420E-04 -0.14504655379218E-02
  0.10143306880785E-03 -0.46861872164285E-04 -0.14516892300564E-02
  0.77742822059697E-04  0.46896551874471E-05 -0.14601740322504E-02
  0.64531579234831E-04 -0.51012869124580E-04 -0.12859440493618E-02
  0.96176957110477E-04 -0.31420298234883E-04 -0.14465056008065E-02
  0.85818709146687E-04 -0.14752089182353E-04 -0.14412251304823E-02
  0.86924439524416E-04 -0.33905827661777E-04 -0.14813683194273E-02
 -0.12078454936932E-04  0.97412613967670E-04 -0.14435239244479E-02
  0.86304260210723E-04 -0.51878570211675E-04 -0.14853773870219E-02
  0.82597587172256E-04 -0.65748024661458E-04 -0.14798160710082E-02
  0.29787851970706E-05  0.10538642966312E-03 -0.14478856409364E-02
  0.77009233389291E-04 -0.74797154581345E-04 -0.14644254429007E-02
  0.18865888876869E-04  0.11024231952186E-03 -0.14542493891876E-02
  0.71525144472756E-04 -0.76665960826937E-04 -0.14438197746497E-02
  0.33093047871061E-04  0.10953402728857E-03 -0.14606447563941E-02
  0.65345666784921E-04 -0.71273905410793E-04 -0.14265715032131E-02
  0.84098597693065E-04 -0.14924641174117E-04 -0.14713788408480E-02
  0.93322961316324E-05  0.51712623702202E-04 -0.14967860581304E-02
  0.88423374425733E-04 -0.13672874089785E-04 -0.14524604232494E-02
  0.28279911128055E-04  0.82007042056819E-04 -0.12657366188429E-02
  0.28105788603563E-04  0.52035185394398E-04 -0.12291364278465E-02
  0.49997741483231E-04  0.53965335654566E-04 -0.15423597104341E-02
  0.23873696657250E-04  0.57782101725557E-04 -0.15132745815995E-02
  0.41485945901335E-04 -0.12927987325329E-04 -0.14716932923380E-02
  0.52491933695565E-04 -0.27774772246941E-04 -0.12604919766408E-02
  0.23047024524812E-04 -0.14721086463384E-04 -0.11837639805039E-02
  0.36110897505505E-04 -0.64795486353452E-05 -0.12089485243254E-02
  0.40528557692177E-04 -0.72459758478288E-04 -0.14562741343987E-02
  0.34543643652558E-04  0.12001889941035E-03 -0.13610483068290E-02
  0.36978896331122E-04 -0.68789824443857E-04 -0.14413993128311E-02
  0.38148869725059E-04  0.98473649744696E-04 -0.13217611990877E-02
  0.49965096898612E-04  0.39216670016243E-04 -0.15293856883454E-02
  0.16818110916703E-04  0.95331990598549E-05 -0.11737484037144E-02
  0.37069041008706E-04 -0.38171753882985E-04 -0.14476308878421E-02
  0.46282326749659E-04  0.17569557764581E-05 -0.12510655827302E-02
  0.31214795779279E-04  0.22371339018749E-04 -0.12089367624525E-02
  0.35900492991760E-04  0.61563129892962E-04 -0.15291103217582E-02
  0.45104237725207E-04  0.60708880880183E-04 -0.15404682496732E-02
  0.56942412406304E-04 -0.53131551969673E-04 -0.12637767759944E-02
  0.14673228440349E-04  0.35398982724749E-04 -0.11856525248994E-02
  0.40773665667725E-04  0.68828322239324E-04 -0.12855002384207E-02
  0.43634046144307E-04 -0.31991862904314E-04 -0.12285032805566E-02
  0.34733487647547E-04 -0.57548169424717E-04 -0.14373579498860E-02
 -0.31956997265674E-05  0.20879845455077E-04 -0.11617235325389E-02
  0.45811922326308E-04  0.14732354619245E-04 -0.15027721408442E-02
  0.45730888112438E-04 -0.67946380377049E-04 -0.14759595428865E-02
  0.42909128515972E-04  0.35444270682901E-04 -0.12601629159783E-02
  0.15063107837909E-04  0.13712262722270E-04 -0.98651559814540E-03
 -0.95150565681332E-04  0.24572467869381E-04 -0.15207674019292E-03
  0.35928667335199E-04  0.93820540143849E-05 -0.97360766819561E-03
 -0.23700309813716E-04  0.32767534261843E-04 -0.15562151480332E-03
  0.24759071413209E-04  0.21376571560814E-04 -0.98651187192175E-03
  0.35204372407549E-04  0.15960843626929E-04 -0.98652190535370E-03
 -0.46979206406027E-04  0.23239928632002E-04 -0.98762480697618E-03
 -0.16186414569059E-04  0.24191360326426E-04 -0.16617434571629E-03
 -0.16589722899846E-04 -0.34638696070313E-04 -0.96611435618800E-04
  0.35048205947493E-04  0.28234787582078E-04 -0.98648973855420E-03
 -0.19386927652060E-04 -0.44248849647418E-04 -0.14885197503631E-03
 -0.46399500162832E-05 -0.23233057767069E-05 -0.16508846476816E-03
  0.38221584541639E-05 -0.10645284419025E-03 -0.32120517810846E-03
  0.70250354774703E-04 -0.76366679735014E-04 -0.16863687840630E-03
 -0.36560210052925E-04  0.12771337636279E-04 -0.98355418129872E-03
  0.28479684352642E-04 -0.62426580624422E-04 -0.97600078827195E-03
 -0.57731763859682E-05 -0.23227130742556E-04 -0.16887280934982E-03
 -0.21174180312814E-04 -0.88150532961493E-04 -0.28872299807771E-03
  0.23065372933427E-04 -0.71778883975738E-04 -0.97827125333472E-03
 -0.35098112497211E-04  0.91035354792051E-06 -0.98414153443960E-03
 -0.26196680912023E-04  0.34216032074798E-04 -0.13942542587379E-03
  0.11275242870418E-04 -0.23318095135564E-04 -0.16387825057800E-03
  0.57999969620959E-05  0.62132137581609E-05 -0.98611376398051E-03
 -0.67834166650358E-05 -0.19683227939132E-05 -0.18862224058840E-04
 -0.26028461923793E-04 -0.23960737467978E-04 -0.98579173336948E-03
 -0.29136812100218E-04 -0.19048920731951E-04 -0.98508777262026E-03
 -0.10797315694740E-03  0.32618971687752E-04 -0.14976134304754E-03
 -0.85531711085543E-05  0.49028400380024E-05 -0.23036845803210E-04
 -0.93084470652961E-05 -0.14603238007612E-04 -0.42571498404363E-04
 -0.22637625934556E-04 -0.22461086534676E-04 -0.98596199347145E-03
  0.54388303902112E-04  0.28288653232429E-04 -0.98690719894418E-03
  0.62024532228033E-04  0.33307517098457E-04 -0.98660396460812E-03
  0.35768981474212E-04  0.27194265274778E-04 -0.97409734653042E-03
 -0.12302885472165E-04  0.10789210203863E-04 -0.41860823653181E-04
 -0.17446621216920E-04 -0.16924622592850E-04 -0.98586561653288E-03
  0.29292221581253E-04 -0.46267761449936E-04 -0.16242131028022E-03
 -0.32390816099822E-04 -0.98710677002637E-05 -0.98472982770963E-03
 -0.32348526165787E-05 -0.46045980302060E-04 -0.98496101003823E-03
 -0.16847675915705E-04  0.17751391391019E-04 -0.66608391997952E-04
 -0.10506522332181E-04 -0.96707700606095E-05 -0.98583516199583E-03
  0.43143357479029E-04 -0.35709652566975E-05 -0.25892972599068E-03
 -0.42100461475207E-04  0.13181665697521E-04 -0.98777045379405E-03
 -0.21305662427673E-04  0.25323202575984E-04 -0.92789477804302E-04
 -0.25684267729301E-05 -0.15808890705098E-05 -0.98589688331139E-03
  0.45296203307799E-04  0.22268425882831E-04 -0.98687241302819E-03
 -0.25022339782954E-04  0.31436951971048E-04 -0.11802242049681E-03
  0.49000421854321E-04 -0.66232328057292E-04 -0.16244405216916E-03
 -0.52965160541794E-04 -0.52968066800324E-04 -0.23124342751476E-03
 -0.10028201171322E-03 -0.17489838481970E-04 -0.15317819137774E-03
 -0.23122597767017E-04 -0.38793246046882E-06 -0.16369469862758E-03
 -0.32642172125678E-04  0.17396990257603E-04 -0.99409567328281E-03
  0.16750261304691E-04  0.33849644529680E-04  0.34871591051977E-04
 -0.33931332661627E-04  0.26800633373908E-04 -0.99309431273753E-03
  0.30816747145383E-04 -0.46344818331311E-04 -0.27456447976160E-03
  0.42805121182786E-04 -0.54910777075806E-04 -0.98120169674922E-03
  0.35268790503257E-04  0.62533959153091E-04 -0.26356960244818E-04
 -0.36477471112546E-04  0.33655657416350E-04 -0.99156446701974E-03
  0.58946000287187E-04 -0.35588627407678E-04 -0.20967632789636E-03
  0.49679883197362E-04  0.87655575860982E-04 -0.97900670233054E-04
 -0.40807937521501E-04  0.37019707307051E-04 -0.98882210504212E-03
  0.35050963810918E-04 -0.29691730935999E-04 -0.97316301568753E-03
  0.48610363034286E-04  0.83319166321918E-04 -0.14439153364189E-03
 -0.39354749141955E-04 -0.42686744397974E-04 -0.98199487725644E-03
 -0.44264496758121E-04  0.35174665149584E-04 -0.98584122677079E-03
  0.50293061506430E-04 -0.47061784449044E-04 -0.97926985152432E-03
  0.29023028126827E-04  0.45022343183914E-04 -0.16380218348837E-03
 -0.46898902489551E-04  0.28279635105829E-04 -0.98365621547860E-03
  0.60801460675432E-04 -0.66959087384105E-04 -0.25979380342215E-03
  0.80738341826598E-06 -0.60972351401446E-05 -0.17249619553262E-03
 -0.47762986654379E-04  0.17640950748627E-04 -0.98296282394807E-03
 -0.19983604615543E-04 -0.39769475955381E-04 -0.16584678165717E-03
 -0.47582901912372E-04  0.49529796108683E-05 -0.98347277780356E-03
  0.56161952007807E-04 -0.36196493369344E-04 -0.97771633647929E-03
 -0.58968838605783E-04 -0.28975804670686E-05 -0.21295142286809E-03
 -0.23255416296451E-04 -0.39836469808139E-04 -0.12719868573887E-03
 -0.45223786247917E-04 -0.75801520857627E-05 -0.98433412464607E-03
  0.66441037108608E-04 -0.86596470247849E-04 -0.30092020109990E-03
  0.12964334714121E-05  0.17314259578762E-04  0.62876498524648E-04
  0.15750332880347E-04 -0.77001600020400E-04 -0.98088785029542E-03
  0.51351972614923E-04 -0.15488213524152E-04 -0.18241178488885E-03
 -0.13787931466607E-04  0.10100820230904E-04  0.63453799640292E-04
 -0.17312697303581E-04 -0.49231975587245E-04 -0.98579290652113E-03
 -0.81952908007705E-04 -0.28967562524034E-04 -0.18510773208596E-03
  0.78767356005302E-05 -0.78096135386090E-04 -0.98389501970179E-03
  0.36214826330743E-04 -0.19519024914629E-04 -0.25845137332523E-03
  0.67729339861338E-04  0.36186788518487E-04 -0.98520968420694E-03
 -0.40598814403116E-06 -0.74175235036807E-04 -0.98652061693488E-03
  0.84648511954849E-05 -0.52525559957137E-04 -0.98501978333162E-03
 -0.10717478326639E-03 -0.11380627767596E-04 -0.12540725513311E-03
 -0.84593035782444E-05 -0.66499294317675E-04 -0.98865631290275E-03
 -0.14357409498492E-04 -0.43630924511278E-04 -0.16993582850842E-03
  0.87256210242377E-05 -0.35576167560184E-05 -0.16833424508868E-03
 -0.10374003410568E-03 -0.72288783694367E-05 -0.95237526885021E-04
 -0.15111995291542E-04 -0.57203349647974E-04 -0.98993506457871E-03
  0.35736939362220E-04 -0.98701691617679E-05 -0.97336804971540E-03
 -0.91327769322585E-04 -0.31564261584544E-05 -0.60502778962522E-04
 -0.20356614616478E-04 -0.46123119726072E-04 -0.99115404124967E-03
  0.20616697650343E-04 -0.57881761913715E-04 -0.98460159373336E-03
 -0.72653664396574E-04  0.64017677200072E-06 -0.22243498387437E-04
 -0.24251300146498E-04 -0.33431163877509E-04 -0.99211333477878E-03
  0.34825590421731E-04 -0.76217337889878E-05 -0.17288208980562E-03
 -0.51684842679076E-04  0.39925650288805E-05  0.15230176523433E-04
 -0.27857132141590E-04 -0.20013363968899E-04 -0.99309468375715E-03
 -0.28284802647268E-04 -0.47805130231846E-04 -0.98398628326856E-03
 -0.31568955643649E-04  0.63850198703122E-05  0.45674138467189E-04
 -0.30425953483283E-04 -0.70791520575590E-05 -0.99388820490163E-03
  0.32493520124326E-04 -0.58902070765388E-04 -0.98319852085722E-03
 -0.35171681221860E-04 -0.19155295347389E-04 -0.18545524157085E-03
 -0.31760283375663E-04  0.57303193738557E-05 -0.99433312356060E-03
 -0.36376801959004E-04  0.24024000294400E-04 -0.98393595054603E-03
 -0.24643276942867E-04 -0.18560407852917E-04 -0.98563420901711E-03
  0.54923143911403E-04  0.16826371456889E-04 -0.27505558148881E-03
  0.46834198336021E-04 -0.18831607178596E-04 -0.14643132235922E-03
 -0.27573372221322E-05  0.21176621965707E-05 -0.48328094097780E-05
 -0.15445625764833E-04 -0.15300818388811E-04 -0.98632883705714E-03
 -0.64508362151945E-04  0.34879669320953E-04 -0.97881540009354E-03
 -0.47322726601694E-05  0.61505969281287E-05 -0.16775841995397E-04
 -0.12340198250838E-04 -0.80056346593931E-05 -0.98624677970264E-03
  0.50248056981000E-04 -0.40794910656124E-04 -0.98198032577322E-03
 -0.80058813797818E-05  0.11015068440553E-04 -0.34279447698960E-04
  0.10116839325564E-04 -0.68470337634356E-05 -0.25051586458573E-03
 -0.76441452172850E-05  0.15044156622487E-07 -0.98621008179615E-03
  0.39905816876523E-04 -0.41384963576007E-04 -0.17346123866273E-03
 -0.12202137192155E-04  0.17361578009858E-04 -0.56775722272459E-04
 -0.13167949391291E-05  0.81718329472465E-05 -0.98619241972436E-03
 -0.17003368280895E-04  0.25286351811128E-04 -0.82931347681834E-04
  0.59740843376990E-05  0.16846896310328E-04 -0.98652232317992E-03
  0.56028846750211E-04 -0.32591060710387E-04 -0.98070167137385E-03
 -0.56900983606493E-04  0.12882686121388E-03 -0.29580633530959E-03
 -0.21324837151521E-04  0.32820182609384E-04 -0.11085121576428E-03
  0.14075851189916E-04  0.24602473422205E-04 -0.98673382293820E-03
  0.36881285422046E-04 -0.66230238524025E-04 -0.21973404008568E-03
 -0.22588391360746E-04  0.38752599026061E-04 -0.13917584964738E-03
  0.23102365515439E-04  0.32183512653810E-04 -0.98668062583096E-03
  0.18730072156826E-04 -0.11583299168079E-05 -0.97317080058559E-03
 -0.19567543573590E-04  0.40437416264345E-04 -0.16539343628692E-03
  0.32204542555915E-04  0.39265871127987E-04 -0.98610900303829E-03
  0.59864698684067E-04 -0.21734544313716E-04 -0.97962406561873E-03
 -0.95879433468112E-05  0.36052530339615E-04 -0.18917381638675E-03
 -0.17063011921779E-04 -0.19135613236117E-04 -0.98635402521826E-03
 -0.23124481209929E-05 -0.20371476165298E-05 -0.28813263285564E-05
  0.40717426654625E-04 -0.46295813749279E-04 -0.98313663512700E-03
 -0.18124916278015E-04 -0.17203065669748E-04 -0.98553181339478E-03
 -0.10380963497150E-04  0.23480535453371E-04 -0.99368125480471E-03
  0.66272198707467E-05 -0.40718130167789E-04 -0.98471698027386E-03
  0.40491323980925E-04  0.52860624505034E-04 -0.11056382955493E-04
 -0.12353974012360E-04  0.30809299853366E-04 -0.99224160203753E-03
  0.29828887675812E-04 -0.43687131394008E-06 -0.16552432547582E-03
  0.57175415823406E-04  0.80273803253082E-04 -0.84033034888502E-04
 -0.16828111185144E-04  0.35116925502535E-04 -0.98982018006189E-03
  0.59074913901840E-04  0.82506832110417E-04 -0.13515620359949E-03
 -0.21002894163175E-04  0.34327806943557E-04 -0.98731359073489E-03
  0.17605324857990E-04 -0.45090471075465E-04 -0.98519997348561E-03
  0.41333449473471E-04  0.50920789463264E-04 -0.15694757633186E-03
 -0.23514899901338E-04  0.28655830238708E-04 -0.98510936640484E-03
  0.46268619924289E-04 -0.34174391829471E-05 -0.15877337051535E-03
  0.40962250058364E-04  0.44621232715284E-04 -0.98488464855334E-03
  0.12951889108227E-04  0.18542132385986E-05 -0.16578905804075E-03
 -0.24459981987708E-04  0.19080156805776E-04 -0.98390928991246E-03
 -0.66934474826255E-04  0.26240037497834E-04 -0.97643874136313E-03
 -0.99346374483922E-05 -0.35787922104909E-04 -0.16162966881872E-03
 -0.23568046769327E-04  0.81477778238174E-05 -0.98397717781452E-03
  0.29477111289304E-04 -0.47860806629067E-04 -0.98470983837296E-03
 -0.16592563457086E-04 -0.43861312731325E-04 -0.12724868623106E-03
 -0.21794986972670E-04 -0.21618279158874E-05 -0.98467700857306E-03
  0.51265268674059E-04 -0.81134439810894E-05 -0.14776434761074E-03
 -0.61498329788225E-04  0.10168698890320E-03 -0.30484734151785E-03
 -0.10721350930517E-04 -0.28021339857816E-04 -0.68735307107637E-04
 -0.19470063504420E-04 -0.10998474935863E-04 -0.98501212170550E-03
  0.18005165798175E-04  0.18368377682847E-04 -0.97376656814298E-03
 -0.45930506839133E-05 -0.10607240313620E-04 -0.21521159644640E-04
  0.14503928364240E-04  0.10101529379637E-04 -0.25421722075911E-03
  0.21102235017613E-04  0.23128185445259E-04 -0.16514737724780E-03
  0.47103224401637E-04 -0.66428074722699E-04 -0.24737829976290E-03
  0.18388610881628E-04 -0.40261274088220E-04 -0.97384974585227E-03
  0.69119731930799E-04  0.25206885327456E-04 -0.98110394053934E-03
 -0.22793554850766E-04  0.10869229637871E-05  0.64630182458681E-04
 -0.21936701009537E-04 -0.16047035228267E-04 -0.99430244967192E-03
  0.14766561535759E-03  0.67882067108347E-05 -0.26650054758384E-03
  0.65511349354471E-04  0.49972916440909E-04 -0.30981594322437E-03
 -0.10113291928267E-04  0.43158558287088E-05  0.76896223390362E-04
 -0.22277463850906E-04 -0.33748407817287E-05 -0.99489624019298E-03
  0.34181328917656E-04  0.40937564744158E-04 -0.97488999552024E-03
  0.14537148195929E-05  0.95790454291551E-05  0.77887510225768E-04
 -0.21914278548952E-04  0.89843896763107E-05 -0.99499624390475E-03
  0.70729329298042E-04  0.31885214924775E-04 -0.98243144508280E-03
  0.13237417121676E-04  0.20661142918972E-04  0.60756299265471E-04
 -0.21771115037843E-04  0.19972764640465E-04 -0.99420432672397E-03
 -0.50598261286483E-04  0.30959943655589E-04 -0.98673666984106E-03
  0.12537446113591E-03 -0.33940130250586E-04 -0.22818326621964E-03
  0.28997629692477E-04  0.43119225632146E-04  0.15110936869438E-04
 -0.23113796253370E-04  0.28883208557095E-04 -0.99306532551416E-03
 -0.10512470103664E-03  0.48507486179454E-04 -0.15910450130625E-03
  0.47078377400174E-04  0.72797656329824E-04 -0.56335636840667E-04
 -0.26754908882717E-04  0.34661300714140E-04 -0.99087924918735E-03
  0.70782068883463E-04  0.35633686725873E-04 -0.98374262941322E-03
  0.56285055946865E-04  0.87867204465901E-04 -0.11981780068954E-03
 -0.16347691586861E-04 -0.19216328119607E-04 -0.73427604329710E-04
 -0.30962784321481E-04  0.36396755762364E-04 -0.98797378266803E-03
  0.95437589116237E-04 -0.67037282755089E-04 -0.18878114382676E-03
  0.46370431266667E-04  0.68860185871499E-04 -0.15240447320743E-03
 -0.34513685855165E-04  0.32674320639350E-04 -0.98536840478845E-03
 -0.20769506711762E-04 -0.28540895484497E-04 -0.99370657929277E-03
 -0.37755036628367E-04 -0.15434552111112E-05  0.43357822243694E-04
 -0.89200585837371E-04  0.79497260002941E-04 -0.19615413573922E-03
 -0.18812161189107E-04 -0.40843381074077E-04 -0.99313940170219E-03
 -0.60076010366119E-04  0.38218730616782E-04 -0.98205627493254E-03
 -0.23854572419809E-04 -0.10093271811753E-03 -0.30602755714810E-03
 -0.68971685941224E-04  0.11650455874356E-03 -0.25520968591527E-03
  0.17392321305711E-04 -0.56459406256947E-04 -0.97470930475576E-03
  0.61912693639232E-04 -0.90273570818754E-05 -0.97890632157372E-03
 -0.49392734097530E-04 -0.11824342518964E-03 -0.31882772323100E-03
  0.14189429506022E-04 -0.68869333105269E-04 -0.97714648022028E-03
  0.75878410930984E-04 -0.33493837334440E-04 -0.24995625796681E-03
 -0.76727861624752E-04 -0.96491400674018E-04 -0.28075172961362E-03
  0.10223334079372E-04 -0.76483328364838E-04 -0.98022574120678E-03
  0.43039486830017E-05 -0.24814508327343E-04 -0.25270861522250E-03
  0.18611226232372E-04 -0.21232686012899E-04 -0.97354530838763E-03
 -0.98144395297559E-04 -0.60306947260508E-04 -0.21680719139133E-03
 -0.60678403782368E-05 -0.58449807182744E-04 -0.27077751387474E-03
  0.48172951071706E-05 -0.79155187747849E-04 -0.98315391152667E-03
 -0.10652518354501E-03 -0.34713897073592E-04 -0.15721517564989E-03
 -0.12022225230211E-05 -0.77814439501973E-04 -0.98656318070059E-03
  0.11493453481668E-03  0.71921728399349E-05 -0.25764189819318E-03
 -0.10246054442967E-03 -0.20496532612276E-04 -0.10719489666953E-03
 -0.70508119307082E-05 -0.72033442810191E-04 -0.98914079067809E-03
 -0.54821085936365E-04  0.36413346538203E-04 -0.98494851501865E-03
 -0.89582742556294E-04 -0.12880786045932E-04 -0.62876427686685E-04
 -0.11575096523578E-04 -0.63092968413792E-04 -0.99088047945478E-03
  0.66704864977090E-04  0.15901365913013E-04 -0.97972063859768E-03
 -0.72900532349778E-04 -0.75359333413163E-05 -0.22208022209629E-04
 -0.15477572612624E-04 -0.52182204469649E-04 -0.99213520979464E-03
  0.14443468277575E-03  0.25373727532916E-04 -0.27320975071217E-03
 -0.55059961723435E-04 -0.41447774443348E-05  0.13804286315256E-04
  0.64224333030913E-04  0.40053705249377E-05 -0.97895527916011E-03
 -0.40509759764526E-04 -0.18778191258086E-04 -0.98458360893675E-03
 -0.29287948985915E-04 -0.29088319468886E-04 -0.98526446891167E-03
 -0.13356924656341E-04 -0.16201503477545E-05 -0.44734391551264E-04
 -0.45361756390215E-04 -0.28610477187254E-04 -0.17379901615910E-03
 -0.59401816650057E-04 -0.14063790736192E-04 -0.98153137098825E-03
 -0.61054100778317E-04  0.37222482337702E-04 -0.98519262322069E-03
 -0.40311185447087E-04 -0.36707977867024E-05 -0.13867992919245E-03
 -0.37594446231095E-04  0.85958417710696E-04 -0.15148606638049E-03
 -0.51177871394922E-04 -0.26254593793888E-04 -0.98251042639031E-03
  0.59880025638127E-04  0.11503913149658E-04 -0.97535547475447E-03
 -0.38865911778010E-04  0.14583144108057E-04 -0.12671354269422E-03
 -0.41635178278268E-04 -0.35285370440915E-04 -0.98395099004184E-03
  0.14047740644951E-03 -0.10088740443579E-04 -0.32252894949507E-03
 -0.39981068984441E-04  0.20706166697260E-04 -0.13679650592646E-03
 -0.32232684345786E-04 -0.38739817084402E-04 -0.98535193151965E-03
 -0.56459346620856E-04  0.32722190166298E-04 -0.98730971832697E-03
 -0.38263251952222E-04  0.17849300967670E-04 -0.15205718077158E-03
 -0.22138421081867E-04 -0.37297868608982E-04 -0.98585393801483E-03
  0.60501372527529E-04  0.25848729002351E-04 -0.97602842456431E-03
 -0.31488586754064E-04  0.74238195190916E-05 -0.16272058222603E-03
 -0.11075172481676E-04 -0.33378690275446E-04 -0.98588715973334E-03
  0.14697252407586E-03 -0.95746234346819E-06 -0.33099722688818E-03
 -0.20418173101369E-04 -0.83622661333754E-05 -0.16669969537515E-03
  0.27418705631858E-06 -0.28187807968569E-04 -0.98561226489239E-03
 -0.67237865470946E-04  0.52958867620409E-04 -0.10868867468963E-03
 -0.68709841445191E-05 -0.27324349730343E-04 -0.16620512049474E-03
  0.11120107583389E-04 -0.22438589660866E-04 -0.98559771547443E-03
  0.60436829494288E-04  0.37065874078353E-04 -0.97752190371987E-03
 -0.55285352383254E-04  0.31049946438862E-05 -0.15874672087386E-03
 -0.13350452093790E-04 -0.38878550474891E-04 -0.98514149357222E-03
  0.12292762290806E-03 -0.32249116438437E-04 -0.31362094448219E-03
 -0.64710872005902E-04 -0.21698471894236E-06 -0.98098583856065E-03
 -0.41220692663193E-04 -0.35994293369970E-04 -0.19975003978764E-03
  0.58778105721798E-04 -0.47374321276530E-05 -0.97509975419585E-03
 -0.83712290536702E-04  0.14996363763521E-04 -0.51838214373017E-04
 -0.41117082458663E-04 -0.29462308733538E-05 -0.99146321087550E-03
  0.71202562111264E-04 -0.92935901475006E-04 -0.32834233805928E-03
 -0.57704364655431E-04  0.17748144095856E-04 -0.12947380705867E-04
 -0.45371010010724E-04  0.10727726733616E-04 -0.99215545583413E-03
 -0.14783100313333E-04  0.10694669100377E-03 -0.24135099140871E-03
 -0.30408392744223E-04  0.23732494885496E-04  0.10008495801944E-04
 -0.48692287517159E-04  0.22774910357051E-04 -0.99190476779837E-03
  0.52480744849537E-04 -0.37517907812537E-04 -0.97552068413512E-03
 -0.48154446473362E-05  0.39979822691526E-04 -0.55613760520848E-06
 -0.52074012982722E-04  0.31345505793481E-04 -0.99078583726873E-03
  0.83373966760502E-04 -0.94891280380092E-04 -0.34350119310015E-03
  0.19689520708796E-04  0.69447962443239E-04 -0.52522293645520E-04
  0.13014082174567E-03 -0.22656466554146E-06 -0.31560870369775E-03
 -0.56180856159831E-04  0.36537735017820E-04 -0.98892709301982E-03
  0.37423806493796E-04  0.95468628754000E-04 -0.11976097229631E-03
 -0.60408406840005E-04  0.38343167080361E-04 -0.98634397358804E-03
  0.55891693791184E-04 -0.21094676171520E-04 -0.97478340691341E-03
 -0.65865028498192E-04  0.37531754718571E-04 -0.98230602491883E-03
  0.36723854127398E-04  0.88367993734492E-04 -0.16284705419973E-03
 -0.63741036873660E-04  0.34861288619537E-04 -0.98372746179752E-03
  0.10205253681627E-03 -0.65425519604073E-04 -0.32523075381666E-03
  0.14578202233109E-04  0.44822628353232E-04 -0.18204410977137E-03
 -0.66080116857386E-04  0.26215450619801E-04 -0.98180253499647E-03
 -0.16215892821103E-04  0.11393202187508E-03 -0.20848625807002E-03
 -0.17784810632032E-04 -0.75346218046849E-05 -0.19688293616807E-03
 -0.66568094015978E-04  0.13841634726329E-04 -0.98095918483048E-03
  0.49379652478594E-04  0.14080801552384E-05 -0.97356939311352E-03
  0.86078526310548E-04 -0.17642845590457E-04 -0.28422687746764E-03
  0.48202513353725E-04 -0.50723157973011E-04 -0.97714940060539E-03
 -0.83638626212692E-04  0.79329640505217E-05 -0.15171583257863E-03
 -0.22607751399028E-04 -0.29619477345938E-04 -0.98590830586065E-03
 -0.41466367294632E-04  0.32534382023926E-05 -0.98855109548090E-03
 -0.54255862418661E-04 -0.18232962293714E-04 -0.24226539562350E-03
 -0.69801077649302E-04  0.44335579639008E-05 -0.97881763655319E-03
  0.13398570438979E-04 -0.53971055912176E-04 -0.25248007506246E-03
 -0.70785095212739E-04 -0.27227881811030E-04 -0.24388498752942E-03
 -0.64895359138208E-04 -0.10748798129434E-04 -0.97956415198211E-03
 -0.10706820280524E-03  0.21198235361464E-04 -0.13788232581238E-03
 -0.67642403406895E-04 -0.82324659420710E-05 -0.21574733243028E-03
 -0.56610639957301E-04 -0.24062066010211E-04 -0.98071689934073E-03
  0.66808499415138E-04 -0.77047651031416E-04 -0.32078273836654E-03
  0.36252467723545E-04 -0.63361527367525E-04 -0.97696416359985E-03
 -0.57574246185713E-04  0.11323148278320E-04 -0.18474290994073E-03
 -0.46815587817529E-04 -0.34745184356533E-04 -0.98239940867491E-03
  0.38425325915544E-04 -0.89642681645182E-04 -0.31440540199046E-03
 -0.48283127217084E-04  0.14535770898278E-04 -0.17069715323625E-03
 -0.36655772428188E-04 -0.41837576853964E-04 -0.98403257529357E-03
 -0.33486999319167E-04 -0.83117253376214E-05 -0.98711955576373E-03
 -0.37331849059621E-04  0.34570612915479E-05 -0.16743087113560E-03
 -0.90560461302702E-04  0.16615466657550E-04 -0.15012520818909E-03
 -0.25497280424796E-04 -0.43980571837459E-04 -0.98540692932799E-03
  0.41959775573664E-04 -0.51013215568069E-04 -0.97521550225016E-03
 -0.23836971487748E-04 -0.15200926280058E-04 -0.16593520487283E-03
 -0.14246928960697E-04 -0.42075937400293E-04 -0.98617055484983E-03
  0.54447757822882E-04 -0.10124092512914E-03 -0.34130383614974E-03
 -0.85350595716617E-05 -0.37204050154344E-04 -0.16373721534134E-03
 -0.29611467686745E-05 -0.38080087470544E-04 -0.98646942504602E-03
  0.45972905120925E-04 -0.35033107315772E-04 -0.97424563950013E-03
  0.28531455638165E-04 -0.70583878879160E-04 -0.97943120327140E-03
 -0.71629361531429E-04  0.18644957012740E-04 -0.97933857393154E-03
 -0.21028165680306E-04  0.24059469764294E-04 -0.22001075280534E-03
 -0.70580366422065E-04  0.29928624511120E-04 -0.98110516034931E-03
 -0.52342807264249E-04  0.25204206294265E-04 -0.98873757156760E-03
 -0.10295980780759E-03  0.12544928569400E-04 -0.13929855800426E-03
 -0.31487686932605E-04 -0.19276298306061E-04 -0.98741060034822E-03
  0.58955987822195E-04  0.44082988548939E-04 -0.97903908884447E-03
 -0.10838126410448E-03  0.16633865495093E-04 -0.11770390381470E-03
 -0.39031751208279E-04 -0.71943475510725E-05 -0.98932847343886E-03
  0.90213097512726E-04  0.11405674497368E-05 -0.27888558043045E-03
 -0.93392568483782E-04  0.34271164407576E-04 -0.10351416209643E-03
 -0.98835936235558E-04  0.20391697631926E-04 -0.86667560060015E-04
 -0.45718158912606E-04  0.60356341342587E-05 -0.99059631502165E-03
  0.48377402029901E-04 -0.17091825250848E-04 -0.97383900109806E-03
 -0.76058664031103E-04  0.24587988420270E-04 -0.53900283882654E-04
 -0.50841307876383E-04  0.18372079570387E-04 -0.99073859768085E-03
  0.76784594825197E-04 -0.42759026784548E-04 -0.29212414014871E-03
  0.55123957103594E-04  0.47837655255228E-04 -0.98079490347440E-03
 -0.54237560781929E-04  0.28208880195429E-04 -0.98975602686394E-03
 -0.47815831868985E-04  0.14409674473602E-04 -0.98921117857658E-03
  0.45026047078188E-04  0.10961101887653E-04 -0.24157730213714E-03
 -0.15153968656477E-04  0.58722798947751E-04 -0.62102591912877E-04
 -0.58120774940244E-04  0.35381922925493E-04 -0.98795523700258E-03
 -0.10827151699207E-03  0.25700482128563E-04 -0.11976663803064E-03
  0.10699180791462E-04  0.91356661393026E-04 -0.12067345844480E-03
 -0.63307661960154E-04  0.38579356306908E-04 -0.98570319218177E-03
  0.48677922598117E-04  0.47787608850361E-04 -0.98280818235151E-03
  0.22006941383400E-04  0.10412380159741E-03 -0.17396590394315E-03
 -0.67583771636786E-04  0.37001320245554E-04 -0.98329966767564E-03
  0.10659203899868E-04  0.25143912826492E-04 -0.21291916028816E-03
  0.10276517409193E-04  0.76448127391282E-04 -0.20021484508208E-03
 -0.45914534879529E-04  0.34851611704062E-04 -0.38853406990107E-04
 -0.35350081437831E-04 -0.16307048093681E-04 -0.98998940397461E-03
 -0.10164044422283E-03  0.12002683129423E-04 -0.91314777836088E-04
 -0.70018507326311E-04  0.32481152111671E-04 -0.97975414765799E-03
 -0.11734722052638E-05 -0.67391193067790E-04 -0.98645705067047E-03
  0.16501322881171E-03  0.14120754563525E-05 -0.32666565452518E-03
 -0.98380539515811E-04 -0.61820415395904E-05 -0.14143111415385E-03
  0.45191758425191E-04  0.50724340325537E-04 -0.97882773401887E-03
 -0.98149310269654E-05 -0.59315077857250E-04 -0.98773156839190E-03
 -0.10109947438840E-03 -0.14111805820699E-04 -0.29768353474071E-03
 -0.10670934260454E-03 -0.24093898340051E-05 -0.12310437503958E-03
 -0.17584838521132E-04 -0.49090570515307E-04 -0.98867431944234E-03
  0.67715240752356E-04  0.30191163825908E-04 -0.97869829523911E-03
 -0.10347070088258E-03  0.21756860866056E-05 -0.95620079292230E-04
 -0.24735099962081E-04 -0.37654981564329E-04 -0.98981490019725E-03
  0.15496091475387E-03 -0.15189071279797E-04 -0.30999181062023E-03
 -0.89161971180025E-04  0.63743263877832E-05 -0.58976846201220E-04
 -0.30213491817033E-04 -0.25166616882246E-04 -0.99107094970720E-03
  0.93863171557722E-04  0.40330776898902E-04 -0.32008745506263E-03
 -0.67165541561880E-04  0.93266256851531E-05 -0.17436700491862E-04
 -0.34649473344934E-04 -0.11605613090047E-04 -0.99220715147633E-03
  0.67234022523740E-04  0.37368169146986E-04 -0.98000991282061E-03
 -0.42657471650403E-04  0.12153378935435E-04  0.20351754564239E-04
 -0.38259850243653E-04  0.22709710925740E-05 -0.99302586643367E-03
  0.11891289332852E-03 -0.38097801935309E-04 -0.26318840262604E-03
 -0.20452120035380E-04  0.16181326152041E-04  0.42501117153941E-04
 -0.41107161572742E-04  0.14702995123804E-04 -0.99346312080348E-03
  0.22471005252895E-04  0.25728845453102E-04  0.47668310039770E-04
 -0.41222472354283E-06  0.26754853782013E-04  0.38480207740854E-04
 -0.43081221101629E-04  0.25117675345676E-04 -0.99282161142860E-03
  0.65537099405745E-04  0.41952961159586E-04 -0.98182958407859E-03
 -0.79493120363623E-04 -0.90834611310760E-05 -0.15533419126692E-03
  0.66393323291114E-04  0.19927610880659E-04 -0.97763919601694E-03
  0.91688245675159E-05 -0.72746938898649E-04 -0.98422996420288E-03
 -0.51710864599841E-04 -0.13616037155995E-04 -0.17195908899181E-03
 -0.35168877055287E-04 -0.26983883736960E-04 -0.98471792795717E-03
  0.32541034355490E-04 -0.47563558161971E-04 -0.97383182549967E-03
  0.59609720441181E-04 -0.23002820544382E-04 -0.97716092436148E-03
 -0.16405446064420E-04  0.87776758410579E-05 -0.49381569292128E-04
 -0.63442641292444E-04  0.11730528073013E-04 -0.15712901819736E-03
  0.84663437379022E-04 -0.72473853652630E-04 -0.30652839893307E-03
 -0.21852116466437E-04  0.16193099280509E-04 -0.72944857300319E-04
 -0.22299088289756E-04 -0.25966206147721E-04 -0.98582858688630E-03
 -0.49949188686932E-04 -0.33387052186464E-04 -0.98026739500344E-03
 -0.27047669575277E-04  0.22901503830424E-04 -0.10138482617530E-03
 -0.13946283084675E-04 -0.19684076072291E-04 -0.98580190881364E-03
  0.61849337810553E-04 -0.78526233543831E-05 -0.97712298339751E-03
 -0.30136531526267E-04  0.28027017416171E-04 -0.12700846212521E-03
  0.19688532951711E-04  0.50362856911060E-04 -0.21079245549261E-05
 -0.47476113937750E-05 -0.12137346325783E-04 -0.98567352312720E-03
 -0.29740248674048E-04  0.28695657336042E-04 -0.14649240244439E-03
  0.50933567464179E-05 -0.49484451324852E-05 -0.98563136514979E-03
 -0.83905937879359E-04 -0.26219190203264E-05 -0.25622574155061E-03
 -0.25447451661501E-04  0.24284259715372E-04 -0.15852613796867E-03
  0.14850328003504E-04  0.25056778336979E-05 -0.98584178990155E-03
  0.64270322471124E-04  0.68348078367896E-05 -0.97748874973302E-03
 -0.17024673411493E-04  0.14066568650562E-04 -0.16414830048784E-03
  0.25161612670447E-04  0.95692242949853E-05 -0.98619168681344E-03
  0.14786074019509E-03 -0.54624627617616E-05 -0.31285281679054E-03
 -0.18738152508389E-04 -0.26306436068462E-04 -0.20072757733512E-03
  0.19788038241562E-04 -0.74386887274051E-04 -0.98190064241423E-03
  0.60888439101958E-04  0.58140355987685E-04 -0.30748802696095E-03
 -0.59707031512430E-04 -0.21164904470078E-04 -0.97881935522557E-03
  0.11586082820159E-03 -0.35724984303943E-04 -0.30134744189665E-03
 -0.66970214375568E-04 -0.61825529432855E-05 -0.97743523996232E-03
 -0.45755814299321E-04  0.32527706560138E-04 -0.99140216251559E-03
  0.76851178930257E-04 -0.45350060774806E-04 -0.21743380685946E-03
 -0.34859332255820E-04  0.23936478225988E-04 -0.13150138056057E-03
 -0.18099054118743E-04 -0.29217849380767E-04 -0.98590783583869E-03
  0.20978171070115E-04 -0.67665353631212E-04 -0.98326646731296E-03
 -0.34014385726456E-04  0.22349189582290E-04 -0.15138779733926E-03
 -0.76150276431037E-05 -0.23360815451921E-04 -0.98565807338924E-03
  0.12635413462646E-04 -0.13116269836920E-04 -0.18451496878052E-03
 -0.28601086190403E-04  0.15235566036516E-04 -0.16256888038236E-03
  0.31209537362078E-05 -0.16593372223995E-04 -0.98557370057664E-03
 -0.72063913257573E-04  0.22922287315328E-04 -0.97802411905796E-03
 -0.19205216521359E-04  0.27356244073152E-05 -0.16652448467459E-03
  0.13508018343402E-04 -0.96935581831921E-05 -0.98554102645751E-03
  0.32597643986924E-04 -0.66740812483132E-04 -0.98077069752678E-03
 -0.19702438498628E-04 -0.75051364400117E-05 -0.16808960598366E-03
  0.50011165430686E-04  0.33511830082028E-04 -0.97543870361922E-03
  0.92835469972995E-05 -0.64368046380545E-04 -0.98499426406131E-03
 -0.51501599764555E-04 -0.43449559939331E-05 -0.15974826237849E-03
 -0.36160133711464E-04  0.64253055848728E-04 -0.25756027515211E-03
 -0.14930623490661E-05 -0.57738859283175E-04 -0.98569610778436E-03
  0.98594734172918E-04  0.74171323470377E-06 -0.29470965531143E-03
 -0.79582490509690E-04 -0.98911702436996E-06 -0.15264674900096E-03
 -0.11680479834535E-04 -0.49122809887564E-04 -0.98630638426375E-03
  0.41335449370216E-04 -0.60555223205976E-04 -0.97880913629429E-03
 -0.99148604082921E-04  0.27650276913073E-05 -0.14138234380056E-03
 -0.20530682802922E-04 -0.39901044107385E-04 -0.98731488046440E-03
  0.59359575375751E-04 -0.61157025009450E-04 -0.27289786339538E-03
  0.50584825043732E-04  0.18803808638601E-04 -0.97403714186263E-03
 -0.10695728499056E-03  0.74060752885797E-05 -0.12196312581032E-03
 -0.28139681633238E-04 -0.28838336627122E-04 -0.98836479028641E-03
  0.40573088146391E-04 -0.29301044241280E-04 -0.21722506174144E-03
  0.20625581686026E-04 -0.84939860311888E-04 -0.30636232008170E-03
 -0.27606353881870E-04 -0.33505872272474E-04 -0.98565499715413E-03
 -0.33630456245626E-05  0.85293078222048E-05 -0.17282668503347E-03
  0.39008470593106E-04  0.80844503104860E-04 -0.71951334927167E-04
 -0.49633153413588E-04  0.36761725876393E-04 -0.98921960278060E-03
 -0.96983694391885E-04 -0.14314621375235E-04 -0.30657133333313E-03
  0.47651925593428E-04  0.92610479854687E-04 -0.13245629880580E-03
 -0.53059969908397E-04  0.36727501114313E-04 -0.98631389134353E-03
  0.61035135302992E-04  0.42529484704896E-04 -0.98386422131288E-03
  0.48583189380671E-04  0.44334493780243E-04 -0.97725450113894E-03
  0.36020854204986E-04  0.67557568045280E-04 -0.16225965362280E-03
 -0.56054168192428E-04  0.31735472652781E-04 -0.98367359715700E-03
  0.41679537825356E-04 -0.33545440644371E-04 -0.19090545402565E-03
  0.83925628833834E-05  0.16537837211102E-04 -0.17524592767959E-03
 -0.58181587068903E-04  0.22179885749958E-04 -0.98252538064333E-03
 -0.19300487267181E-04 -0.28514312306031E-04 -0.18047896622397E-03
 -0.31573571522336E-04  0.20323316577228E-04 -0.10523789439010E-03
 -0.58565988453570E-04  0.91806686447191E-05 -0.98246942425311E-03
  0.53983736545996E-04  0.39660541383649E-04 -0.98540964179448E-03
 -0.31050373514630E-04 -0.41551512821517E-04 -0.16112108032510E-03
 -0.56163588619999E-04 -0.44466612207311E-05 -0.98292958940507E-03
  0.15452097039197E-04 -0.12288179492736E-04 -0.17884076557924E-03
 -0.27230892128764E-04 -0.24451213324493E-04 -0.11622963543855E-03
 -0.50836125386322E-04 -0.16949964939594E-04 -0.98333793396760E-03
  0.10589400262499E-03  0.19355984412470E-04 -0.31173064617620E-03
 -0.23384837717216E-04 -0.17253778209080E-05 -0.82848191053237E-04
 -0.70153338034561E-04  0.14130254367901E-04 -0.28289138074817E-03
 -0.43592053978936E-04 -0.27377264261331E-04 -0.98381857791997E-03
  0.45074539773445E-04  0.34497547394217E-04 -0.98602167786221E-03
 -0.26132293261492E-04  0.12487335300593E-04 -0.83152884393096E-04
 -0.35951876512669E-04 -0.33258869952404E-04 -0.98479149522791E-03
 -0.71307323544034E-04  0.94236830927788E-05 -0.97720032279113E-03
  0.40817775924446E-04 -0.17813694364163E-04 -0.98497733044115E-03
  0.17389010262695E-05 -0.71753781893657E-04 -0.97916281737594E-03
  0.10228302282900E-04  0.10409803423642E-04  0.77212523724819E-04
 -0.21725413525821E-05 -0.20290533700627E-04 -0.37737884542556E-04
  0.26219623808971E-04 -0.13047879093089E-04 -0.98574069865629E-03
  0.86573776111112E-06 -0.95860192331170E-05 -0.35794842794083E-05
  0.22974388898878E-04 -0.13307685904812E-04 -0.98646037941250E-03
  0.24789855006919E-05 -0.14302972796095E-04 -0.98494224445639E-03
  0.34590728245783E-05 -0.59585500213346E-05  0.69301876748714E-05
  0.17544716686521E-04 -0.91188667160929E-05 -0.98707124629722E-03
  0.46379892068511E-04  0.45785451556404E-05 -0.14209733657353E-03
  0.71128409261271E-05 -0.48011597495858E-05  0.21594081370347E-05
  0.11625038277471E-04 -0.21865256318778E-05 -0.98699320644748E-03
  0.12204315098578E-04 -0.34088609778991E-05 -0.12794432034445E-04
  0.53633664555059E-05  0.55446012065538E-05 -0.98678599145426E-03
  0.11826957145045E-04 -0.19623545496981E-04 -0.98504132507763E-03
  0.19286427393554E-04 -0.48107936538612E-06 -0.35330931622327E-04
  0.35651513469304E-04  0.86320573167193E-05 -0.15856261093144E-03
 -0.51848821447940E-06  0.13554368597498E-04 -0.98696914584160E-03
  0.27256504294985E-04  0.34976917795900E-05 -0.62730547334103E-04
 -0.56095072207651E-05  0.21372857337862E-04 -0.98722246353285E-03
  0.34623055431277E-04  0.93913391495671E-05 -0.92891848671818E-04
 -0.95255626110817E-05  0.29271340556928E-04 -0.98720252608427E-03
  0.21285205011404E-04 -0.23625174406364E-04 -0.98521499076593E-03
  0.40338501094588E-04  0.16743128336348E-04 -0.12597434847898E-03
 -0.12018957334658E-04  0.36459684275463E-04 -0.98694707947220E-03
  0.35130557331598E-04 -0.25910609151325E-05 -0.81820697906639E-04
  0.42766617292918E-04  0.27358845531224E-04 -0.16319700004056E-03
 -0.12453094919971E-04  0.42828448177970E-04 -0.98581034180628E-03
  0.38959479418656E-04  0.44335609180663E-04 -0.20865458202398E-03
 -0.11161774443588E-04  0.47379435987199E-04 -0.98401299139633E-03
  0.31516316896067E-04 -0.26225048102323E-04 -0.98516365725603E-03
  0.28372838809028E-04  0.72918785906877E-04 -0.26425738306123E-03
  0.45182649527052E-04  0.49622018529206E-06 -0.11472525124328E-03
  0.26754266330568E-04 -0.91156720691831E-05 -0.98534462607206E-03
 -0.53310811364717E-05 -0.37700088266259E-04 -0.93669895201842E-04
 -0.75420902033146E-05 -0.81335039909523E-05 -0.98520088461340E-03
  0.25535212680169E-04 -0.62028281326159E-04 -0.49355738407652E-05
  0.25849155226341E-04 -0.19193589209275E-04 -0.99252993001346E-03
 -0.71446906029361E-04  0.29739712145544E-04 -0.16441220181504E-03
  0.21076520494546E-04 -0.46169363375979E-04  0.25347709182806E-04
  0.28869412666491E-04 -0.10708674664417E-04 -0.99293729112978E-03
  0.18488980969105E-04 -0.32024680114080E-04  0.48289005077921E-04
  0.31790512582971E-04 -0.14238347769618E-05 -0.99344635587604E-03
 -0.33306436366882E-04  0.15369475382782E-04 -0.98671757016762E-03
  0.18665242933956E-04 -0.19012720511983E-04  0.59430686363805E-04
  0.34066654592170E-04  0.79596676765298E-05 -0.99365283481445E-03
 -0.41946707175654E-04  0.22333820230195E-04 -0.16223613677154E-03
  0.24671712846726E-04 -0.27168974476979E-05  0.50329099135858E-04
  0.35968503495045E-04  0.16556449435488E-04 -0.99306187405443E-03
  0.40845504009528E-04  0.24419252869921E-04  0.90715337828934E-05
  0.36017413368743E-04  0.23838941585720E-04 -0.99209320744487E-03
 -0.25698198704201E-04  0.69675076986098E-05 -0.98622818211303E-03
  0.64961939430489E-04  0.59284124327040E-04 -0.61268870619792E-04
  0.26474420694341E-04 -0.22130040540750E-05 -0.98451688190023E-03
 -0.24227229084396E-05 -0.45178747366751E-04 -0.14389463011162E-03
  0.25866576751309E-04  0.68560435466372E-05 -0.98403074139704E-03
  0.13420391442218E-04 -0.26204940245877E-04 -0.16426938379767E-03
  0.15181955735116E-04  0.12640219206985E-04 -0.16442313443399E-03
  0.26099110803476E-04  0.17362757554890E-04 -0.98453770381613E-03
 -0.86756900470890E-05  0.50301019206896E-04 -0.98186851313864E-03
  0.41087988232431E-04  0.17149883647247E-04 -0.16265360574673E-03
  0.27998324636120E-04  0.25688843993819E-04 -0.98596353308769E-03
  0.68555863569553E-04  0.60824666790855E-04 -0.15270510636501E-03
  0.30647194324963E-04  0.29503754164198E-04 -0.98816042458161E-03
  0.78568686989314E-04  0.77795894072989E-04 -0.12358462304650E-03
 -0.11452512557708E-04  0.17224892512493E-04 -0.16372824766575E-03
  0.33905377957883E-04  0.28443584572789E-04 -0.99068657030268E-03
 -0.17017402826652E-04 -0.82099870851686E-06 -0.98552783610223E-03
  0.22037503668819E-04 -0.61205738225552E-05 -0.56021275529967E-04
  0.12830744766517E-04  0.10423945390393E-03 -0.31434960933198E-03
 -0.71216407595507E-05  0.50412653933432E-04 -0.97960386800495E-03
  0.10234552343534E-04 -0.21226995323366E-04  0.69563696824532E-04
  0.20621668843052E-04 -0.67417570589683E-05 -0.99376096697939E-03
  0.44821255670541E-04 -0.59080156459853E-05 -0.17925267005566E-03
  0.12552230243010E-04 -0.12690595198691E-04  0.75668947193064E-04
  0.22623953442051E-04  0.35206355536326E-05 -0.99397702808536E-03
  0.18515523603922E-04 -0.16978839814985E-05  0.68366402859892E-04
  0.24138052430861E-04  0.13428619754340E-04 -0.99371902191650E-03
  0.58512621154714E-04  0.13591141917177E-04 -0.98290072972569E-03
  0.31269361119425E-04  0.18446811597652E-04  0.36454919771166E-04
  0.24406612445431E-04  0.22016767449394E-04 -0.99296915635895E-03
  0.78879638137263E-04  0.41536243007190E-04 -0.17758574009625E-03
  0.53003570720494E-04  0.50154444582649E-04 -0.26885165191206E-04
  0.22785670265918E-04  0.28110946304869E-04 -0.99202558290246E-03
  0.71378728472615E-04  0.77521231770863E-04 -0.98497977653911E-04
  0.19036575232364E-04  0.31421138002952E-04 -0.98952731630777E-03
  0.59852251813430E-04  0.21438326642604E-04 -0.98461779294548E-03
  0.70361280128322E-04  0.73809872414946E-04 -0.14204185284952E-03
  0.15967763086319E-04 -0.10750110753434E-04 -0.98558176511099E-03
 -0.46283217748869E-05 -0.26395142024634E-04 -0.59867207546945E-04
  0.14772067825721E-04 -0.49364591388399E-05 -0.98508179526881E-03
 -0.75443896680605E-05 -0.42868589714574E-04 -0.11697979339314E-03
  0.94492557993669E-04  0.45696598060848E-04 -0.13260585762579E-03
  0.13770170146597E-04  0.38292395390157E-05 -0.98415949110579E-03
  0.57153403127376E-04  0.33789382429883E-05 -0.98227514865180E-03
 -0.99565392037747E-06 -0.40778299989797E-04 -0.15569016557429E-03
  0.13952884709013E-04  0.14011707080225E-04 -0.98398205902849E-03
  0.20229983484733E-04 -0.98148859357399E-05 -0.16463259492269E-03
  0.14576645600199E-04  0.23003633788004E-04 -0.98487154609193E-03
  0.48941561734163E-04  0.36750444256465E-04 -0.15858813995001E-03
  0.99889132572061E-04  0.64743179106072E-04 -0.16897563270430E-03
  0.16111481104325E-04  0.29656583953991E-04 -0.98686537047904E-03
  0.61084561757428E-04  0.25522776766318E-04 -0.98665508699696E-03
 -0.39209597304088E-04  0.24296453425742E-04 -0.98714512055718E-03
  0.18006261312485E-04 -0.16814641502776E-04 -0.99364893145351E-03
  0.15365931483593E-04 -0.26609823394944E-04 -0.99389016859222E-03
 -0.12939252883894E-05  0.10943755552794E-03 -0.32457529654717E-03
 -0.55362863668697E-05  0.47124933323969E-04 -0.97745263747063E-03
  0.40918345605517E-04 -0.25408131096960E-04 -0.98469290482089E-03
 -0.75322067231578E-05  0.76751167363335E-04 -0.29321441836653E-03
 -0.35321583899902E-05  0.38798664687580E-04 -0.97540034413103E-03
  0.11499867490269E-04 -0.14785954462786E-04 -0.54638815348278E-04
 -0.84952044360998E-05  0.34427626600206E-04 -0.26143718920698E-03
 -0.29899795963702E-05  0.25881503809966E-04 -0.97391441074192E-03
 -0.60292228048141E-04 -0.92069069747605E-04 -0.27071258203673E-03
 -0.27569028172304E-04 -0.52795892051563E-04 -0.98049047026858E-03
  0.47646988700133E-04 -0.21656654724009E-04 -0.98413808695722E-03
 -0.22547970910383E-04 -0.11090890946696E-03 -0.22654483687044E-03
 -0.19184320551177E-04 -0.59216960494136E-04 -0.98343572219263E-03
  0.54069286242325E-05 -0.32218757649486E-04 -0.88713457344584E-04
  0.41298240253736E-05 -0.12052787178262E-03 -0.18600496159284E-03
 -0.12153173343485E-04 -0.62335907009656E-04 -0.98601943167653E-03
  0.18088069436599E-04 -0.11861065413043E-03 -0.14654556243895E-03
  0.11701950816168E-04 -0.42356264008157E-04  0.33636021176677E-04
  0.16700464952641E-04 -0.43538958441221E-04 -0.17368637462872E-03
  0.11866451798785E-04 -0.35949085761863E-04 -0.99382824943562E-03
  0.14707879742489E-04 -0.56582473212142E-04  0.61127727662315E-05
  0.54688242167816E-04 -0.73056158449066E-05 -0.98265830433130E-03
  0.81078858580162E-05 -0.44823182047194E-04 -0.99338442859234E-03
  0.98695386334974E-05 -0.30726300361413E-04  0.54816173345384E-04
  0.18666775674025E-04 -0.73354610416664E-04 -0.27131211998324E-04
  0.22200007854272E-04 -0.91314634308523E-04 -0.65318474184818E-04
  0.47898275633824E-05 -0.49656701069122E-04 -0.14092368437960E-03
 -0.96697067231774E-06 -0.58365698132301E-04 -0.99063055884337E-03
  0.22765375219466E-04 -0.10770159910545E-03 -0.10584623327318E-03
  0.51916986401347E-04 -0.15838995780542E-04 -0.98352648864721E-03
 -0.61222375840461E-05 -0.61507447103099E-04 -0.98837797284554E-03
  0.39583601081309E-05 -0.52366398772452E-04 -0.99247513708803E-03
  0.63031613497610E-04  0.26437874370322E-04 -0.98805686912072E-03
  0.22407313729922E-04 -0.27382992158453E-04 -0.99238715215188E-03
  0.18142901587248E-04 -0.35535906655948E-04 -0.99190284580802E-03
  0.19660113168107E-04 -0.88930645353457E-04 -0.15380724755495E-03
  0.37070694043424E-05 -0.43900523886664E-04 -0.98814711652055E-03
  0.82321149645629E-04  0.61907919948762E-04 -0.15937754344502E-03
  0.31328834943519E-04 -0.10267524957636E-03 -0.14546444253510E-03
  0.12586560655927E-04 -0.38712561102156E-04 -0.98844559191825E-03
  0.39681320496458E-04 -0.10796276286367E-03 -0.13212540978660E-03
  0.20362995617446E-04 -0.32421660543073E-04 -0.98916602656606E-03
  0.52862608786273E-04  0.25358918059181E-04 -0.98669599595618E-03
  0.43623226798399E-04 -0.10564206672586E-03 -0.11191184789305E-03
  0.26875877177285E-04 -0.25476166416799E-04 -0.99004120344353E-03
  0.89218522660468E-04  0.69790694051328E-04 -0.13157415922419E-03
  0.43373759249399E-04 -0.96069862719826E-04 -0.83937811064121E-04
  0.32250415120495E-04 -0.18229098926584E-04 -0.99072386405318E-03
  0.39605900508165E-04 -0.81086624342548E-04 -0.49460895651485E-04
  0.51218610639278E-04  0.20426613669193E-04 -0.98513167204429E-03
  0.36642793049351E-04 -0.10792470585668E-04 -0.99164121050971E-03
  0.34043510438545E-04 -0.63580182020145E-04 -0.12642769722064E-04
  0.40027503752604E-04 -0.32093483518050E-05 -0.99269933746938E-03
  0.71182690302847E-04  0.39223259139647E-04 -0.72657828561618E-04
  0.28712409622701E-04 -0.45359797006516E-04  0.18751171621701E-04
  0.42845340229902E-04  0.51591485698290E-05 -0.99298027580618E-03
  0.27069154309477E-04 -0.26574376814727E-04  0.34869730979004E-04
  0.45227677129175E-04  0.13369038003121E-04 -0.99277427984881E-03
  0.55628190970761E-04  0.23477817364645E-04 -0.99037693920885E-03
  0.34260691563605E-04 -0.33369151238108E-05  0.23166282753647E-04
  0.47009503620868E-04  0.19863206864017E-04 -0.99196737355144E-03
  0.48716610044790E-04 -0.26027719630986E-05 -0.18048316210271E-04
  0.53824990947754E-04  0.31460009823995E-04 -0.26459621828496E-04
  0.46385882514393E-04  0.25199093009669E-04 -0.99065095157294E-03
  0.76962723958115E-04  0.66431597225944E-04 -0.96320367270174E-04
  0.54540401994546E-04  0.25497039353317E-04 -0.98873365936753E-03
 -0.67343639625770E-05 -0.47527465369291E-04 -0.98706772443273E-03
  0.39452387534031E-05 -0.68516087557293E-04 -0.16105707602222E-03
 -0.36963818758321E-04  0.41838185954981E-04 -0.98197550878473E-03
  0.67796693023205E-05 -0.96386025222421E-05 -0.23879897962538E-04
  0.34586987781115E-04 -0.19150302221636E-04 -0.98542311791590E-03
  0.44260695975038E-04 -0.13668183402969E-04 -0.98473682385649E-03
  0.15130308376467E-04 -0.47330473208334E-05 -0.28905181243567E-04
  0.26006405411020E-04 -0.16865023015053E-04 -0.98577901611886E-03
 -0.11589705739591E-05 -0.40258394241154E-04 -0.10180527720195E-03
  0.26249255205216E-04 -0.18765990562659E-05 -0.53935417047697E-04
  0.16894691389763E-04 -0.12258783043888E-04 -0.98579128298090E-03
  0.37045603706475E-04  0.12305408608421E-05 -0.88050404071530E-04
  0.78581596444507E-05 -0.69350479199251E-05 -0.98568163462905E-03
  0.46540196975434E-04 -0.69088650780656E-05 -0.98434870319331E-03
  0.43879251700265E-04  0.49709692910359E-05 -0.12014340520336E-03
 -0.74808059482493E-06 -0.95018879261705E-06 -0.98572461374552E-03
  0.42202409281698E-05 -0.47368247083092E-04 -0.15004700118274E-03
  0.42941510906916E-04  0.94971163428023E-05 -0.14393858226709E-03
 -0.88903572609123E-05  0.56583632777949E-05 -0.98583012286080E-03
  0.32680526798248E-04  0.14756799601193E-04 -0.15790788680338E-03
 -0.78744242812876E-04  0.93988183449605E-04 -0.26759595881845E-03
  0.54567941274598E-04  0.20681983748711E-04 -0.16691495173410E-03
 -0.34873684997988E-04  0.39218293173437E-04 -0.98400949967098E-03
 -0.63624659303879E-04  0.57913965776336E-04 -0.21235713639183E-03
  0.49975428282359E-04  0.12023232070444E-04 -0.98411124277623E-03
 -0.32705762809052E-04  0.34771259718860E-04 -0.98564831101488E-03
  0.43671652588263E-04  0.27779576957998E-04 -0.98885930745697E-03
 -0.38267969441152E-04  0.36434273655124E-04 -0.18169032724979E-03
 -0.10734326804166E-04  0.26111668609692E-04 -0.16971986270164E-03
  0.23574901587546E-04 -0.25209002524613E-04 -0.16848706830484E-03
 -0.24214984259612E-04  0.20175175879931E-04 -0.98628459834803E-03
  0.13804293812583E-04  0.19950484801112E-04 -0.16464947999900E-03
  0.48435241720728E-04  0.20352567778645E-05 -0.98383915772519E-03
 -0.16919819682025E-04  0.12968266427354E-04 -0.98600650249231E-03
 -0.29621183885503E-04  0.27884815117802E-04 -0.98644921017610E-03
  0.55495156921712E-04  0.19432274154288E-04 -0.99161611654916E-03
  0.81823635005507E-04  0.73104549598060E-04 -0.14295155668724E-03
  0.40928920682068E-04  0.25578415786294E-04 -0.98689983773829E-03
  0.34135924425499E-04  0.22732204412824E-04 -0.16336684133353E-03
 -0.19623341526574E-04  0.32640039066732E-04 -0.98653052983893E-03
  0.34590446183248E-04 -0.14923943380534E-04 -0.98857723953841E-03
  0.19284563676793E-04  0.32209548911584E-04 -0.18382136866840E-03
 -0.22356679374460E-04  0.38993365242344E-04 -0.98551762515831E-03
  0.44700988289830E-04 -0.10197083615039E-03 -0.13789154017350E-03
 -0.16906691056406E-05  0.49873096062774E-04 -0.21327115301860E-03
 -0.23421216393548E-04  0.43793693779395E-04 -0.98375214515423E-03
 -0.23476338802796E-04  0.80940746667436E-04 -0.25920479188588E-03
 -0.23283651569637E-04  0.46034498851212E-04 -0.98210379566379E-03
  0.26565355145991E-04 -0.21817265377997E-04 -0.98765718968895E-03
 -0.38554460734844E-04  0.11202068431552E-03 -0.30609771884547E-03
 -0.22833724568453E-04  0.45539293219413E-04 -0.97940639021467E-03
  0.35184408475209E-04 -0.94048161695670E-04 -0.14995666412882E-03
 -0.42580356303200E-04  0.11203986868540E-03 -0.31468710954591E-03
 -0.23002338807402E-04  0.41771018957520E-04 -0.97703467720746E-03
 -0.93785936100676E-05 -0.76633702860757E-04 -0.18584951345139E-03
  0.34195755718548E-04 -0.95094759821521E-04 -0.72264533287206E-04
  0.73065665927953E-05 -0.59758784334086E-04 -0.16069647973657E-03
  0.12771732921585E-04 -0.43040478606740E-04 -0.99116929520804E-03
  0.35109001392934E-04 -0.10732207147074E-03 -0.10229114769528E-03
  0.76807525309425E-05 -0.33469903883518E-04 -0.98633154458279E-03
  0.58590837215546E-05 -0.49098773201082E-04 -0.99015835041785E-03
 -0.15726022631558E-04  0.25187884636346E-04 -0.98700005970627E-03
  0.32239691387531E-04 -0.11271260721744E-03 -0.12758034018312E-03
  0.25182926520489E-04 -0.10974061105337E-03 -0.14738702859721E-03
  0.22304390106059E-04 -0.79452270613115E-04 -0.15633456969934E-03
 -0.10338250233966E-04 -0.56072208456823E-04 -0.98704575226077E-03
  0.11840404935377E-04 -0.97490311343569E-04 -0.16499734900358E-03
  0.17526168026406E-04 -0.28109408366609E-04 -0.98707731339372E-03
 -0.19315956574620E-04 -0.54801462175652E-04 -0.98446177034760E-03
 -0.16273906479200E-05 -0.53678625896025E-04 -0.98884428502152E-03
  0.30576799469123E-04 -0.78992142025214E-04 -0.38796714741440E-04
  0.41460715466446E-04  0.15614783105163E-04 -0.14378397881458E-03
 -0.10365094123302E-04  0.18292878842579E-04 -0.98668473052968E-03
  0.40056533339594E-04 -0.35231318253205E-04 -0.19575233012638E-05
  0.63070107897543E-04  0.43186036495824E-04 -0.15978592133308E-03
  0.39515082631698E-04  0.19207244788017E-04 -0.98508635231490E-03
  0.32669475312006E-04 -0.37780599012472E-05 -0.16583027217716E-03
  0.38383545827071E-04  0.10129149332607E-04 -0.98416627670483E-03
  0.53426527761808E-04  0.13147667329886E-04 -0.99203323850966E-03
  0.78437306221130E-05 -0.39023119605025E-04 -0.15956035624062E-03
  0.37556070696927E-04  0.23977531269532E-06 -0.98445257920712E-03
  0.42180484573361E-04 -0.59563206600258E-04 -0.19420945701628E-04
 -0.27826044323484E-05 -0.45294557272393E-04 -0.12426902763229E-03
  0.36959972769197E-04 -0.76604474459070E-05 -0.98512658804005E-03
 -0.27204149916744E-05 -0.30115111928192E-04 -0.67383551660691E-04
  0.35816227580515E-04 -0.12713174744898E-04 -0.98539089678712E-03
  0.50435247016617E-04  0.60959775960220E-05 -0.99173799073214E-03
  0.51884882305586E-06 -0.14323096733199E-04 -0.21872158317957E-04
  0.32588374420537E-04 -0.14878221002055E-04 -0.98575814277874E-03
  0.47422493730389E-04 -0.79153655418824E-04 -0.53028626869723E-04
  0.41841905742958E-04  0.95506461828730E-05 -0.12057827421188E-03
  0.41198360343658E-04 -0.79286238700579E-05 -0.98969060706081E-03
 -0.36860417189512E-05  0.10993188821148E-04 -0.98651446387924E-03
  0.36733851763720E-04  0.45395776219247E-05 -0.92124535550716E-04
  0.39161746011011E-05  0.38928026238166E-05 -0.98632860112212E-03
  0.28004636130365E-04  0.20829237195555E-06 -0.60402104013619E-04
  0.50099607524317E-04 -0.10196291695903E-03 -0.11771459574103E-03
  0.50603223892992E-04 -0.93721931349356E-04 -0.88673527854130E-04
  0.18552208374236E-04 -0.24873546028194E-05 -0.31093699718543E-04
  0.46202876001998E-04 -0.83047076082375E-06 -0.99070377513128E-03
  0.19369567920941E-04 -0.91373224380267E-05 -0.98634805146490E-03
  0.10520041923540E-04 -0.46121154454610E-05 -0.10530177729534E-04
  0.26577603647418E-04 -0.13565866940738E-04 -0.98630633122852E-03
  0.46947821793363E-05 -0.70203290935600E-05 -0.47367215893450E-05
  0.11736314786394E-04 -0.26383358818364E-05 -0.98622872326408E-03
 -0.10099591170550E-05 -0.11825137834150E-04 -0.14397126401723E-04
  0.15129503256219E-04 -0.13574212955805E-04 -0.98609501745380E-03
  0.73326192686354E-04 -0.29978586250443E-06 -0.81012601762818E-04
  0.63569192797104E-04  0.14250003402436E-04 -0.98155697809770E-03
  0.17496295566013E-04  0.11803919990786E-04  0.69522234390580E-04
  0.16670709979776E-05  0.17595030803381E-04 -0.99427391183367E-03
  0.10830027471336E-03  0.44725418109195E-04 -0.21097371522498E-03
  0.31678229806898E-04  0.32696823665996E-04  0.28882642673047E-04
  0.53233161719903E-06  0.26404397971340E-04 -0.99297392656451E-03
  0.51410457524512E-04  0.63241789709741E-04 -0.39897114729535E-04
 -0.25060364417505E-05  0.31960698465575E-04 -0.99113892596471E-03
  0.65554151334283E-04  0.22476540378854E-04 -0.98346310546199E-03
  0.64677062431702E-04  0.83921134099160E-04 -0.10785265313760E-03
 -0.62717525512272E-05  0.34120566119961E-04 -0.98877376058371E-03
  0.12187097871126E-03  0.43504436389899E-04 -0.20472181686258E-03
  0.58419670400410E-04  0.71710164105691E-04 -0.14567200064089E-03
 -0.95814216016361E-05  0.31188604181623E-04 -0.98629664046662E-03
  0.77203659074356E-06  0.65992523481259E-05 -0.99502602636775E-03
  0.34570096727850E-04  0.29829945987295E-04 -0.16002396599226E-03
  0.68033053026506E-04  0.27424770922772E-04 -0.98520992880839E-03
  0.65020475296711E-05 -0.17068282602781E-04 -0.16440891662117E-03
 -0.11470429361466E-04  0.14430539994995E-04 -0.98420834537351E-03
  0.10941800774084E-03  0.41208307570691E-05 -0.17001851493881E-03
 -0.11157730167316E-04 -0.43075076918531E-04 -0.14987477235302E-03
 -0.10956971961663E-04  0.41914599859405E-05 -0.98458839732752E-03
 -0.12437705881159E-04 -0.39318183849263E-04 -0.10386746194124E-03
 -0.88325127312745E-05 -0.47689931481835E-05 -0.98508556530518E-03
  0.69350458864628E-04  0.29715083256116E-04 -0.98634527009917E-03
 -0.60246456164055E-05 -0.21110042500589E-04 -0.46301115246430E-04
 -0.71707469115985E-05 -0.11902134255026E-04 -0.98528352681250E-03
  0.88335337067105E-04 -0.44657223147176E-04 -0.13300743421391E-03
 -0.13554104760310E-05 -0.74833535107201E-05 -0.80783041335666E-05
 -0.69865823381462E-05 -0.15387301518051E-04 -0.98589879611945E-03
 -0.11230853020416E-04  0.24020051279920E-04 -0.98458970967502E-03
  0.78240814377640E-05  0.15015745833433E-05  0.85738271140382E-04
 -0.30223758588024E-06 -0.56627242946710E-05 -0.99534333768503E-03
  0.84194639687507E-06 -0.37490534828259E-05  0.89023536231109E-04
 -0.16019789469210E-04 -0.36889416195677E-04 -0.97435959487606E-03
 -0.71616563668495E-04 -0.10977374545388E-03 -0.31532833180699E-03
 -0.12518137854723E-04 -0.52369754308904E-04 -0.97602310466260E-03
  0.52922473275793E-04 -0.26778436682361E-04 -0.98290077565442E-03
 -0.78197595715435E-04 -0.14411095063986E-03 -0.33426035120880E-03
 -0.93399610159852E-05 -0.63938913748148E-04 -0.97830789553124E-03
  0.15367727287313E-04 -0.46560217264930E-04 -0.14436605934119E-03
 -0.71427868953166E-04 -0.14412195932649E-03 -0.29981713399704E-03
 -0.71243153430086E-05 -0.71355152430698E-04 -0.98157594599813E-03
 -0.58242529356620E-04 -0.11497067108625E-03 -0.21754570410494E-03
 -0.59488226183255E-05 -0.73563578775260E-04 -0.98527598671387E-03
  0.57168946401232E-04 -0.18942141566589E-04 -0.98185684263926E-03
 -0.46090860725693E-04 -0.78971557346286E-04 -0.12427713548916E-03
 -0.64237147772656E-05 -0.72525868457064E-04 -0.98856135643699E-03
  0.19093382928666E-04 -0.57953081369698E-04 -0.18783423153816E-03
 -0.35476573950382E-04 -0.50853509165560E-04 -0.47599477709110E-04
 -0.66924450606419E-05 -0.67872922005446E-04 -0.99114512930974E-03
  0.74159120691556E-04  0.82753781786191E-05 -0.20510517198198E-03
 -0.21751618672889E-05 -0.17855571415678E-04 -0.99528696272192E-03
 -0.48838338244452E-05 -0.73649321905265E-05  0.85780259468904E-04
  0.61512936539564E-04  0.32371005322616E-05 -0.98042031474171E-03
 -0.44696803103901E-05 -0.29815335777775E-04 -0.99486489186648E-03
 -0.10342579440103E-04 -0.10998082313420E-04  0.77815220363503E-04
  0.46022712450088E-06 -0.21211623582584E-05  0.62542045686522E-05
 -0.63296695257286E-05 -0.41006693782453E-04 -0.99448991603815E-03
  0.39563895537705E-04 -0.36674644990073E-04 -0.20363779667822E-03
 -0.69673676773464E-05 -0.51194539160968E-04 -0.99388350393391E-03
 -0.20716231307794E-04 -0.21930076906450E-04  0.41384106273907E-04
  0.60256541358488E-04 -0.84283414555655E-05 -0.98068975702222E-03
 -0.69993140066782E-05 -0.60678416516411E-04 -0.99278325024600E-03
 -0.27098224959992E-04 -0.32913234550817E-04  0.61173579469169E-05
 -0.15243649311346E-04 -0.15333067392569E-04  0.63858292742943E-04
 -0.80314875307970E-05 -0.13851965199021E-04 -0.98667720470936E-03
  0.68365124887824E-04  0.29729964326897E-04 -0.98738867908551E-03
  0.35204475272999E-06 -0.66190116268799E-07  0.66800340480375E-05
  0.26569060234179E-05 -0.61799375266669E-04 -0.97614874467500E-03
 -0.82274046003090E-04 -0.13549907836526E-03 -0.32607036789697E-03
  0.13634895635152E-05 -0.21783703370945E-04 -0.49196222500550E-04
  0.34379809962533E-04  0.37224097201181E-05 -0.98639383663117E-03
 -0.91872063466908E-04 -0.10794431121830E-03 -0.26619903943324E-03
 -0.19461369279726E-06 -0.76578057527155E-04 -0.98235492753135E-03
  0.10004182756316E-04 -0.34997112499339E-04 -0.16198478094509E-03
 -0.90831870359441E-04 -0.69588403526852E-04 -0.17942572219025E-03
 -0.30877870353480E-05 -0.77928873540423E-04 -0.98570649354029E-03
 -0.80598303132758E-04 -0.40752892780823E-04 -0.10058972364478E-03
 -0.58976226150673E-05 -0.74585273280098E-04 -0.98897685122485E-03
  0.24211682052000E-04 -0.29334601651503E-05 -0.98566814387183E-03
 -0.66604160590236E-04 -0.24049447930136E-04 -0.39163317239958E-04
 -0.88717383756852E-05 -0.66985882741537E-04 -0.99162546427512E-03
 -0.59414621300451E-05 -0.14835080745005E-04 -0.16559216337394E-03
 -0.51617492687672E-04 -0.14989749905268E-04  0.67008572349841E-05
 -0.11300746439782E-04 -0.57280881964466E-04 -0.99307023627634E-03
  0.27502730264458E-05  0.33375510945315E-05 -0.16596703636472E-03
 -0.11215322102798E-04  0.12713031169574E-05 -0.99538897430231E-03
  0.94572645811798E-06  0.31033047870540E-05  0.86283479734020E-04
 -0.40426504935229E-05 -0.34433064040307E-04 -0.98436180247220E-03
 -0.12349275556984E-04 -0.11347733732062E-04 -0.99524444350488E-03
 -0.73891811373217E-05 -0.79701527138291E-06  0.84805244806890E-04
 -0.62831622879765E-04 -0.12545137978215E-03 -0.32661012793318E-03
 -0.13404747223605E-04 -0.23523932936975E-04 -0.99461969212543E-03
 -0.30493566816216E-04  0.76623316842938E-05 -0.16237449536248E-03
 -0.13404528280935E-04 -0.35127756313456E-04 -0.99414995130485E-03
 -0.26034546074628E-04 -0.63988093532524E-05  0.61772029028915E-04
 -0.14874810758213E-04 -0.26753613416818E-04 -0.98473264170283E-03
 -0.12734110627846E-04 -0.46594595458853E-04 -0.99380611744537E-03
 -0.37562550429143E-04 -0.98042282887668E-05  0.39344401860443E-04
 -0.16258792322894E-04 -0.36665223699529E-05  0.76431396332113E-04
 -0.52809534361452E-04 -0.61802127015861E-04 -0.27995091152474E-03
  0.26646456614736E-04 -0.55872969075828E-04 -0.15762004700659E-03
 -0.39476388619507E-04 -0.82388189181997E-04 -0.28715318736893E-03
 -0.84919036343917E-05 -0.80118405225598E-05 -0.98704093694489E-03
  0.74497277497760E-04 -0.77212706572237E-04 -0.12213547679840E-03
 -0.53089404271251E-06  0.19383827579991E-05  0.15075676884288E-06
 -0.71822313868252E-05  0.16979495113066E-06 -0.98679037343124E-03
 -0.21922181184581E-05  0.46431183782461E-05 -0.11329258219394E-04
 -0.46298282669005E-05  0.89376273611245E-05 -0.98648970503550E-03
  0.65008834542493E-04  0.26446626888577E-04 -0.98829117197048E-03
 -0.42695500148212E-05  0.85539888406894E-05 -0.28546276483202E-04
 -0.59381734854816E-06  0.17429220765925E-04 -0.98661311159047E-03
  0.66205618782042E-04 -0.89920963918694E-04 -0.13019393730441E-03
 -0.70553366771896E-05  0.14917474164139E-04 -0.52514243593861E-04
  0.45072181507845E-05  0.25691441833252E-04 -0.98674812623821E-03
 -0.10145646353248E-04  0.24270448333536E-04 -0.84716109096793E-04
  0.10728541259793E-04  0.33606660700430E-04 -0.98676534205343E-03
  0.59087042527024E-04  0.21123870524688E-04 -0.98838586796330E-03
 -0.12332092488973E-04  0.35811965922241E-04 -0.12518992499545E-03
  0.17681121080257E-04  0.40626607593162E-04 -0.98619862136946E-03
  0.43753751210607E-04  0.97194262953629E-05 -0.98711056078325E-03
  0.45275057012970E-06 -0.30364490333028E-04 -0.97368690184022E-03
 -0.20045409234712E-04 -0.38466901844694E-04 -0.25707591871380E-03
 -0.88043007731248E-06 -0.11038836045548E-04 -0.97340219287800E-03
 -0.98631487202749E-05 -0.12340751905458E-04 -0.24993278064633E-03
  0.42501761677339E-04 -0.74688481020784E-04 -0.15153471789305E-03
  0.19477726267125E-05 -0.47840279548212E-04 -0.97446193117949E-03
  0.39790775550304E-04  0.52788112248985E-04 -0.98081145711226E-03
  0.52004247055783E-04  0.15540098812399E-04 -0.98786660324202E-03
  0.32784431948867E-04  0.51282376487671E-04 -0.98295929230809E-03
  0.67571871345745E-06  0.59884104048747E-04 -0.22373825733123E-03
  0.25301227746835E-04  0.46983355385875E-04 -0.98495061946993E-03
 -0.10119967552749E-04  0.48712680140474E-04 -0.17265131717508E-03
  0.55979345495221E-04 -0.87667808287750E-04 -0.14210931691552E-03
  0.24997703033985E-04  0.64867076413030E-04 -0.27234156763570E-03
  0.21663393804230E-04 -0.24105408258922E-04 -0.10292934756266E-03
 -0.19439690268722E-04 -0.19219466369283E-04 -0.97306171001450E-03
 -0.34230796227820E-04 -0.23179786422263E-04 -0.25940764862510E-03
  0.16602478998100E-04  0.34526767546709E-04 -0.97445357585163E-03
  0.47655967363854E-04  0.34136037065007E-05 -0.98860899687752E-03
 -0.86784816206707E-04 -0.80319057655167E-04 -0.31256301959364E-03
 -0.29023580144292E-04 -0.41722116318345E-04 -0.97530212622181E-03
  0.49970633156254E-04 -0.94410347587687E-04 -0.13845673102683E-03
 -0.80039872800337E-04 -0.11733469810383E-03 -0.31652242541810E-03
 -0.22380630386180E-04 -0.54281691025418E-04 -0.97803733581335E-03
 -0.56102215647408E-04 -0.13846254353530E-03 -0.29167096285567E-03
 -0.16261338035760E-04 -0.62769341036415E-04 -0.98121110544572E-03
  0.40209832107589E-04 -0.27469235912153E-05 -0.98757419344607E-03
 -0.29580472667023E-04 -0.13693780607103E-03 -0.23662523271556E-03
 -0.11585236841883E-04 -0.67334095069524E-04 -0.98460717067921E-03
  0.38163314298250E-04 -0.84019538796199E-04 -0.15074079045518E-03
 -0.10779271711946E-04 -0.11833675281953E-03 -0.16592183251501E-03
 -0.76926840502662E-05 -0.67915367222218E-04 -0.98751177060246E-03
 -0.22310310037515E-05 -0.93320744233471E-04 -0.97066806648169E-04
 -0.52268074060215E-05 -0.65649699181072E-04 -0.99002481271591E-03
  0.69392589518908E-05 -0.23230060735570E-04 -0.99475994945038E-03
 -0.14679867284241E-06 -0.19164117060878E-04  0.73052415691090E-04
 -0.81547247793095E-04  0.53399658302537E-04 -0.31252219482246E-03
  0.41220062177385E-05 -0.34010677725327E-04 -0.99462387277611E-03
 -0.12108898189486E-05 -0.26062199107694E-04  0.58704253932567E-04
  0.21751384097734E-04 -0.16364733032678E-04 -0.98635223927407E-03
  0.21792155715056E-04  0.41239592919433E-04 -0.27714451354447E-03
  0.11904407221597E-05 -0.44471757989613E-04 -0.99424292372172E-03
 -0.12855460475038E-05 -0.53463657735208E-04 -0.99352595936851E-03
 -0.31803336807533E-06 -0.49718961011910E-04  0.56925660990989E-05
  0.23743621456378E-04 -0.67937334751043E-04 -0.15818614194010E-03
 -0.35289943936017E-05 -0.60586661353231E-04 -0.99194137117007E-03
 -0.13828430720021E-06 -0.69119871643059E-04 -0.38794991875178E-04
  0.31379426367309E-04 -0.96139177793488E-05 -0.98663990587935E-03
 -0.12710437400164E-05 -0.35887346979607E-04  0.37127397687113E-04
  0.84945217146615E-05 -0.48150425620903E-04 -0.16265448633004E-03
  0.14933888708927E-04  0.45167714807864E-04 -0.97578313867761E-03
  0.57125204635656E-04 -0.96628363955411E-04 -0.11917830868141E-03
  0.88712903408324E-06 -0.60736133963462E-05  0.71991864218856E-05
  0.12177247638043E-04 -0.11627875449447E-04 -0.98692126398187E-03
  0.27307999150854E-05 -0.46796552334841E-05  0.12805350137127E-04
  0.81971948206734E-05 -0.49050130515698E-05 -0.98737459298928E-03
  0.63858468972952E-04  0.24965490657697E-04 -0.98937406353023E-03
  0.47313581879194E-05 -0.41314569426442E-05  0.91724869899330E-05
  0.37622014758288E-05  0.36622653501519E-05 -0.98744454400925E-03
  0.59315492241046E-04 -0.43148979500561E-04 -0.56035071639339E-04
  0.75895742939897E-05 -0.29576621865835E-05 -0.13647684945773E-05
 -0.33391235447922E-06  0.12260678102731E-04 -0.98741539088051E-03
  0.11977446036266E-04 -0.40345575522217E-06 -0.18426967949079E-04
 -0.33962467544921E-05  0.20874137814532E-04 -0.98736304881192E-03
  0.62038766999399E-04  0.21264273460527E-04 -0.99049884451052E-03
  0.16947187547864E-04  0.35622615164901E-05 -0.42339120280210E-04
 -0.51561842110026E-05  0.28822188993356E-04 -0.98699516616339E-03
  0.57242753785494E-04 -0.72068199890724E-04 -0.66355386784734E-04
  0.22794322492398E-04  0.10095675212452E-04 -0.74138986188272E-04
  0.11998839043126E-04  0.52145951935993E-04 -0.97771065461421E-03
  0.38648551097701E-04  0.10899219633129E-03 -0.34743166236054E-03
  0.53931759021791E-04  0.97525968258865E-05 -0.98969545999025E-03
  0.86725912489672E-05  0.54041399130864E-04 -0.98061550503555E-03
  0.41562783516996E-04  0.97169767996319E-04 -0.31709054427623E-03
  0.41468062434821E-05  0.52551347624011E-04 -0.98316139196709E-03
  0.31429690957882E-04  0.83735660085672E-04 -0.32152377973497E-03
  0.39517581786022E-04  0.65762672037942E-04 -0.24702221116458E-03
 -0.39245292669886E-06  0.48550061149306E-04 -0.98494072139496E-03
  0.35014753815941E-04  0.37993091420587E-04 -0.17424844583656E-03
  0.58676247872352E-04  0.16012452752983E-04 -0.99046218801134E-03
 -0.37280865084119E-05  0.42984789728301E-04 -0.98605921371135E-03
  0.29227094009100E-04  0.20245745635581E-04 -0.11676911198695E-03
 -0.53195758813446E-05  0.36513905731157E-04 -0.98663214666052E-03
  0.58650504182061E-04 -0.89240627854244E-04 -0.92806689825110E-04
 -0.99509394115057E-05  0.13549255255302E-04 -0.99488118163988E-03
  0.28600023403051E-05 -0.13550269841899E-04  0.82166804019662E-04
  0.71778303485509E-05 -0.79345801544814E-05  0.85356494517159E-04
  0.10023038172323E-05 -0.90940803849569E-05 -0.98708083495798E-03
  0.41409663168060E-04  0.27195585953535E-05 -0.15700659251263E-03
  0.17110217781673E-05 -0.23612605621709E-05  0.12184604882123E-04
 -0.12800841413308E-05 -0.15598483955233E-05 -0.98737547573733E-03
  0.24096864114928E-05 -0.16455781404909E-05  0.75160557156863E-05
 -0.25058882322123E-05  0.74019173856747E-05 -0.98730095289424E-03
  0.14970728250238E-04 -0.32037464216718E-04 -0.98511694058489E-03
  0.33669605863340E-05 -0.10135165716463E-06 -0.28479395142405E-05
 -0.29892305265973E-05  0.16408709248037E-04 -0.98717586155264E-03
  0.49363626540869E-04 -0.53356613664972E-06 -0.13881718243311E-03
  0.42386607834169E-05  0.30524003891058E-05 -0.19963238677381E-04
 -0.23396165734737E-05  0.24902285236207E-04 -0.98709590406557E-03
  0.54200335251706E-05  0.86426745983967E-05 -0.45725035158618E-04
  0.16514507458893E-06  0.32398990326209E-04 -0.98671821269750E-03
  0.25693164225875E-04 -0.35674438773448E-04 -0.98496162129497E-03
  0.66855711480027E-05  0.18032302318778E-04 -0.82825831806961E-04
  0.43644242742350E-05  0.39653709310861E-04 -0.98608783115556E-03
  0.46088274998490E-04 -0.32728925230470E-04 -0.98367915700349E-03
  0.31854743213902E-04  0.49869003985031E-04 -0.97702878688679E-03
  0.63142574102782E-04  0.84124139340748E-04 -0.34110070872602E-03
  0.27373943653302E-04  0.54115086731169E-04 -0.97940817134614E-03
  0.46693857678828E-04  0.96240385801682E-04 -0.33316942831810E-03
  0.32890420156468E-04 -0.10148550041134E-04 -0.94823915528254E-04
  0.15029245719598E-05 -0.30659373457016E-05  0.11390535018964E-04
  0.21739669885934E-04  0.54667583960190E-04 -0.98207245075696E-03
  0.36676785967184E-04 -0.35892500469592E-04 -0.98452187031565E-03
  0.15587724589661E-04  0.51504831851709E-04 -0.98390231774048E-03
  0.14877403779416E-04  0.56395400682085E-04 -0.20331283806071E-03
  0.95837522834930E-05  0.46081983859515E-04 -0.98516763837091E-03
  0.88568111045889E-05  0.33590436966468E-04 -0.13494105274819E-03
  0.44675183006853E-04 -0.41393548891960E-05 -0.11363450545032E-03
  0.27704640741778E-04  0.81890450127905E-04 -0.27825337686007E-03
  0.97614833612864E-05 -0.12107310951912E-04 -0.99475254287077E-03
  0.42817282985777E-05 -0.27336375261153E-04 -0.98450407099948E-03
  0.59032108711496E-07 -0.62406421064447E-05  0.10472558455058E-05
  0.11349166686983E-04 -0.68545737609301E-06 -0.99456163075943E-03
 -0.34699578282527E-04  0.33635230089820E-05 -0.98705274707904E-03
  0.13350982046539E-04 -0.45370448248344E-07  0.79785160343583E-04
  0.12189640735445E-04  0.10527090947163E-04 -0.99439429397546E-03
 -0.70421335179437E-04  0.19504481946608E-04 -0.15652596744601E-03
  0.23850794002692E-04  0.14456014131302E-04  0.56435348088567E-04
  0.12525423606268E-04  0.20077875953900E-04 -0.99362207919018E-03
  0.41715727124004E-04  0.40755449237102E-04  0.38164501085969E-05
  0.11443020892594E-04  0.27291999297928E-04 -0.99238612848967E-03
 -0.25551824793007E-04 -0.55929038709288E-05 -0.98575701630378E-03
  0.62109621775291E-04  0.72116640914318E-04 -0.69838250357026E-04
  0.82874937452695E-05  0.32169979577102E-04 -0.99034721101536E-03
 -0.38798588226338E-04  0.14998509119264E-04 -0.16126408646798E-03
  0.69284181812762E-04  0.81656914180981E-04 -0.12701881221889E-03
  0.48151135670172E-05  0.32195496885699E-04 -0.98784613355742E-03
  0.54943638898405E-04  0.55993735586188E-04 -0.15277700493995E-03
  0.24734006328368E-05  0.27685262200729E-04 -0.98556949711078E-03
  0.42062230254911E-05 -0.12879217845386E-04 -0.98584703717974E-03
 -0.30564214690229E-05 -0.15578127384207E-04 -0.28777886065154E-04
  0.22088160285031E-04  0.65167301926980E-05 -0.16487936737605E-03
  0.38524374029963E-05 -0.76530416053006E-05 -0.98540310159348E-03
 -0.78757891430900E-05 -0.32788833366121E-04 -0.81824910380180E-04
 -0.54911490365219E-05 -0.21568574142614E-04 -0.98425156206570E-03
  0.30689424658372E-05 -0.13788889905045E-04 -0.98650823688180E-03
  0.22908369040452E-05 -0.17964896303185E-06 -0.98474698886274E-03
  0.12691837004434E-05  0.93280629011085E-05 -0.98426973701792E-03
  0.18948495527257E-05 -0.31786590796567E-04 -0.16163618373769E-03
 -0.60415443781528E-05  0.10443439707186E-04 -0.16483082130775E-03
  0.94715920518836E-06  0.19505220916077E-04 -0.98427993843008E-03
  0.27039279073319E-04  0.89595563397306E-05 -0.16259565048616E-03
 -0.15326668374993E-04 -0.14130536357185E-04 -0.98497872832758E-03
 -0.94638777397850E-05 -0.44970515936248E-04 -0.13528329924163E-03
 -0.39696839402871E-04 -0.42928780352774E-04 -0.98000349718352E-03
 -0.77181357807272E-05  0.67630378704987E-05 -0.25087256426057E-03
 -0.10702792413421E-03  0.92046016217597E-05 -0.33368241813455E-03
 -0.45173949911875E-04 -0.30290585987193E-04 -0.97530628958478E-03
 -0.94872292537940E-04 -0.69372027698773E-04 -0.31112613521675E-03
 -0.36722349337172E-04 -0.43274819813061E-04 -0.97791996069632E-03
 -0.79821999367412E-04  0.12364663716107E-03 -0.31899310448506E-03
 -0.39096729038507E-04  0.41013953011609E-04 -0.97915769560698E-03
 -0.70778767948914E-04  0.11812679615450E-03 -0.32728058230243E-03
 -0.40340315392184E-04  0.35845678828245E-04 -0.97587169735665E-03
 -0.60797083992841E-04  0.80547734085351E-04 -0.30181933294449E-03
 -0.41641556292958E-04  0.24916336686545E-04 -0.97394481916017E-03
 -0.55866657882420E-04  0.37554419472956E-04 -0.28156489709836E-03
 -0.42102004468066E-04  0.94265571028157E-05 -0.97321355542511E-03
 -0.61086004068890E-04 -0.40774133680621E-06 -0.28146419785908E-03
 -0.39847996692753E-04 -0.83304749277586E-05 -0.97291925322809E-03
 -0.75163449925409E-04 -0.39121249782992E-04 -0.29537378454913E-03
 -0.37044476990641E-04  0.75789067265490E-04 -0.28750428495321E-03
 -0.23292230461753E-04  0.31741674443888E-04 -0.97501347326299E-03
 -0.28987465826428E-04  0.35062265553976E-04 -0.26249127005435E-03
 -0.23313932853572E-04  0.17755020330458E-04 -0.97335862112710E-03
 -0.26549492995163E-04  0.52781473467868E-05 -0.25475280251423E-03
 -0.22217557257089E-04  0.97386025982832E-07 -0.97282771734858E-03
 -0.67028431020834E-04  0.13632317591214E-04 -0.97530844619998E-03
 -0.10949286607989E-03 -0.43520102585328E-04 -0.33238060911135E-03
 -0.51968442683877E-04 -0.14341283313772E-04 -0.97391941419279E-03
 -0.35155949280943E-04 -0.25756946015908E-04 -0.97381827061368E-03
 -0.56340886705514E-04  0.27891630027013E-05 -0.97355197603970E-03
 -0.10314510382821E-03 -0.10693977665536E-04 -0.32843990607687E-03
 -0.12082943255208E-03 -0.16655144212650E-04 -0.34406544001714E-03
 -0.58843885033612E-04 -0.17997095731636E-04 -0.97634101494593E-03
 -0.10945966872151E-03 -0.26372768507597E-04 -0.31832884323640E-03
 -0.50030017956421E-04 -0.32140185003040E-04 -0.97826576682921E-03
 -0.77349797838860E-04 -0.34644514906807E-04 -0.26620932676969E-03
 -0.23864793225625E-05  0.86626297645530E-05 -0.97336869382213E-03
 -0.39780505182486E-04 -0.52573597879414E-04 -0.21777580753308E-03
 -0.28962652408359E-04 -0.50437151386881E-04 -0.98221828309787E-03
 -0.93656541763171E-04  0.42567065575742E-04 -0.17836291748120E-03
 -0.42923054018486E-04  0.31285100736731E-04 -0.98636882633040E-03
 -0.64581534046898E-04 -0.17176761245199E-05 -0.97524428472867E-03
 -0.45910012087864E-04  0.36923055364960E-04 -0.98458752390332E-03
 -0.10285551421913E-03  0.69693154823348E-04 -0.21625275821219E-03
 -0.57439494580288E-04  0.18470208000720E-04 -0.97426398908456E-03
 -0.55940232147426E-04  0.30850075325790E-04 -0.97559568067854E-03
 -0.78124734596499E-04  0.12012892383242E-03 -0.33223247611357E-03
 -0.78957740852694E-04  0.77818913340395E-04 -0.31709956656258E-03
 -0.86254630079882E-04  0.13377632839908E-03 -0.32668081890856E-03
 -0.49300421128586E-04  0.39911499953719E-04 -0.98192645735207E-03
 -0.97925451765135E-04  0.10892856220408E-03 -0.27784737873604E-03
 -0.53174085913685E-04  0.38246808805584E-04 -0.97829420862551E-03
 -0.88796136269103E-04  0.30947244516809E-04 -0.31592850976886E-03
  0.29108179584729E-04 -0.16099414804800E-04  0.13503537129745E-02
  0.21392652889532E-04  0.14484258696168E-04  0.15419769338954E-03
  0.11467915157086E-04 -0.32152683157614E-05  0.15508089225923E-03
  0.25042736596983E-04 -0.33053221318411E-05  0.13539707784993E-02
  0.16854400596019E-04  0.69259452256946E-05  0.15328095410770E-03
  0.21071762322721E-04  0.10930863706517E-04  0.13544621505678E-02
  0.30365043504833E-04  0.26728275006732E-04  0.16203724101475E-03
  0.25870596149194E-04  0.20836414157591E-04  0.15663859562323E-03
  0.14759934490858E-04  0.40911511589277E-04  0.13493172025046E-02
  0.29027943242985E-05 -0.17584668976472E-04  0.16377055472013E-03
  0.12204585569943E-04  0.55081090580971E-04  0.13443405210627E-02
  0.35453661434202E-04  0.33620227792546E-04  0.17204341669302E-03
  0.99994957988354E-05  0.68472763176638E-04  0.13380137187096E-02
  0.40666779925383E-04  0.42713692555188E-04  0.18959840412326E-03
  0.17642374424230E-04  0.25807384414860E-04  0.13528413396346E-02
  0.32850523553015E-04 -0.27000736193242E-04  0.13438012992828E-02
  0.37400447854196E-04 -0.32756522239395E-04  0.13256254544195E-02
  0.35183611431600E-04 -0.34973842249106E-04  0.13362450504257E-02
  0.80023649357022E-05  0.80138832947280E-04  0.13306114602194E-02
  0.60491474567082E-05  0.18055779911583E-04  0.15744803179994E-03
  0.36691666891760E-04  0.16392811614630E-04  0.13459427587133E-02
  0.31281928539622E-05  0.25484744383322E-04  0.19592628066496E-03
  0.38574668702994E-04  0.10553726899593E-04  0.13396993212606E-02
  0.37212899703716E-05  0.31934003359659E-04  0.25842436188514E-03
  0.38810395570016E-04  0.68918487275429E-06  0.13330965693679E-02
 -0.14964163205680E-05  0.20602133993006E-04  0.31574813519784E-03
  0.38340349704472E-04 -0.11663965769063E-04  0.13278039693020E-02
 -0.18123537583558E-04 -0.17458837664579E-04  0.34362710882031E-03
  0.38099041199732E-04 -0.23498856263144E-04  0.13248985226192E-02
 -0.35459742051289E-04 -0.60050838180878E-04  0.33724347204880E-03
 -0.38907685298263E-04 -0.75501094592497E-04  0.29612550359408E-03
  0.36442476390606E-04 -0.37380598712075E-04  0.13298082732626E-02
 -0.26751206731498E-04 -0.60612720256754E-04  0.23577588173717E-03
 -0.10126364089235E-04 -0.37171858986667E-04  0.18779758937472E-03
  0.46644096653792E-04  0.56735359627714E-04  0.21788279584937E-03
  0.13941664580493E-04 -0.17108625494427E-04  0.19923021287685E-03
  0.53629746496765E-04  0.78696256686710E-04  0.26194016755170E-03
  0.89310715516247E-05 -0.37422552083405E-04  0.24150779166883E-03
 -0.21962706703335E-04 -0.59775369312356E-04  0.13169858780546E-02
  0.32700892782666E-04  0.17537179460319E-04  0.13497437238278E-02
 -0.16845074420043E-04 -0.54352252385998E-04  0.13264517745661E-02
  0.15154399637226E-04 -0.52416101024405E-05  0.17134337569230E-03
 -0.10632888735820E-04 -0.46458128012807E-04  0.13341861788521E-02
  0.15261782255941E-04  0.66687109348395E-06  0.15408884337042E-03
 -0.41238077415055E-05 -0.36471587542940E-04  0.13402698210839E-02
  0.15075280404921E-04  0.36203182293986E-05  0.14508837093710E-03
  0.20399012416773E-05 -0.24766282664357E-04  0.13449384884812E-02
  0.15022011324134E-04  0.53250153474486E-05  0.14086155070787E-03
  0.75857202458873E-05 -0.12953063464809E-04  0.13484124126882E-02
  0.14607111206056E-04  0.64405519934222E-05  0.13916538562150E-03
  0.12129009673578E-04 -0.13251870762967E-05  0.13510314964414E-02
  0.13187444065817E-04  0.82983511197595E-05  0.13888302412974E-03
 -0.25983158495206E-04 -0.62156839803321E-04  0.13053552169834E-02
  0.62913347612518E-05  0.88583451543080E-04  0.13219251800371E-02
 -0.27893101947045E-05 -0.68206684082704E-04  0.30005399983590E-03
 -0.25349557541564E-04 -0.10353247628083E-03  0.36916634188577E-03
  0.54188201929118E-05  0.92853385164091E-04  0.13114461007921E-02
  0.61215048264036E-04  0.11129933103124E-03  0.32439939004378E-03
  0.55195349191177E-05  0.92727448577257E-04  0.12988155761097E-02
  0.67048412221259E-04  0.15063210850851E-03  0.39550917133861E-03
  0.63914196141327E-05  0.86909908481690E-04  0.12844917298028E-02
  0.66767390001551E-04  0.17512738463759E-03  0.43916291465732E-03
  0.74385043083756E-05  0.75542233097025E-04  0.12693062904802E-02
  0.58877778164892E-04  0.15429378894733E-03  0.41953309416441E-03
  0.83352158472657E-05  0.58197587652760E-04  0.12545453771041E-02
  0.45695388740495E-04  0.92930357341234E-04  0.35492422950274E-03
  0.91843189113620E-05  0.37636121438830E-04  0.12435820046654E-02
  0.34116468503184E-04  0.27968177378962E-04  0.30689733266898E-03
  0.94000156846257E-05  0.15229628205031E-04  0.12383359142738E-02
 -0.58169873689586E-04 -0.12520209452059E-03  0.42415608091529E-03
 -0.31960030088071E-04 -0.53942072706894E-04  0.12764823042702E-02
 -0.29224317873034E-04 -0.60319168747079E-04  0.12915685517842E-02
  0.11757393949004E-04  0.12835536929953E-04  0.14336711808187E-03
  0.12715202429580E-04  0.16359288307361E-03  0.43585580003244E-03
  0.16898804463646E-04  0.96092910229969E-05  0.14208827049576E-03
 -0.31574689327495E-04 -0.70763573658586E-04  0.32583804933016E-03
  0.53171118312523E-04 -0.35371239603512E-04  0.13264796432380E-02
 -0.27950846024749E-04 -0.71810253598821E-04  0.27288928561439E-03
  0.51465063650875E-04 -0.36743682693393E-04  0.13316378459154E-02
 -0.13069787157409E-04 -0.50825182187630E-04  0.21352203198938E-03
  0.49220511277632E-04 -0.31278484105978E-04  0.13385935816544E-02
  0.20203582126937E-05 -0.28300916050346E-04  0.17525508590178E-03
  0.45404705092157E-04 -0.21521625046653E-04  0.13458176393035E-02
  0.13962530277528E-04 -0.11477759413857E-04  0.15897177516790E-03
  0.40492951237056E-04 -0.93772228536780E-05  0.13508676987590E-02
  0.23252968463677E-04  0.14714410242306E-06  0.15520759657276E-03
  0.35662097643529E-04  0.44519331262167E-05  0.13525130229357E-02
  0.31283400243345E-04  0.75045182088398E-05  0.15747369100612E-03
  0.31009619162139E-04  0.19770148857846E-04  0.13512991862095E-02
  0.38967686258945E-04  0.13155087485970E-04  0.16329919297186E-03
  0.54742445448291E-04 -0.28307706495313E-04  0.13240759483214E-02
  0.26705685652000E-04  0.35311866358545E-04  0.13482190583112E-02
 -0.18551254206821E-04 -0.36958656477551E-04  0.34703526802552E-03
  0.60518121798339E-07  0.71313143326325E-05  0.33275147727395E-03
  0.91890873551806E-05 -0.54738120130004E-05  0.13416075849223E-02
  0.29207139494157E-04  0.96041823379907E-05  0.16723298598224E-03
  0.20255098815382E-04  0.40379290715211E-05  0.13449269055962E-02
  0.26018614987266E-04  0.99144973781717E-05  0.15487134662249E-03
  0.30177241191242E-04  0.12714437871159E-04  0.13471086403385E-02
  0.20984337666789E-04  0.10978569461713E-04  0.14652183623543E-03
  0.38990804028791E-04  0.18307235910875E-04  0.13476912188559E-02
  0.14054081994416E-04  0.13725568483347E-04  0.14680277369616E-03
  0.46470234292780E-04  0.19356044556757E-04  0.13460916579593E-02
  0.80961804363014E-05  0.18905444131089E-04  0.16666443940791E-03
  0.51802166601647E-04  0.15560108336729E-04  0.13417097177379E-02
  0.74744375766359E-05  0.27145677154550E-04  0.21714014003952E-03
  0.54579436109421E-04  0.74831834027525E-05  0.13353554218496E-02
  0.88182458312082E-05  0.29599105469553E-04  0.28415148310761E-03
  0.55414031308607E-04 -0.41740335610906E-05  0.13293357469117E-02
  0.55556006845774E-04 -0.17228558624397E-04  0.13252814592160E-02
  0.47208720533667E-04  0.18139528235959E-04  0.17291573978948E-03
  0.22742882746356E-04  0.50282020642719E-04  0.13436128064633E-02
  0.55179644645263E-04  0.23173746242078E-04  0.18745043954324E-03
 -0.38730136293678E-04 -0.56171182165090E-04  0.13125598594274E-02
  0.16963070055551E-04 -0.23121513954893E-04  0.25593719840668E-03
 -0.31920864952455E-04 -0.52108518018361E-04  0.13211984571388E-02
  0.21267627519789E-04 -0.86008452840278E-05  0.21991701183059E-03
 -0.23456835975998E-04 -0.45645858799449E-04  0.13284815466429E-02
  0.22679580958749E-04  0.69661140881003E-06  0.19175030277845E-03
 -0.14272889399565E-04 -0.37211118627019E-04  0.13344829495699E-02
  0.22913352042570E-04  0.54763591682039E-05  0.17161587892557E-03
 -0.48388218440572E-05 -0.27572497500588E-04  0.13398516401767E-02
  0.22867902051916E-04  0.77115540300127E-05  0.15833260786175E-03
  0.44970150297118E-05 -0.16652891817639E-04  0.13442883419166E-02
  0.22277607044230E-04  0.82458034956415E-05  0.15068705346939E-03
  0.13194279994045E-04 -0.51545175261417E-05  0.13475497596420E-02
  0.20310100789953E-04  0.84461322188910E-05  0.14556830314134E-03
  0.21024702450086E-04  0.52336307842056E-05  0.13498189639622E-02
  0.67724427823003E-05 -0.41848344218010E-04  0.29787760488902E-03
 -0.44451671961165E-04 -0.56725982314937E-04  0.13019688531003E-02
 -0.13623312031944E-04 -0.61091796906181E-04  0.34313390144912E-03
 -0.11194135384995E-04  0.49834873678101E-04  0.12491711606407E-02
  0.18517404080940E-04  0.64270900905387E-04  0.13380579502606E-02
  0.62236720936241E-04  0.29145087237427E-04  0.20871018863878E-03
  0.14110370017103E-04  0.76857327882426E-04  0.13317742209685E-02
  0.68493544311058E-04  0.38983429498837E-04  0.23810065315042E-03
  0.97163502577885E-05  0.86449968674247E-04  0.13248797298611E-02
  0.71871491798502E-04  0.54278904467069E-04  0.27572309256442E-03
  0.54459097790070E-05  0.92639332124670E-04  0.13165216432209E-02
  0.27425584132264E-04  0.13461004216068E-04  0.13507647665905E-02
  0.69948772199305E-04  0.77537329837722E-04  0.32135101577796E-03
  0.59509294262974E-04  0.11071271405067E-03  0.37372421089554E-03
 -0.26365751244726E-05  0.90556727950999E-04  0.12920616815061E-02
  0.38958524513234E-04  0.14793713169013E-03  0.42253229269019E-03
 -0.62521406508421E-05  0.82640238396390E-04  0.12769053701581E-02
  0.15693398963088E-04  0.91731047781104E-05  0.13521979626593E-02
 -0.91073992378602E-05  0.68583651289036E-04  0.12620969823584E-02
 -0.92652401387110E-05  0.13109501985961E-03  0.39280864559495E-03
  0.15208418912841E-05  0.94074593159314E-04  0.13057339516155E-02
  0.10155911487252E-04  0.11718413408484E-04  0.14083745211083E-03
  0.63767618535485E-05  0.56516633274849E-05  0.15422984810989E-03
  0.53485366934880E-05  0.16755323349411E-04  0.15062884829900E-03
 -0.97446304905511E-06 -0.17868481884444E-04  0.13504797876106E-02
 -0.22868743446439E-05  0.47789261682814E-05  0.15655254723731E-03
 -0.29028792518383E-05 -0.69778070380135E-05  0.13531397846719E-02
 -0.92757074404313E-06  0.17988439037558E-04  0.15712965264293E-03
 -0.43572223352202E-05  0.55371265483505E-05  0.13530187054029E-02
 -0.10065745325978E-05  0.29427432742717E-04  0.16037423324246E-03
 -0.51690179236385E-05  0.19452356239686E-04  0.13508156114360E-02
 -0.21432697369962E-05  0.40230316885096E-04  0.16558437209177E-03
 -0.55786128221394E-05  0.33116908460954E-04  0.13469717376227E-02
 -0.29381260344135E-05  0.51118703724748E-04  0.17381533346997E-03
 -0.51529778380419E-05  0.46484203014200E-04  0.13420013937116E-02
 -0.29945636009173E-05  0.63096434101461E-04  0.18740445263527E-03
 -0.42015523289835E-05  0.59198572452259E-04  0.13359467410501E-02
 -0.14298455101538E-05  0.77242808078051E-04  0.20882442923220E-03
 -0.20082315167966E-05  0.70703613859341E-04  0.13292916499935E-02
 -0.64606870661550E-05 -0.10848101654568E-04  0.16136474634395E-03
  0.21878056645213E-05  0.94250070277961E-04  0.23919726026680E-03
  0.97775215914253E-06 -0.27645438403441E-04  0.13447469775688E-02
  0.19900870990758E-05 -0.35094542410554E-04  0.13373445141020E-02
  0.12620158590537E-06  0.21821808740098E-04  0.16592349056725E-03
  0.71926285639762E-05  0.18983615071070E-04  0.13458735675252E-02
 -0.33016974648397E-05  0.30882618631936E-04  0.21178736951538E-03
  0.65435123980540E-05  0.12654917387234E-04  0.13397465806109E-02
 -0.55948213666000E-05  0.35672880318010E-04  0.27384487381812E-03
  0.50907924444746E-05  0.16310703680123E-05  0.13334645941220E-02
 -0.15239228061437E-04  0.18385199143013E-04  0.32409348372570E-03
  0.38017303914822E-05 -0.11595588297326E-04  0.13284554287961E-02
 -0.34331119298564E-04 -0.23876712601904E-04  0.34460678363098E-03
  0.27149727227680E-05 -0.23783009191980E-04  0.13259505564798E-02
 -0.50007820044593E-04 -0.63777774917513E-04  0.33113203047803E-03
  0.17613061468585E-05 -0.33232169573876E-04  0.13269014698678E-02
 -0.48593480815246E-04 -0.72897081685419E-04  0.28368126682588E-03
  0.18457155573491E-05 -0.37554182749845E-04  0.13310188810279E-02
 -0.32653409401856E-04 -0.54786419260949E-04  0.22251579204953E-03
 -0.16357004054995E-04 -0.31122360102742E-04  0.17980004139196E-03
  0.68604272360111E-05  0.19819367477264E-04  0.13502142278503E-02
  0.20690248183298E-05  0.79971055930624E-04  0.13219523397695E-02
  0.82917892205725E-05  0.85671252367287E-04  0.13135445449633E-02
  0.12481359570262E-04 -0.58200696065738E-04  0.13159499878686E-02
 -0.18355577782779E-05 -0.32730391607251E-04  0.23541777219603E-03
  0.11258089464629E-04 -0.50950051977869E-04  0.13251466002636E-02
 -0.19000229670759E-06 -0.22064745128554E-04  0.20321697672031E-03
  0.10054159635373E-04 -0.41183632137401E-04  0.13321600725824E-02
  0.15844236328823E-05 -0.15281493814864E-04  0.17926316364483E-03
  0.81355666675141E-05 -0.30293643258359E-04  0.13377845687215E-02
  0.29322700053253E-05 -0.98822575821357E-05  0.16180993324189E-03
  0.54891112482885E-05 -0.18546478290304E-04  0.13429107925486E-02
  0.44014485993276E-05 -0.48594285041680E-05  0.15004562905624E-03
  0.20462541096444E-05 -0.66428918417272E-05  0.13469082444068E-02
  0.60646062205869E-05  0.19447079975121E-06  0.14238085314712E-03
 -0.10708696879190E-05  0.49763101288322E-05  0.13498146633470E-02
  0.63352425307848E-05  0.53003697041042E-05  0.13876395320870E-03
 -0.37039166269824E-05  0.15073691990282E-04  0.13510775552109E-02
 -0.42387622434490E-05 -0.49332059774733E-04  0.27707417721741E-03
  0.98302331700043E-05  0.11362949270700E-03  0.27909386803189E-03
  0.13609340719602E-04 -0.61803149370837E-04  0.13038257714018E-02
  0.14402083617586E-04 -0.60618308065026E-04  0.12891341235755E-02
  0.24622815763998E-04  0.13152688491802E-03  0.32652424596283E-03
  0.16651276530985E-04  0.86319910289405E-04  0.13034103558211E-02
  0.50840399878041E-04  0.14106829554496E-03  0.37545649226098E-03
  0.26593262242020E-04  0.81020565508428E-04  0.12919332802197E-02
  0.90648602784310E-04  0.13337270895365E-03  0.41575630456140E-03
  0.37186369842533E-04  0.69239530231136E-04  0.12800341149702E-02
  0.13322053605863E-03  0.10539177724777E-03  0.43440956335298E-03
  0.45382770049169E-04  0.52292356971250E-04  0.12687660229441E-02
  0.22783143471979E-04 -0.93409246707667E-04  0.36538243267344E-03
  0.10926825695643E-04 -0.27267162811603E-04  0.12451770085291E-02
  0.12864651386772E-04 -0.14295480274967E-03  0.42526512857877E-03
  0.12486109749624E-04 -0.42586868062313E-04  0.12572769537572E-02
  0.22640777648777E-06 -0.14533507775626E-03  0.43489734810343E-03
  0.14029249146041E-04 -0.54152647038833E-04  0.12728683835157E-02
 -0.73544850347595E-05 -0.11204806005573E-03  0.39031301851205E-03
 -0.73746471661526E-05 -0.75722432847618E-04  0.33009947796308E-03
  0.18792017803706E-04  0.16142795257788E-04  0.13516682433300E-02
  0.50398538885977E-05  0.15028164244610E-04  0.14462849152136E-03
  0.83125046696680E-05  0.95964741790072E-05  0.13813200379821E-03
  0.19871442105234E-05 -0.73730758086131E-05  0.15787891826688E-03
  0.12585298067953E-04 -0.10691109269398E-04  0.13530508348241E-02
  0.30740668344277E-04  0.83992309157191E-05  0.18353243703691E-03
  0.98035711280596E-05  0.19910115816367E-05  0.13549344823415E-02
  0.87262637423864E-05  0.15996157281551E-04  0.15390794711714E-03
  0.74562596069352E-05  0.15825315028112E-04  0.13543076479775E-02
  0.10365944843055E-04  0.24665203958260E-04  0.15491589803552E-03
  0.56224982379211E-05  0.30251212140040E-04  0.13517417813296E-02
  0.12024967696587E-04  0.32350302231447E-04  0.15746620813442E-03
  0.41056304491227E-05  0.44453466193987E-04  0.13475377210233E-02
  0.13630453498355E-04  0.40442784286728E-04  0.16362005937685E-03
  0.31299595211743E-05  0.57823290546749E-04  0.13418826973169E-02
  0.16013797560804E-04  0.50399249497004E-04  0.17550906562223E-03
  0.27039356544683E-05  0.70185407629942E-04  0.13349021756004E-02
  0.19610086297488E-04  0.63966627512514E-04  0.19604603397866E-03
  0.15713721278645E-04 -0.22236811829813E-04  0.13481349931572E-02
  0.32304723966188E-05  0.80695046103968E-04  0.13268208375996E-02
 -0.66100005383993E-05 -0.24305079355695E-04  0.17053345616319E-03
 -0.21193449265191E-04 -0.46011472747816E-04  0.20291629768739E-03
  0.21430366340601E-04  0.18251893289276E-04  0.13487311520473E-02
  0.73032015911803E-06  0.24133053921638E-04  0.18006439027028E-03
  0.23000446882133E-04  0.14472053595697E-04  0.13433170101474E-02
 -0.35627251536917E-06  0.32649677387340E-04  0.23493994264050E-03
  0.22400252786047E-04  0.59252792181488E-05  0.13367459932311E-02
 -0.30529737927128E-05  0.30550528380594E-04  0.29623059443591E-03
  0.21087636577623E-04 -0.57931508173939E-05  0.13306281471847E-02
 -0.16156117567589E-04  0.16682578771026E-05  0.33567470407967E-03
  0.20380045873581E-04 -0.18335883791328E-04  0.13263576683754E-02
 -0.35700769424214E-04 -0.43991098119735E-04  0.34275629071604E-03
  0.19616346590337E-04 -0.28982169531256E-04  0.13254029548334E-02
 -0.45944110139572E-04 -0.73036983917885E-04  0.31526808130113E-03
  0.18982346126367E-04 -0.35741952412972E-04  0.13281928174512E-02
 -0.38449062937118E-04 -0.68450872139201E-04  0.25912577995959E-03
  0.19055847520197E-04 -0.36839128168676E-04  0.13335288240404E-02
  0.18299678074514E-04 -0.31570418409064E-04  0.13407362386795E-02
  0.59362094406010E-05  0.15069534426730E-04  0.13521751725788E-02
  0.25376837138677E-04  0.83570028146016E-04  0.23000498279006E-03
  0.34239745079446E-04  0.11047084145969E-03  0.28167032656194E-03
 -0.49529818343483E-05 -0.56747946495088E-04  0.27055912890303E-03
 -0.67203182625404E-05 -0.63239167715557E-04  0.13106675267736E-02
  0.37266331856933E-05 -0.31636949470906E-04  0.21775531579929E-03
 -0.45796301819487E-05 -0.58153698883719E-04  0.13220726902120E-02
  0.73768257227622E-05 -0.17278245894984E-04  0.18322582658716E-03
 -0.19678294524734E-05 -0.50648553556649E-04  0.13309778678321E-02
  0.84330684197255E-05 -0.91439522861182E-05  0.16175492644843E-03
  0.56868389015316E-06 -0.40865603138755E-04  0.13375680138693E-02
  0.29402958225878E-05 -0.29663333117937E-04  0.13427565385222E-02
  0.90239199810082E-05 -0.10097615823321E-05  0.14202340940383E-03
  0.42149789665345E-05 -0.17630654362632E-04  0.13470337626302E-02
  0.93109724396398E-05  0.20977779668507E-05  0.13822982101254E-03
  0.51065883174123E-05 -0.56566621377984E-05  0.13503137446095E-02
  0.93581288927318E-05  0.55837018097259E-05  0.13705633863731E-03
  0.54803854580019E-05  0.59275072195951E-05  0.13520999835829E-02
 -0.77830250621946E-05 -0.63961198164004E-04  0.12968514424420E-02
  0.50257171134555E-05  0.88002996830881E-04  0.13173352432125E-02
 -0.18647817063458E-04 -0.94570215230216E-04  0.34249085088902E-03
 -0.34161181173984E-04 -0.13477335233493E-03  0.41340951400119E-03
  0.85505163215720E-05  0.90897065550448E-04  0.13062499357418E-02
  0.48685673412281E-04  0.14279461947411E-03  0.34999259111111E-03
  0.13764142737262E-04  0.88814288247599E-04  0.12937313288339E-02
  0.70761599199062E-04  0.16691336219217E-03  0.41339717161934E-03
  0.20061220653828E-04  0.79973036026144E-04  0.12800576905467E-02
  0.94146618940794E-04  0.15992514587429E-03  0.43761797044987E-03
  0.25402986895207E-04  0.64950128134770E-04  0.12659421190638E-02
  0.10659686347154E-03  0.11390139094239E-03  0.41020251363916E-03
  0.29084092858305E-04  0.45780364201251E-04  0.12535503212326E-02
  0.10286163800316E-03  0.50541312722764E-04  0.36517502664753E-03
  0.31675650343766E-04  0.24544271811128E-04  0.12457184585322E-02
 -0.45476856923335E-04 -0.11438390243478E-03  0.40193776375638E-03
 -0.12146412922672E-04 -0.35850724999873E-04  0.12507336598745E-02
 -0.44961976746036E-04 -0.14897515425482E-03  0.44084680514968E-03
 -0.10813003513290E-04 -0.49885458584191E-04  0.12649261548291E-02
 -0.92266470203108E-05 -0.59744468611907E-04  0.12811893815079E-02
 -0.25667467853932E-05 -0.15268027791348E-04  0.13374359588631E-02
  0.27963773232922E-04  0.57405316728163E-04  0.13361624326585E-02
 -0.14544819515925E-04 -0.24325650155289E-04  0.13328929169155E-02
  0.46665687254557E-04  0.18418524541034E-04  0.13234771303430E-02
  0.30541020005756E-04  0.43240892627509E-04  0.33496140833822E-03
  0.13253393236059E-04  0.43734138671582E-04  0.13241865046796E-02
  0.44457656051576E-04  0.29237998458053E-04  0.31557184770868E-03
  0.28701989568172E-04  0.47875465981539E-04  0.13248475196765E-02
  0.52580190592637E-04  0.20808190520699E-04  0.28709700942622E-03
  0.44707442256259E-04  0.48452973186136E-04  0.13252594672386E-02
  0.55366711879477E-04  0.19031408602272E-04  0.25499651994051E-03
  0.60785705138330E-04  0.44820464396556E-04  0.13242753792451E-02
  0.56049657454685E-04  0.21976567053970E-04  0.23401359787830E-03
  0.75563799427053E-04  0.36247731346071E-04  0.13210481252040E-02
  0.60824308476961E-04  0.29000567817947E-04  0.24375302646796E-03
  0.86823095940381E-04  0.23343399637426E-04  0.13159827740352E-02
  0.69863186326559E-04  0.35233950926680E-04  0.28837229283082E-03
  0.92371363996128E-04  0.77247072162438E-05  0.13108728537417E-02
  0.90153277194405E-04 -0.14755010861743E-04  0.34034297244839E-03
  0.68577489088152E-04  0.20266133416609E-04  0.33550907113862E-03
  0.58315827649460E-04  0.64559135926878E-05  0.13243805927206E-02
  0.68523032586951E-04 -0.45336566358798E-05  0.13251620934911E-02
  0.94913691643635E-04  0.10275008962451E-06  0.37025137721063E-03
  0.94058593240006E-04 -0.11969903733140E-04  0.12956442973106E-02
  0.69239442376400E-04 -0.54868336039416E-04  0.37023885726732E-03
  0.93615535350446E-04 -0.24474753383389E-04  0.12976327832148E-02
  0.53029635954692E-04 -0.86151161988737E-04  0.33997671224413E-03
  0.92097706226477E-04 -0.32418336206268E-04  0.13032139221776E-02
  0.54846889538866E-04 -0.76906791155436E-04  0.28548181402832E-03
  0.90014847104250E-04 -0.34535618076472E-04  0.13099536797689E-02
  0.68003604236614E-04 -0.52228962580568E-04  0.24331710865983E-03
  0.87099338371185E-04 -0.30551009011855E-04  0.13165775683868E-02
  0.85158083471236E-04 -0.34455514106439E-04  0.23836169364167E-03
  0.82662047952948E-04 -0.23515805845019E-04  0.13219577645383E-02
  0.10149191997615E-03 -0.25326702189215E-04  0.26147916954741E-03
  0.76403489982194E-04 -0.14659673094793E-04  0.13246805404461E-02
  0.11104046397660E-03 -0.20549289520371E-04  0.29411404870996E-03
  0.10770789107008E-03 -0.17232330570386E-04  0.32250821938243E-03
  0.92339031674907E-04  0.46038505649880E-05  0.12978168421617E-02
  0.94751597635792E-04 -0.82246298412531E-05  0.13075328781838E-02
  0.95154620406388E-04 -0.21326037944087E-04  0.13073278710656E-02
  0.30477034215089E-04  0.45617886087549E-04  0.13235885970888E-02
  0.51859390819044E-04 -0.60516546923584E-06  0.34721975243030E-03
  0.17559176093078E-04  0.56365398580040E-04  0.13222861460729E-02
  0.25592460514579E-04  0.33534981036981E-04  0.33420232847297E-03
 -0.51092934806880E-05  0.21604395267737E-04  0.13252603107470E-02
  0.38371191212809E-04  0.22235069138660E-04  0.31545019563476E-03
  0.96523920801328E-05  0.29500602996886E-04  0.13269364574840E-02
  0.46087253308058E-04  0.15312207311604E-04  0.28868092007853E-03
  0.25159105461216E-04  0.35270236608539E-04  0.13289859549750E-02
  0.48011050769799E-04  0.12933256655214E-04  0.25417911566522E-03
  0.40591805530567E-04  0.38099552205605E-04  0.13309290916982E-02
  0.44665228634473E-04  0.14276324278981E-04  0.21861391461862E-03
  0.55552555042917E-04  0.37533850928396E-04  0.13318979284788E-02
  0.39105191789690E-04  0.17935100823693E-04  0.19466948374906E-03
  0.69425856613780E-04  0.32383808278419E-04  0.13308177443969E-02
  0.81238758713883E-04 -0.37623447409349E-05  0.34296697746966E-03
  0.50216106870863E-04 -0.25320617145327E-04  0.35652242635561E-03
  0.42694686779815E-04  0.33876006940609E-04  0.13253793167425E-02
  0.53873349126156E-04  0.21605679032209E-04  0.13274430377233E-02
  0.30422966970740E-04 -0.69422763185079E-04  0.34236112242569E-03
  0.93784594153132E-04 -0.30668111207258E-04  0.13107078716802E-02
  0.25452502171817E-04 -0.77150921943750E-04  0.29297365833366E-03
  0.91534323399393E-04 -0.34482739099916E-04  0.13160978649344E-02
  0.34940316102581E-04 -0.56761135699639E-04  0.23459139293717E-03
  0.88543988485934E-04 -0.31775855947735E-04  0.13223057889323E-02
  0.50952057927566E-04 -0.34773857041310E-04  0.20373832261610E-03
  0.83791356941571E-04 -0.24494481218810E-04  0.13279622633005E-02
  0.69918943673253E-04 -0.21008952957734E-04  0.20620478069153E-03
  0.77579606621764E-04 -0.14720456959779E-04  0.13310150135861E-02
  0.89419089305415E-04 -0.14430000410453E-04  0.23125892735635E-03
  0.71031428381637E-04 -0.33123257169432E-05  0.13311267816030E-02
  0.10503163379342E-03 -0.11369508629911E-04  0.26660914678057E-03
  0.63436428751497E-04  0.89883232547091E-05  0.13295360593482E-02
  0.11058656424091E-03 -0.90974389262607E-05  0.30114063695844E-03
  0.10242539438755E-03 -0.66059414417442E-05  0.32746312565611E-03
  0.36658468030363E-04  0.23325667254827E-04  0.19888147923087E-03
  0.10826004120334E-03  0.33543602733974E-04  0.34751357825908E-03
  0.10027272585836E-03  0.34440489898137E-04  0.31271578736006E-03
  0.56519977213780E-04  0.55871882804764E-04  0.12854239496794E-02
  0.16078676314315E-03  0.54340780479720E-04  0.42710347943687E-03
  0.65953568480331E-04  0.37167619453432E-04  0.12768942027591E-02
  0.17614048298893E-03  0.28960329944543E-04  0.43582932949831E-03
  0.71818149722303E-04  0.15941074877507E-04  0.12705305839406E-02
  0.16296402716908E-03 -0.19062920677941E-04  0.43231982005638E-03
  0.75050849560177E-04 -0.44142747642628E-05  0.12678621581873E-02
  0.13872825250142E-03 -0.82023819292930E-04  0.43165004327121E-03
  0.75986384352861E-04 -0.20163226721704E-04  0.12702446711027E-02
  0.12315687921496E-03 -0.12024875524983E-03  0.42196630087228E-03
  0.75731477303646E-04 -0.31771535280864E-04  0.12774871718345E-02
  0.11831390220217E-03 -0.11226246127230E-03  0.38625655523663E-03
  0.75300118355435E-04 -0.38677116775220E-04  0.12872946856980E-02
  0.11642254155287E-03 -0.83105197852626E-04  0.34881297538307E-03
  0.74199478019362E-04 -0.39681903482620E-04  0.12977148081317E-02
  0.12051625368669E-03  0.73285638808045E-04  0.40396812271813E-03
  0.11036718009539E-03 -0.59845739223345E-04  0.33723798417691E-03
  0.58339347672537E-04 -0.45544954589971E-04  0.12836342067228E-02
  0.58384034268050E-04 -0.38492963880285E-04  0.12712960254478E-02
  0.93429294810564E-04 -0.11425593366245E-04  0.34733775625398E-03
  0.33634839848938E-04  0.23652074835100E-05  0.12435084216388E-02
  0.88760488443266E-04 -0.75574121806366E-04  0.37379303662989E-03
  0.34787649900112E-04 -0.18129520483889E-04  0.12470092134758E-02
  0.84762851884320E-04 -0.12955931587152E-03  0.41994597472553E-03
  0.35540000619203E-04 -0.34147953060259E-04  0.12561268132580E-02
  0.15689578678317E-03  0.62799089258389E-04  0.42778157277261E-03
  0.50886263548281E-04  0.31743567190412E-04  0.12597854855115E-02
  0.15546208463314E-03  0.99737182107145E-05  0.41177768011907E-03
  0.54718641630354E-04  0.10071840583600E-04  0.12548310851593E-02
  0.14164190130442E-03 -0.54231374238797E-04  0.41276064678932E-03
  0.57123403124941E-04 -0.97969396508371E-05  0.12550677873705E-02
  0.13054010550485E-03 -0.11407268961701E-03  0.43277860297375E-03
  0.58144582521750E-04 -0.26030245197977E-04  0.12609288343495E-02
  0.12295841765597E-03 -0.13641899481322E-03  0.43654795384107E-03
  0.11090112084199E-03 -0.11715824140295E-03  0.40787255456002E-03
  0.87771571417605E-04  0.23051856565577E-04  0.13027038597912E-02
  0.70615559471799E-04 -0.37256822753653E-04  0.13074399839100E-02
  0.64212034830746E-04 -0.32141054048564E-04  0.13144874464884E-02
  0.82112190035137E-04 -0.31692243982285E-04  0.13107336773229E-02
  0.11066760879023E-03 -0.39668090458274E-04  0.29738786252576E-03
  0.76897569568560E-04 -0.25831958520138E-04  0.13169216045390E-02
  0.10906389441011E-03 -0.31627802196328E-04  0.32000227233378E-03
  0.69215869352562E-04 -0.18554507457962E-04  0.13201301318914E-02
  0.94620413399173E-04 -0.26777207137912E-04  0.33760485545624E-03
  0.59303614620086E-04 -0.94701150042529E-05  0.13216277224651E-02
  0.39446074023176E-04  0.51302125822109E-04  0.33505758212921E-03
  0.30981728365741E-04  0.60055264942474E-04  0.13200451879363E-02
  0.56822141677191E-04  0.36398678644599E-04  0.31857379350183E-03
  0.47317217007774E-04  0.58041885518966E-04  0.13178701411812E-02
  0.70762396429186E-04  0.28062253723831E-04  0.29948681582055E-03
  0.63819211374115E-04  0.51011009670660E-04  0.13139485925309E-02
  0.84457736297115E-04  0.27560518204544E-04  0.29222785481236E-03
  0.78316334901574E-04  0.39120531554448E-04  0.13085424083016E-02
  0.10271202251117E-03 -0.54444622005713E-04  0.28636630342349E-03
  0.95368068301685E-04 -0.45730735558215E-04  0.34166901700646E-03
  0.84884982107939E-04 -0.35741631158530E-04  0.13026920484877E-02
  0.86097457932103E-04 -0.34744535828935E-04  0.12943447703673E-02
  0.63226346652424E-04  0.60878155839636E-04  0.34859344377689E-03
  0.47154365851256E-04  0.65340634238846E-04  0.13079163699023E-02
  0.93893591764459E-04  0.44762744290761E-04  0.35075826451873E-03
  0.62592917960363E-04  0.55284113441385E-04  0.13010700776650E-02
  0.12548493492518E-03  0.38189556452935E-04  0.36639625446172E-03
  0.75397362728593E-04  0.39860483312278E-04  0.12937390157989E-02
  0.14798471066026E-03  0.36990818338603E-04  0.39055751340413E-03
  0.83008777126174E-04  0.20176837996653E-04  0.12870709156117E-02
  0.14574272502513E-03  0.15880763144902E-04  0.40460653241184E-03
  0.86674950964136E-04  0.45910533684854E-06  0.12828395521889E-02
  0.12076798431684E-03 -0.37408380780353E-04  0.40553745207282E-03
  0.88146511259193E-04 -0.15604411173547E-04  0.12824731819103E-02
  0.95574536717375E-04 -0.89718261634144E-04  0.39303702856569E-03
  0.87363429808600E-04 -0.27404458851787E-04  0.12869263604650E-02
  0.86860562759044E-04 -0.10108086345815E-03  0.35555081213895E-03
  0.92505161565817E-04 -0.78689459694988E-04  0.30725417381786E-03
  0.80626133059495E-04  0.22842512980141E-04  0.13269790497191E-02
  0.41298069860664E-04  0.30886754102645E-04  0.24139324811080E-03
  0.87410414493916E-04  0.98678456560239E-05  0.13214775435014E-02
  0.24980174429953E-04  0.12229756186022E-04  0.15409501970010E-03
  0.50141080309816E-04  0.23673581978597E-04  0.13432443207250E-02
  0.17082200845139E-04  0.15232528513376E-04  0.15479324110098E-03
  0.59859843663117E-04  0.21532588615106E-04  0.13411266149600E-02
  0.12694906819282E-04  0.21101557267418E-04  0.18311626785962E-03
  0.66597249737337E-04  0.14093530072224E-04  0.13363640401870E-02
  0.15517975335259E-04  0.29248953561847E-04  0.24364365334670E-03
  0.69369107805481E-04  0.31581092689727E-05  0.13305021635873E-02
  0.15784066706151E-04  0.23933081587786E-04  0.30815601612508E-03
  0.70148842606283E-04 -0.96786900061162E-05  0.13255286690728E-02
  0.27209023903040E-05 -0.10032081136097E-04  0.34404567521722E-03
  0.70291230378916E-04 -0.22177023417815E-04  0.13227095056873E-02
 -0.15586234078016E-04 -0.54672937853212E-04  0.34344242947623E-03
  0.69228653608008E-04 -0.31583451058280E-04  0.13234174895793E-02
 -0.22483177145842E-04 -0.75010498902676E-04  0.30659490544343E-03
  0.39167030220140E-04  0.20958367115985E-04  0.13429722830996E-02
  0.67118384673594E-04 -0.36253978451550E-04  0.13271287800735E-02
  0.31572016425609E-04  0.10870499449504E-04  0.16850860855502E-03
  0.35882064308302E-04  0.98112727675583E-05  0.19075136802641E-03
  0.97900133123997E-05  0.80734007435611E-04  0.13206767553035E-02
  0.58289276530581E-04  0.31383860233297E-04  0.34463627092135E-03
 -0.62297893528321E-06  0.87347702450577E-04  0.13156517750607E-02
  0.23953342959986E-04  0.44667395013037E-04  0.35431502631998E-03
 -0.11040768259651E-04  0.89875967426191E-04  0.13092020607562E-02
  0.16150989678393E-04  0.82811559284200E-05  0.32171436147963E-03
 -0.37518870616308E-04 -0.26493230351734E-04  0.13233651251138E-02
  0.27796260032860E-04  0.43412145730983E-05  0.29940836017856E-03
 -0.25149886774117E-04 -0.18290840890287E-04  0.13269213653738E-02
  0.34651574935084E-04  0.39073873016358E-05  0.27310395130477E-03
 -0.12066184712046E-04 -0.96124849479754E-05  0.13304557260750E-02
  0.37442385944287E-04  0.56478059413997E-05  0.24545391669977E-03
  0.13283823036365E-05 -0.10495231163647E-05  0.13340652071965E-02
  0.37868543680037E-04  0.80623883434529E-05  0.21749149896267E-03
  0.14535350946141E-04  0.70679049236604E-05  0.13377237647081E-02
  0.27302545246875E-04  0.14884045208659E-04  0.13409668614293E-02
  0.82825787127858E-04  0.22658444739633E-04  0.32845822397762E-03
 -0.13936955473953E-04 -0.63443503385982E-04  0.24601948171793E-03
  0.16453902980625E-05 -0.40269964823863E-04  0.19332255169029E-03
  0.68985201464194E-04  0.51376751658978E-04  0.33396216272081E-03
 -0.47287521937611E-06  0.92746886523547E-04  0.13116726322071E-02
  0.43220140785599E-04  0.73417751679165E-04  0.36203768511839E-03
 -0.79495556298505E-05  0.91746009048246E-04  0.13014652133992E-02
  0.65990849781768E-05  0.10430393763601E-03  0.39375635619028E-03
 -0.15424526895722E-04  0.86403168058089E-04  0.12882034544471E-02
 -0.32106840659259E-04  0.13851629815723E-03  0.42745223466282E-03
 -0.21783072865695E-04  0.75942932684737E-04  0.12741713475474E-02
  0.65197167775970E-05 -0.14777614851609E-04  0.31912733453133E-03
 -0.45578335093876E-04 -0.46253023149185E-04  0.13173029190136E-02
  0.19756482874540E-04 -0.96534536894990E-05  0.29013389961478E-03
 -0.36369490884106E-04 -0.40346639258150E-04  0.13232140133838E-02
  0.26999250658866E-04 -0.36960244707555E-05  0.25949843764658E-03
 -0.25916999783224E-04 -0.32948999041337E-04  0.13283047478155E-02
  0.29950812244794E-04  0.18214173338721E-05  0.23054873207794E-03
  0.73750115818119E-05  0.88914133371996E-04  0.13194410218302E-02
  0.64706544664888E-04 -0.34376387442858E-04  0.13328783372447E-02
  0.83008089685166E-04  0.36876738259500E-04  0.30389392693693E-03
  0.86686542417663E-04  0.26569997239865E-04  0.27207064110077E-03
  0.60699442091352E-04 -0.26672690638040E-04  0.13399699548356E-02
  0.15906828469918E-04 -0.20331022507621E-04  0.16672697546152E-03
  0.55577561467984E-04 -0.15315938181767E-04  0.13460199314359E-02
  0.28127436756367E-04 -0.66218264988544E-05  0.15964030232370E-03
  0.50166458683789E-04 -0.25947354709178E-05  0.13488321638704E-02
  0.39900006257266E-04  0.21721523928548E-05  0.16352676919201E-03
  0.44896135134272E-04  0.12046328394795E-04  0.13481653780712E-02
  0.51718926833504E-04  0.72945820569091E-05  0.17413363687904E-03
  0.39531145956822E-04  0.27557014669407E-04  0.13452904640811E-02
  0.63552435695613E-04  0.10908163416845E-04  0.19091196137048E-03
  0.33701257133386E-04  0.43021987560590E-04  0.13410534962840E-02
  0.74510127350948E-04  0.14748927257020E-04  0.21363538204537E-03
  0.46757951900728E-05  0.11386117104043E-04  0.14052920300935E-03
  0.82903854072501E-04  0.19800999210117E-04  0.24117953074837E-03
  0.21349091839394E-04  0.70277449188823E-04  0.13309815958856E-02
  0.14412916979426E-04  0.81036052200925E-04  0.13255293173554E-02
  0.20137178495208E-04  0.71517675195799E-04  0.13249999162823E-02
  0.96049786076462E-04  0.15881063476854E-04  0.30552399764585E-03
  0.29286885487444E-04  0.60407121340521E-04  0.13292382248656E-02
  0.55149331680602E-04  0.21918335256701E-04  0.13338789897970E-02
  0.10432487277381E-03 -0.93144258410638E-06  0.27494015234080E-03
  0.46728783143344E-04  0.35497841891944E-04  0.13306858307094E-02
  0.10508706233496E-03  0.19117404069308E-05  0.30642307938283E-03
  0.36509573530207E-04  0.47858964702426E-04  0.13274195491942E-02
  0.93770188507563E-04  0.57932608217863E-05  0.32979825131542E-03
  0.25661616575489E-04  0.59482026208673E-04  0.13241622120953E-02
  0.71135296831039E-04  0.10084272057242E-04  0.34338599005225E-03
  0.13682845841963E-04  0.69643956329006E-04  0.13211892872047E-02
  0.40400619025603E-04  0.15560914843810E-04  0.34709778429581E-03
  0.11485566632928E-05  0.77899125239887E-04  0.13186071365407E-02
  0.21433820608295E-04  0.21479087033135E-04  0.32879950400679E-03
 -0.22432257356829E-04 -0.29492458401183E-05  0.13251118062453E-02
  0.33374209371322E-04  0.13691605796325E-04  0.30980637700453E-03
 -0.86506291398902E-05  0.57264989172034E-05  0.13277189577409E-02
  0.93470423490667E-04 -0.33936018612552E-05  0.23918263872317E-03
  0.40679597269479E-04  0.98898501402361E-05  0.28461375369995E-03
  0.62298565934544E-04  0.78399347381249E-05  0.13366723143121E-02
  0.69063000933467E-04 -0.54257641856477E-05  0.13381652481083E-02
  0.45951786829566E-04  0.28763459630702E-04  0.30221186565423E-03
  0.90479763524737E-04 -0.48771373824834E-05  0.13170166392340E-02
  0.35755861681531E-04 -0.28573802753923E-05  0.34310967290601E-03
  0.91411854677218E-04 -0.18302488520253E-04  0.13148040566480E-02
  0.15656481050199E-04 -0.50549034003433E-04  0.34800788548300E-03
  0.90685332030701E-04 -0.28382534730493E-04  0.13159442990764E-02
  0.49436204454302E-05 -0.75565194247751E-04  0.31341571221751E-03
  0.88521337703679E-04 -0.34264320757388E-04  0.13200552828514E-02
  0.10091569370377E-04 -0.65467090876045E-04  0.25257237529930E-03
  0.85675577654096E-04 -0.33732525473353E-04  0.13255940241610E-02
  0.23872627624736E-04 -0.41720823385704E-04  0.20140979041047E-03
  0.81434691852984E-04 -0.27276967969510E-04  0.13319025282669E-02
  0.40294113016605E-04 -0.22658198221157E-04  0.18110869455751E-03
  0.75399338168092E-04 -0.17301063646714E-04  0.13367183411912E-02
  0.57967563428416E-04 -0.11176743816925E-04  0.18557201706913E-03
  0.76330612652751E-04 -0.57125142408165E-05  0.20684217359215E-03
  0.53886724281503E-05  0.14138983209501E-04  0.13303757615621E-02
  0.43586079887144E-04  0.90679749304279E-05  0.25437890468911E-03
  0.19972056244940E-04  0.21265283510071E-04  0.13333185757954E-02
  0.32753698374268E-05 -0.52653553407620E-04  0.21923969128739E-03
  0.74765058830432E-04 -0.30768742524064E-04  0.13332863597672E-02
  0.18643630112447E-04 -0.30002804803643E-04  0.18008193096286E-03
  0.69574524643905E-04 -0.21564147636474E-04  0.13396871351105E-02
  0.33563962880170E-04 -0.13780411604557E-04  0.16762740425682E-03
  0.63628075950514E-04 -0.98580803171362E-05  0.13435095262658E-02
  0.48343241853007E-04 -0.39357322753546E-05  0.17227626714703E-03
  0.57716602707564E-04  0.36342346576633E-05  0.13438658224338E-02
  0.63749456029178E-04  0.12152387140888E-05  0.18849269781288E-03
  0.51712846971485E-04  0.18342494623850E-04  0.13414235276822E-02
  0.79202875681966E-04  0.42540563679061E-05  0.21353876523968E-03
  0.45104745837948E-04  0.33308158921476E-04  0.13377035471332E-02
  0.91615893139583E-04  0.68542805325815E-05  0.24450062265708E-03
  0.37499152702976E-04  0.47330012752195E-04  0.13334938641988E-02
  0.98252178778795E-04  0.10776930296728E-04  0.27659011286611E-03
  0.78395979838150E-04 -0.35506595735170E-04  0.13270004202740E-02
 -0.89043247308191E-05 -0.72871004058300E-04  0.28050237951120E-03
  0.81057068770883E-04 -0.33545119552119E-04  0.13220625132501E-02
 -0.82453567169500E-05 -0.68202097226368E-04  0.33205919471322E-03
  0.42237479271788E-04  0.10065696007878E-04  0.22089122428111E-03
  0.34193738628113E-04  0.26769498539098E-04  0.13361300577860E-02
  0.37315656658189E-04  0.12151056196581E-04  0.18950697026455E-03
  0.48084134348155E-04  0.29708216942413E-04  0.13378728243501E-02
  0.30016740702160E-04  0.14525791300683E-04  0.16934881604047E-03
  0.61140371060311E-04  0.28534697232317E-04  0.13377120995834E-02
  0.23285319385458E-04  0.18340091908988E-04  0.17132473401431E-03
  0.31073585367321E-04  0.59470761584334E-05  0.20488829683670E-03
  0.71870388980071E-04  0.22188321926665E-04  0.13349163711773E-02
  0.78549091187504E-04  0.11756018530019E-04  0.13298696209148E-02
  0.28452104896473E-04  0.30371915205851E-04  0.27192306530503E-03
  0.81317820732245E-04 -0.13540158382390E-05  0.13246504528108E-02
  0.24779799644814E-04  0.13461425439790E-04  0.32743361809792E-03
  0.82476150051461E-04 -0.14439570967358E-04  0.13208435544126E-02
  0.75422836344266E-05 -0.29792811294415E-04  0.34906414674978E-03
  0.82579633682959E-04 -0.25697199949414E-04  0.13196220411164E-02
  0.22909243034145E-04  0.25419463244314E-04  0.20752990476165E-03
 -0.57891582207832E-05  0.22220258538410E-04  0.13504909370858E-02
  0.87464861148029E-05 -0.44516036685728E-05  0.14895088698115E-03
  0.23842580030674E-06  0.18590902268523E-04  0.15308688459371E-03
  0.90362193212000E-05  0.34336849363433E-04  0.13282009495359E-02
 -0.64038424086836E-05 -0.14368188088951E-04  0.30563315031994E-03
  0.22470784669143E-04  0.23943878002677E-04  0.13260695050607E-02
  0.12284310577658E-04 -0.17927174120954E-04  0.32954785951041E-03
  0.35543586054218E-04  0.12605652928865E-04  0.13241439976555E-02
  0.39437550356307E-04 -0.20969785252656E-04  0.34236210913519E-03
  0.48143171895404E-04  0.12599699787355E-05  0.13226761506196E-02
  0.69405405026820E-04 -0.23417333627479E-04  0.34489215016375E-03
 -0.12736952063349E-05  0.37100288597130E-04  0.13235453402639E-02
  0.13133825127950E-04  0.60084800792325E-04  0.34503431732866E-03
 -0.14834650138006E-04  0.28905013525295E-04  0.13235569711655E-02
 -0.50624672878308E-05  0.76452429717365E-04  0.34670075486640E-03
 -0.26635184228427E-04  0.19402759906541E-04  0.13245079932950E-02
 -0.21220719884072E-04  0.88034061288914E-04  0.34018513943221E-03
 -0.36985132162196E-04  0.91419800066137E-05  0.13258991301586E-02
 -0.33726683937601E-04  0.92461828812977E-04  0.32527450324930E-03
 -0.45270564942373E-04 -0.16160569939830E-05  0.13277017230933E-02
 -0.85577033520091E-04 -0.55317468349036E-04  0.32277998423663E-03
 -0.55508507304709E-04 -0.28166279650454E-04  0.13181192972544E-02
 -0.75442038342580E-04 -0.48648602778246E-04  0.26831208852976E-03
 -0.54617715293514E-04 -0.36413306271414E-04  0.13210819789547E-02
 -0.55263298238607E-04 -0.20815841200939E-04  0.21917978212366E-03
 -0.43050303255682E-04  0.85547675787155E-05  0.20224763267474E-03
 -0.14488661137340E-04 -0.10231181576476E-04  0.27142577819240E-03
 -0.54503442143749E-04 -0.35327835697824E-04  0.13300904322628E-02
 -0.55089757580006E-04 -0.30037586268454E-04  0.13317841725586E-02
 -0.41272909690473E-04  0.57517244269963E-04  0.23866623949330E-03
 -0.54063178364622E-04 -0.22084069122201E-04  0.13313238683461E-02
 -0.42743128649379E-04  0.76209320419696E-04  0.27119628637255E-03
 -0.51067230511885E-04 -0.12342235675373E-04  0.13296997611898E-02
 -0.40787799258567E-04  0.88457227758424E-04  0.30172668812561E-03
 -0.39962850849115E-04  0.34694079640783E-04  0.21250143900869E-03
 -0.55286845872698E-04 -0.13633683944000E-04  0.13175303399009E-02
 -0.43040727673945E-05  0.44043727775114E-04  0.13303632386685E-02
 -0.17127293204259E-04  0.51835832488540E-04  0.13322511803232E-02
 -0.90485565547962E-05  0.61913655505420E-04  0.34740355908443E-03
 -0.42330525405634E-04 -0.58210055860906E-05  0.13235956880216E-02
 -0.25779363899917E-04  0.72712534362030E-04  0.34215842072400E-03
 -0.51834978008166E-04 -0.15002124322150E-04  0.13241900791134E-02
 -0.39341649758516E-04  0.76989970156920E-04  0.32747332605437E-03
 -0.58736137557064E-04 -0.23531864637789E-04  0.13248655971919E-02
 -0.47949711148506E-04  0.72176104616845E-04  0.30360557933776E-03
 -0.62711494055132E-04 -0.30665283906701E-04  0.13249461340654E-02
 -0.51842152273479E-04  0.57956302549289E-04  0.27373289277501E-03
 -0.63928906866762E-04 -0.35556055807583E-04  0.13234003670578E-02
 -0.54631362273898E-04  0.35666930794277E-04  0.24680276900117E-03
 -0.63514524185428E-04 -0.37944270563087E-04  0.13195825956895E-02
 -0.62712522920018E-04  0.72650774001623E-05  0.23753949106771E-03
 -0.63260917583658E-04 -0.37098502520115E-04  0.13145515631324E-02
 -0.80072120678857E-04 -0.24757358954665E-04  0.26027184082289E-03
 -0.64500722190220E-04 -0.31007795520176E-04  0.13108914664298E-02
 -0.98180510417599E-04 -0.48041797534443E-04  0.30851278605695E-03
 -0.13249433118678E-04  0.23669825764012E-05  0.19745835998845E-03
 -0.29269133357706E-04  0.56727237091414E-04  0.13329697666454E-02
 -0.14820156482239E-04  0.13010981296020E-04  0.18327377790706E-03
 -0.39373705405679E-04  0.56338709347783E-04  0.13318056952501E-02
 -0.20955552505351E-04  0.28338024516842E-04  0.20322312288634E-03
 -0.48112834985224E-04  0.49364196784405E-04  0.13279522036424E-02
 -0.14668275654666E-04 -0.47958430556669E-05  0.23174708033760E-03
 -0.30030548421902E-04  0.44121480395834E-04  0.25905249650980E-03
 -0.45921265758471E-04  0.41654058261163E-04  0.32032813802004E-03
 -0.60601183326114E-04  0.19215879695208E-04  0.13159896373405E-02
 -0.72603648104303E-04  0.57836324925367E-05  0.35250924826035E-03
 -0.63256806213558E-04  0.14617071475439E-10  0.13113959703057E-02
 -0.96642023592143E-04 -0.37434090634598E-04  0.34696006390357E-03
 -0.64718238512664E-04 -0.17950883900220E-04  0.13096981203397E-02
 -0.55303161577458E-04  0.36481912901795E-04  0.13221142725165E-02
 -0.31418811062760E-04  0.36736364966118E-05  0.13234969338721E-02
 -0.72294206035807E-04 -0.24439388012595E-04  0.34797816198728E-03
 -0.47035943356524E-04  0.19777199729284E-04  0.33438137556568E-03
 -0.35916614070447E-04  0.88230201652948E-04  0.26777355303423E-03
 -0.41196789428306E-04 -0.11921546521034E-05  0.13343446452079E-02
 -0.34091832427563E-04  0.71549716939528E-04  0.23759095510247E-03
 -0.43382609630558E-04 -0.12749173093817E-04  0.13370685411279E-02
 -0.30680282479135E-04  0.51819081965489E-04  0.20928152168906E-03
 -0.43764170097336E-04 -0.22724159248170E-04  0.13389572562359E-02
 -0.28320718103995E-04  0.30618045747334E-04  0.18846264152515E-03
 -0.43203715658795E-04 -0.30445251443853E-04  0.13384688792225E-02
 -0.29599636138486E-04  0.75963507008023E-05  0.18070621966657E-03
 -0.41835828343609E-04 -0.36074283879031E-04  0.13345880525386E-02
 -0.38748807661042E-04 -0.18402528892097E-04  0.19417923441404E-03
 -0.41646432437312E-04 -0.38242339756808E-04  0.13290393424626E-02
 -0.56896411782968E-04 -0.46057358581443E-04  0.23739145826439E-03
 -0.42678544099616E-04 -0.34642336501129E-04  0.13246755963960E-02
 -0.73677327566914E-04 -0.63864784300558E-04  0.29807553178428E-03
 -0.43057654065199E-04 -0.23933186712696E-04  0.13222350690866E-02
 -0.70742044948713E-04 -0.47987753091247E-04  0.33911092594639E-03
  0.18909822098960E-06 -0.23551888490551E-05  0.16052957386216E-03
 -0.15891302206472E-04  0.31205843596099E-04  0.13442493563823E-02
 -0.10564386029748E-06  0.59233329819349E-05  0.14917767877596E-03
 -0.23387097940755E-04  0.36372642319943E-04  0.13449423330420E-02
 -0.43008361205755E-05  0.15687327221383E-04  0.15499332485392E-03
 -0.29374233494763E-04  0.36368158779302E-04  0.13427381917808E-02
 -0.37075932279269E-04  0.11202132009424E-04  0.13313121606224E-02
 -0.10154045080229E-04  0.27108230596550E-04  0.18809490964687E-03
 -0.16697519243184E-04  0.37670582157431E-04  0.24947248422767E-03
 -0.37860945581319E-04  0.21043663017392E-04  0.13319134679502E-02
 -0.27959946724913E-04  0.31422680925089E-04  0.31097084238953E-03
 -0.40860494095887E-04  0.63509589291672E-05  0.13264649743651E-02
 -0.49515782233102E-04 -0.41726079956127E-05  0.34330523617298E-03
 -0.42394488341280E-04 -0.94562057701375E-05  0.13228648434439E-02
 -0.33911698703422E-04  0.31363252108601E-04  0.13380433326487E-02
 -0.53544052487550E-04  0.35646008590343E-05  0.13201842571672E-02
 -0.34109724087528E-04  0.99236233143498E-04  0.29564601944096E-03
 -0.27627896450681E-04  0.10328762437139E-03  0.31821242326740E-03
 -0.50482097228983E-04  0.20503139108246E-04  0.13251567117564E-02
 -0.27805846138508E-04  0.40115098213504E-04  0.28450528568554E-03
 -0.45615065821222E-04  0.34355973713516E-04  0.13311148249238E-02
 -0.17875334954571E-04  0.33618261416338E-04  0.21849482894321E-03
 -0.39458693485936E-04  0.43370627499218E-04  0.13364891886089E-02
 -0.10548707165166E-04  0.19483135761842E-04  0.17263317508389E-03
 -0.32223554945499E-04  0.46786802730266E-04  0.13394463608126E-02
 -0.57785010826313E-05  0.77313400241287E-05  0.16102695828328E-03
 -0.22783979788381E-04  0.44168179144251E-04  0.13395531727762E-02
 -0.52710053481046E-05 -0.16768454821509E-05  0.17499400926924E-03
 -0.12355496311929E-04  0.37457948501505E-04  0.13373132065511E-02
 -0.81877449239307E-05 -0.89522236850328E-05  0.20535980839098E-03
 -0.13576467278771E-05  0.27762136939186E-04  0.13341476878604E-02
 -0.12060247507851E-04 -0.14663311216300E-04  0.24316073090274E-03
  0.10529239712380E-04  0.16855657650444E-04  0.13309965191750E-02
 -0.10500790398139E-04 -0.19198804086238E-04  0.27900028040217E-03
  0.22962855546141E-04  0.53286180063254E-05  0.13278819334508E-02
 -0.21076214530576E-04  0.34275016835478E-04  0.13260041305880E-02
 -0.15854379735022E-04  0.98719229308082E-04  0.33419890919016E-03
 -0.10224487901771E-04  0.44051659042643E-04  0.13239102153999E-02
  0.36719358477041E-06  0.86988168503821E-04  0.34261161104648E-03
  0.21121252733293E-05  0.52024875311910E-04  0.13223605846876E-02
  0.19983696130346E-04  0.69842629862285E-04  0.34336804817214E-03
 -0.30173117430724E-04  0.23296830005160E-04  0.13285371160052E-02
  0.15740722093580E-04  0.57369491066369E-04  0.13212596859846E-02
  0.56010592230215E-04 -0.24984479936665E-04  0.13189523058236E-02
  0.43750039749312E-04 -0.32164479628022E-04  0.34091155736086E-03
  0.46217411788389E-04 -0.16251149045585E-04  0.13221905758664E-02
  0.18020222303629E-04 -0.27762209676442E-04  0.32855403012421E-03
  0.34974565851017E-04 -0.58238305818994E-05  0.13249331716264E-02
 -0.74600992544427E-06 -0.23747895191516E-04  0.30798875851275E-03
  0.71875850752116E-04 -0.37637120672585E-04  0.34521451532189E-03
  0.88274573540202E-05  0.47512259135315E-04  0.34455616101753E-03
 -0.18942718249323E-04  0.12942132576930E-04  0.13239726380104E-02
  0.62214692896312E-04 -0.12735168948547E-04  0.34663206036105E-03
 -0.87610328859533E-04  0.12990884384070E-03  0.42382627659273E-03
 -0.29868978024974E-04  0.79662457951548E-04  0.12889927168808E-02
 -0.56594379908275E-04  0.97314619511430E-04  0.38682370289641E-03
 -0.20399148089835E-04  0.87340363914219E-04  0.13002045271084E-02
 -0.16444973537575E-04  0.65839510787594E-04  0.36331981814055E-03
 -0.52827315029581E-04 -0.49925252159801E-04  0.13103004645083E-02
 -0.14686163067204E-04 -0.17850776384725E-04  0.34437702508701E-03
 -0.57765907937509E-04 -0.50143309649280E-04  0.13018705907152E-02
 -0.45368280052346E-04 -0.19164867263395E-04  0.36486016706154E-03
 -0.60382421623138E-04 -0.46806969073818E-04  0.12920200947409E-02
 -0.85581713121811E-04 -0.19948552076467E-04  0.38454341660013E-03
 -0.61970839608269E-04 -0.39963327123531E-04  0.12824607389230E-02
 -0.13176142013951E-03 -0.22967756196668E-04  0.40843372480811E-03
 -0.62972021432560E-04 -0.28189164057900E-04  0.12752059158768E-02
 -0.16755894986015E-03 -0.25412939153399E-04  0.42998361155100E-03
 -0.62860396700452E-04 -0.10980925798721E-04  0.12710421393231E-02
 -0.17403889230884E-03 -0.95786319880137E-05  0.43535341820355E-03
  0.64729246027219E-05  0.23563321115507E-04  0.34123275153153E-03
 -0.11132897898382E-04  0.83377895471159E-04  0.13154928828353E-02
 -0.26487034213941E-04  0.37066813639261E-04  0.33092757960979E-03
 -0.23330867047962E-04  0.84108483796450E-04  0.13107475763913E-02
 -0.54906127438715E-04  0.58940532421334E-04  0.33054944340874E-03
 -0.34391527545186E-04  0.79805379993229E-04  0.13031649724524E-02
 -0.38196132761035E-04  0.65988334357852E-04  0.12773254774943E-02
 -0.77694302235173E-04  0.90151076855273E-04  0.35970798806084E-03
 -0.96181413117009E-04  0.11294853694367E-03  0.40380213594679E-03
 -0.53598059687194E-04  0.52321317993596E-04  0.12846077617042E-02
 -0.11994545495043E-03  0.94182516233632E-04  0.42706566832953E-03
 -0.58757623344436E-04  0.31420682603173E-04  0.12761066233757E-02
 -0.15146234364141E-03  0.38468265060013E-04  0.43128073635848E-03
 -0.61422426659462E-04  0.95425992341135E-05  0.12710958792766E-02
 -0.45303435352174E-04  0.69292960895404E-04  0.12939074598198E-02
 -0.48187826397460E-04 -0.33929301330088E-04  0.13199418587793E-02
 -0.10922546709858E-03  0.13024106011330E-03  0.43941714884906E-03
 -0.12912224097143E-03  0.83225716386060E-04  0.42507300729346E-03
  0.97875989969963E-05 -0.75891349991765E-05  0.12388310398258E-02
  0.27950420755970E-04 -0.29587135100668E-04  0.31170558800527E-03
 -0.13365223957244E-04 -0.17921679606568E-04  0.12412347318350E-02
 -0.37241669268251E-04 -0.51791879680542E-04  0.33779094013124E-03
 -0.13827595733625E-04  0.40905254503224E-05  0.12378663130447E-02
 -0.28102295556130E-04  0.72763739504570E-05  0.30680565481289E-03
 -0.12727748887755E-04  0.27599131812395E-04  0.12406672632789E-02
 -0.21184297908399E-04  0.67808099182162E-04  0.33113821750054E-03
 -0.33156224196075E-04 -0.43018305656107E-04  0.12621248780173E-02
 -0.90176917359092E-04 -0.11324751631610E-03  0.43536906421595E-03
 -0.33724076590625E-04 -0.27080653461210E-04  0.12509651388306E-02
 -0.10415777226517E-03 -0.68928180924278E-04  0.40269868608613E-03
 -0.34126859601706E-04 -0.67069025734311E-05  0.12446588167950E-02
 -0.98959036123076E-04 -0.13180532252569E-04  0.36562580993557E-03
 -0.33173800102101E-04  0.15476557855798E-04  0.12443869364602E-02
 -0.88471683857351E-04  0.47371415670510E-04  0.36276620898704E-03
 -0.30416234264554E-04  0.38115688656290E-04  0.12504785557532E-02
 -0.47854355589292E-04  0.24554645693483E-04  0.12582524585129E-02
 -0.14963137641622E-03  0.20306266039609E-04  0.41725531997980E-03
 -0.49991714310771E-04  0.27648209594830E-05  0.12554123986362E-02
 -0.15876998100428E-03 -0.27993913189983E-04  0.42948561094373E-03
 -0.50575484245063E-04 -0.18124680778108E-04  0.12583728360669E-02
 -0.14039402238401E-03 -0.57859943737625E-04  0.43723483532152E-03
 -0.44239764995541E-04  0.46721629868729E-04  0.12662979239462E-02
 -0.50268889454413E-04 -0.35149360142556E-04  0.12658770185758E-02
 -0.49563863866773E-04 -0.46798414602627E-04  0.12766599499327E-02
 -0.48445890840310E-04 -0.74322468289503E-04  0.38724308589928E-03
 -0.47890293462791E-04 -0.53794674569101E-04  0.12895191259655E-02
 -0.62060262466050E-04  0.14855171740103E-03  0.43420086305238E-03
 -0.26585866240932E-04  0.59185754798993E-04  0.12612529028809E-02
 -0.78550879086533E-04  0.11054353787679E-03  0.39931766541196E-03
 -0.96241879913564E-04 -0.73845106360920E-04  0.42210351659180E-03
 -0.91909126707639E-06  0.14897506619189E-04  0.33885187677117E-03
 -0.56751395195951E-04 -0.40008352520859E-04  0.13163566796681E-02
 -0.22780328832353E-04  0.22104916463207E-04  0.34879626626622E-03
 -0.67192855438024E-04 -0.38267840145762E-04  0.13171332534008E-02
 -0.62766090071320E-04  0.48524400609052E-04  0.31090004846826E-03
 -0.68407759129977E-04 -0.39530174052532E-04  0.13127251740032E-02
 -0.76321074233751E-04  0.28996165753838E-04  0.29320609123860E-03
 -0.68413654307412E-04 -0.37960967064596E-04  0.13064244647598E-02
 -0.94083968914576E-04  0.39556396127577E-06  0.29412699929569E-03
 -0.69233774046215E-04 -0.32712376663889E-04  0.13011666808852E-02
 -0.11493457377298E-03 -0.29551439173391E-04  0.32185818779654E-03
 -0.70019512323897E-04 -0.21539041793366E-04  0.12988115930174E-02
 -0.12328360796516E-03 -0.37868493761772E-04  0.35614613613524E-03
 -0.69001466163103E-04 -0.40800372779557E-05  0.12995333146743E-02
 -0.10513002015301E-03 -0.53406105468671E-05  0.37085059146458E-03
 -0.66581310344916E-04  0.16566000091311E-04  0.13035539292017E-02
 -0.73738521702815E-04  0.42348604810632E-04  0.35769143829745E-03
 -0.61953925851071E-04  0.37322407144016E-04  0.13096535413722E-02
 -0.50519144183571E-04  0.60771525232687E-04  0.31211021524938E-03
 -0.54131133638878E-04  0.53799688918704E-04  0.13163588589030E-02
  0.34088044607996E-04  0.30224329362288E-04  0.13234134771910E-02
  0.30671477606662E-04 -0.10144605185408E-04  0.34222828533174E-03
  0.20548416570184E-04  0.41226543269448E-04  0.13241933076219E-02
  0.37395270793063E-05 -0.66077722502649E-05  0.32613170372414E-03
  0.69753330050724E-05  0.51085368220898E-04  0.13253099804386E-02
 -0.13569827790995E-04 -0.22608925699751E-05  0.29863514800311E-03
 -0.48994196253504E-04  0.56779531644376E-04  0.33097254902357E-03
 -0.72594489850138E-05  0.59458592381748E-04  0.13260073787532E-02
 -0.21110916388027E-04  0.65327682177656E-04  0.13260026294398E-02
 -0.24142284011826E-04  0.12414963531626E-04  0.23054842463598E-03
 -0.33653131561811E-04  0.67814372333910E-04  0.13249200547414E-02
 -0.29879839186453E-04  0.26459202398366E-04  0.22133738510045E-03
 -0.44632757888422E-04  0.64011319915649E-04  0.13218317917367E-02
 -0.38210152735522E-04  0.46792263176237E-04  0.25276015685457E-03
 -0.21137887565022E-04  0.35670350565607E-05  0.26313601645498E-03
 -0.63281798819328E-04 -0.34191873691865E-04  0.13193039912734E-02
 -0.32082641862265E-04  0.54272360908524E-04  0.34374978685515E-03
 -0.56158719866214E-04 -0.28004656990160E-04  0.13206192434956E-02
 -0.11338906123156E-03  0.42715301079568E-04  0.39902998093904E-03
 -0.67132152797930E-04  0.13437353940146E-04  0.12879937373783E-02
 -0.14469723188220E-03 -0.88997796336401E-05  0.40330335921131E-03
 -0.69477862204496E-04 -0.72337368130114E-05  0.12853594533889E-02
 -0.15355152864201E-03 -0.27458143547142E-04  0.39249081483743E-03
 -0.69905669960107E-04 -0.23840259928179E-04  0.12867424826286E-02
 -0.63286598113374E-04  0.35414788363768E-04  0.12941372013695E-02
 -0.13466469052716E-03 -0.11941793921932E-04  0.36815477807015E-03
 -0.10398709795036E-03  0.97382359101769E-05  0.34996984869052E-03
 -0.67776153405001E-04 -0.41162210353798E-04  0.12985942624486E-02
 -0.74487120716796E-04  0.22956329918298E-04  0.34776785171799E-03
 -0.66180505589465E-04 -0.43772023221242E-04  0.13060649375025E-02
 -0.47493830585680E-04  0.26187834350627E-04  0.35078553296577E-03
 -0.62630867334079E-04 -0.43485533234095E-04  0.13119628924263E-02
 -0.68942362691981E-04 -0.35058992901938E-04  0.12914104686014E-02
 -0.73180206225920E-05  0.22421072769876E-04  0.13416815891134E-02
 -0.82895391295470E-04  0.81068407912917E-04  0.37507658934988E-03
 -0.64580662031678E-04  0.77551673267351E-04  0.32552220019032E-03
 -0.13178177103095E-04  0.45268728633334E-04  0.34675490139595E-03
 -0.46718506931673E-04 -0.20293053877203E-04  0.13216916829652E-02
  0.54630107781529E-05  0.32840850343516E-04  0.34134787485524E-03
 -0.35149830588050E-04 -0.11791044576252E-04  0.13230411833786E-02
  0.20361083977898E-04  0.31062483355218E-05  0.34052269840166E-03
  0.42636008894774E-05  0.65922950905886E-04  0.13216725519288E-02
 -0.56850821177738E-04  0.55266775117512E-04  0.13015213812491E-02
 -0.67565644296892E-05  0.85790794671835E-05  0.32314279516854E-03
 -0.26032581556861E-04  0.16938337296228E-04  0.29705347019348E-03
 -0.23096509671277E-04  0.76570553645927E-04  0.13191314765107E-02
 -0.40025249609940E-04  0.30627850362265E-04  0.27535825553908E-03
 -0.35798045142267E-04  0.75584384542864E-04  0.13152798941506E-02
 -0.52197728202253E-04  0.52242304276825E-04  0.28162661310207E-03
 -0.47198663463842E-04  0.68771694338332E-04  0.13090646128046E-02
 -0.97434778245396E-05  0.72709542867859E-04  0.13210269079417E-02
 -0.30611018441961E-05 -0.94149298261875E-05  0.18304205510220E-03
 -0.53833691956797E-04 -0.37926532364608E-04  0.13257756396693E-02
 -0.15574494555163E-04  0.64267081908571E-04  0.19749866964947E-03
 -0.20516364835855E-04  0.44177926312011E-04  0.18657843806023E-03
 -0.17125980484355E-04  0.21566774200824E-04  0.13436102358948E-02
 -0.31212256518659E-04 -0.13840230858201E-04  0.13450109657397E-02
 -0.15454606379701E-04  0.34997954468488E-04  0.13390527615190E-02
 -0.18454484548760E-04  0.25746507786747E-04  0.17274699330624E-03
 -0.30615083673446E-04 -0.23544855445898E-04  0.13448851977328E-02
 -0.17093986254542E-04  0.78562111083614E-04  0.21751514156683E-03
 -0.19051784595493E-04  0.60695447222614E-05  0.16784748764655E-03
 -0.12533653701993E-04  0.47845063431539E-04  0.13342800998901E-02
 -0.29113461224316E-04 -0.31179534569892E-04  0.13413321582001E-02
 -0.25532452648900E-04 -0.16150440209330E-04  0.17808179009962E-03
 -0.16799010418562E-04  0.92829891485138E-04  0.24274049790700E-03
 -0.80502461397742E-05  0.60112819894124E-04  0.13292736294938E-02
 -0.28093271961074E-04 -0.36865384952391E-04  0.13352966782936E-02
 -0.41140395445205E-04 -0.41789230281556E-04  0.21328943109441E-03
 -0.13252460438810E-04  0.10603044681549E-03  0.27185703309614E-03
 -0.28388562439259E-04 -0.37787279005064E-04  0.13298583288400E-02
 -0.16282105187827E-05  0.70276315823048E-04  0.13241098520815E-02
 -0.60516191202594E-04 -0.64876319565143E-04  0.27294041409586E-03
 -0.30901032830463E-04 -0.23943405897045E-05  0.13426312202651E-02
 -0.28790837723436E-04 -0.31632478138776E-04  0.13261019012904E-02
 -0.13266004515011E-04  0.50196421993767E-04  0.18188353503503E-03
 -0.17569716064523E-04  0.82144562929119E-05  0.13473827958893E-02
  0.49161337673356E-05  0.66037229476803E-04  0.13208762487120E-02
 -0.14022323843736E-04 -0.32633281539634E-04  0.13403970273484E-02
 -0.71794606251658E-05  0.10710606136063E-03  0.32785087931622E-03
 -0.15247970608538E-04 -0.13971735269689E-04  0.16753653264322E-03
 -0.57407159389279E-05  0.58156976843225E-04  0.13244402082274E-02
 -0.15413104024269E-04 -0.24758134838229E-04  0.13464729400592E-02
 -0.19214424131537E-04  0.10894363584082E-03  0.30793171216289E-03
 -0.14560083139929E-04  0.47913256732346E-04  0.13277789022759E-02
 -0.25671105892084E-04  0.10357503125240E-03  0.28366720433138E-03
 -0.10301672463308E-04  0.49848888516254E-05  0.16030563041469E-03
 -0.16758256916606E-04 -0.15459021320031E-04  0.13498132991771E-02
 -0.21845020309914E-04  0.35878125548141E-04  0.13313741480181E-02
 -0.27683531540680E-04  0.92814835148562E-04  0.25703395256268E-03
 -0.94453322202639E-05  0.21511750510685E-04  0.16286215290990E-03
 -0.17530524122413E-04 -0.42566297304688E-05  0.13498326735296E-02
 -0.26491485985115E-04  0.23165651614477E-04  0.13352033998439E-02
 -0.26575631514923E-04  0.78240658330726E-04  0.23024610174442E-03
 -0.10946233000365E-04  0.36127155391842E-04  0.17039021979292E-03
 -0.29471938042275E-04  0.10149840059883E-04  0.13390597080937E-02
 -0.23689833475034E-04  0.61543885642895E-04  0.20610470816401E-03
 -0.27514215085683E-04 -0.36862247636802E-04  0.19403323509298E-03
 -0.46219958604182E-05  0.11515702913805E-03  0.30242528619059E-03
 -0.66734706406987E-04 -0.63727777451454E-04  0.32592008499147E-03
  0.35363719513856E-05  0.55399002500749E-05  0.14280437055176E-03
  0.30461719550356E-04 -0.85338650243639E-04  0.37141397858521E-03
  0.35867295635922E-04 -0.55369631874728E-04  0.12982726322776E-02
 -0.83569041386307E-05  0.17732709643937E-04  0.13477635255290E-02
  0.35574159575041E-05 -0.14709104492450E-05  0.15004172538320E-03
  0.14979020784951E-04 -0.61612379756746E-04  0.33642357492551E-03
 -0.19445837482918E-05  0.72692835963360E-05  0.13449614188912E-02
  0.20460208007826E-05  0.11149383047656E-04  0.13378646012875E-02
  0.33074890330959E-04 -0.52890060515029E-04  0.13104685516264E-02
  0.13596059996824E-05 -0.76741275688137E-05  0.16431363012498E-03
  0.45408174036643E-05 -0.40923188638440E-05  0.13408675979476E-02
  0.37768670973806E-05 -0.45007366267768E-04  0.30332882690978E-03
 -0.20796413662311E-05 -0.13366486656249E-04  0.18487181540979E-03
  0.28731169622050E-04 -0.47048466070510E-04  0.13195097903049E-02
  0.11080446329021E-04 -0.16461234705093E-04  0.13362611957495E-02
 -0.34287543928523E-05 -0.33983748447962E-04  0.27099518162906E-03
 -0.55640288016419E-05 -0.19575781738289E-04  0.21039942048618E-03
  0.23390011295224E-04 -0.38772105292191E-04  0.13259660310800E-02
  0.17492208167568E-04 -0.28052491566234E-04  0.13312971179600E-02
 -0.13749640120113E-04  0.25714169284217E-04  0.13486741919390E-02
  0.68882871205089E-05  0.77543954864107E-04  0.13184633260350E-02
  0.37428489211734E-04 -0.53477083664484E-04  0.12840761146298E-02
 -0.18108055990305E-04  0.29436832892182E-04  0.13472827417395E-02
 -0.28136730910693E-04 -0.19903896704545E-04  0.13247555813537E-02
  0.11751542978388E-04  0.11779675145102E-03  0.33153093877048E-03
 -0.52396456412410E-04 -0.27994742960537E-04  0.34592047564931E-03
  0.17722602873242E-04  0.80210288751829E-04  0.13118931010729E-02
 -0.27418630053088E-04 -0.56681313890175E-05  0.13266391979410E-02
 -0.30203904621592E-04  0.16165224191714E-04  0.32981529042122E-03
  0.38033516973895E-04  0.11082146255239E-03  0.35671817407695E-03
  0.30159519468790E-04  0.77586099863610E-04  0.13038845336067E-02
 -0.25982032416381E-04  0.88851279904777E-05  0.13313119521491E-02
 -0.15706472950591E-04  0.37073064479467E-04  0.28125181267991E-03
  0.75272384612821E-04  0.94494358950901E-04  0.37946056823362E-03
 -0.23375140915876E-04  0.20571095106079E-04  0.13374536183172E-02
  0.43691173113692E-04  0.69478176172362E-04  0.12948132265770E-02
 -0.94062269797523E-05  0.33233699755763E-04  0.21641863174955E-03
 -0.20920357599391E-04  0.27657411661745E-04  0.13432638679918E-02
  0.72335649312087E-04 -0.14271240293091E-03  0.43630124030999E-03
  0.37049947312564E-04 -0.46356992228295E-04  0.12693364540243E-02
 -0.45228239076056E-05  0.22502731397316E-04  0.16698961279876E-03
  0.51282480432745E-04 -0.11784627070371E-03  0.41009982349180E-03
  0.55694652228496E-06  0.13469986497139E-04  0.14557714132363E-03
  0.11236150656763E-04  0.96655583109428E-04  0.34126939207523E-03
 -0.62640602482356E-05 -0.25932822280928E-04  0.23952613493232E-03
 -0.98870317480303E-05 -0.21045951336571E-04  0.24601097841535E-03
  0.11360382397370E-04 -0.61498820630408E-06  0.13336154369476E-02
 -0.46114984038385E-05  0.27617053687786E-04  0.18794338928188E-03
  0.21274471464973E-04 -0.12401819632551E-04  0.13296750529461E-02
 -0.12615692854534E-04 -0.15947997745248E-04  0.13265702888223E-02
  0.57006247497448E-04 -0.46972601648424E-04  0.12960542626207E-02
  0.30933392897211E-04 -0.23323018274942E-04  0.13258036946684E-02
  0.31817116072930E-04  0.70384015934693E-04  0.13133878055660E-02
  0.43437802317096E-04 -0.49453668785089E-04  0.34445434045116E-03
 -0.15420649513569E-04  0.30371916300398E-04  0.30678323396556E-03
  0.27465743006261E-05 -0.32444542700558E-04  0.30448094850719E-03
 -0.99905948435365E-05  0.10710831332060E-04  0.13356933330003E-02
 -0.52588691612807E-04 -0.48343747414903E-04  0.34174376472129E-03
 -0.82705599813522E-05  0.19773634841355E-04  0.13419428027327E-02
 -0.13901534876606E-04 -0.36447478850669E-04  0.13288377542727E-02
 -0.58503958835010E-04 -0.71501848279973E-04  0.30715242381748E-03
  0.35452468396132E-04  0.79781334634996E-04  0.34767351561081E-03
  0.53515431315950E-04 -0.44987228998497E-04  0.13070856456346E-02
  0.91922557643917E-04 -0.86279969509778E-04  0.37581470602488E-03
 -0.32868714930952E-04 -0.31416158530596E-05  0.34054341436862E-03
 -0.77764412567256E-05  0.36285716324032E-04  0.24709452021884E-03
 -0.13517111388803E-04 -0.28140389898068E-04  0.13260964901418E-02
 -0.11529057787494E-04 -0.21691685400336E-05  0.13301553922253E-02
 -0.72985037872935E-05 -0.26557367261426E-04  0.27724758957743E-03
 -0.13853131530967E-04 -0.37679880463725E-04  0.13338279637057E-02
  0.20452102486636E-04 -0.39504727095471E-04  0.32697889526704E-03
  0.17681055810178E-04  0.70182044398561E-04  0.13174402683220E-02
 -0.72710456354094E-05 -0.15545619750164E-04  0.21315369368846E-03
  0.40125794521408E-04 -0.32999759040297E-04  0.13212224302428E-02
  0.68672774346345E-04 -0.63974042914653E-04  0.35801426532899E-03
  0.47762577698014E-04 -0.40184396850303E-04  0.13154221280019E-02
 -0.45821217639709E-04 -0.61334139885157E-04  0.24684144522739E-03
 -0.71906453876892E-05  0.23802577387426E-04  0.13473260406367E-02
  0.67811882234652E-04 -0.25727185112359E-04  0.11958993309347E-02
  0.88336185347596E-04  0.31340686203382E-04  0.12019143142487E-02
  0.76251511865087E-05  0.35436919767964E-04  0.11809041007568E-02
  0.31103173628843E-04 -0.81909236228094E-04  0.10214313008012E-02
 -0.12815908334077E-04  0.67006266208361E-04  0.11939817294780E-02
 -0.11624076855037E-03  0.81017155658412E-05  0.11837548204356E-02
 -0.64118688890096E-04 -0.94696568471433E-04  0.10350568399320E-02
 -0.12439230734087E-03  0.19611970799914E-04  0.11921701118137E-02
  0.76060780345232E-04 -0.73051105059146E-05  0.12045823245317E-02
  0.15827673955319E-05 -0.99761588828993E-04  0.10258164803313E-02
 -0.40536171467424E-04 -0.53555111760558E-04  0.12526065755338E-02
 -0.12841845007079E-03  0.31268472115761E-04  0.11986895765160E-02
  0.82538735954144E-04  0.12463436982826E-04  0.12079162830890E-02
  0.14860628452769E-04 -0.98959035006084E-04  0.10660944119655E-02
  0.85149022203945E-05  0.53583661289270E-04  0.11781376348450E-02
 -0.27905985568390E-04 -0.15186881260347E-04  0.12229334308048E-02
 -0.69640026937480E-04 -0.63268184616125E-04  0.99879743683740E-03
 -0.11604108880603E-04 -0.47546569761956E-04  0.11960133029315E-02
  0.33069659291391E-04  0.28130167263783E-04  0.11618240165302E-02
 -0.97069587145489E-05  0.59855289646136E-04  0.11805305239024E-02
 -0.10408444603739E-03  0.39118823445256E-04  0.11174696435205E-02
 -0.34341506401223E-04 -0.38365957264589E-04  0.11883188615843E-02
  0.74497641576079E-04  0.17348023407039E-04  0.10103847352704E-02
 -0.16416358397566E-04 -0.20065641183871E-04  0.12303631332133E-02
 -0.54354394676317E-04 -0.29331959506009E-04  0.11805263812990E-02
 -0.10695823506012E-03  0.55161025154341E-04  0.11372742959744E-02
 -0.72948159581047E-04 -0.20876062583775E-04  0.11753696030306E-02
  0.44880054130070E-04  0.36361375046274E-04  0.11347251378847E-02
 -0.11266347762493E-03  0.59830385098182E-04  0.11625190418116E-02
 -0.73724281295703E-04 -0.28936250991391E-04  0.97770950603588E-03
 -0.89393225680747E-04 -0.11992131277862E-04  0.11742590758704E-02
  0.70963381123316E-04  0.34622490375281E-04  0.10339008223741E-02
 -0.60821391109858E-05 -0.59508473322521E-05  0.12125476951862E-02
 -0.41672104996223E-04 -0.71379869426901E-04  0.12454918341300E-02
 -0.10419218904043E-03 -0.24349768370530E-05  0.11772520198746E-02
 -0.12018629163245E-03  0.54353658411097E-04  0.11847435494762E-02
  0.32204724847835E-04 -0.67004968047847E-04  0.11735846662034E-02
  0.29352577437761E-05  0.14002126919196E-04  0.11941903688138E-02
 -0.12655979653420E-03  0.43508227698141E-04  0.11975732654937E-02
  0.45731027802638E-04 -0.55645778713854E-04  0.11784586063920E-02
  0.55565369961444E-04  0.42446944526881E-04  0.11020438896355E-02
  0.64339025570964E-04  0.43029965432719E-04  0.10668379889000E-02
  0.57615830435290E-04 -0.41960943355771E-04  0.11861824192293E-02
  0.21076571318493E-07 -0.98519307473900E-04  0.11738165877355E-02
  0.98640400590258E-04  0.31673952193623E-04  0.11609181702952E-02
  0.69307130487704E-05  0.65225535090930E-04  0.11875127074627E-02
 -0.34173749382852E-04 -0.21663893349776E-04  0.11969748822226E-02
 -0.44829819787755E-04 -0.48458690680546E-04  0.95318512156844E-03
 -0.96951287155731E-04 -0.22763857246690E-04  0.11544477180937E-02
 -0.48948138263558E-04 -0.10888848413853E-03  0.11885561622728E-02
 -0.53072560788841E-04 -0.11535763182365E-04  0.11872134787558E-02
 -0.20171150718642E-04 -0.59136268656191E-05  0.12593868035557E-02
 -0.94379244666631E-04  0.83927056180986E-05  0.11434424655008E-02
 -0.70374593625892E-04 -0.16818045458917E-05  0.11798111801917E-02
  0.11724837575530E-04 -0.75901704717470E-04  0.97780612149064E-03
 -0.26909803334234E-04  0.49672670731056E-04  0.12343343889496E-02
 -0.86732680745734E-04  0.78013545761790E-05  0.11755906169146E-02
 -0.93321887871778E-04  0.35205114911019E-04  0.11425905116144E-02
  0.45855257849061E-04  0.27548515676321E-04  0.97942098976412E-03
 -0.20107462177970E-04 -0.27319574074613E-04  0.12588286418176E-02
 -0.55315129564206E-04 -0.98510167474358E-04  0.12062667747293E-02
 -0.13345553704666E-04 -0.31159057046105E-04  0.92828056198251E-03
 -0.94306946877965E-04  0.53920583721547E-04  0.11539539439317E-02
 -0.11344440174798E-03  0.27288229281447E-04  0.11775847142488E-02
  0.17880387689959E-04 -0.46301630373537E-04  0.94418790998493E-03
 -0.20038492568298E-04 -0.47600253048750E-04  0.12560836138619E-02
 -0.37495300570133E-04  0.64987730636886E-05  0.12578726305720E-02
  0.15846698627410E-04 -0.92197104318466E-04  0.11748231759171E-02
 -0.98660028446660E-04  0.62211669464869E-04  0.11746058081442E-02
  0.29959908095484E-04 -0.83037692893996E-04  0.11788524084293E-02
 -0.59574593533724E-04 -0.86620606918679E-04  0.12195061676334E-02
 -0.10590551295200E-03  0.58787724358938E-04  0.11971056149844E-02
 -0.10140540175950E-03  0.17351797758402E-04  0.11750373750932E-02
  0.94467025217451E-04  0.43772749290447E-04  0.11878674166364E-02
 -0.18466766678105E-04  0.16517578573390E-04  0.12559023232104E-02
 -0.14044330698062E-04 -0.33179085983389E-04  0.12072524290612E-02
 -0.10952225811934E-04 -0.11428070361568E-03  0.10782065770665E-02
  0.99081966912954E-04  0.43919814755774E-04  0.11717366856370E-02
 -0.16803111486018E-04 -0.10162764926880E-03  0.11756068206588E-02
  0.42666919571529E-04 -0.56759020709275E-04  0.98414440118399E-03
  0.19019779400637E-05  0.67265712168876E-04  0.12058087093550E-02
 -0.34727359200161E-04 -0.10122721091624E-03  0.11797220692175E-02
  0.93446240833161E-04  0.11486447582001E-04  0.11612483460768E-02
 -0.50658426926268E-04  0.17477202761451E-04  0.95132696312484E-03
 -0.25337951939795E-04 -0.11922153763498E-03  0.11258998111268E-02
  0.84314654177805E-04 -0.11333780397151E-04  0.11726616362361E-02
 -0.53576129454965E-04 -0.97552492300067E-04  0.11842916492679E-02
 -0.60662815855604E-05  0.57573020833336E-04  0.12271085698488E-02
 -0.39041298857239E-04 -0.14588126460542E-04  0.12598275969214E-02
  0.70093461884715E-04 -0.31917611490907E-04  0.11902010085637E-02
  0.47928491813946E-04 -0.27131968522587E-04  0.96244543675674E-03
 -0.72042555050946E-04 -0.89234287377034E-04  0.11861798501361E-02
  0.50853254438162E-04 -0.45344283105383E-04  0.12069453739152E-02
 -0.18718376089301E-04  0.63943385766232E-04  0.12139243207296E-02
 -0.13855748587764E-04  0.38725161276089E-04  0.12453500386831E-02
 -0.46659174657405E-04 -0.14525821480849E-04  0.94009172505532E-03
  0.29944657760977E-04 -0.48628762846394E-04  0.12159497571645E-02
 -0.86866640374154E-04 -0.74469642239045E-04  0.11819350048411E-02
  0.48299280655288E-04  0.22147747032225E-05  0.96056055322331E-03
 -0.38624919965382E-04 -0.11613282936587E-03  0.11629532493719E-02
  0.79744290233205E-05 -0.43111912318223E-04  0.12150650474086E-02
 -0.96051205074157E-04 -0.52234777860400E-04  0.11699504938938E-02
 -0.39682988327555E-04 -0.34815883323342E-04  0.12575510811708E-02
 -0.24055040491509E-04 -0.25704007961903E-04  0.12421859269092E-02
  0.62960781020968E-04 -0.50606396625525E-04  0.11807626327831E-02
  0.13008393434536E-04 -0.55568788126461E-04  0.11995517627507E-02
  0.84982083981058E-04  0.17028391431616E-04  0.11576055166208E-02
 -0.78346491841969E-04 -0.10439605583927E-03  0.11309157920749E-02
  0.33063377793532E-04  0.56064486725685E-04  0.10587053475345E-02
 -0.92542272804410E-04 -0.39855586660386E-04  0.10296172464372E-02
  0.93109144794995E-04  0.27971735103991E-04  0.11428685402968E-02
 -0.39431201148710E-04 -0.24772878536106E-04  0.12441937895938E-02
 -0.92651545469528E-04 -0.78778930581531E-04  0.11068925031883E-02
  0.10002811728382E-03  0.32638513053458E-04  0.11247504034824E-02
  0.79108497183379E-04  0.31458792022264E-04  0.11171336664265E-02
  0.24299114093497E-04  0.57504968128620E-04  0.11027463979016E-02
  0.10469292191868E-03  0.26856781684840E-04  0.11081233575404E-02
 -0.10137383865694E-03 -0.46850543406335E-04  0.10838279593533E-02
  0.87066685218612E-04  0.34273119740076E-04  0.10919929852787E-02
  0.10510243465450E-03  0.10911400688475E-04  0.10996785583712E-02
 -0.36828353806860E-04 -0.19834238760813E-04  0.12411137370382E-02
 -0.10486371095678E-03 -0.12944505389139E-04  0.10698861056119E-02
  0.99534201366009E-04 -0.11790991320135E-04  0.11041603540139E-02
  0.15314098984340E-04  0.52927269004733E-04  0.11418830427322E-02
  0.69205952279287E-04  0.23188404221540E-04  0.11401086925178E-02
  0.88542611511464E-04 -0.36330876316233E-04  0.11208984096969E-02
 -0.10654739717425E-03  0.17775461379493E-04  0.10706739293014E-02
 -0.37700915111680E-04 -0.12509763552922E-03  0.11836288272944E-02
  0.70344741749118E-04 -0.56513104224372E-04  0.11428691199073E-02
  0.69238143355269E-05  0.45403216710328E-04  0.11738778316140E-02
 -0.11742164688262E-04  0.24662974245728E-04  0.11874378987067E-02
 -0.10888990714121E-03  0.41322591385184E-04  0.10874505582626E-02
 -0.85991422168945E-04 -0.73484177741071E-04  0.10538649142610E-02
  0.45259292622636E-04 -0.67979328533435E-04  0.11634846574299E-02
 -0.34113849125048E-04 -0.12996275998597E-03  0.11496502059222E-02
 -0.59736690932549E-04 -0.12128694592902E-03  0.11503945019606E-02
  0.84107556615144E-04 -0.37897940034949E-04  0.10684935513296E-02
  0.92319197882741E-04 -0.11382778997624E-04  0.10541252156631E-02
 -0.10348439786384E-03  0.46368109560105E-04  0.10575609272446E-02
 -0.23433854016580E-04 -0.11524679249959E-03  0.10508882863254E-02
  0.70051592527974E-04 -0.61352607584872E-04  0.10937547949122E-02
 -0.10838035531392E-03  0.60782550111108E-04  0.10934485108118E-02
  0.48025208665924E-04 -0.76797948870216E-04  0.11220905537248E-02
 -0.99658473035337E-04  0.23703533424917E-04  0.10305947374073E-02
 -0.28791208820634E-04 -0.12755250952944E-03  0.11045349703736E-02
  0.94973311867382E-04  0.12185848774376E-04  0.10548034067682E-02
 -0.17837782971939E-04 -0.92621293451027E-04  0.99647958744939E-03
  0.20646381666899E-04 -0.83140334656120E-04  0.11469441350213E-02
  0.74485010647689E-04  0.45288697658644E-05  0.11667592108679E-02
 -0.11397781920013E-03  0.65590016214209E-04  0.11272307183653E-02
 -0.68283740105320E-05 -0.81447670227599E-04  0.11632053400043E-02
 -0.96389857675911E-04 -0.63738113223877E-05  0.10206410983595E-02
 -0.11678778724013E-03  0.62292775370904E-04  0.11522249737476E-02
 -0.31549879391810E-04 -0.74931247519165E-04  0.11709767998928E-02
 -0.14073966936509E-04 -0.63537045983670E-04  0.95271434803826E-03
  0.92497123923721E-04  0.28083612384501E-04  0.10690328433006E-02
 -0.52918900855965E-04 -0.66408998480274E-04  0.11740056567004E-02
 -0.39992775946441E-04 -0.13020525522298E-03  0.11642013852856E-02
 -0.39419862789301E-04 -0.27397657909485E-04  0.12435783939043E-02
  0.61479261795969E-04 -0.78498232104863E-05  0.11715054744327E-02
  0.40597312804715E-04  0.46165590412848E-04  0.10148056948034E-02
 -0.18260368652475E-04  0.28561057893515E-05  0.12042404595794E-02
 -0.35706871370799E-04 -0.25237392074292E-04  0.12368621589170E-02
 -0.31451456655236E-04 -0.13634827486607E-04  0.12357889108300E-02
 -0.29519659413072E-04 -0.91530410122050E-04  0.11599769363832E-02
  0.17528146439759E-04 -0.69604039411228E-04  0.11773454861384E-02
 -0.24903661342223E-04  0.24940570546052E-06  0.12413464599033E-02
 -0.87609318170939E-04  0.55746413471962E-04  0.10356927386205E-02
  0.97952407676043E-04  0.32874578962661E-04  0.11692221842113E-02
 -0.41976794051363E-04 -0.10287024761847E-03  0.12241825039270E-02
 -0.56762554381843E-04 -0.11157774303765E-03  0.11705967567655E-02
  0.10392422687187E-03  0.37188604647063E-04  0.11538179463830E-02
 -0.27605157447740E-04 -0.93369550618312E-05  0.12455559444562E-02
  0.10635070865382E-03  0.29154819636089E-04  0.11406411104247E-02
  0.59794235465259E-04 -0.62105936431965E-04  0.10380842471482E-02
 -0.76540269265306E-04 -0.99642208807829E-04  0.11638631688517E-02
  0.89454560961087E-05  0.12418684286668E-04  0.11987737522304E-02
  0.10384795832491E-03  0.11377401183476E-04  0.11364470515785E-02
 -0.36518641061116E-04 -0.11737736661385E-03  0.11732640847830E-02
 -0.82171719445187E-04  0.33485760333815E-04  0.99853910118012E-03
  0.95919908498040E-04 -0.11216866527981E-04  0.11446719211031E-02
 -0.28724131967080E-04 -0.17436845459165E-04  0.12478326790275E-02
  0.70016959996711E-04 -0.35201340314519E-04  0.10122204850132E-02
  0.82456501212789E-04 -0.33921407471223E-04  0.11616972687233E-02
 -0.10186226762123E-03 -0.51505318677448E-04  0.11319055044284E-02
  0.20690446977061E-04  0.19726335489653E-04  0.11829476769669E-02
 -0.27983579549833E-04 -0.23661410838080E-04  0.12473588957153E-02
 -0.10377582541567E-03 -0.18258585364493E-04  0.11158274762232E-02
  0.38479601056723E-04 -0.58211412134333E-04  0.11949930973162E-02
 -0.42319875241092E-04 -0.87686155437796E-04  0.12361310999422E-02
  0.74488313042144E-04 -0.68479957035589E-05  0.10023288605559E-02
 -0.77655310288397E-04  0.44170342920045E-05  0.97735891522348E-03
 -0.92422859324014E-04 -0.79458199856241E-04  0.11502709863693E-02
  0.91248310898708E-04  0.19714363244225E-04  0.11811246242327E-02
  0.43765181309261E-04 -0.82165178785319E-04  0.10726533335324E-02
 -0.24586239409052E-05  0.59957319500610E-05  0.12109640758993E-02
 -0.75347513949258E-04 -0.10295927548482E-03  0.10864167695591E-02
 -0.11275993990779E-03  0.55823910035403E-04  0.11153249611261E-02
 -0.30806298872025E-06  0.37242802118324E-04  0.11978254244604E-02
 -0.93167860149866E-05 -0.64367880939560E-04  0.11821709447705E-02
 -0.53761915329079E-05 -0.95624634066505E-04  0.11390734538419E-02
 -0.11880214792029E-03  0.60070587076023E-04  0.11447698603503E-02
 -0.33308605459934E-04 -0.56595335180128E-04  0.11800575989512E-02
 -0.23385939456248E-04 -0.69423832279059E-05  0.12289607446166E-02
 -0.40728804479305E-04 -0.11568894703428E-03  0.12075244211622E-02
 -0.74118841398329E-05  0.28731087907705E-04  0.12149617156523E-02
 -0.54628012623460E-04 -0.48411218235639E-04  0.11762388684009E-02
 -0.12523203826406E-03  0.55580706045277E-04  0.11676760422515E-02
  0.41881633603869E-04 -0.71176731506724E-04  0.11854393042066E-02
 -0.72921829624767E-04 -0.39707632005096E-04  0.11740560734386E-02
 -0.12661541653460E-03  0.47372439151582E-04  0.11790032988330E-02
  0.47413581571731E-04 -0.37750256144871E-04  0.11757934763076E-02
 -0.14229228912131E-04  0.19863741652800E-04  0.12268668724305E-02
 -0.13520515646443E-04 -0.25474769786748E-06  0.12207315067009E-02
  0.61131963604444E-04 -0.25490999742966E-04  0.11796939172087E-02
 -0.12253778741796E-03  0.37418967726414E-04  0.11806081324648E-02
 -0.60534032169799E-04 -0.12453216694441E-03  0.11196577278052E-02
  0.20813799876347E-04 -0.93476026953584E-04  0.11085925522471E-02
  0.73145503275862E-04 -0.11451236488730E-04  0.11841165151049E-02
 -0.20275829958103E-04  0.10276772031129E-04  0.12354127824843E-02
 -0.17982550742220E-04 -0.11844575823391E-03  0.11748954125547E-02
  0.83209645323501E-04  0.38654693596984E-05  0.11860156204207E-02
 -0.92611957092966E-05  0.44858447926835E-04  0.11782805031325E-02
 -0.10338444497686E-03  0.13983973288431E-04  0.11099229787973E-02
 -0.42474330187156E-04  0.76608370790459E-04  0.11364141037002E-02
  0.54408449331094E-04 -0.31884271861877E-04  0.12092970820281E-02
  0.51719429853933E-04 -0.55967203015129E-04  0.11947140893041E-02
 -0.97289571403321E-04 -0.14533395624421E-04  0.12353053477344E-02
 -0.99950597193308E-05 -0.12229582631353E-04  0.12400683014182E-02
  0.69271517800726E-05  0.48031322218539E-04  0.12391777507327E-02
 -0.18972205487781E-04  0.95816914002195E-06  0.12335687811459E-02
 -0.96780653361664E-04 -0.29184461358678E-04  0.12231082350126E-02
 -0.28334461250251E-04  0.14485488924920E-04  0.12253707969037E-02
  0.10886858265243E-05  0.26343261328514E-04  0.12524928577120E-02
 -0.93464676716793E-04 -0.42096773813898E-04  0.12102935086434E-02
 -0.38128422997978E-04  0.27409768416037E-04  0.12158458522521E-02
  0.12998690057673E-04 -0.12600918636818E-04  0.11922731891052E-02
 -0.47381973339826E-04  0.40463377146272E-04  0.12049051206927E-02
 -0.86493758803281E-04 -0.53181868856495E-04  0.11989643003040E-02
 -0.13551504556463E-05  0.33119796580194E-05  0.12574731122481E-02
 -0.57020671652173E-04  0.52338143156814E-04  0.11923498315092E-02
 -0.77450733719175E-04 -0.64093134294046E-04  0.11894827776223E-02
 -0.65114532283983E-04  0.63355938704465E-04  0.11764747698664E-02
  0.27957371003008E-04 -0.59978187696624E-05  0.11828536880048E-02
 -0.43528146782493E-04 -0.13704504423038E-03  0.11481738772139E-02
  0.31279011528395E-04 -0.27995132151323E-04  0.11784647906095E-02
 -0.72044571248111E-06 -0.62334365279575E-04  0.12484012782597E-02
 -0.57067966957308E-04  0.44836641994400E-04  0.98362830527176E-03
  0.46879667370785E-04 -0.18724340852198E-04  0.11748190607195E-02
 -0.63751425687220E-04  0.65152436485669E-04  0.10293842960823E-02
 -0.10484613330470E-05 -0.17638259747420E-04  0.12009475020968E-02
  0.42893418115952E-04  0.28366394630625E-05  0.11719900887386E-02
 -0.69109832213119E-04  0.76503802179567E-04  0.10776191699083E-02
 -0.49889771975233E-04 -0.83560799145283E-04  0.11727359806791E-02
 -0.71828140933924E-04  0.78469919279972E-04  0.11209782392628E-02
 -0.65282888418208E-04 -0.74122647476883E-04  0.11813732091021E-02
 -0.70550626037725E-04  0.73021090527098E-04  0.11541268479488E-02
 -0.17118773808143E-05 -0.18970515186890E-04  0.12569464725596E-02
 -0.13702919959870E-05 -0.40912520782682E-04  0.12537732812517E-02
  0.56971238580451E-04  0.12887241476968E-04  0.11580574383393E-02
 -0.33463014068245E-06 -0.23222256958058E-04  0.12433170212560E-02
  0.94163058146831E-05 -0.30287029513351E-04  0.12414945585996E-02
  0.33279140320469E-04 -0.51710380380595E-04  0.12292427510671E-02
 -0.46250368095774E-04 -0.32272626538447E-04  0.12340790331278E-02
  0.34205639553702E-04 -0.28873463093218E-04  0.12385473028794E-02
 -0.67415571668227E-04 -0.51728051915916E-06  0.11883858518413E-02
  0.15476728225004E-04  0.29114156856147E-05  0.12011149053470E-02
  0.35260349093082E-04 -0.50206587073214E-05  0.12455421807937E-02
 -0.63728925935113E-04  0.24059019084286E-04  0.11750096675314E-02
  0.37304757533940E-04  0.18666801596513E-04  0.12470676653863E-02
  0.22329578019777E-04  0.24440409158382E-04  0.11848457600453E-02
  0.41607633226346E-04  0.41098514260415E-04  0.12389234839858E-02
 -0.62775644835909E-04  0.44942574931188E-04  0.11706688663613E-02
 -0.38040376027488E-04 -0.29419643197217E-04  0.12268321726910E-02
  0.48628823208135E-04  0.58152967443006E-04  0.12212971967096E-02
 -0.63981717796168E-04  0.59080125080134E-04  0.11787887897001E-02
  0.54607355391420E-04  0.63585542920391E-04  0.12002879756109E-02
  0.25110958822895E-04  0.44732510181133E-04  0.11774832346285E-02
  0.57134202377394E-04  0.56459541940246E-04  0.11838144877374E-02
  0.14978035830120E-04  0.63440428372245E-04  0.12189920002945E-02
  0.20881247673451E-04 -0.30113913645967E-04  0.12325230807011E-02
 -0.89020702728146E-04  0.22107834033557E-04  0.12451805844356E-02
 -0.14485167868471E-04 -0.22002559743737E-04  0.12096400463566E-02
  0.33518934083956E-04 -0.20306714949116E-04  0.12165309425296E-02
  0.21931736224059E-04  0.67190186339587E-04  0.11976151017784E-02
 -0.94679142868051E-04  0.24257203332837E-05  0.12441721712952E-02
 -0.82291510653909E-04  0.42367769841791E-04  0.12358913119017E-02
  0.52522606894388E-04  0.19338810689309E-04  0.11833469011196E-02
 -0.74084331796031E-04  0.58397653054270E-04  0.12179772321089E-02
  0.25243526218665E-04  0.59949232185688E-04  0.11821317169270E-02
  0.56216492398146E-04  0.40312640295116E-04  0.11774810788999E-02
 -0.27066595255771E-04 -0.25887065850298E-04  0.12184089113502E-02
 -0.67469220442011E-04  0.64553134414755E-04  0.11967708755438E-02
  0.45027033953314E-04 -0.24405700080868E-05  0.11980006982934E-02
 -0.27152431726286E-04 -0.14121264262374E-03  0.11703236265014E-02
  0.15156765012750E-04 -0.35376427496887E-04  0.11832488949627E-02
 -0.28897329419982E-06 -0.82694156182714E-04  0.12415096388332E-02
 -0.55745979193438E-04 -0.12017737036975E-03  0.10790038331902E-02
 -0.45222353385252E-04  0.39361730534985E-04  0.11760228466378E-02
  0.25817668686603E-04 -0.85202708209011E-05  0.12090766793024E-02
 -0.67630879729738E-04 -0.81360801231661E-04  0.11988447007902E-02
  0.13891740366424E-04 -0.22823744453782E-04  0.12274185123848E-02
 -0.45618826720323E-04  0.55661340897239E-04  0.11770037623334E-02
 -0.15507512239766E-04  0.20422453654459E-05  0.92701856073578E-03
  0.33575598433121E-05 -0.27884553274030E-04  0.12402435345012E-02
 -0.48093791974742E-04  0.64401670802263E-04  0.11897230842443E-02
 -0.46882272616204E-05 -0.24799939794788E-04  0.12462817527614E-02
 -0.74433316048402E-04 -0.70468398305298E-04  0.12097789557992E-02
 -0.20597242790253E-04  0.31842570007826E-04  0.94958317307016E-03
 -0.10813508606873E-04 -0.16293425029349E-04  0.12469007642466E-02
 -0.53521503227404E-04  0.62912145701377E-04  0.12098477664839E-02
 -0.15309784871863E-04 -0.44943479186027E-05  0.12445404015133E-02
 -0.60987816515870E-04  0.50489288179549E-04  0.12308957931652E-02
 -0.19950616797098E-04  0.86864016991626E-05  0.12394960131775E-02
 -0.80087092458188E-04 -0.28758873248079E-04  0.12431200206138E-02
 -0.42231287795103E-04  0.69299724195408E-04  0.11697382749633E-02
 -0.39797624120477E-04  0.78224282864243E-04  0.10926895563539E-02
 -0.77879401076052E-04 -0.10733524043996E-04  0.12507660889483E-02
 -0.39600138708564E-04  0.58552446219020E-04  0.11936077004474E-02
 -0.80752719501260E-04 -0.44436723622737E-04  0.12326486363060E-02
  0.35059686929087E-04  0.12011069294713E-04  0.11909929277071E-02
 -0.35333864036521E-04  0.46758226914420E-04  0.12108021627075E-02
 -0.34542394717396E-04  0.70747344796878E-04  0.10418745808346E-02
 -0.30140163571018E-04  0.34634085518331E-04  0.12229725537207E-02
 -0.68023532784857E-04  0.31158333790088E-04  0.12465677670126E-02
 -0.25149744589269E-04  0.21834209177427E-04  0.12323921047173E-02
 -0.78311804606150E-04 -0.57948831659864E-04  0.12210376852876E-02
 -0.27490604180366E-04  0.55243534557803E-04  0.99078814753564E-03
 -0.73962310020854E-04  0.92336529717670E-05  0.12528960820799E-02
 -0.47305631415971E-04  0.18062342834720E-04  0.11861175895749E-02
  0.39980269196808E-04  0.33206307225666E-04  0.11791989242369E-02
 -0.44881270834351E-04 -0.13652885821726E-03  0.11218644678193E-02
 -0.26489112095436E-04 -0.10617779131645E-03  0.11451457589655E-02
 -0.43515110766289E-04 -0.46609666713099E-04  0.12164010964985E-02
  0.16874827608562E-04 -0.57173231980697E-04  0.12404203267421E-02
 -0.54998100769422E-05 -0.11882201443609E-03  0.12203003559637E-02
  0.16818653564972E-04 -0.78453068198064E-04  0.12321061762166E-02
 -0.30038402634507E-04 -0.46607514428419E-04  0.12065431172207E-02
  0.16490731125967E-04 -0.34501652429253E-04  0.12474940361190E-02
  0.14717627839225E-04 -0.98336907301701E-04  0.12229384695024E-02
 -0.15227606793736E-04 -0.44684610447025E-04  0.11974732697220E-02
  0.95818683619402E-05 -0.11600192407225E-03  0.12126379863692E-02
 -0.18079839373291E-05 -0.10162324540965E-03  0.12323151868043E-02
  0.42107481349032E-06 -0.12972830449900E-03  0.12008194675950E-02
 -0.22680852094986E-06 -0.40924871941942E-04  0.11895430560748E-02
 -0.11985189640183E-04 -0.13838332945328E-03  0.11872208896129E-02
 -0.54192431198539E-05 -0.10675826609312E-03  0.11096926957973E-02
 -0.73129951030847E-04 -0.23788664925869E-04  0.12045964872012E-02
 -0.12297200710091E-04 -0.13250753181462E-03  0.12050148385329E-02
  0.16706148841734E-04 -0.11244546973531E-04  0.12525347946218E-02
  0.41619617891041E-04  0.51599436575391E-04  0.11785145495223E-02
 -0.53216261012725E-04 -0.45438731042963E-05  0.12022820121573E-02
 -0.58295709445550E-04 -0.91303868987435E-04  0.11866980166193E-02
  0.40409388165465E-04  0.63747230374541E-04  0.11898104694239E-02
 -0.60102933744974E-04 -0.23653242739449E-04  0.12185630906180E-02
  0.35506228732862E-04  0.65508297462413E-04  0.12097509094178E-02
 -0.54209037470993E-04 -0.45225911218099E-04  0.12250846262223E-02
 -0.33095813560083E-04 -0.14324723203230E-03  0.11575990374064E-02
 -0.62968644554448E-04 -0.36070588375782E-04  0.12286658423975E-02
 -0.44949846371903E-04 -0.10009649275262E-03  0.11700377431034E-02
  0.21241803583759E-04  0.34882654862904E-04  0.12470619012207E-02
 -0.21741923943606E-04 -0.14156670785843E-03  0.11849085155206E-02
 -0.60973237301338E-04 -0.42178194976876E-04  0.12302691541345E-02
  0.17703722418695E-04  0.11935060527147E-04  0.12535029573104E-02
  0.28076938654957E-04  0.54776205596679E-04  0.12312105658014E-02
 -0.20257328151062E-04 -0.67214656483485E-04  0.12512995823198E-02
  0.49475185022429E-05 -0.14642881643095E-04  0.12203957492571E-02
 -0.34010612329299E-04  0.28618096300650E-04  0.12496792207422E-02
 -0.33710256118994E-04 -0.84484236574836E-04  0.11865325116667E-02
 -0.57154940560385E-04 -0.28066126124470E-05  0.12575497503198E-02
 -0.33580013756716E-04 -0.80999281614105E-05  0.12061812600542E-02
 -0.51052752236501E-04 -0.81272621857919E-04  0.11949169020641E-02
 -0.49706640184451E-04  0.42746378055159E-05  0.11954435002376E-02
 -0.41538531210876E-04 -0.10853027830393E-03  0.10342663795876E-02
 -0.65275448671696E-04  0.15385277925730E-04  0.11866870213212E-02
 -0.66447016092934E-04 -0.74652193677196E-04  0.12020064171247E-02
 -0.53657284763403E-04  0.18390978109584E-04  0.12535669763994E-02
 -0.80457651304736E-04  0.25681273551261E-04  0.11802234199107E-02
 -0.43029853757058E-04 -0.80845399465605E-04  0.98670392590488E-03
 -0.78760197085236E-04 -0.64002423022356E-04  0.12041123758631E-02
 -0.93716168646507E-04  0.35607999265418E-04  0.11760551854834E-02
 -0.10532330827390E-03  0.45462230755899E-04  0.11724289105313E-02
 -0.85930112358867E-04 -0.47859040421758E-04  0.11977011728184E-02
  0.16092145853326E-04  0.16358378760995E-04  0.94079158898174E-03
 -0.11353618736994E-03  0.54904341893698E-04  0.11660935238509E-02
  0.47876239726779E-04 -0.45807048506591E-04  0.12174132179385E-02
 -0.79347903130335E-04  0.50081889012631E-04  0.11646304077687E-02
  0.42938954551128E-04 -0.65671823907835E-04  0.12065570405132E-02
  0.38181616295286E-05  0.59856579671263E-04  0.10184335255026E-02
  0.35471808596403E-04 -0.82954500069517E-04  0.11965758082666E-02
 -0.79534740100703E-04  0.29669496773130E-04  0.11612844860674E-02
 -0.15618133235756E-04 -0.20321670973341E-04  0.12172180763720E-02
 -0.39750848558044E-04  0.57832105624031E-04  0.12221258215558E-02
 -0.82051607641765E-04  0.34872483074704E-05  0.11690627953836E-02
  0.13316921257536E-04 -0.10760397760234E-03  0.11819424017180E-02
  0.10752209224186E-04  0.41896426554923E-04  0.97251276940429E-03
 -0.14702171657364E-05 -0.11500608602534E-03  0.11773609253409E-02
 -0.85988358622221E-04 -0.24118033112910E-04  0.11837935090123E-02
 -0.47382950265170E-04  0.40460391849183E-04  0.12412447245938E-02
  0.25457781284772E-04 -0.96815605959666E-04  0.11884819217449E-02
 -0.35367303117888E-05  0.69347711320858E-04  0.10690498451449E-02
 -0.39340508868573E-04 -0.12825398383145E-03  0.10866772591873E-02
 -0.16339815290855E-04 -0.84716975404781E-04  0.11793419792636E-02
 -0.11400219117072E-03  0.46271652610054E-04  0.12137319972311E-02
  0.59334671829627E-04 -0.37733570070617E-04  0.12058179558069E-02
 -0.20836045014356E-04 -0.85757771040516E-04  0.12438493023350E-02
 -0.12040024436693E-03  0.30582077561956E-04  0.12187281985915E-02
  0.65012277384349E-04 -0.16917700515530E-04  0.12170695983711E-02
 -0.61593835064717E-04 -0.73354842681195E-04  0.12306252773758E-02
  0.69333769590032E-04  0.60074328635150E-05  0.12247604461081E-02
 -0.12273412803650E-03  0.15960745511766E-04  0.12136511046054E-02
 -0.21967048524815E-04 -0.10318127206450E-03  0.12334281383153E-02
  0.73742144749564E-04  0.28666937560838E-04  0.12236732728338E-02
 -0.12040980458612E-03  0.24196403731214E-05  0.12029841199173E-02
  0.79675055115638E-04  0.46967195537036E-04  0.12121872175127E-02
 -0.61534105630480E-04 -0.58132142821328E-04  0.12404284068188E-02
 -0.24046391721301E-04 -0.11880216402841E-03  0.12193481517996E-02
  0.85308871395346E-04  0.54406229851872E-04  0.11942518630207E-02
 -0.11289223858760E-03 -0.94554464391642E-05  0.11914969549578E-02
  0.87145950886253E-04  0.47274756879122E-04  0.11781072155324E-02
  0.20256844216979E-04 -0.39816889069125E-04  0.12291910787913E-02
 -0.35953925407917E-04 -0.13810417706560E-03  0.11341924009823E-02
  0.66682623929805E-06 -0.81848277992957E-04  0.11746377817251E-02
  0.37652395585874E-04 -0.40891172441583E-04  0.12234656499391E-02
 -0.59336335050518E-04 -0.22585317303850E-04  0.12554659027407E-02
  0.17080776400124E-04 -0.75764250938394E-04  0.11726000981527E-02
  0.21466655530058E-05 -0.32067896044170E-04  0.12260496372022E-02
 -0.31210816977689E-04 -0.13845883575204E-03  0.11717551931326E-02
 -0.88938351884426E-04 -0.30529779721926E-04  0.11758467380043E-02
  0.78965436432347E-04  0.89273637937036E-05  0.11763983809329E-02
 -0.60780251972755E-04 -0.41149975583682E-04  0.12493107463604E-02
 -0.27033453075072E-04 -0.13128953419111E-03  0.11994428017522E-02
  0.84615962346514E-04  0.30395220910162E-04  0.11710791255609E-02
 -0.10207053922076E-03 -0.20350621826981E-04  0.11819632996343E-02
  0.69127996898343E-04 -0.13682237920929E-04  0.11911975031706E-02
 -0.81578849074678E-04  0.61826147562630E-04  0.11794136442222E-02
  0.50914997512114E-04 -0.23487566555369E-04  0.12279987426787E-02
 -0.33097579160774E-04  0.65644996140502E-04  0.12011397094293E-02
 -0.44475132951346E-04  0.17321529284033E-04  0.12053444801415E-02
  0.32485969805620E-04 -0.48167815132848E-04  0.11742339093563E-02
 -0.40050803827507E-04 -0.96159435863307E-05  0.12133426517340E-02
 -0.57835248280295E-04  0.29056788718202E-04  0.11958701749369E-02
 -0.20696733141091E-04  0.43443929608851E-06  0.12458951301615E-02
  0.16747237972415E-04 -0.56974371301799E-04  0.11755364217172E-02
 -0.70160468029709E-04  0.40622956660352E-04  0.11868835084811E-02
 -0.81847261341694E-04  0.51393374328434E-04  0.11774827788884E-02
  0.73356894636758E-06 -0.63140892228107E-04  0.11799824726044E-02
 -0.19839528093013E-04 -0.10894249991173E-04  0.12485136257466E-02
 -0.91331601584987E-04  0.61479814371964E-04  0.11655209891555E-02
 -0.47576949654626E-04 -0.24650385395981E-04  0.12290736171146E-02
 -0.15691316261234E-04 -0.66255609477767E-04  0.11868826168131E-02
 -0.97254288187679E-04  0.69792749219989E-04  0.11466123523010E-02
 -0.17958817007547E-04 -0.20384590807207E-04  0.12487031692006E-02
 -0.97381133785309E-04  0.73655730708439E-04  0.11173325689277E-02
 -0.32234150795280E-04 -0.66656599667105E-04  0.11956396359355E-02
 -0.74542425297358E-04 -0.41328595427662E-04  0.12163027961132E-02
  0.26668366143478E-04 -0.92222100801873E-04  0.12100556380730E-02
 -0.50425950566019E-04 -0.33401331082952E-04  0.12385212911962E-02
  0.19207189439921E-04 -0.10859388453928E-03  0.12006836930237E-02
 -0.70154443839187E-04 -0.52267506794730E-04  0.12191128950350E-02
 -0.56195577228583E-05 -0.24451399999441E-04  0.12362169958914E-02
 -0.21274279801675E-04  0.12415585775862E-04  0.12410775522235E-02
  0.87796603384093E-05 -0.12122390635255E-03  0.11916383514328E-02
 -0.48987121880044E-05 -0.12964903495179E-03  0.11829181679389E-02
 -0.13403199503772E-04 -0.25681210188144E-04  0.12454242984612E-02
 -0.21307646942803E-04 -0.13275872917483E-03  0.11743574211995E-02
 -0.47821333288050E-04 -0.64249322739567E-04  0.12054257651081E-02
 -0.51197148993493E-04 -0.31617713147099E-04  0.12376057985724E-02
 -0.93347242084890E-04  0.69681146430105E-04  0.10783577582971E-02
 -0.60985184645724E-04 -0.59382111372995E-04  0.12143036995735E-02
 -0.31431810643375E-04  0.42126505268501E-05  0.12157366654605E-02
 -0.70485153251910E-04 -0.57295366781145E-04  0.11765701959934E-02
 -0.17896053812571E-04 -0.91409384456573E-05  0.12261337513890E-02
 -0.17825825503793E-04  0.56639163030148E-04  0.11870533373218E-02
  0.71876723532847E-04  0.45558391131580E-04  0.11782533273627E-02
 -0.10891323583512E-03  0.16641695166316E-04  0.12337982127389E-02
  0.72023139057462E-04  0.58016274819116E-04  0.11908300375928E-02
 -0.10336432140045E-03  0.34848210814777E-04  0.12328663953774E-02
  0.68047322446341E-04  0.58923996565050E-04  0.12099475402647E-02
 -0.27126070847157E-04  0.51184369041957E-04  0.11770919829174E-02
 -0.14704191510510E-04  0.65550147409164E-04  0.11564711498004E-02
  0.61433265130567E-04  0.45830091479718E-04  0.12277962426305E-02
 -0.95170735264328E-04  0.52554465433066E-04  0.12203497664410E-02
  0.56028202875417E-04  0.24266321116259E-04  0.12373669362510E-02
 -0.99202981578124E-05  0.70768797728499E-04  0.11166402792266E-02
 -0.86915726905498E-04  0.63205338949464E-04  0.12003666361659E-02
  0.53169234407637E-04  0.35701882191995E-06  0.12360908113588E-02
 -0.28728295403831E-04  0.62867662287413E-04  0.11842924390406E-02
  0.31156272390196E-04 -0.72977915468651E-04  0.12195819486435E-02
  0.68747477885042E-04  0.26137967901027E-04  0.11772766216930E-02
  0.62565026413942E-04  0.36356257784730E-05  0.11875024409531E-02
 -0.32266554625375E-04  0.10961391826100E-04  0.11951624379067E-02
 -0.84732403077172E-04 -0.47504327339546E-04  0.11811417294970E-02
 -0.35228387693461E-05 -0.21437645238436E-04  0.12340792673047E-02
 -0.20917890947686E-04  0.24603314826783E-04  0.12340011015133E-02
  0.99969693632723E-05 -0.31210973051609E-04  0.12376132721019E-02
 -0.96486736273322E-04 -0.37448493809704E-04  0.11889930455860E-02
 -0.11209057656984E-03  0.49966680686045E-06  0.12258573638485E-02
  0.23881181043419E-04 -0.35636545989881E-04  0.12342388519548E-02
 -0.10479637830978E-03 -0.25769400387845E-04  0.12002128685381E-02
  0.38007139133770E-04 -0.31107189731318E-04  0.12226073312321E-02
 -0.28017516114193E-04  0.32863735739693E-04  0.11813718392895E-02
  0.51763031803667E-04 -0.17226242878816E-04  0.12048630558023E-02
 -0.11034274806098E-03 -0.13342265066937E-04  0.12133604246889E-02
 -0.19745095238604E-04  0.46478284194230E-04  0.12088991171358E-02
 -0.20775248047082E-04  0.35842534006241E-04  0.12237442922454E-02
  0.18889556930258E-04 -0.14542852728980E-04  0.93093366054020E-03
