 -0.27818282083724E-04 -0.11876231629315E-03 -0.13709476244817E-02
 -0.29098864694853E-04 -0.67484241200200E-04 -0.15083377967826E-02
  0.19613237138859E-04 -0.40559190833103E-04 -0.15036964528617E-02
 -0.16222602157842E-04 -0.84016714062584E-04 -0.14745140052777E-02
 -0.40547831599438E-05 -0.98276646564467E-04 -0.14502460172675E-02
  0.33751760171792E-04 -0.53627827061802E-04 -0.14893900732818E-02
  0.51802902721633E-04  0.16436711168788E-04 -0.12236036628087E-02
  0.42959223889863E-04 -0.62293575676677E-04 -0.14692356775548E-02
  0.45277136063960E-05 -0.26714577131267E-04 -0.15100746718621E-02
  0.79212401467890E-04  0.13163242875401E-04 -0.12567714362680E-02
  0.46129891318858E-04 -0.65941523279244E-04 -0.14498100526592E-02
  0.11868830360930E-03  0.22175501119823E-04 -0.13496805862035E-02
  0.42220416273406E-04 -0.64792691276205E-04 -0.14387521124692E-02
  0.12713321796147E-03  0.26908453455790E-04 -0.13916567232787E-02
  0.12512081575105E-03  0.28679486566736E-04 -0.14232077092239E-02
 -0.14991696317661E-04  0.14534179650791E-04 -0.11721185277840E-02
  0.11244650225449E-03  0.26955924172129E-04 -0.14450547829870E-02
  0.10239168937624E-03  0.17213862525784E-04 -0.13018592168684E-02
 -0.37710105000696E-04  0.31697539212946E-04 -0.12093242178398E-02
 -0.35687674543852E-04 -0.51306980953066E-04 -0.15402284360858E-02
 -0.13645129474994E-04 -0.11468607543770E-04 -0.15110557164811E-02
  0.11492720192600E-03  0.11809410598038E-04 -0.13586155400465E-02
 -0.93787568209775E-04  0.76977545121314E-04 -0.14453699636069E-02
  0.12118838921616E-03  0.14686748514668E-04 -0.14069952828937E-02
  0.11601140028219E-03  0.14604149470360E-04 -0.14447313084087E-02
 -0.87865704874186E-04  0.68275603956950E-04 -0.14707354923814E-02
  0.10368132115597E-03  0.10879519936846E-04 -0.14721510863420E-02
 -0.76998808951736E-04  0.54945299940464E-04 -0.14871944030030E-02
 -0.32260053167758E-04 -0.38797227311028E-04 -0.15605398360690E-02
  0.87964453434854E-04  0.55237494768441E-05 -0.14943635208734E-02
 -0.63484452818724E-04  0.39307933250956E-04 -0.14979381787013E-02
  0.48133568971374E-04 -0.96393088206637E-05 -0.15338123078279E-02
 -0.48218568205159E-04  0.21644489582600E-04 -0.15047527512490E-02
  0.25986925458796E-04 -0.17245529999738E-04 -0.15500261869388E-02
  0.25255331465622E-05 -0.24306982967768E-04 -0.15618903018830E-02
 -0.30486496737181E-04  0.39246420240553E-05 -0.15090371704662E-02
 -0.18271053981055E-04 -0.30537900305602E-04 -0.15665967136346E-02
  0.68227719585826E-04 -0.24734254773661E-05 -0.15148024073874E-02
  0.96240062984444E-04  0.22150401460113E-04 -0.14624207756761E-02
  0.76940290814794E-04  0.15498257622755E-04 -0.14800690702993E-02
 -0.59950966945178E-04  0.50467784315423E-04 -0.12631745817384E-02
 -0.79413654695591E-05  0.11558216853967E-04 -0.15100549569151E-02
  0.11847457352989E-03  0.26954357624267E-04 -0.13549336858004E-02
  0.12812862920927E-03  0.32225125903943E-04 -0.13905287782875E-02
  0.89646897543327E-05 -0.32934152838180E-05 -0.15111380114060E-02
  0.12806098004914E-03  0.36598812513828E-04 -0.14162267820755E-02
  0.25980561594284E-04 -0.18564099968613E-04 -0.15073264645398E-02
  0.11820299198754E-03  0.39129048436604E-04 -0.14316571905961E-02
  0.10221450611554E-03  0.21694775059673E-04 -0.13145151439331E-02
  0.10135983795997E-03  0.37577877416003E-04 -0.14416962639247E-02
  0.82523383579200E-04  0.32657199517805E-04 -0.14524483961647E-02
  0.51733247941815E-04 -0.43305765230594E-04 -0.14777901678148E-02
  0.62272390017634E-04  0.25689050597073E-04 -0.14669761107277E-02
  0.39296460369006E-04  0.15066178333594E-04 -0.14853787861917E-02
  0.57025696803061E-04 -0.49795308258505E-04 -0.14573231506213E-02
  0.17656810455261E-04  0.36323806485750E-05 -0.15056329092904E-02
  0.56788372620647E-04 -0.51066751751784E-04 -0.14418696065176E-02
  0.40975665600788E-04 -0.33382842457537E-04 -0.14960677439447E-02
 -0.26180085344171E-04  0.26526730638401E-04 -0.15063633804496E-02
  0.77962716929293E-04  0.20935278467329E-04 -0.12790656462597E-02
  0.47299641261084E-04  0.27294767952717E-04 -0.12574442392033E-02
  0.55820373501936E-04  0.60036383404205E-05 -0.14996782954345E-02
 -0.76173865514602E-04  0.66668269039691E-04 -0.13238616477622E-02
  0.34276752707733E-04 -0.37737250747540E-05 -0.15201772590033E-02
  0.10403406270731E-04 -0.14969576301557E-04 -0.15387161121352E-02
 -0.85078682340204E-04  0.77318390792239E-04 -0.13802681206280E-02
 -0.12834670009800E-04 -0.26203846587137E-04 -0.15522075433947E-02
 -0.86672739631009E-04  0.81520853145953E-04 -0.14253729237205E-02
 -0.31359743452673E-04 -0.37599660510157E-04 -0.15567315607020E-02
 -0.42629769131383E-04 -0.50376915824234E-04 -0.15472700605360E-02
 -0.82475285597414E-04  0.78395391556686E-04 -0.14570786475175E-02
 -0.40928980342076E-04 -0.67747352877135E-04 -0.15226412131690E-02
 -0.71830733262346E-04  0.69307531666556E-04 -0.14779240209889E-02
 -0.31491938271739E-04 -0.86522947879498E-04 -0.14895694184141E-02
 -0.20017413135574E-04 -0.10333759184458E-03 -0.14596849983975E-02
 -0.59165825652572E-04  0.57316849410707E-04 -0.14914430199328E-02
 -0.10426401194802E-04 -0.11476521947385E-03 -0.14426120183687E-02
 -0.43677448811424E-04  0.42371912904418E-04 -0.15005185553990E-02
 -0.92499991507346E-04  0.80293720850645E-04 -0.14084767120960E-02
  0.99940938648276E-04  0.79926597041788E-05 -0.13037652545185E-02
  0.78950348352217E-04  0.40812259781862E-05 -0.12498035604038E-02
 -0.86973884895476E-04  0.77430589253108E-04 -0.13601002327370E-02
  0.93858845462198E-04 -0.21148118753247E-04 -0.14683724424447E-02
  0.16307018256243E-04 -0.91096072948116E-04 -0.14729571752935E-02
  0.88127745705912E-04 -0.19143189979498E-04 -0.15077513334931E-02
  0.20722240895038E-04 -0.96037609605827E-04 -0.14540659756538E-02
  0.76571765127364E-04 -0.18500585663887E-04 -0.15349211952687E-02
  0.61686084617551E-04 -0.17750591891274E-04 -0.15527418769402E-02
  0.20054119358814E-04 -0.95552137999402E-04 -0.14417519998085E-02
  0.92144867919964E-04 -0.23576440994566E-04 -0.14159218828654E-02
  0.44724663900146E-04 -0.17000659431002E-04 -0.15647847077106E-02
  0.26743509928542E-04 -0.15854104460984E-04 -0.15722292786757E-02
  0.75450560871327E-05 -0.12761335696980E-04 -0.15757263842777E-02
 -0.85362523201503E-04  0.78542218449369E-04 -0.13479649185537E-02
 -0.90332234941838E-05 -0.12023210216638E-04 -0.15747224942503E-02
 -0.95877137546975E-04  0.80489483965641E-04 -0.13931002099274E-02
 -0.20170789430431E-04 -0.14673708472354E-04 -0.15654903249570E-02
 -0.21529774327732E-04 -0.25652306612122E-04 -0.15433159336894E-02
 -0.65722894086056E-04  0.68057808229950E-04 -0.12982841577243E-02
  0.60441400502382E-05 -0.82907041670942E-04 -0.14906571191312E-02
  0.82074267178279E-04 -0.24313269676384E-04 -0.13540269432029E-02
 -0.71120720769635E-05 -0.69841770629216E-04 -0.15013697329275E-02
  0.15576936556526E-04 -0.47919515864587E-05 -0.15755704319771E-02
 -0.23993633112586E-06 -0.13450721057845E-06 -0.15764845636480E-02
 -0.89532882674131E-04  0.33367383723878E-04 -0.14680289876684E-02
 -0.12028720151799E-04  0.14373787447173E-05 -0.15719447403641E-02
 -0.79010094941739E-04  0.15866702872167E-04 -0.14782183759299E-02
 -0.16726455216024E-04 -0.34270540952676E-05 -0.15572946701029E-02
 -0.10767836931846E-04 -0.15537767495652E-04 -0.15296973129396E-02
 -0.66516358273281E-04 -0.28440521980836E-05 -0.14869344999708E-02
  0.31949484250056E-05 -0.31446664522848E-04 -0.14937369415016E-02
 -0.52423984737015E-04 -0.22087964474259E-04 -0.14943501813525E-02
  0.19103385548054E-04 -0.46438996264379E-04 -0.14611996990013E-02
  0.33240579326921E-04 -0.58530452660643E-04 -0.14418204825766E-02
 -0.38352588622269E-04 -0.39833869204355E-04 -0.15003823387721E-02
  0.29491692257641E-04 -0.23275993797858E-04 -0.11855358352066E-02
 -0.23273686313965E-04 -0.55713578182472E-04 -0.15036532704393E-02
  0.48452868958006E-04 -0.24724396812939E-04 -0.12302261959823E-02
  0.66303126953401E-04 -0.24415970185366E-04 -0.12890204270807E-02
 -0.99258356666565E-04  0.74533072560957E-04 -0.14293925067666E-02
 -0.55935204251050E-05 -0.10637671291434E-04 -0.15246732760600E-02
 -0.12380179474543E-04 -0.39461454074648E-04 -0.15099202000863E-02
  0.21727596872026E-05 -0.55262754292294E-04 -0.14746580128847E-02
  0.25000549357419E-04 -0.73075962829872E-04 -0.14817935402689E-02
  0.16487244130028E-04 -0.20309814149214E-04 -0.15683965517493E-02
  0.33029365525324E-04 -0.79984349964108E-04 -0.14613357520666E-02
 -0.40389512222976E-05 -0.21197270982442E-04 -0.15726117810855E-02
 -0.20873599845878E-04 -0.25129093195313E-04 -0.15695330662350E-02
  0.33822895570495E-04 -0.81289033927485E-04 -0.14446011678854E-02
 -0.28789620267836E-04 -0.33575805121220E-04 -0.15544732228400E-02
  0.37513682164343E-04 -0.18368669111456E-04 -0.15592586750858E-02
  0.27830525728269E-04 -0.77582441832485E-04 -0.14390156051754E-02
 -0.25255938613613E-04  0.34783716405211E-04 -0.12041597154022E-02
 -0.37667868622026E-06 -0.77977831614499E-04 -0.14601298409485E-02
 -0.51113657828859E-04  0.52536559415665E-04 -0.12484643290339E-02
  0.12445483622870E-04 -0.88839682171997E-04 -0.14428763477924E-02
  0.28528797101357E-04  0.10733434650340E-04 -0.11805882483124E-02
 -0.74047432226111E-04  0.67921304460726E-04 -0.13040176484394E-02
  0.54559796838847E-04  0.48151304323228E-05 -0.12058485855489E-02
 -0.13846858527872E-04 -0.62641719543863E-04 -0.14909825072522E-02
  0.58044034720559E-04 -0.14502041937862E-04 -0.15456765021652E-02
  0.13760975864427E-04 -0.62465080788498E-04 -0.14981887487801E-02
  0.75786887868113E-04 -0.99691069466419E-05 -0.15280764684144E-02
  0.17000081682863E-04 -0.68313613078937E-04 -0.14490612285461E-02
 -0.90573915551192E-04  0.52396630912914E-04 -0.14738447575310E-02
  0.78850251990522E-05  0.13655660617196E-05 -0.11588352079476E-02
 -0.79684341539335E-04  0.36562345838613E-04 -0.14864062490005E-02
  0.30437738231443E-04 -0.53559290721793E-05 -0.11717343714412E-02
  0.54324545037899E-04 -0.78802081513475E-05 -0.12078745056244E-02
 -0.65750374982760E-04  0.18574482163772E-04 -0.14953741288169E-02
  0.74656054489825E-04 -0.75336696838894E-05 -0.12608411426665E-02
 -0.50970694517119E-04 -0.31663610063447E-06 -0.15017625989332E-02
  0.93762686085940E-04 -0.59418699053599E-05 -0.13219484128416E-02
  0.10647734065927E-03 -0.43346106771667E-05 -0.13823182249370E-02
 -0.35281681879813E-04 -0.18749608577024E-04 -0.15063132559583E-02
  0.10980371662892E-03 -0.29441315725325E-05 -0.14352129982674E-02
 -0.18106214255540E-04 -0.34128311177519E-04 -0.15086265990585E-02
  0.10341708886182E-03 -0.26931843452085E-05 -0.14763067011183E-02
  0.92142564547288E-04 -0.56975393000131E-05 -0.15058484390125E-02
 -0.18789505851948E-05 -0.48906479840254E-04 -0.15068263961676E-02
 -0.98026289366905E-04  0.65739276991268E-04 -0.14556390229618E-02
 -0.97716438106659E-04  0.49664714444647E-04 -0.14557053940713E-02
 -0.27216735182054E-04 -0.24612174165335E-04 -0.15384970379669E-02
 -0.43962997196663E-04 -0.42511392431812E-04 -0.15412484913541E-02
 -0.49308279039487E-04 -0.12356955564797E-04 -0.12719084814068E-02
 -0.37049210535077E-04 -0.10752411225094E-03 -0.13539183174365E-02
 -0.60972553053691E-04  0.14107056524552E-04 -0.13219820900685E-02
  0.74571228941997E-04  0.24310779392041E-04 -0.14194198722125E-02
  0.95379145736714E-04  0.15189879207973E-04 -0.14221452242852E-02
 -0.67731541872627E-04  0.37752819876299E-04 -0.13697349136933E-02
  0.10724983860446E-03  0.13188737159775E-04 -0.14367639546316E-02
 -0.46530981492095E-04 -0.90694847994826E-04 -0.13773374438831E-02
 -0.66446342705492E-04  0.56992881340990E-04 -0.14050655204937E-02
  0.10564044814876E-03  0.24023153441413E-04 -0.14716123597203E-02
 -0.58175479907709E-04  0.67749771502870E-04 -0.14267881387510E-02
  0.96773448994955E-04  0.34277022824458E-04 -0.14771570345618E-02
 -0.46118440913926E-04  0.71476273173046E-04 -0.14397800235801E-02
  0.82592803321690E-04  0.45944600059530E-04 -0.14733385644347E-02
  0.65681963775674E-04  0.54987093124597E-04 -0.14643849620376E-02
 -0.29661733824533E-04  0.71402479908931E-04 -0.14494521980061E-02
  0.10892217015307E-03  0.16291553019363E-04 -0.14562312437984E-02
  0.46925465689390E-04  0.61783535157384E-04 -0.14545737666622E-02
 -0.57366311693389E-04 -0.67392911186917E-04 -0.14112207489029E-02
 -0.64498150910867E-04 -0.41019884501858E-04 -0.14434993919501E-02
  0.52420026708324E-04  0.10498741309517E-04 -0.15030324221456E-02
  0.84655928802920E-04  0.52906416706868E-04 -0.14548186318180E-02
  0.65659552903933E-04 -0.35856335509395E-05 -0.14939212402931E-02
  0.66915617309792E-04  0.58132557137671E-04 -0.14470525796475E-02
  0.48677154642271E-04  0.60040218397465E-04 -0.14416365527388E-02
  0.75391768835832E-04 -0.14697303585212E-04 -0.14769536868975E-02
  0.28699896755161E-04  0.59458738939072E-04 -0.14401571139109E-02
 -0.35854909920727E-04 -0.34350085146641E-04 -0.12318349919274E-02
  0.80274928323198E-04 -0.21332691979070E-04 -0.14573396346390E-02
 -0.11529106620160E-04  0.44165959038762E-04 -0.14486370432483E-02
  0.77514153042465E-04 -0.23428518510463E-04 -0.14426946293908E-02
 -0.31589039624360E-04  0.29425747603919E-04 -0.14573414165655E-02
  0.68046955305345E-04 -0.17317978950645E-04 -0.14398424128555E-02
 -0.49845429481560E-04  0.11426105618048E-04 -0.14644796087629E-02
 -0.60815485494076E-04 -0.12459044559320E-04 -0.14620878555590E-02
 -0.23557764404881E-04 -0.50412265831474E-04 -0.12095944562140E-02
  0.85264072371264E-05  0.52699296148536E-04 -0.14424400675217E-02
 -0.13608562813237E-04  0.68794267897590E-04 -0.14594595472692E-02
  0.28326459775907E-04  0.64327647714880E-04 -0.14461418421599E-02
  0.99024249898034E-05  0.64868456680976E-04 -0.14406524566239E-02
  0.97506887197104E-04  0.91468198769782E-05 -0.14733207284386E-02
  0.68068907854204E-04  0.13120146336111E-05 -0.14420899298955E-02
  0.89884186557375E-04  0.20250031629555E-04 -0.14858613260858E-02
  0.77780818959046E-04  0.32323773109742E-04 -0.14887625477498E-02
 -0.33733218412267E-04 -0.66729390396323E-04 -0.12599333135900E-02
  0.62685669490165E-04  0.46134131356569E-04 -0.14835613993281E-02
 -0.44263021388265E-04 -0.47693342421174E-04 -0.12885954951815E-02
  0.82281243190696E-04 -0.74296321115797E-05 -0.14386459152624E-02
  0.44602632834395E-04  0.55393107494258E-04 -0.14737180163273E-02
 -0.56013087553552E-04 -0.21889010007080E-04 -0.13302626182340E-02
  0.78992019668694E-05  0.67073148009376E-04 -0.14519403410043E-02
 -0.64833343732890E-04  0.43083147883909E-05 -0.13734618501869E-02
 -0.10906671189509E-04  0.68659240845434E-04 -0.14436734654819E-02
 -0.29052839132368E-04  0.66018307334486E-04 -0.14380769412371E-02
 -0.65603725654163E-04  0.28876309799232E-04 -0.14066256075015E-02
 -0.43760498029129E-04  0.60073620229714E-04 -0.14336356971601E-02
  0.26433204874969E-04  0.62802412490834E-04 -0.14623340705258E-02
  0.10043857425185E-03  0.43858161517410E-05 -0.14548575747209E-02
  0.95795647728945E-04  0.29948673637118E-05 -0.14386898654603E-02
  0.90603082897567E-04 -0.95713205167558E-05 -0.14489576905594E-02
  0.48782128109364E-05  0.62277329918582E-04 -0.14706740201074E-02
 -0.10634443512456E-04  0.59981567688992E-04 -0.14386711698143E-02
  0.23811424637256E-04  0.53661873630204E-04 -0.14819706352343E-02
 -0.28865373347595E-04  0.52042065624229E-04 -0.14399372476755E-02
 -0.45628100117971E-04  0.38781690375691E-04 -0.14419205623156E-02
  0.41169752747415E-04  0.43303832527052E-04 -0.14918231081092E-02
 -0.59605657279336E-04  0.20032163113969E-04 -0.14385473532862E-02
  0.57317316448673E-04  0.30315330963732E-04 -0.14975739964810E-02
 -0.65308910732458E-04 -0.48769385575192E-05 -0.14216824764402E-02
 -0.62263935801326E-04 -0.32427212162301E-04 -0.13898975194055E-02
  0.72422272579474E-04  0.15759704955272E-04 -0.14957707858355E-02
 -0.51699046666336E-04 -0.58651759392500E-04 -0.13511578856872E-02
  0.82499872126625E-04  0.28196721247481E-05 -0.14848275666626E-02
 -0.40850568109238E-04 -0.80823265045317E-04 -0.13184379175551E-02
 -0.32093839785893E-04 -0.95567985564561E-04 -0.13010705261346E-02
  0.89377861946834E-04 -0.58120253364630E-05 -0.14670273922596E-02
  0.82457340223779E-04  0.78567027099429E-05 -0.14326704077157E-02
  0.10188236898582E-03  0.44772174267727E-04 -0.14610963578295E-02
  0.11254833333088E-03  0.35080733959508E-04 -0.14606243277708E-02
  0.36437174507147E-04  0.25616560432989E-04 -0.15036927594277E-02
  0.11679648024197E-03  0.27267048215741E-04 -0.14495141154641E-02
  0.65619863319997E-04  0.42322512188954E-04 -0.14452922038442E-02
  0.44858220469032E-04  0.35133594770840E-04 -0.14565435457050E-02
 -0.38283140335425E-04  0.58985858042980E-04 -0.14875255906867E-02
  0.22597598261826E-04  0.24976974507219E-04 -0.14720668184893E-02
 -0.21276430501824E-04  0.46020204338512E-04 -0.14964590257849E-02
  0.92371628789305E-06  0.12028939042688E-04 -0.14900393055325E-02
 -0.21147125481427E-04 -0.33059176999208E-05 -0.15074449937517E-02
 -0.53984369309026E-04  0.69450856393230E-04 -0.14759761015287E-02
 -0.31100440155798E-05  0.33469406599895E-04 -0.15034671451467E-02
  0.13756449867821E-04  0.19200808715737E-04 -0.15081003273904E-02
 -0.53762366076582E-04 -0.45426374604533E-04 -0.15181904571031E-02
 -0.56011362663701E-04 -0.69092864519211E-04 -0.15002648154042E-02
  0.32026705725367E-04  0.35864634173397E-05 -0.15081071212617E-02
 -0.48370944073524E-04 -0.91727902438243E-04 -0.14705948868916E-02
  0.46995002566552E-04 -0.10529075681222E-04 -0.15013593296307E-02
 -0.37724162077885E-04 -0.11152806130489E-03 -0.14404696514350E-02
 -0.40460140399012E-04 -0.22371050407888E-04 -0.15193404926637E-02
  0.85826795225245E-04  0.46725666407930E-04 -0.14390000345675E-02
 -0.67241751794175E-04  0.76701010386906E-04 -0.14601193608367E-02
  0.10369919073260E-03  0.47218842183363E-04 -0.14362196795346E-02
 -0.10219316998306E-04 -0.77104500424296E-05 -0.11614670640432E-02
 -0.49474168734313E-04 -0.61167155393357E-04 -0.15279539945725E-02
 -0.45398627383885E-04 -0.82483948338442E-04 -0.15002201739473E-02
 -0.28647190884651E-04  0.65652125448081E-05 -0.11874913408249E-02
 -0.35558959365975E-04 -0.10126918260173E-03 -0.14682679326416E-02
 -0.48564375029986E-04  0.25741484211733E-04 -0.12341875027429E-02
 -0.24175337210542E-04 -0.11719670295670E-03 -0.14435786064231E-02
  0.73024343263571E-04  0.27936472229816E-04 -0.13125463335213E-02
 -0.65681281748465E-04  0.47357888482616E-04 -0.12923555298718E-02
  0.98829733957000E-04  0.25122528551985E-04 -0.13377887656446E-02
 -0.76466527274148E-04  0.65411179066770E-04 -0.13516080104572E-02
  0.11638009645931E-03  0.27633673468230E-04 -0.13701362360625E-02
  0.12582571834538E-03  0.32427293867474E-04 -0.14007375019418E-02
 -0.78768737200779E-04  0.77363017145931E-04 -0.14012565570854E-02
  0.12731993634752E-03  0.38245065826695E-04 -0.14223416881432E-02
 -0.76180322262894E-04  0.80643251710378E-04 -0.14367393481513E-02
  0.11937976031470E-03  0.43831361834119E-04 -0.14329044990001E-02
 -0.28836442623204E-04 -0.12625929312061E-03 -0.14206799444547E-02
  0.48718483826123E-04 -0.47840457743305E-04 -0.14382966923463E-02
  0.59153048051029E-04 -0.24296770783112E-04 -0.14867362578692E-02
  0.67061038053227E-04 -0.31813992549863E-04 -0.14668057947077E-02
 -0.52845072404467E-04 -0.18646804977411E-04 -0.14939064272658E-02
 -0.62501901590157E-04  0.76578754195640E-04 -0.14403919770923E-02
 -0.61731951252194E-04 -0.44375777008312E-04 -0.14862253778746E-02
 -0.49392020185691E-04  0.74533612515654E-04 -0.14562563184701E-02
 -0.57957675087435E-04 -0.71326599038910E-04 -0.14621232629763E-02
 -0.49019453544638E-04 -0.94804141070919E-04 -0.14297524148447E-02
 -0.33625133566498E-04  0.69279384384596E-04 -0.14684189028936E-02
 -0.35656995862077E-04  0.29450420349053E-05 -0.14871765101814E-02
 -0.39113629943678E-04 -0.11419459509185E-03 -0.14019388677113E-02
 -0.31372041393082E-04 -0.12492219243706E-03 -0.13878539250429E-02
  0.85439374739782E-04  0.26618472949708E-04 -0.13939511584845E-02
  0.86129067935589E-06  0.51147806060636E-04 -0.14897180920113E-02
  0.10498123169276E-03  0.20974261580362E-04 -0.14081942021397E-02
 -0.27778664413532E-04 -0.11308322205468E-03 -0.13917838098317E-02
  0.11492227759888E-03  0.22131429227907E-04 -0.14295797521407E-02
  0.19518128718671E-04  0.38392488909428E-04 -0.14984718832004E-02
 -0.16356513743101E-04  0.60548370321044E-04 -0.14793918608646E-02
 -0.69717221137136E-04  0.74335379318012E-04 -0.14169010215243E-02
 -0.15624942797324E-04  0.21711321919844E-04 -0.14735681708501E-02
 -0.72174731607374E-04  0.62177650358689E-04 -0.13803436877316E-02
  0.93296008205684E-04  0.27217558076843E-04 -0.13658613585832E-02
  0.11177193469307E-03  0.25725643552949E-04 -0.13899399770944E-02
  0.68742427926238E-04 -0.37068363848846E-04 -0.14481518506753E-02
  0.12080699214011E-03  0.28660586201561E-04 -0.14161111964451E-02
  0.63891426805357E-04 -0.35841285094849E-04 -0.14387303039047E-02
  0.12311805231805E-03  0.34611048281352E-04 -0.14360806783680E-02
  0.11732767799360E-03  0.42216890544813E-04 -0.14449722164453E-02
 -0.24094321242652E-04 -0.21282376358696E-04 -0.11874130748217E-02
  0.10408187446233E-03  0.49631050231964E-04 -0.14446232802667E-02
 -0.40424177348232E-04 -0.30215820304722E-05 -0.12226114969970E-02
  0.86402959266967E-04  0.53242455422938E-04 -0.14409966201283E-02
  0.67112951341931E-04  0.53894412757517E-04 -0.14390664059532E-02
 -0.56432298656405E-04  0.20176943074627E-04 -0.12735029354457E-02
  0.47923209727862E-04  0.51664667885073E-04 -0.14412782551769E-02
 -0.67953911359653E-04  0.44543012540092E-04 -0.13299409005083E-02
  0.26969205583859E-04  0.44672570237994E-04 -0.14485650946898E-02
  0.52311350046955E-05  0.34568112702139E-04 -0.14597549911909E-02
  0.65512320224721E-04  0.33828866312074E-04 -0.13522862731805E-02
  0.31360208662029E-04 -0.99828964347810E-05 -0.15711789749122E-02
 -0.25481625743435E-04 -0.46757721238321E-04 -0.15262491880843E-02
 -0.57844050380990E-04  0.48471442087180E-04 -0.14254449272185E-02
 -0.28989412965168E-04 -0.92897254179953E-04 -0.14857863813932E-02
  0.21784866900383E-04 -0.22691850955989E-04 -0.15191055030275E-02
 -0.11427726727705E-04 -0.58336145298048E-04 -0.12094102364696E-02
 -0.98442218454345E-05  0.68721792409996E-04 -0.14285061487676E-02
  0.23074874566569E-04 -0.38723029968169E-04 -0.14985415973926E-02
 -0.40084509306513E-04 -0.79092565553735E-04 -0.14822626254719E-02
 -0.27033110539490E-04 -0.12956923083976E-03 -0.13882827934698E-02
  0.22336657206463E-04 -0.54313543305654E-04 -0.14732259204030E-02
  0.25100618947266E-04  0.53330404609773E-04 -0.14069396739333E-02
 -0.50911016790616E-04 -0.61774739423900E-04 -0.14741468860152E-02
  0.18948666971506E-04 -0.67417627470275E-04 -0.14426796217301E-02
 -0.24899564808808E-06 -0.62909626560563E-04 -0.12304654779945E-02
  0.14329394736797E-04 -0.76406000257091E-04 -0.14058580427639E-02
  0.57428918718399E-04  0.38279077033221E-04 -0.13932333773757E-02
 -0.60128824688757E-04 -0.43862983516034E-04 -0.14646711387680E-02
 -0.61893055443262E-04 -0.17272760798268E-04 -0.14395982036535E-02
  0.51859852050554E-04 -0.64954055568316E-05 -0.14524797862583E-02
  0.10855012464888E-04 -0.64419198081574E-04 -0.12683909637176E-02
 -0.65453893401767E-04  0.28748689111621E-05 -0.14440024133387E-02
 -0.69016059212928E-04 -0.24548792479859E-04 -0.14560115806141E-02
  0.31283993474284E-04  0.92926699920386E-05 -0.14797109016531E-02
 -0.66597401778608E-04  0.23446379079214E-04 -0.14520093645782E-02
  0.22324331721923E-04 -0.65402988565864E-04 -0.13175687562144E-02
  0.98390744776086E-05  0.26164320713779E-04 -0.15136215391570E-02
 -0.78367164143302E-04 -0.47569764941568E-05 -0.14483512687922E-02
 -0.57780692108690E-04 -0.36740219687421E-04 -0.14389442159870E-02
 -0.75095854279355E-05  0.39593037871874E-04 -0.15416949207808E-02
 -0.41335247494794E-04  0.79365133471075E-04 -0.14477382983072E-02
 -0.65577508483748E-04  0.42652037580900E-04 -0.14638834129677E-02
  0.17223163710395E-04 -0.75016937098091E-05 -0.15360658133947E-02
 -0.62890064839398E-04  0.79808132385552E-04 -0.14575989616667E-02
 -0.38239735101612E-04  0.75957323853215E-04 -0.13954293543082E-02
 -0.25309792376803E-04 -0.78180932106780E-04 -0.12501995622455E-02
 -0.10029576200287E-03  0.64955274899005E-04 -0.14314847555131E-02
  0.35409833660870E-04 -0.13892327208749E-04 -0.14648325403806E-02
 -0.28591144683802E-05  0.62227313650081E-04 -0.13719751011683E-02
 -0.33198995168667E-04 -0.11372270853373E-03 -0.14284919587964E-02
 -0.16168743584205E-04 -0.84164505569069E-04 -0.12597457128822E-02
  0.16339352909658E-04  0.18938841041619E-05 -0.14976098230260E-02
 -0.95921643275203E-04  0.76138173834440E-04 -0.14169836613539E-02
  0.33357745601771E-04  0.46736333708000E-04 -0.13548463289407E-02
 -0.16430187587598E-05  0.17689378804215E-04 -0.15317894455685E-02
 -0.82389154082578E-04  0.36961710688463E-04 -0.14439302986252E-02
 -0.36868282119711E-05 -0.12197016502079E-03 -0.14406071163455E-02
 -0.11566971107798E-04  0.27818057690892E-04 -0.15561552026241E-02
 -0.97333102171535E-05 -0.85339018963171E-04 -0.12857646637884E-02
 -0.30343912636216E-04 -0.12296366903331E-03 -0.14156429298501E-02
 -0.12355536046414E-04  0.30596138256536E-04 -0.15665461637928E-02
 -0.80694879353095E-04  0.55546950689987E-04 -0.14505648582348E-02
 -0.42241896425115E-05 -0.12182455428552E-03 -0.14512647230483E-02
 -0.59973169419771E-05  0.25131370545135E-04 -0.15662413187741E-02
 -0.27675666345285E-05 -0.83790133318159E-04 -0.13227057543436E-02
 -0.95210628821902E-05 -0.11674843587585E-03 -0.14673331654368E-02
 -0.73761319923626E-04  0.71512919547228E-04 -0.14568108294109E-02
  0.20920755005733E-05  0.17053809317492E-04 -0.15598663347067E-02
 -0.27200792467718E-04 -0.12829882199706E-03 -0.13999131166196E-02
 -0.79586722073545E-04  0.18129594927643E-04 -0.14395858283329E-02
 -0.18482170956883E-04 -0.10635743547655E-03 -0.14806912118464E-02
  0.61276411577381E-05 -0.81424222966361E-04 -0.13647277231906E-02
  0.52361604212929E-04 -0.27851698159486E-04 -0.14437310599784E-02
 -0.86552392172869E-04  0.15071575488814E-04 -0.14427127511811E-02
 -0.90438881501872E-05 -0.32733592378432E-04 -0.11745562559839E-02
 -0.47366525388666E-04  0.10629859843838E-04 -0.14648303019139E-02
 -0.90555387706272E-06  0.48911807215160E-04 -0.15206779835745E-02
 -0.39126263330423E-04 -0.94818312089785E-04 -0.14700315452476E-02
 -0.17488616021017E-04  0.58005160625424E-04 -0.15379199092886E-02
 -0.47521661172409E-04  0.29133756631694E-04 -0.14795847533130E-02
 -0.31229295370564E-04 -0.11894427070321E-03 -0.14484346387058E-02
 -0.25619658744351E-04  0.55255798932118E-04 -0.15395568215460E-02
 -0.47333366475293E-04 -0.78976416251000E-04 -0.14633163243289E-02
 -0.46639949901182E-04  0.45562093805172E-04 -0.14958179175037E-02
 -0.28210940781802E-04  0.45519366877927E-04 -0.15299716775767E-02
 -0.25725778404790E-04 -0.12777833126575E-03 -0.14363489693350E-02
 -0.55275159000711E-04 -0.61641836565074E-04 -0.14546207861162E-02
 -0.28528833896075E-04  0.31884122536387E-04 -0.15148693226500E-02
 -0.41802967423225E-04  0.59716236279891E-04 -0.15105372056124E-02
 -0.27389162560409E-04  0.16072340375311E-04 -0.14979316493572E-02
 -0.33373133185878E-04  0.67573436983390E-04 -0.15180880344524E-02
 -0.61699884502975E-04 -0.42113265322259E-04 -0.14469679195438E-02
 -0.23118106585561E-04 -0.13231865939777E-03 -0.14227833043844E-02
 -0.26510947431329E-04 -0.18898267485326E-05 -0.14817260831639E-02
 -0.69934697558251E-04 -0.22141882242339E-04 -0.14416886879271E-02
 -0.17520304738418E-04  0.66570616126544E-04 -0.15121107732343E-02
 -0.24906137467555E-04 -0.21764489696933E-04 -0.14671293233189E-02
 -0.23459914396701E-04 -0.13259177735603E-03 -0.14154592250025E-02
 -0.25502769032223E-04 -0.41815380525180E-04 -0.14544104539706E-02
 -0.75584439245103E-04 -0.10456307785904E-05 -0.14390620720376E-02
  0.76004413905718E-05  0.54700023084640E-04 -0.14916093771121E-02
  0.61653998767913E-04  0.20697299652771E-04 -0.14414265935483E-02
 -0.29996132830443E-04 -0.10826377124719E-03 -0.14707809432038E-02
 -0.15416137974885E-04  0.44885918013529E-04 -0.15552340834293E-02
 -0.36433533804382E-04 -0.10701980248944E-03 -0.14533673179221E-02
 -0.47300926301892E-04 -0.99402556338424E-05 -0.14533235028872E-02
 -0.62327879755166E-04  0.59472744910621E-04 -0.14771135101008E-02
 -0.16632566249692E-04  0.40911441685595E-04 -0.15552121095561E-02
 -0.91636206883221E-04  0.33928480903557E-04 -0.14396508157523E-02
 -0.53046065465986E-04 -0.57162767086804E-04 -0.14411781908684E-02
 -0.54223949323412E-04  0.71271108739210E-04 -0.14875200486688E-02
 -0.13159394041034E-04  0.31446608009852E-04 -0.15465714248713E-02
  0.70522845993833E-05 -0.39688196937114E-04 -0.11864362210816E-02
 -0.93756385981143E-04  0.51515897341873E-04 -0.14383245936815E-02
 -0.89339127227024E-05  0.18669290454835E-04 -0.15332706467910E-02
 -0.39822277447107E-04  0.76300319657607E-04 -0.14885308706892E-02
 -0.53811778939506E-05  0.38079460368285E-05 -0.15177786077873E-02
 -0.16691781177499E-04 -0.12792376744797E-03 -0.14327122287613E-02
  0.22982892596751E-04 -0.43513425050838E-04 -0.12198023641169E-02
 -0.14445835391455E-04  0.70212956783654E-04 -0.14759338365636E-02
 -0.28279531277260E-05 -0.12810656483724E-04 -0.15012418512697E-02
 -0.47640570144058E-04 -0.75548134763945E-04 -0.14460921554444E-02
 -0.14216102092563E-04 -0.13092870958565E-03 -0.14360584226833E-02
 -0.16264689574695E-05 -0.31406925125227E-04 -0.14836061445805E-02
  0.16342100631268E-04  0.56414701798021E-04 -0.14534056512059E-02
  0.96709937056918E-05 -0.18663786957890E-04 -0.11610341756473E-02
 -0.21189818336963E-05 -0.50081460097712E-04 -0.14657565397932E-02
 -0.17003623780979E-04 -0.12780976022628E-03 -0.14486938857005E-02
  0.48107573525433E-04  0.39757791920056E-04 -0.14310377395983E-02
 -0.42952796450613E-04 -0.92301806417923E-04 -0.14512388486650E-02
 -0.50643922358504E-05 -0.66976846282595E-04 -0.14469910054502E-02
 -0.23084458002729E-04 -0.11991160715139E-03 -0.14626429961016E-02
  0.47107006872198E-04  0.15780165628607E-04 -0.14610630890931E-02
  0.22705104271489E-04  0.33191634962832E-04 -0.14911836728004E-02
 -0.99667308317048E-04  0.49484459120057E-04 -0.14413091890090E-02
  0.10928333528685E-04  0.56312148585127E-05 -0.15495965468450E-02
 -0.26890548378935E-04 -0.10309817623845E-03 -0.13012065751997E-02
 -0.18799998838671E-04  0.54643832963323E-04 -0.12743410244235E-02
 -0.15684136273556E-05 -0.10107364361603E-03 -0.14807958015284E-02
  0.19553031037738E-04 -0.22499686695419E-04 -0.14787071279701E-02
 -0.45251530995020E-04 -0.30822557532534E-04 -0.14449893136243E-02
  0.20572324499613E-05 -0.61503154802706E-05 -0.15144023469226E-02
  0.14033506233017E-04  0.39356029163503E-04 -0.12555649559683E-02
  0.35171014861617E-04 -0.62775695008013E-04 -0.13718830966460E-02
 -0.13592000656766E-04 -0.89762995392136E-04 -0.14930243988111E-02
 -0.10542469889866E-04  0.75738909769742E-05 -0.15461511148060E-02
 -0.82995262437855E-04  0.82452334823907E-04 -0.13949497814023E-02
 -0.26713633504732E-04 -0.74723564234948E-04 -0.14962325855633E-02
 -0.42978167607045E-04 -0.50179976565616E-04 -0.14400230733926E-02
 -0.13109395841520E-04  0.14782538417453E-04 -0.15658201908952E-02
 -0.23135235833074E-04 -0.10550215531665E-03 -0.13166075183859E-02
 -0.60944938048986E-04  0.78807791997009E-04 -0.13659643541996E-02
 -0.65919226209288E-05  0.14971044821834E-04 -0.15732905890583E-02
 -0.39873944277003E-04 -0.60577470338243E-04 -0.14921374211942E-02
  0.46140089497742E-05  0.10081369428980E-04 -0.15729927252765E-02
 -0.30076545274867E-04  0.67652308906893E-04 -0.13355533060503E-02
 -0.52054215941244E-04 -0.42621594837438E-04 -0.14847370505626E-02
  0.17101191954988E-04  0.26077312887129E-05 -0.15687538661423E-02
 -0.20061450693278E-04 -0.10287181380682E-03 -0.13425830924417E-02
 -0.41817845439204E-04 -0.68443177054350E-04 -0.14379873274063E-02
  0.35816149556070E-04 -0.37539887429143E-04 -0.14508894414417E-02
  0.54534744288362E-05  0.52277115628418E-04 -0.13117587897799E-02
 -0.25310202874780E-04 -0.60096646245187E-04 -0.14440270672063E-02
  0.37710656110765E-04 -0.44843282315642E-04 -0.12692266757144E-02
 -0.10267143203017E-03  0.63800722158670E-04 -0.14396521303880E-02
  0.45951275894499E-04 -0.15429581801478E-04 -0.15633792027497E-02
  0.18819486981091E-05  0.20806463804445E-04 -0.11798097595694E-02
  0.58984023951608E-04 -0.22238394906571E-04 -0.15496099266021E-02
 -0.10165660351315E-03  0.75726307414213E-04 -0.14173387660148E-02
 -0.37576919983075E-04  0.53800611332613E-04 -0.12522592836744E-02
 -0.26689011832713E-04 -0.10411059159721E-03 -0.14103061455239E-02
  0.68508460592054E-04 -0.28917579718526E-04 -0.15275541296904E-02
 -0.27755813066760E-04 -0.12015462660708E-03 -0.13534552503186E-02
 -0.92455016312643E-04  0.80740922211110E-04 -0.13872797738714E-02
 -0.73953135712784E-05  0.38647127939963E-04 -0.12201050049128E-02
  0.72925575905755E-04 -0.35754161976777E-04 -0.14943203987926E-02
 -0.26566091165819E-04 -0.91859180823710E-04 -0.14242950044954E-02
  0.72452124443164E-04 -0.40992819494913E-04 -0.14486543188576E-02
  0.22836624293319E-04  0.25855162278349E-04 -0.12101369721386E-02
  0.49155219122956E-05 -0.10724788147429E-03 -0.14412588397216E-02
  0.66086898015790E-04 -0.43382929132204E-04 -0.13918286847354E-02
 -0.30299099064979E-04 -0.11710050078485E-03 -0.13463314048209E-02
 -0.77761102998072E-04  0.77786264339607E-04 -0.13496159443744E-02
  0.83849437481863E-05 -0.11005094938309E-03 -0.14472240521096E-02
  0.53120820444123E-04 -0.44227344815565E-04 -0.13293301948660E-02
 -0.25992526662756E-04 -0.76939679417356E-04 -0.14346964126817E-02
 -0.51658470058005E-04  0.68710432767266E-04 -0.13085795941820E-02
  0.67491011000301E-05 -0.10810745979131E-03 -0.14629634531926E-02
  0.29512477685673E-04 -0.59043098372427E-05 -0.15607455894155E-02
  0.36516783780555E-04  0.37968691114522E-04 -0.14638924021183E-02
  0.48724176064644E-04 -0.41910868063425E-04 -0.15044359246257E-02
 -0.65070721079873E-04  0.82706966621405E-04 -0.14170836922463E-02
 -0.91155490085454E-04  0.67291434975183E-04 -0.14367308866424E-02
 -0.75094432246263E-04 -0.47762877681180E-05 -0.14669223101965E-02
 -0.10997321150252E-04 -0.90416993905194E-04 -0.14015292805895E-02
  0.40701151098637E-04  0.37483571033272E-04 -0.13028965004499E-02
 -0.82307913679295E-04  0.79003833351752E-04 -0.14307902461910E-02
 -0.38601774631348E-04 -0.86229129591500E-04 -0.14372504456491E-02
  0.38616777815027E-04 -0.17504653843224E-04 -0.15484124578625E-02
 -0.93422771458854E-04  0.32346495162607E-04 -0.14496018078749E-02
  0.44451158925374E-04 -0.59366499664210E-04 -0.14241478748229E-02
 -0.65294194813380E-05 -0.81019143305280E-04 -0.14261043131813E-02
  0.48443195630229E-04 -0.51855888148733E-04 -0.14691680551441E-02
 -0.35594688256544E-04 -0.10097178773815E-03 -0.14351524243393E-02
 -0.84987542298570E-04  0.14344165998335E-04 -0.14580174468655E-02
 -0.64288572471557E-04 -0.23905379966722E-04 -0.14759528431712E-02
  0.46468677107235E-04 -0.29299737920579E-04 -0.15301849395926E-02
 -0.15961177463498E-04 -0.97612869305399E-04 -0.13726655745775E-02
  0.12789365985429E-04  0.24266321953525E-04 -0.16481860656108E-03
 -0.35057651828441E-04 -0.18647751213742E-04 -0.11812628544613E-03
  0.10796970260134E-04 -0.40776176797636E-04 -0.98451206688190E-03
  0.32812435980770E-04 -0.16034548352332E-04 -0.15930590334627E-03
 -0.63047919047387E-04 -0.15190286938280E-04 -0.97863972142280E-03
 -0.15648161114765E-03 -0.10675241012600E-04 -0.30809376154942E-03
 -0.18051875990186E-05  0.29530769221715E-04 -0.98528584556160E-03
  0.65136085655994E-05  0.24901743957639E-04 -0.98489534266760E-03
 -0.41895736277106E-04 -0.74244570657047E-05 -0.98377380439663E-03
 -0.11299506801040E-03 -0.21564437046528E-04 -0.32027582932187E-03
  0.17603603281146E-04  0.30313995518524E-04 -0.98491644908846E-03
 -0.32186564953109E-04  0.71763681317613E-05 -0.16683849208671E-03
 -0.44910518154875E-04 -0.54224876666643E-04 -0.97913800346034E-03
 -0.37229549467738E-04 -0.16317726924403E-04 -0.15035201784761E-03
 -0.60029709729306E-04 -0.21131498174963E-04 -0.97634911774383E-03
 -0.57628616647414E-04 -0.51130733538106E-05 -0.97573007959248E-03
  0.60295916629794E-05  0.50667710410349E-04 -0.98589873577604E-03
 -0.95146306664799E-05  0.86002785533248E-04 -0.16338226792768E-03
 -0.11413694953287E-03  0.10336378874883E-04 -0.30597644280360E-03
 -0.28153535031960E-04 -0.85147486309278E-04 -0.29261563336438E-03
 -0.50413118094464E-04 -0.11647313283798E-04 -0.97395814204370E-03
  0.14811318393128E-04 -0.31205639774007E-04 -0.98475118497774E-03
 -0.15823134685296E-03  0.24086382944123E-05 -0.33616606103037E-03
 -0.67979914428751E-04 -0.42820592509805E-05 -0.27698464060395E-03
 -0.40403860274820E-04 -0.17262993820637E-04 -0.13389292553377E-03
 -0.61571038989531E-04 -0.34064254822789E-04 -0.97725754453838E-03
 -0.37972806923092E-04 -0.20780818293070E-04 -0.97367802717627E-03
 -0.51489464834491E-04 -0.42192289653635E-04 -0.97574226654237E-03
  0.93183654961004E-05 -0.47120752879633E-04 -0.98289651564234E-03
  0.45879948817776E-06 -0.47522270948705E-04 -0.98329234642200E-03
  0.13982895936691E-04  0.21324064101609E-04 -0.98451931077120E-03
 -0.14989911986921E-03  0.56083854338924E-05 -0.32642665921854E-03
 -0.52001500063936E-04 -0.86371624472459E-05 -0.98329071102159E-03
 -0.13965325963911E-03 -0.30092960414575E-04 -0.24858431549611E-03
  0.21123034406960E-05  0.64584741510636E-05 -0.41488523293874E-05
 -0.34823908011015E-04 -0.81229301378921E-04 -0.27497716022142E-03
  0.22356560439265E-05  0.13124017614561E-04 -0.98491825400281E-03
  0.12916381779159E-04 -0.51394087609814E-04 -0.18857012252557E-03
 -0.97524260723995E-05 -0.56017226494713E-04 -0.98004287487556E-03
 -0.30727700911991E-04 -0.50226179348616E-04 -0.98288324815796E-03
  0.30475368396213E-05  0.14408591435688E-04 -0.23020615686583E-04
 -0.58348455804795E-04 -0.91595128882381E-05 -0.98174039226436E-03
 -0.94514653189807E-05  0.12066697608158E-04 -0.98443875263869E-03
 -0.45513592388569E-04 -0.45879744835574E-04 -0.98325429133780E-03
 -0.82872379202016E-04 -0.34178567550662E-04 -0.19186750019674E-03
  0.89478023142351E-06 -0.20867007326421E-04 -0.19077520260518E-03
  0.43000300864648E-05  0.24714024547245E-04 -0.52204526691937E-04
 -0.20586642703066E-04  0.10602477267843E-04 -0.98403922481474E-03
 -0.59870382159076E-04 -0.18094414417463E-04 -0.98331617356651E-03
  0.32158344302720E-04 -0.26129920701303E-04 -0.11991154437907E-03
  0.12250983436141E-04  0.15013803107863E-04 -0.98474441546459E-03
  0.19891847026494E-05  0.10804768040609E-05  0.13121252454795E-05
 -0.27922964787349E-04 -0.57303606429215E-04 -0.97937079000402E-03
 -0.14217153408701E-03  0.16346312866372E-04 -0.32247243074840E-03
 -0.24498178436491E-04 -0.22810403829302E-04 -0.16384286049680E-03
 -0.20647101087998E-04 -0.26658673920368E-04 -0.12060828955429E-03
  0.18120418681797E-04 -0.15608217940880E-04 -0.58129236568277E-04
  0.18711697138949E-04  0.19606812253521E-04 -0.98431094425940E-03
 -0.65594635774621E-04 -0.26503011433362E-04 -0.97962808746869E-03
 -0.63948369396244E-04 -0.20903611252378E-04 -0.98178460984503E-03
 -0.61705408371649E-04 -0.11017276844568E-04 -0.98030603702716E-03
 -0.14650793459922E-04 -0.50393035093100E-04 -0.98280505400855E-03
  0.63656565398360E-05 -0.50743712737406E-05 -0.13580654605654E-04
  0.18756626296182E-04  0.17325296122302E-04 -0.98425549380984E-03
 -0.16135170074932E-03  0.14949096280269E-05 -0.30849402845392E-03
  0.66582082452289E-06 -0.44013347476518E-04 -0.15387817581315E-03
 -0.37479249057984E-04 -0.25513593317198E-04 -0.16283344200092E-03
 -0.12075563197022E-03 -0.31341673156797E-04 -0.24197291131492E-03
 -0.54786293161077E-04 -0.17081283075198E-04 -0.17198083777633E-03
  0.18336606188447E-04  0.30474719420048E-04 -0.16826465740711E-03
  0.15638101643059E-04 -0.19203228438065E-04 -0.98463823013489E-03
 -0.60350053844756E-04 -0.14873182649689E-05 -0.97784544842664E-03
  0.43648135035973E-05  0.88223129204922E-05 -0.17441336842840E-04
  0.13037930972033E-04  0.14641923210768E-04 -0.98418932873704E-03
  0.20839970291863E-04 -0.18312149486255E-04 -0.16321394162547E-03
  0.24137157374521E-04 -0.10844681810290E-05 -0.98410621893773E-03
  0.24077784933050E-04  0.15175294568185E-04 -0.98366344157778E-03
 -0.26958081853951E-04 -0.49741293808944E-04 -0.19172372248812E-03
  0.60403021370511E-05  0.19322826956674E-04 -0.41794890152036E-04
 -0.32227221257646E-05 -0.20685493980389E-04 -0.16420662937793E-03
  0.84308173642838E-05  0.13372687420161E-04 -0.37840987501600E-04
  0.20035176853016E-05  0.11266191670888E-04 -0.98426875734272E-03
  0.18369025118164E-05  0.40531236604167E-04 -0.98581726744445E-03
  0.12923469684464E-04  0.21640705574487E-04 -0.98326698321856E-03
  0.30019481890532E-04  0.22575717702954E-04 -0.98370637109126E-03
  0.80314812005374E-05  0.31817794218115E-04 -0.76425068519558E-04
  0.11650875792633E-04 -0.10204607907826E-04 -0.16470110833409E-03
 -0.45634505033739E-05 -0.54049687022441E-04 -0.23077817696493E-03
  0.27005168902058E-04  0.37868631710308E-05 -0.16515217653642E-03
  0.10637793620753E-04  0.26048809883293E-04 -0.65085764892850E-04
  0.21602750214581E-04  0.19137806147757E-04 -0.98392383269473E-03
 -0.21592618798679E-04 -0.55549956837741E-04 -0.98140100741997E-03
  0.24619961894662E-04 -0.15015637738288E-04 -0.98463006983981E-03
  0.37266661575079E-04 -0.22597314668828E-04 -0.14445303441582E-03
  0.91523871019318E-05  0.45147207681629E-04 -0.13341743647473E-03
  0.28032497280110E-04 -0.20217297026875E-04 -0.90669680713011E-04
 -0.87440505387495E-05 -0.66808891115252E-04 -0.22433210747133E-03
  0.23305313373950E-04  0.27151264719279E-04 -0.98455347806622E-03
  0.86548157735575E-06  0.42109439397989E-04 -0.15468394977615E-03
  0.37760291656238E-05  0.50518993605846E-05 -0.98402252844275E-03
  0.13090846020484E-04 -0.82560482820900E-05 -0.35690481974041E-04
 -0.74522576107355E-05  0.10000033831888E-05 -0.98420283912576E-03
  0.24994686530722E-04  0.23759630478868E-04 -0.98417418212629E-03
 -0.38407360381955E-04 -0.54046560061667E-04 -0.98089209094597E-03
  0.97502553844900E-05  0.34734780801188E-04 -0.98498271281846E-03
  0.52987840954865E-05  0.97675413537113E-06 -0.11954833769134E-04
  0.14824786960145E-04  0.91919924379572E-05 -0.98384895236887E-03
  0.11589568710526E-04  0.38490922192898E-04 -0.10094603451458E-03
 -0.87685862465557E-05  0.80192794001225E-05 -0.98428176410969E-03
  0.22985769681266E-06  0.55434446521615E-04 -0.16192440553328E-03
  0.10903962431982E-04  0.15540453840354E-05 -0.34686477166720E-04
 -0.50580538338357E-04  0.15405956321489E-05 -0.98277413273096E-03
  0.15124551939436E-04 -0.63577087658272E-05 -0.98451213663092E-03
 -0.51453142681681E-04 -0.28927949606941E-04 -0.97429854458192E-03
 -0.45688127885672E-04  0.13635254982547E-04 -0.19057699891712E-03
 -0.57561120991984E-04  0.13240951390029E-05 -0.98109859717705E-03
 -0.27256822083938E-04 -0.15205201335060E-04 -0.16029406127257E-03
  0.21248229770143E-04  0.38077782349619E-04 -0.98468499798219E-03
 -0.13400825104076E-04  0.28765490878601E-04 -0.16406587310759E-03
  0.37916675720473E-04 -0.12222431043529E-04 -0.16193741897492E-03
 -0.81558200752536E-04  0.43538889159015E-05 -0.22864945156504E-03
 -0.37191855153985E-04 -0.49082869531577E-04 -0.27019434834310E-03
 -0.60018018575525E-04  0.75469068130395E-06 -0.97954175693344E-03
  0.13543610279406E-04  0.44137189047451E-04 -0.98500177198529E-03
 -0.30985252716062E-04 -0.48916670412737E-05 -0.98353417449725E-03
  0.21978248686668E-04 -0.28075866883795E-04 -0.98455923189637E-03
 -0.12493632821691E-03  0.88739626296194E-05 -0.28767236082777E-03
 -0.12268358402472E-03 -0.70805654535954E-05 -0.31897347279658E-03
 -0.39697361777091E-04 -0.33154315794665E-04 -0.16820155317905E-03
 -0.22402085386166E-04  0.29745762730657E-04 -0.17219309287893E-03
  0.23284594774162E-04  0.12544731311496E-04 -0.98395552028470E-03
 -0.19287459715553E-04 -0.23265093246437E-05 -0.98393238071252E-03
  0.73080171664667E-05  0.42630424881398E-04 -0.11163304924848E-03
 -0.20302977168823E-04  0.57115820494236E-05 -0.98413613209183E-03
  0.46688648823226E-04 -0.15308041402855E-04 -0.16081150192451E-03
 -0.42555006779336E-05 -0.52571627129265E-04 -0.98203614202226E-03
  0.14467313613956E-04  0.75247413679841E-05 -0.98373552754657E-03
  0.22740313698010E-05  0.46379963741259E-04 -0.13972310689774E-03
  0.36902511642744E-04 -0.22406210006562E-04 -0.12364845127785E-03
  0.31352753796373E-04  0.29110077653535E-04 -0.98436810109986E-03
 -0.37657326989509E-04 -0.37248370676699E-04 -0.97395436454036E-03
 -0.31225738451630E-04  0.35352561588779E-05 -0.98383423292793E-03
 -0.98901646149366E-05 -0.13457540400398E-04 -0.16448446278947E-03
 -0.71384629166564E-05  0.42280733333679E-04 -0.15829145377974E-03
 -0.41002459232018E-04  0.25260676423446E-05 -0.98372625919666E-03
 -0.78156371947297E-04 -0.30072815069730E-04 -0.30175874428403E-03
  0.28246729025768E-04  0.33237148389840E-04 -0.98444326588222E-03
  0.22191937194774E-04 -0.11371068557986E-04 -0.67276001152929E-04
  0.17984646079119E-04 -0.38827736006181E-04 -0.98405481560447E-03
 -0.52237214253508E-04  0.17652278469055E-04 -0.17395759310577E-03
  0.40257146915191E-06  0.42424029293381E-04 -0.98320683316615E-03
 -0.18361208886019E-04 -0.15720310592655E-05 -0.98425504815621E-03
  0.28745281049122E-04 -0.32835225793133E-04 -0.13787934671594E-03
 -0.89074786491613E-05 -0.53387105325395E-05 -0.98453159772973E-03
 -0.23182553038421E-04  0.53301185508119E-04 -0.98297712059044E-03
 -0.45847597855707E-04  0.65089784190076E-05 -0.16840933729168E-03
  0.18726285344729E-04 -0.23176798379138E-04 -0.78002999409206E-04
 -0.85383438565589E-07 -0.73640152307452E-05 -0.98446316543286E-03
 -0.20915305154228E-04  0.40675231467290E-04 -0.98378346723852E-03
  0.57031859369916E-05 -0.82662665161077E-05 -0.22135375849010E-04
  0.55864043619978E-05 -0.78189253252428E-05 -0.98453603156432E-03
 -0.49222297650870E-04  0.24507097966661E-05 -0.14491274879396E-03
 -0.92994984124740E-06 -0.13102149975888E-05  0.45938933541678E-05
  0.52129304117621E-05 -0.73675801245798E-05 -0.98503515850590E-03
 -0.16685239579849E-04  0.27791176040871E-04 -0.98396141039028E-03
 -0.28692467050237E-05  0.18020573131306E-05  0.10425902873978E-04
 -0.82847011641614E-06 -0.36208931439605E-05 -0.98572587268759E-03
 -0.44613808584454E-04  0.17261887792753E-06 -0.11810496817178E-03
 -0.36365879864638E-05  0.32315284904863E-05  0.68330226799248E-05
 -0.97643264461958E-05  0.16498227793493E-05 -0.98543141207315E-03
 -0.12389953149052E-04  0.15005892119359E-04 -0.98408023446070E-03
 -0.49191661017109E-05  0.46195590275995E-05 -0.12063383290527E-05
 -0.18602397543974E-04  0.77973350224656E-05 -0.98462859905778E-03
 -0.37027687679385E-04 -0.11043138543935E-05 -0.89721939406193E-04
 -0.76676816125994E-05  0.55359018250535E-05 -0.15481205672693E-04
 -0.25984151020252E-04  0.13961573504780E-04 -0.98413267908131E-03
 -0.34254405674179E-04  0.13499194276597E-04 -0.18951395056656E-03
  0.21161229584202E-04 -0.14326098304551E-04 -0.16543171634141E-03
 -0.10927540991052E-03 -0.57083260359625E-04 -0.19219687996093E-03
 -0.27164327203748E-04  0.39159800546990E-05 -0.98467218961531E-03
 -0.45501382295177E-05  0.18703458960546E-04 -0.52316993049355E-04
 -0.41275393409449E-04  0.20501163252865E-04 -0.98318455493366E-03
 -0.14348855149495E-04 -0.35101755327703E-04 -0.98469169196405E-03
 -0.10781732249715E-04  0.29431917086674E-04 -0.97826997970698E-04
 -0.46210753120472E-04  0.26255206590659E-04 -0.98204049957976E-03
  0.17066149449075E-04 -0.32846547488183E-04 -0.10678918046275E-03
 -0.24960263514306E-04  0.46126545276439E-04 -0.16457542524479E-03
 -0.49512250840182E-04  0.33200736993839E-04 -0.98039419275017E-03
 -0.26790243188300E-04 -0.33331026733505E-04 -0.98477044993867E-03
 -0.48893774217594E-04  0.70460950310537E-04 -0.25005003231124E-03
  0.23289318390599E-04 -0.38857448882552E-04 -0.15484202411079E-03
 -0.51239441965187E-04  0.39992315212713E-04 -0.97850368944959E-03
 -0.71906561754254E-05  0.29138842734447E-05 -0.98432597139501E-03
 -0.71598470685331E-04  0.93544709907709E-04 -0.32600692776987E-03
 -0.38647850927595E-04 -0.28586184460588E-04 -0.98474961699052E-03
 -0.71611847431640E-04  0.97883443644805E-04 -0.34548992734987E-03
  0.75204593529994E-05 -0.85027276589872E-05 -0.16831811632877E-03
 -0.44480646362869E-04  0.43454725074251E-04 -0.97436497143909E-03
 -0.44347488462672E-04  0.75352422159641E-04 -0.30698691998793E-03
 -0.35800303451443E-04  0.39555762328207E-04 -0.97348180175027E-03
 -0.24534199850069E-04  0.71883443807780E-04 -0.97928325923036E-03
 -0.11809604593996E-04  0.27200058719061E-04 -0.21273379384064E-03
 -0.12954104407240E-04  0.44856202622627E-04 -0.26645357005260E-03
 -0.22729910248141E-04  0.31790992833470E-04 -0.97324651300806E-03
 -0.25156518178327E-04  0.64491053511686E-04 -0.98141142316253E-03
 -0.43769125984410E-05  0.33154631512881E-04 -0.16452912384612E-03
 -0.50001088259100E-04  0.43526326204669E-04 -0.97613311420419E-03
 -0.27729170114181E-04 -0.11391186045162E-05 -0.62447558840472E-04
 -0.12366043100466E-04  0.74759882745169E-05 -0.38572377645235E-04
 -0.32456376954832E-04  0.21639313031295E-04 -0.98386817135817E-03
 -0.17634859331316E-04 -0.25272863181627E-04 -0.98461711302741E-03
  0.24613435382962E-04 -0.36831266099733E-04 -0.13108321654409E-03
 -0.17822352876364E-06 -0.36799013934037E-05 -0.72095575490681E-05
  0.41947082387484E-05 -0.16480152732460E-04 -0.98493179787954E-03
 -0.28491193621657E-04 -0.21562964805286E-04 -0.98457223354697E-03
 -0.41017004123717E-05  0.31289615795106E-06  0.17743896757356E-05
  0.20611289007878E-05 -0.13826859365093E-04 -0.98536204990071E-03
  0.19763075534916E-04 -0.23395193214319E-04 -0.16334738881016E-03
 -0.65849545266935E-05  0.21731104188936E-05 -0.32168536350054E-05
 -0.40449626256443E-05 -0.77206030329545E-05 -0.98525533735060E-03
 -0.39010179514414E-04 -0.16074648680629E-04 -0.98492135765233E-03
 -0.10711179288716E-04  0.26866515190906E-05 -0.14193469969001E-04
  0.74561376116587E-07 -0.17348816987364E-04 -0.98430681658453E-03
 -0.10917009259434E-04  0.16000637162173E-06 -0.98463057544848E-03
 -0.16686260420720E-04  0.21080501430040E-05 -0.31406051561052E-04
 -0.16664550269978E-04  0.86756167136561E-05 -0.98429331943281E-03
 -0.33689589484763E-04  0.67141365716686E-04 -0.97691240284622E-03
 -0.24135599727188E-04  0.25889402468047E-05 -0.56197968955793E-04
 -0.21800686074641E-04  0.19465822140894E-04 -0.98405640256781E-03
 -0.40518490365170E-04  0.60086392988752E-04 -0.27133585685597E-03
 -0.33825358175853E-04  0.43723697250302E-05 -0.88819818575854E-04
 -0.27602771810301E-04  0.31037565630230E-04 -0.98356810129303E-03
 -0.35742873110298E-04  0.62226898914892E-04 -0.97949227868893E-03
 -0.53413257596236E-04  0.34268105865501E-04 -0.22315698498767E-03
 -0.43943315861656E-04  0.86771017103983E-05 -0.12818428510617E-03
 -0.31899376102409E-04  0.42687419919769E-04 -0.98279285862676E-03
 -0.62445895412749E-05  0.21959770667343E-04 -0.16452193958389E-03
  0.24274781853802E-05 -0.14694236242832E-04 -0.55166123677506E-04
  0.89225213208282E-05 -0.14457172953162E-04 -0.43458410964412E-04
  0.13278211812433E-04 -0.22862329487480E-04 -0.71736581727310E-04
 -0.20317356032700E-04  0.12448155961277E-04 -0.75491813151913E-04
 -0.29017550955795E-05 -0.80922043000287E-05 -0.98471855032418E-03
 -0.37611070166521E-04  0.30612466863107E-04 -0.98265374375373E-03
 -0.19202165787455E-04 -0.20273427968681E-06 -0.38658802833156E-04
 -0.33299953782293E-04  0.22275968464818E-04 -0.13000602755404E-03
 -0.41809214411945E-04  0.39872610151163E-04 -0.98134298775889E-03
 -0.50858369285466E-04  0.41076682700231E-04 -0.20185383330661E-03
  0.15587721270623E-05 -0.17053740041221E-04 -0.98476017352460E-03
 -0.44741820080710E-04  0.48792557191102E-04 -0.98011374480080E-03
 -0.11897289308659E-04  0.17779707928498E-06 -0.20761134234384E-04
 -0.63752055318417E-04  0.68652794747466E-04 -0.27958214085245E-03
 -0.44112730834865E-04  0.54674752275093E-04 -0.97768765674943E-03
 -0.84100624595555E-05 -0.16569713029936E-04 -0.98456129408258E-03
  0.41998545600002E-05 -0.23333118466578E-04 -0.98483984309038E-03
 -0.39814668678689E-04  0.58047520441478E-04 -0.97525592959116E-03
 -0.59369701831145E-05 -0.17556327373557E-05 -0.12895061365123E-04
 -0.31395365490927E-04  0.10251880896209E-03 -0.33137249341107E-03
 -0.32865109340042E-04  0.56789834191195E-04 -0.97386836618567E-03
  0.13167572046599E-05 -0.25898324951896E-04 -0.98464230443185E-03
  0.90651014976715E-05  0.16369417208316E-05 -0.16673925501969E-03
  0.97232434557056E-06 -0.78053752508506E-05 -0.26258207716767E-04
 -0.29240269295815E-04 -0.89701253861420E-05 -0.98454654104641E-03
  0.26445528924865E-04 -0.31458865662477E-04 -0.15347461928120E-03
 -0.18906456005757E-04 -0.14070938810114E-04 -0.98460962311459E-03
 -0.65779282428397E-05 -0.26360580402020E-04 -0.98458801833426E-03
  0.22818234945702E-04 -0.30559809661713E-04 -0.10461376539787E-03
 -0.58288980853577E-04  0.94964923544633E-04 -0.33092415139415E-03
 -0.34052386266210E-04  0.16335047185907E-04 -0.98400913062498E-03
 -0.26098614114006E-05 -0.34689566228694E-04 -0.98411864499890E-03
 -0.18410100643820E-05  0.12107942091111E-04 -0.22900977870322E-04
 -0.30503585254518E-05  0.45924850507165E-04 -0.16249210422767E-03
 -0.13315722079452E-04  0.23447082296056E-04 -0.98523425407852E-03
  0.96573752995740E-05 -0.33723082203847E-04 -0.98503664198872E-03
  0.23530438925380E-04 -0.36298669781005E-05 -0.16603455730569E-03
 -0.35110947328166E-04  0.53454838749110E-04 -0.98184119786932E-03
 -0.27595397674341E-04 -0.96878042367666E-05 -0.77807308165685E-04
  0.32780204018140E-04 -0.27870148640718E-04 -0.14355692559478E-03
  0.37594725749386E-05  0.14103649781963E-04 -0.98456887760714E-03
  0.35390239995977E-05 -0.40440526680113E-04 -0.98398608311149E-03
  0.23414285171548E-04 -0.23330762934155E-04 -0.87922963613239E-04
  0.10710373379556E-04  0.12018527516096E-04 -0.98433898459745E-03
 -0.14605331236131E-04 -0.12859033750176E-04 -0.69913088417016E-04
 -0.36643203799088E-04 -0.10151085453695E-04 -0.10303952086760E-03
  0.93933743149808E-05 -0.98540960721764E-05 -0.29947294985896E-04
 -0.83561501940844E-05 -0.43194437652062E-04 -0.98362397771874E-03
  0.21301593909500E-05 -0.23675261918639E-05  0.12686823555399E-05
  0.11560489774211E-04  0.95504925138002E-05 -0.98492612182458E-03
  0.27872071889484E-05 -0.26270904082748E-04 -0.96718656174810E-04
  0.36100772748799E-06  0.21964854459105E-05  0.98808412599313E-05
  0.36936956866313E-05  0.98903746045534E-05 -0.98533439832642E-03
 -0.22479124339179E-04 -0.43468152724594E-04 -0.98430108286037E-03
  0.18385953970406E-04 -0.43261514933959E-04 -0.14644784879238E-03
 -0.10184025222621E-06  0.54873202516667E-05  0.47148289398230E-05
 -0.77354641683239E-05  0.10899171757672E-04 -0.98493207664582E-03
  0.70046892537295E-06  0.10582230776221E-04 -0.94483374228306E-05
 -0.36357915044559E-04 -0.40297573124599E-04 -0.98453527100470E-03
  0.13850495586983E-04  0.11455774662770E-04 -0.98469459368003E-03
 -0.18769836597331E-04  0.12355692454312E-04 -0.98460193275212E-03
  0.10560716242401E-04 -0.23216785609225E-04 -0.98502761741142E-03
 -0.24047016879728E-04  0.14466162323468E-05 -0.25419131455506E-03
 -0.31056149402501E-04  0.10153526227935E-04 -0.98428677439321E-03
  0.15751539025805E-05 -0.24926682092362E-05 -0.16712299804872E-03
  0.23372440396160E-05  0.44735848536530E-04 -0.11905573385347E-03
 -0.40538212217761E-04  0.98349258077331E-05 -0.98397141781038E-03
 -0.36351364255268E-05  0.49572579052723E-04 -0.15055155554074E-03
  0.20106163888726E-05  0.29226205254300E-04 -0.98319282415208E-03
 -0.49051855458017E-04  0.10609123008667E-04 -0.98302191728830E-03
 -0.19541627062979E-04 -0.58696683894903E-05 -0.16553767562447E-03
 -0.17625774978966E-04  0.49252154554264E-04 -0.18342962234198E-03
 -0.55554408919699E-04  0.11370449074571E-04 -0.98139508752594E-03
  0.41640601540200E-05  0.15570373584699E-04 -0.98373491940457E-03
 -0.44700755660143E-04  0.47494659830577E-04 -0.22613426848876E-03
 -0.21684868912243E-04 -0.10823990937777E-04 -0.97371455802595E-03
 -0.58245139107819E-04  0.12882090505105E-04 -0.97943382053792E-03
 -0.85686487085560E-04  0.48767803358576E-04 -0.28150851392786E-03
 -0.58075298734915E-04  0.13768735966310E-04 -0.97728023022454E-03
  0.57202126934451E-05  0.19227981241984E-05 -0.98417956249905E-03
 -0.11471200217333E-03  0.47562254050574E-04 -0.31756710066052E-03
 -0.41417037938487E-04 -0.10066029408355E-04 -0.14797351247591E-03
 -0.55538231884296E-04  0.11875940040419E-04 -0.97522436033293E-03
 -0.10023195496008E-03  0.34462678505873E-04 -0.30147870210609E-03
 -0.49012413493503E-04  0.73549445296742E-05 -0.97422531199160E-03
  0.85341512876409E-05 -0.11177832305208E-04 -0.98460926957478E-03
 -0.58218933290137E-04  0.15314479302587E-04 -0.26730894398334E-03
 -0.41738052382192E-04 -0.10826060174028E-04 -0.12885604001064E-03
 -0.37791570536361E-04 -0.11991814930816E-05 -0.97398034526488E-03
 -0.33417339327518E-04 -0.85216988151529E-05 -0.15972079226315E-03
  0.46168055942092E-05  0.36124887397138E-04 -0.85470196206355E-04
  0.16096965890438E-04 -0.33487233422780E-04 -0.17414845923510E-03
 -0.29283620058050E-04  0.13582618694856E-04 -0.98428186657260E-03
 -0.16411483139548E-04  0.11005947205743E-04 -0.98442160691319E-03
 -0.43897462332296E-04 -0.52991312984344E-05 -0.12377382364924E-03
  0.29383157071675E-04 -0.24232439377316E-04 -0.15848030683503E-03
 -0.70792810895548E-05  0.61144499301874E-05 -0.98432485075011E-03
  0.84670111055760E-06 -0.36680560869934E-05 -0.98447697408343E-03
  0.27300685902780E-04 -0.29613923913037E-04 -0.11574728304934E-03
  0.11409007299847E-05  0.36012587168248E-05 -0.98455506741780E-03
 -0.37768508618922E-04 -0.56016322036221E-05 -0.97927763930748E-04
  0.13888033832319E-04 -0.16087811025180E-04 -0.52750285559749E-04
  0.75130206696706E-05  0.23371514892446E-05 -0.98456937222860E-03
  0.45956923382816E-05 -0.15733372464539E-04 -0.98492759698875E-03
  0.35525550139038E-05 -0.44752115324762E-05 -0.74899322159962E-05
  0.10801793018220E-04  0.12985805224920E-04 -0.16667831562282E-03
  0.96124090207693E-05  0.16201398728160E-05 -0.98490537744744E-03
 -0.79132632321881E-06  0.52514070468108E-06  0.10617309943911E-04
  0.48084772030212E-05  0.21820547234667E-05 -0.98521320825281E-03
  0.64265805360018E-05 -0.25918913773969E-04 -0.98479635626382E-03
 -0.19179081433168E-04 -0.37152089843305E-05 -0.45370235243070E-04
 -0.15287989355837E-05  0.26727728231716E-05  0.12773256312735E-04
 -0.41865339657289E-05  0.50539275879131E-05 -0.98544845420330E-03
 -0.16553502799303E-05  0.49591651639600E-05  0.72000982157558E-05
  0.45543031863569E-05 -0.32166360689900E-04 -0.98451692015704E-03
 -0.14896578270404E-04  0.92808789010556E-05 -0.98515475395841E-03
 -0.94289697692128E-05 -0.55126861688465E-05 -0.35625043664660E-04
 -0.12803731261846E-05  0.80053116209419E-05 -0.45956923755219E-05
 -0.24863105100210E-04  0.12833245485979E-04 -0.98447646946854E-03
 -0.28915194909281E-04 -0.44183274245215E-05 -0.70098629601078E-04
  0.17059683731558E-05  0.18032983782170E-04 -0.31914333745456E-04
 -0.31087483534659E-05  0.92868544857633E-05 -0.98389415983460E-03
 -0.19561560243771E-04  0.18049605983451E-04 -0.25398030581978E-03
  0.18085781326219E-05  0.27257088929212E-04 -0.61791972686668E-04
 -0.48252731823907E-04 -0.34911460188540E-04 -0.98471557113541E-03
 -0.38763556342058E-04  0.14687968536277E-04 -0.98390790890911E-03
 -0.92022576691681E-05  0.12396717965311E-04 -0.17061083771383E-03
 -0.46332565982192E-06  0.38349531294072E-04 -0.99640000085544E-04
 -0.46667954119753E-04  0.16792640339661E-04 -0.98305738658255E-03
 -0.12955793732666E-04  0.61313109092827E-04 -0.98264096164471E-03
 -0.75496514118566E-05  0.50167017003946E-04 -0.14720098801640E-03
 -0.51823431614059E-04  0.19841762131316E-04 -0.98184285199644E-03
 -0.58017685011749E-05  0.49807863177325E-05 -0.17398916629564E-03
 -0.25904918203131E-04  0.63161070084537E-04 -0.20847132219557E-03
 -0.54813363326872E-04  0.24066650925464E-04 -0.97988909889736E-03
 -0.22527999491608E-04  0.10550870905045E-04 -0.97341863862131E-03
 -0.11359872780393E-04  0.48825732073356E-04 -0.98315294619111E-03
 -0.27799060187999E-04  0.11528995887818E-05 -0.16910492424294E-03
 -0.55527078753226E-04  0.27920898746459E-04 -0.97731874663520E-03
 -0.88324260323827E-04  0.83010045067561E-04 -0.33044835943206E-03
 -0.53673726971932E-04  0.28845945139123E-04 -0.97517917597732E-03
 -0.90095812717147E-05  0.35589141303441E-04 -0.98373008954300E-03
 -0.86025160379029E-04  0.67915548315831E-04 -0.32038790819039E-03
 -0.40818579053817E-04 -0.15577607767255E-05 -0.15964619919213E-03
 -0.47184421169407E-04  0.26017491635228E-04 -0.97424465255481E-03
 -0.51961822892453E-04  0.39334118787732E-04 -0.27636889322620E-03
 -0.37184232829797E-04  0.19786324811856E-04 -0.97375315856248E-03
 -0.67650558692426E-05  0.22134489816170E-04 -0.98403706019495E-03
 -0.46248084863687E-04 -0.40262026104262E-05 -0.14431669149518E-03
 -0.57618959200197E-04  0.77189494696687E-04 -0.28042706700636E-03
 -0.50138816068271E-05  0.18334703324343E-04 -0.98452134335065E-03
  0.54589544735322E-04 -0.23490900129607E-04 -0.16075455425375E-03
 -0.85329798274494E-04 -0.59516668102313E-04 -0.16758934230112E-03
  0.53433048390459E-04 -0.38643709482310E-04 -0.98187074070288E-03
  0.95699702152105E-04 -0.10087689464382E-03 -0.24736424505137E-03
  0.46418833396195E-04 -0.40615578870361E-04 -0.97879228310097E-03
  0.92587869480266E-04 -0.12465256743137E-03 -0.31106196155013E-03
  0.34196885765899E-04 -0.41367031342896E-04 -0.97595890249235E-03
  0.63759892725009E-04 -0.12327479301057E-03 -0.32322782833041E-03
  0.77562784271885E-04 -0.70617718939402E-04 -0.15775000535169E-03
 -0.19255073048408E-04  0.28600071897440E-04 -0.98668724960371E-03
 -0.20631502033845E-04  0.33360002582660E-04 -0.98903685989332E-03
 -0.39199855609035E-04  0.10791478281273E-03 -0.11363632771263E-03
 -0.16430233284701E-04  0.36728103699478E-04 -0.99101204155042E-03
 -0.25564019420672E-04  0.81077196078525E-04 -0.42498713135767E-04
 -0.93276645320123E-05  0.37804474189622E-04 -0.99241020302829E-03
 -0.51098703568686E-05  0.42590564104384E-04  0.29565388667824E-04
 -0.30068455883202E-04  0.93185452235958E-04 -0.14967566344972E-03
  0.55450263624863E-04 -0.35166626044823E-04 -0.98469534712601E-03
  0.54901390730536E-04 -0.46046278905317E-04 -0.74630658923456E-04
  0.54146533840542E-04 -0.30888655915242E-04 -0.98752101394713E-03
 -0.44502035633688E-05  0.30988489655419E-04  0.54217539249836E-04
 -0.39286896384712E-05  0.22516428817897E-04 -0.99343105314941E-03
  0.42192597115004E-05  0.12859664137847E-04  0.80899258401973E-04
  0.60630903609147E-05  0.16042636921592E-04 -0.99372225588544E-03
  0.78051570122956E-05  0.34818036152521E-05  0.86758111082696E-04
  0.16079776982420E-04  0.81732862322471E-05 -0.99322332156676E-03
  0.96281717211097E-05 -0.25179751443699E-05  0.82924204607223E-04
  0.25744555502477E-04 -0.10958387898037E-05 -0.99276996277823E-03
  0.12267149975007E-04 -0.77925067315574E-05  0.73261209456023E-04
  0.34372370442462E-04 -0.10825988220967E-04 -0.99234162228895E-03
  0.16720036322650E-04 -0.13359028169888E-04  0.55986432434782E-04
  0.42683213105069E-04 -0.19453808302388E-04 -0.99141701706450E-03
  0.24149396505109E-04 -0.20043976433723E-04  0.29171420911506E-04
  0.49135088802075E-04 -0.26242948730869E-04 -0.98969682829493E-03
  0.35783388119645E-04 -0.30459020951663E-04 -0.12398472496486E-04
 -0.11494394431400E-05  0.34439921156914E-04 -0.99292573553104E-03
  0.79476007065546E-05  0.18017290324132E-04  0.67473994993942E-04
  0.77019886834303E-05  0.29075635721603E-04 -0.99298237613014E-03
  0.15021237685933E-04  0.66501866335656E-05  0.77429989118865E-04
 -0.16460580002439E-04  0.77511932158386E-04 -0.15656544086083E-03
 -0.13147671569496E-04  0.40722540863354E-04 -0.98819779019831E-03
 -0.33904817476250E-04  0.10993254123710E-03 -0.13562177821251E-03
 -0.11723297675708E-04  0.44955297399594E-04 -0.99056297193213E-03
 -0.28393263354518E-04  0.98574491844908E-04 -0.80376053644190E-04
 -0.56549888019850E-05  0.47448481866439E-04 -0.99194123403167E-03
 -0.73539280166141E-05  0.58211243566859E-04 -0.40561320480611E-05
  0.13423992223952E-05  0.45920398312573E-04 -0.99220448603865E-03
  0.10953924273794E-04  0.25652761399115E-04  0.46406420152601E-04
  0.85750584130286E-05  0.40694203073057E-04 -0.99191870756289E-03
  0.23377321683330E-04  0.99745551259031E-05  0.60386707176470E-04
  0.15824537482818E-04  0.34100588401327E-04 -0.99201156821187E-03
  0.34370514710995E-04  0.32484026129285E-05  0.51333368230224E-04
  0.22569450409842E-04  0.25279142256488E-04 -0.99169038326353E-03
  0.46524730472732E-04 -0.18237657232170E-05  0.28646279235976E-04
 -0.94386828521363E-05  0.35011414044162E-04 -0.98618433621230E-03
 -0.12618619842854E-04  0.26975604523286E-04 -0.99251574121398E-03
  0.95217156768974E-04 -0.86932003669833E-04 -0.24921639984502E-03
  0.10735400238319E-03 -0.62521314883793E-04 -0.19287033347138E-03
  0.16283446184723E-04  0.20992030051614E-04 -0.99247047285626E-03
  0.20754441643855E-04  0.36889251735395E-06  0.71502030871527E-04
  0.24562878758853E-04  0.12027060708984E-04 -0.99231792864121E-03
  0.27763505468045E-04 -0.42989889788303E-05  0.57334447452443E-04
  0.31928539716761E-04  0.25915409653022E-05 -0.99211748551112E-03
  0.37360610402383E-04 -0.97011588485540E-05  0.35068021374323E-04
  0.39306533843316E-04 -0.63051331751141E-05 -0.99139664432446E-03
  0.50247821943666E-04 -0.15439457333805E-04  0.44358531434374E-05
  0.45471276201742E-04 -0.14538056402094E-04 -0.99019750381198E-03
  0.66452585207171E-04 -0.21800464581791E-04 -0.34075295742443E-04
  0.49780866983638E-04 -0.21663840319067E-04 -0.98864848985710E-03
  0.84931809131466E-04 -0.30957850913139E-04 -0.80320684872325E-04
  0.51409226770331E-04 -0.28697924232504E-04 -0.98625461377103E-03
  0.10136732404628E-03 -0.44130357578109E-04 -0.13449622352846E-03
  0.49249805618870E-04 -0.34505828403552E-04 -0.98371392934425E-03
  0.43439139114509E-04 -0.39959248492468E-04 -0.98114225612056E-03
 -0.21702751831523E-04  0.63327590578590E-04 -0.62657494009861E-05
 -0.20099739749695E-04  0.27912478209772E-04 -0.99137912830438E-03
 -0.39996775384368E-04  0.98122004782663E-04 -0.85745549921413E-04
  0.65721092194608E-04 -0.36318826540376E-04 -0.97941117300250E-03
  0.34624996718605E-04 -0.12447442259335E-03 -0.25864085963672E-03
  0.61821248669460E-04 -0.32134024262615E-04 -0.97629240282279E-03
  0.71309350638633E-04 -0.12581697929967E-03 -0.32312254703267E-03
  0.51563375503120E-04 -0.26609321154747E-04 -0.97384287519396E-03
  0.73934300210948E-04 -0.97414188439082E-04 -0.31983611426030E-03
  0.35370413944622E-04 -0.19409406593622E-04 -0.97356463977922E-03
  0.43780261403135E-04 -0.50205303958332E-04 -0.27670923343265E-03
  0.16342597424014E-04 -0.10389028348758E-04 -0.97362974675883E-03
  0.16064070746253E-04 -0.13276902091937E-04 -0.25415667425980E-03
 -0.36623277940406E-05 -0.16491406882719E-07 -0.97361650382410E-03
 -0.59003708315574E-06  0.51071937428509E-05 -0.25206839993707E-03
 -0.33578560195414E-04  0.99316584767544E-05 -0.98589486145186E-03
 -0.33409341235085E-04  0.82616172955157E-04 -0.15343738897193E-03
 -0.34657812336405E-04  0.15182241843219E-04 -0.98823151128318E-03
 -0.19791626410515E-05 -0.10641738468995E-03 -0.16790307849152E-03
 -0.46434213232456E-04  0.10319824796423E-03 -0.12148841557919E-03
  0.65006850026586E-04 -0.39089217334136E-04 -0.98265117794456E-03
  0.59863972192632E-04 -0.39343934051618E-04 -0.98637955874846E-03
 -0.15145578950330E-04  0.33551713910638E-04  0.49115534173585E-04
 -0.17380094030855E-04  0.42195971996204E-05 -0.99296891149197E-03
 -0.77448861520419E-05  0.14318694202532E-04  0.80668811357569E-04
 -0.75265674143231E-05 -0.26439469963657E-05 -0.99336123120347E-03
 -0.64536234447469E-05  0.32814945959491E-05  0.87973255876767E-04
  0.31669175409392E-05 -0.96864731410193E-05 -0.99350984789279E-03
 -0.82953172584223E-05 -0.54649521025359E-05  0.83191092230153E-04
  0.14644891544926E-04 -0.16845666223785E-04 -0.99342670281241E-03
 -0.11180857248983E-04 -0.15915947904104E-04  0.70282750408479E-04
  0.26323808885778E-04 -0.23792070939122E-04 -0.99259544610047E-03
 -0.15320904645426E-04 -0.28790848974184E-04  0.48579208757047E-04
  0.38576991622800E-04 -0.30561204171720E-04 -0.99101329321289E-03
 -0.19940512259116E-04 -0.44498021470271E-04  0.16286686459142E-04
  0.50391331746547E-04 -0.35663879756526E-04 -0.98928055608861E-03
 -0.22846479064252E-04 -0.63047795358805E-04 -0.28276285153848E-04
 -0.19236045447346E-04 -0.84710864482741E-04 -0.89027893220164E-04
  0.29077882563561E-04  0.17023696100130E-04 -0.99130493041990E-03
 -0.30268819901932E-04  0.18271076544618E-04 -0.99044445192618E-03
 -0.23240847830873E-04  0.18679647400057E-04 -0.99178985702326E-03
  0.60580667186224E-04 -0.38058103099745E-04 -0.98210507211344E-03
  0.50667713367185E-04 -0.10681554834805E-03 -0.21143198846903E-03
  0.57833517244160E-04 -0.38308987017249E-04 -0.97902843912744E-03
  0.78923423268780E-04 -0.13236415703139E-03 -0.30366869093855E-03
  0.49288321694431E-04 -0.36576178600659E-04 -0.97593667000532E-03
  0.82326605599948E-04 -0.13109977818797E-03 -0.33632821365035E-03
  0.34791214265887E-04 -0.32951039001902E-04 -0.97423234604661E-03
  0.54462220935987E-04 -0.95251428820462E-04 -0.30557378454360E-03
  0.16951140247315E-04 -0.27454442660608E-04 -0.97386723071942E-03
  0.21191319011270E-04 -0.48060889050753E-04 -0.26784404637364E-03
 -0.24048582941029E-04  0.16934519333105E-04 -0.98544211053069E-03
 -0.18936811531243E-04  0.66043114432477E-04 -0.15902693535407E-03
 -0.27912400006627E-04  0.22029486242875E-04 -0.98753454036471E-03
 -0.40495301965526E-04  0.10206596087549E-03 -0.13877131839077E-03
 -0.26171407234855E-04  0.25815441831463E-04 -0.98968814033827E-03
  0.22460674477053E-04 -0.76178635231688E-04 -0.10934470161815E-03
 -0.36793770591492E-04  0.83435057697311E-04 -0.52593093020870E-04
  0.59077105655010E-04 -0.37178026683689E-04 -0.98535732279081E-03
  0.53950163838920E-04 -0.34586607044790E-04 -0.98854399597905E-03
 -0.17860334193458E-04  0.47303903903000E-04  0.25048628753065E-04
 -0.15303517483386E-04  0.15472711913550E-04 -0.99266510054902E-03
 -0.52926514824047E-05  0.21815582935448E-04  0.71281269898929E-04
 -0.61499459846327E-05  0.99972809566825E-05 -0.99361008243163E-03
 -0.37715955970299E-06  0.85335996669204E-05  0.87968067623350E-04
  0.45542756432870E-05  0.29018839029138E-05 -0.99404498322981E-03
  0.66801898077942E-06  0.32614085623932E-06  0.89392188472194E-04
  0.15337933235997E-04 -0.47235845668030E-05 -0.99373011740462E-03
 -0.42975072121249E-06 -0.67503569697737E-05  0.84328620370424E-04
  0.25949702284786E-04 -0.13391243588210E-04 -0.99304232261815E-03
 -0.10149021615686E-05 -0.14277309883678E-04  0.73130310336518E-04
  0.36228056749912E-04 -0.22131369426420E-04 -0.99196752080962E-03
 -0.12121942184618E-05 -0.22643556049725E-04  0.53529117270653E-04
  0.45861915336444E-04 -0.29673903335775E-04 -0.99065375410055E-03
  0.19262518805625E-06 -0.34381056562395E-04  0.21664826900624E-04
  0.66272820250563E-05 -0.51518494895190E-04 -0.30008694798949E-04
  0.60923697829006E-04 -0.68351757256120E-05 -0.15152937130020E-05
  0.35290090243726E-04  0.82896418659205E-05 -0.99048483418896E-03
  0.77170052867068E-04 -0.12762678071125E-04 -0.36759688520450E-04
  0.36320642392455E-04 -0.67257187969866E-05 -0.16249763287513E-03
  0.18350647708850E-04  0.59322888393760E-04 -0.98103073782809E-03
  0.43777389174706E-04  0.12773465104763E-03 -0.26775470557997E-03
  0.97925928826050E-05  0.68218888148699E-04 -0.98167752786071E-03
  0.54606570706401E-04  0.14384201733192E-03 -0.27825162792116E-03
  0.48686008076588E-05  0.75323693148158E-04 -0.98192155332011E-03
  0.80620209956710E-04  0.11286068079508E-03 -0.24983233468971E-03
  0.15281947870550E-05  0.79111421150050E-04 -0.98177742756185E-03
  0.10109625507231E-03  0.63989911213273E-04 -0.20257479757817E-03
 -0.13378303077272E-05  0.78846408820127E-04 -0.98251833594541E-03
  0.10132880422719E-03  0.30009327165789E-04 -0.17364853392228E-03
 -0.26096888576405E-05  0.73847775978093E-04 -0.98333773601992E-03
  0.83778219152760E-04  0.13407200823107E-04 -0.16371802220598E-03
 -0.17931385814069E-05  0.65713135296031E-04 -0.98385642715566E-03
  0.57707544541946E-04  0.57475547177846E-05 -0.16269448751011E-03
  0.11190706558582E-04  0.34318407593907E-04 -0.98346823673552E-03
 -0.12362142745995E-05  0.54868711627764E-04 -0.98350010668027E-03
  0.62779501697045E-04 -0.15130486628838E-05 -0.15851044307762E-03
  0.85711917437668E-04  0.26311444704968E-05 -0.15136621903707E-03
  0.21969770198782E-04  0.25833876290652E-04 -0.98440267076534E-03
  0.70844489191122E-04 -0.10569761780191E-04 -0.15631836878854E-03
  0.11052266175342E-04  0.63580184022816E-04 -0.98369458427113E-03
  0.13629397185348E-04  0.13205068486843E-03 -0.21611417901437E-03
  0.72762926994496E-05  0.70092627150365E-04 -0.98494685221924E-03
  0.36647362946303E-04  0.11805618041649E-03 -0.19472669335446E-03
  0.58446197589821E-05  0.74931826511803E-04 -0.98515390171507E-03
  0.72042632399462E-04  0.72343802710786E-04 -0.15147752126903E-03
  0.54368820976766E-05  0.76595696092383E-04 -0.98508278206027E-03
  0.98574457251135E-04  0.35160747586185E-04 -0.12894815060350E-03
  0.55366626237508E-05  0.73099656183479E-04 -0.98533070082557E-03
  0.10760709844122E-03  0.16550038001767E-04 -0.13121180128055E-03
  0.68186652290749E-05  0.66282873898305E-04 -0.98542969048901E-03
  0.10177293264295E-03  0.79859896677636E-05 -0.14162431000408E-03
  0.81738814019363E-05  0.57137554151933E-04 -0.98496171204106E-03
  0.10192552144429E-04  0.46765690504198E-04 -0.98406568662102E-03
  0.89839288268732E-04 -0.53737572685997E-05 -0.14919218605484E-03
  0.28125513532723E-04  0.10580144534007E-05 -0.16539364068942E-03
  0.72909914033738E-04  0.14371865614898E-03 -0.32388035549791E-03
  0.20276062642727E-04  0.54331434867066E-04 -0.24426108442426E-03
  0.79999486377388E-05  0.46077568181091E-04 -0.97419337262775E-03
  0.52092987611673E-04  0.89225477383971E-04 -0.29572887378717E-03
 -0.82545899397761E-05  0.56880231726858E-04 -0.97434985685447E-03
  0.40837074385853E-04  0.10799949017951E-03 -0.31072453582173E-03
 -0.19740153174874E-04  0.65016195164356E-04 -0.97506068719016E-03
  0.21093124366210E-04  0.11099449080652E-03 -0.31875094315053E-03
 -0.27326328870539E-04  0.68875054811248E-04 -0.97580230757532E-03
 -0.10477412627087E-04  0.90862646086503E-04 -0.30573281212578E-03
  0.11296569917010E-04  0.28792229515961E-04 -0.97405324315054E-03
  0.30344448044891E-04  0.42384289597550E-04 -0.26260870533332E-03
 -0.72759144930887E-05  0.40665835205104E-04 -0.97382179246623E-03
  0.18438403861071E-04  0.61446249549062E-04 -0.27138364991660E-03
 -0.22137957130487E-04  0.50721287063060E-04 -0.97371451290429E-03
 -0.27565466026607E-06  0.86077820226983E-04 -0.29838984060091E-03
 -0.20737909319045E-04  0.75670254499308E-04 -0.97785833160057E-03
  0.14209772699567E-04  0.61579376224875E-04 -0.97805251260443E-03
  0.50871173382902E-04  0.93608905632812E-04 -0.28764134616593E-03
  0.67069973482757E-04  0.12751923246746E-03 -0.32571816098880E-03
  0.44966378407335E-05  0.70484662363731E-04 -0.97809779978208E-03
  0.81697077612667E-04  0.14232493191640E-03 -0.32360173810051E-03
 -0.25301341855546E-05  0.76472818491381E-04 -0.97876508171257E-03
  0.89850506726093E-04  0.10356999569664E-03 -0.28057940544364E-03
 -0.83939789527573E-05  0.78984015595645E-04 -0.97955938623265E-03
  0.80769658856435E-04  0.56254759497751E-04 -0.22698764069924E-03
 -0.12281006082671E-04  0.77549122255251E-04 -0.98074810546756E-03
  0.54922792927740E-04  0.25962158405292E-04 -0.19376299764290E-03
 -0.13396766739184E-04  0.71570886985968E-04 -0.98198097206501E-03
  0.23079704347251E-04  0.11511346155127E-04 -0.17931255218406E-03
  0.19950264275500E-04  0.49758000210535E-04 -0.97561080991308E-03
  0.78697917811325E-04  0.11228065279420E-03 -0.32027794323117E-03
  0.54426912862065E-05  0.60346908277235E-04 -0.97541369138476E-03
  0.72234005188553E-04  0.13380905647863E-03 -0.33372882088511E-03
 -0.64754711513006E-05  0.69165168279766E-04 -0.97622718988808E-03
 -0.14834468493458E-04  0.74771561961372E-04 -0.97703025032023E-03
 -0.26047692230342E-04  0.90618557496749E-05 -0.99211918261250E-03
  0.19459755432442E-04  0.37017090176318E-04 -0.98524831012811E-03
  0.17220390631818E-04  0.47151441427998E-04 -0.98591528250565E-03
  0.33611714738115E-04  0.15499195532213E-04  0.33459980789247E-04
  0.14380129296376E-04  0.46342648765517E-04 -0.99116576847349E-03
  0.50431855410556E-04  0.63762637713722E-05  0.21344990956775E-04
  0.19859304192480E-04  0.39540356276936E-04 -0.99075396840792E-03
  0.67613831611193E-04  0.13401772039736E-05 -0.87521690511728E-05
  0.25300713366158E-04  0.31580700130896E-04 -0.98984370651742E-03
  0.83982206305119E-04 -0.36033365259137E-05 -0.45013073378027E-04
  0.30767174164389E-04  0.22865733864638E-04 -0.98911676456010E-03
  0.98203048312692E-04 -0.88106263139468E-05 -0.79157850964664E-04
  0.35196664817008E-04  0.13049368868837E-04 -0.98837006873455E-03
  0.10766599911727E-03 -0.15039560443694E-04 -0.10834734185058E-03
  0.38619268060733E-04  0.24010850621425E-05 -0.98746658135644E-03
  0.10924227594575E-03 -0.19999914543996E-04 -0.13122662666173E-03
  0.40695008945876E-04 -0.80909177915601E-05 -0.98648436021878E-03
  0.10254384910744E-03 -0.24601146314170E-04 -0.14754660821090E-03
  0.85186484894610E-05  0.52206311557404E-04 -0.99090874190242E-03
  0.40477249497737E-04 -0.19840612187951E-04 -0.98531752032521E-03
  0.14182804361098E-04  0.37416871223735E-04  0.14024380396658E-04
 -0.10096987457871E-04  0.78164659965550E-04 -0.47095513704877E-04
  0.40807319322061E-04 -0.10042761344255E-05 -0.98967964011231E-03
  0.92888358077109E-04 -0.18543431410519E-04 -0.72493123090247E-04
  0.45221868759213E-04 -0.10009189261680E-04 -0.98841804593883E-03
  0.10536787824827E-03 -0.24426355521329E-04 -0.10625385909092E-03
  0.46822993601922E-04 -0.19330855020411E-04 -0.98715806556029E-03
  0.11063117193862E-03 -0.31361973312834E-04 -0.13761803084733E-03
  0.45836609788131E-04 -0.27958079634715E-04 -0.98484294796714E-03
  0.10458233656173E-03 -0.39803936464199E-04 -0.16702392761983E-03
  0.40373649010482E-04 -0.37038940610210E-04 -0.98266156076648E-03
  0.82623297659210E-04 -0.53071122538928E-04 -0.19751969237310E-03
 -0.45575651150796E-05  0.46632944082716E-04 -0.98724922069019E-03
 -0.24577547681828E-04  0.10251136403710E-03 -0.15104522456385E-03
 -0.55914913936260E-05  0.51997028019915E-04 -0.98936912404903E-03
 -0.28213275451482E-04  0.11156672237201E-03 -0.11607813645591E-03
 -0.18132536311165E-05  0.55455711671974E-04 -0.99060960423227E-03
  0.36327735837017E-05  0.55683989012954E-04 -0.99096310499691E-03
  0.10338376653419E-03 -0.61303269778107E-06 -0.13704893549977E-03
  0.84857336068824E-04 -0.29575285396730E-04 -0.16028321798480E-03
 -0.22940711882180E-04  0.11693534629131E-03 -0.14757425174217E-03
  0.79134179792136E-04 -0.19831913110816E-04 -0.15546776978628E-03
  0.97072295551108E-05  0.57756317604049E-04 -0.98494946805136E-03
 -0.86240078273230E-05  0.11193399127390E-03 -0.17742108019590E-03
  0.54568365920331E-05  0.63681704934425E-04 -0.98631411301246E-03
 -0.44817063420584E-05  0.12069679320620E-03 -0.15690620658768E-03
  0.57596201696714E-05  0.68494077372829E-04 -0.98739758387389E-03
  0.24869149393254E-04  0.84516285727014E-04 -0.10601997910315E-03
  0.70890717938319E-05  0.70616577467300E-04 -0.98788568155780E-03
  0.59365108259168E-04  0.41865244851941E-04 -0.67170878638786E-04
  0.87330553628205E-05  0.69068078576767E-04 -0.98796654039663E-03
  0.85810826271445E-04  0.19432493755155E-04 -0.68496872196537E-04
  0.11723765780049E-04  0.64086255388085E-04 -0.98762568707531E-03
  0.10188309441173E-03  0.99694656439188E-05 -0.91578752498450E-04
  0.14469663133119E-04  0.56459976720300E-04 -0.98685988502669E-03
  0.10765214426007E-03  0.43667784236075E-05 -0.11728397976324E-03
  0.32827249309572E-04  0.27208437621631E-05 -0.98527157928992E-03
  0.14105866510899E-05  0.56400736139748E-04 -0.98731819226109E-03
  0.96659412765649E-04 -0.15265587109567E-04 -0.14738637615770E-03
  0.10642869253102E-03 -0.10402826390614E-04 -0.13362525182823E-03
  0.16474282716248E-05  0.60973685715238E-04 -0.98865637144106E-03
 -0.10506900428517E-04  0.10033716453081E-03 -0.98798905771428E-04
  0.50458103590711E-05  0.63540433403933E-04 -0.98929657524322E-03
  0.18284293595807E-04  0.56476010062763E-04 -0.34990555264691E-04
  0.80825853833210E-05  0.62512116022234E-04 -0.98970878321657E-03
  0.45890194325269E-04  0.24750679876008E-04 -0.70864294131133E-05
  0.11906137832671E-04  0.58240730910057E-04 -0.98987102589358E-03
  0.68599320282122E-04  0.11139334372292E-04 -0.18936668054066E-04
  0.16059128351705E-04  0.52431744419181E-04 -0.98930184097861E-03
  0.87028812213392E-04  0.51000069888581E-05 -0.50265650525714E-04
  0.20822349273459E-04  0.45264402815740E-04 -0.98825939918528E-03
  0.10139206425829E-03  0.80531412653602E-06 -0.85269256070436E-04
  0.24369301503107E-04  0.35564538058269E-04 -0.98747734948999E-03
  0.10755294942850E-03 -0.49547566703353E-05 -0.11367202490248E-03
  0.28379588809572E-04  0.25558921899775E-04 -0.98673768989293E-03
  0.30808631864167E-04  0.14903114725660E-04 -0.98580851728261E-03
 -0.31798430447087E-04  0.66171355243773E-04 -0.16585440291640E-04
 -0.34135409291951E-04  0.10617910087003E-04 -0.99126961100752E-03
 -0.47867684045432E-04  0.96207418773000E-04 -0.94695233648709E-04
  0.37317653429218E-04  0.31898881153642E-04 -0.15562303125081E-03
  0.54843322812148E-04  0.22284945958772E-04 -0.98126662963904E-03
  0.56502820329358E-04  0.10656234333855E-04 -0.18723338665798E-03
  0.48890984325064E-04  0.31428277672336E-04 -0.98055884608836E-03
  0.39468916120344E-04  0.40603872121354E-04 -0.98025245335141E-03
  0.72573300429754E-04  0.19551873987826E-04 -0.25080667406987E-03
  0.28666728511588E-04  0.49915444904660E-04 -0.98040977241280E-03
  0.53785779508573E-04  0.74799528287220E-04 -0.25213246585600E-03
 -0.53003816952275E-04 -0.48557000382172E-04 -0.98143810762024E-03
 -0.25672770699515E-04 -0.33107842596427E-05 -0.21018200534906E-03
 -0.63080425086929E-04 -0.41358384165969E-04 -0.98305514464734E-03
 -0.59667217195059E-04  0.55011793321462E-04 -0.18913682196084E-03
 -0.67442630768666E-04 -0.33913787423798E-04 -0.98500501896734E-03
 -0.79899271556720E-04  0.80284965136301E-04 -0.15988865974557E-03
 -0.65958760785196E-04 -0.27272390235598E-04 -0.98690869318493E-03
  0.55945705659621E-04  0.12523877675112E-04 -0.98194956692767E-03
 -0.73082818107789E-04  0.60739330632522E-04 -0.10199014112644E-03
  0.27403917602846E-04  0.42886979624796E-04 -0.15572014362903E-03
  0.18990393640751E-04  0.39048496479252E-04 -0.16472454918577E-03
 -0.47839152361704E-04 -0.24740123466986E-04 -0.98817815879364E-03
 -0.79775674557917E-04 -0.62877801576383E-04 -0.10204158950287E-03
 -0.35364260539951E-04 -0.27128831008180E-04 -0.98769575429042E-03
 -0.80959354004846E-04 -0.78413063817678E-04 -0.12443085885617E-03
 -0.21843264835850E-04 -0.27766249118849E-04 -0.98637736955706E-03
 -0.74339809921500E-04 -0.76120454114698E-04 -0.14157634061136E-03
 -0.80708684922103E-05 -0.26425832563912E-04 -0.98515775528593E-03
 -0.59166223242391E-04 -0.59047959049600E-04 -0.15179507315326E-03
  0.53946013420271E-05 -0.24316084381797E-04 -0.98429426023756E-03
 -0.38644354421183E-04 -0.33308910023683E-04 -0.15866402038307E-03
  0.18188563864140E-04 -0.19630819562021E-04 -0.98377935995112E-03
 -0.16503979170847E-04 -0.37183829964781E-05 -0.16439632134013E-03
  0.31212283232667E-04 -0.13424499860495E-04 -0.98355484895442E-03
  0.41009412323959E-05  0.22314085954770E-04 -0.16765162963606E-03
  0.42623859097517E-04 -0.67496348253746E-05 -0.98335970648029E-03
  0.51372019725683E-04  0.20147767292981E-05 -0.98272430009507E-03
 -0.78694546744947E-04 -0.29710259250743E-04 -0.92621143076919E-04
 -0.59377848884327E-04 -0.23162712674730E-04 -0.98853510179820E-03
 -0.50940884180322E-04 -0.23309232732366E-04 -0.98947602008500E-03
  0.63469658892067E-04  0.89163732087264E-05 -0.98045967559414E-03
  0.58423105384924E-04  0.32371751966660E-04 -0.21711015328034E-03
  0.59735633571055E-04  0.19073820913442E-04 -0.97907140825620E-03
  0.89011699943191E-04  0.15607981304883E-04 -0.27150915994189E-03
  0.51255069610700E-04  0.29745631282403E-04 -0.97818484451762E-03
  0.10340590794650E-03  0.17305783518171E-04 -0.30538284421074E-03
  0.39478166016328E-04  0.40463000114504E-04 -0.97829084317278E-03
  0.92681649328577E-04  0.54531152283552E-04 -0.30245337734466E-03
  0.26647674573239E-04  0.50908911310718E-04 -0.97831841507260E-03
  0.76751742244435E-04  0.10695805322252E-03 -0.30386157301019E-03
 -0.56783495806534E-04 -0.39327731399312E-04 -0.98425148634790E-03
 -0.31250474334607E-04  0.36196740007997E-04 -0.17520872963246E-03
 -0.63358541593074E-04 -0.32200265211504E-04 -0.98557268818380E-03
 -0.61221103403706E-04  0.81492320352915E-04 -0.15499845773027E-03
 -0.64054133490311E-04 -0.25251365269083E-04 -0.98769433189296E-03
  0.33670476458323E-04  0.38907443409970E-04 -0.18618264559927E-03
 -0.57846423051800E-04  0.18110764225399E-04 -0.46241006953369E-04
  0.61691225435551E-04 -0.16597795265480E-05 -0.98159041088813E-03
  0.53958753849856E-04 -0.11188636128484E-04 -0.98244745895944E-03
 -0.56089203656099E-04 -0.22492938523973E-04 -0.33785723833809E-04
 -0.39500264706963E-04 -0.26422960576333E-04 -0.98973142101777E-03
 -0.65021669932533E-04 -0.54848956526541E-04 -0.58936923450468E-04
 -0.25238402278870E-04 -0.29665745571994E-04 -0.98856418001988E-03
 -0.72681393403260E-04 -0.76055411686174E-04 -0.94774510842187E-04
 -0.10986422920485E-04 -0.31073003125333E-04 -0.98736522294835E-03
 -0.72542879237854E-04 -0.82928930491905E-04 -0.12401756809026E-03
  0.27604090371759E-05 -0.30501669266058E-04 -0.98618074219085E-03
 -0.62711603723543E-04 -0.74630761481633E-04 -0.14342705910689E-03
  0.16589408841403E-04 -0.28461354061498E-04 -0.98491872576856E-03
 -0.45923388755327E-04 -0.54298171816428E-04 -0.15544499480467E-03
  0.30584015665965E-04 -0.24134056939468E-04 -0.98407085245517E-03
 -0.24954635811478E-04 -0.26207685167886E-04 -0.16305381041463E-03
  0.42849654051008E-04 -0.18418541864526E-04 -0.98323463378537E-03
 -0.36834810128950E-05  0.33824290408025E-05 -0.16961458872949E-03
  0.15563642852172E-04  0.27730801357401E-04 -0.17582907849143E-03
 -0.66741861202399E-04  0.85611210962660E-04 -0.10922147780000E-03
 -0.57724655660307E-04 -0.23841405131977E-04 -0.98748365412053E-03
 -0.64524068167457E-04 -0.26599561918835E-04 -0.98619175645022E-03
  0.33372286145627E-04 -0.13801572584689E-04 -0.10825580013616E-03
  0.33099422736182E-04  0.38019078997265E-04 -0.98355404026067E-03
  0.45157621215774E-04 -0.19174273365932E-04 -0.15774352387284E-03
  0.25050851063268E-04  0.44084411786269E-04 -0.98402071745819E-03
  0.36820405892411E-04  0.70672489748885E-05 -0.17887335774677E-03
  0.16791186311248E-04  0.51037554352123E-04 -0.98434724407205E-03
  0.11561818433525E-04  0.62167124173585E-04 -0.17872884471895E-03
 -0.49518519353542E-04 -0.50403588583499E-04 -0.97755970338206E-03
 -0.79520219336098E-04 -0.36480789864564E-04 -0.30231529077297E-03
 -0.61103932124625E-04 -0.42877011792227E-04 -0.97841883784125E-03
 -0.11346068159227E-03  0.13818430728818E-04 -0.28613578698798E-03
 -0.66935964454976E-04 -0.34525382023999E-04 -0.98049209538435E-03
 -0.13572051139837E-03  0.33016061850053E-04 -0.27023850457897E-03
 -0.66415442052981E-04 -0.27509234024384E-04 -0.98314845903897E-03
 -0.12857198378189E-03  0.88309857877258E-05 -0.22214818482360E-03
  0.37830279184329E-04  0.32192418677354E-04 -0.98350558279698E-03
 -0.61766106194939E-04 -0.23562824161699E-04 -0.98512274704745E-03
  0.19394281832399E-04  0.27598338826093E-05 -0.68600930564152E-04
  0.14778228395272E-04  0.19284148470938E-04 -0.67813795076655E-04
 -0.43489131143092E-04 -0.16606264205267E-04 -0.98472328061107E-03
 -0.64437756699814E-04 -0.42449409189197E-04 -0.16230432317700E-03
 -0.31089059791758E-04 -0.14653366014056E-04 -0.98414943330909E-03
 -0.42367174134175E-04 -0.16324054263988E-04 -0.16343404465814E-03
 -0.18858781496219E-04 -0.11928039676657E-04 -0.98380190111365E-03
 -0.21253905905868E-04  0.10357245759527E-04 -0.16496126844358E-03
 -0.68243879919754E-05 -0.83079403471540E-05 -0.98364056467154E-03
 -0.35475909266385E-05  0.31875639648424E-04 -0.16185025594068E-03
  0.58656557878064E-05 -0.40102415070969E-05 -0.98350000982663E-03
  0.96862740196729E-05  0.43129057298805E-04 -0.14922101214168E-03
  0.17177002428000E-04  0.12099833071777E-05 -0.98390304990680E-03
  0.16022087817391E-04  0.43277080152880E-04 -0.12502774230493E-03
  0.27105563742988E-04  0.71138308664267E-05 -0.98377288847777E-03
  0.16306951085690E-04  0.33961054486623E-04 -0.94029497776825E-04
  0.34920081057285E-04  0.15360693398637E-04 -0.98339004562576E-03
  0.38822430391089E-04  0.24555835660671E-04 -0.98340466128386E-03
 -0.88313058286350E-04  0.15945274654728E-04 -0.12348216623620E-03
 -0.10815207413054E-03 -0.34591286669994E-04 -0.16704608168046E-03
 -0.95113051918572E-04 -0.65809649911647E-04 -0.14581637323340E-03
  0.32755811197185E-04  0.55717890057580E-05 -0.11749430141872E-03
  0.44071752043117E-04  0.32598601104143E-04 -0.98230828855270E-03
  0.50009445710681E-04 -0.11989193419367E-04 -0.16223521597616E-03
  0.36872593174944E-04  0.40265269858458E-04 -0.98227076694439E-03
  0.55827887843054E-04 -0.62041738813992E-05 -0.19857584914349E-03
  0.27935673399032E-04  0.47855998624115E-04 -0.98229540262341E-03
  0.39191686942210E-04  0.36729702734112E-04 -0.20558536024186E-03
  0.18656048992081E-04  0.55633668733570E-04 -0.98258198605111E-03
  0.16852185472547E-04  0.96181479260825E-04 -0.20983888413605E-03
 -0.58355762461997E-04 -0.47541855194102E-04 -0.97971287100489E-03
 -0.65628667436850E-04  0.11521607021455E-04 -0.24077390960982E-03
 -0.66240256194348E-04 -0.39629419379237E-04 -0.98144812941522E-03
 -0.95849019751206E-04  0.55878598239140E-04 -0.22106453752709E-03
 -0.68134371232469E-04 -0.32152018041469E-04 -0.98400597147680E-03
 -0.10259079370434E-03  0.55074253002659E-04 -0.18197680004823E-03
  0.47433713566573E-04  0.24633725758222E-04 -0.98241625888727E-03
 -0.55294214418380E-04 -0.22797071854937E-04 -0.98596785428466E-03
  0.23518646563939E-04  0.25755578234706E-04 -0.10651226977747E-03
  0.22455676519811E-04  0.40249393236643E-04 -0.12523843923037E-03
 -0.45205400496334E-04 -0.22635839646848E-04 -0.98641123428922E-03
 -0.85096517436427E-04 -0.73026834949587E-04 -0.14780707073866E-03
 -0.32711571056264E-04 -0.22953120641649E-04 -0.98571381813741E-03
 -0.71260169588941E-04 -0.62412503915839E-04 -0.15399356871624E-03
 -0.19700120101665E-04 -0.21054066927149E-04 -0.98461872735165E-03
 -0.52101892619231E-04 -0.38993060332076E-04 -0.15852881004351E-03
 -0.67426522791875E-05 -0.18421415461152E-04 -0.98371872387614E-03
 -0.30443954715208E-04 -0.10825534539673E-04 -0.16228879913946E-03
  0.62137467001853E-05 -0.14414315663433E-04 -0.98346731583842E-03
 -0.90688756067579E-05  0.16244729814367E-04 -0.16394287221245E-03
  0.18766708892902E-04 -0.90830798709376E-05 -0.98346647089633E-03
  0.83680917204169E-05  0.35685855592179E-04 -0.16050688467182E-03
  0.29787977992862E-04 -0.24939902667916E-05 -0.98381813917701E-03
  0.19095166246170E-04  0.44258520037123E-04 -0.14776867501906E-03
  0.39722638183304E-04  0.49447931517225E-05 -0.98363897037111E-03
  0.45837057074536E-04  0.14618339839754E-04 -0.98282759524000E-03
 -0.53175867717598E-04 -0.17360269869717E-04 -0.98455974771965E-03
 -0.59407649488599E-04 -0.21017810829838E-04 -0.98947623786276E-03
 -0.51986041783977E-04 -0.19588762057634E-04 -0.99015728764999E-03
  0.72604153674559E-04 -0.25118983315763E-04 -0.97865113986305E-03
  0.15430851123013E-04 -0.61866848888788E-04 -0.22910483192248E-03
  0.70987674976546E-04 -0.16362716840406E-04 -0.97646505132350E-03
  0.67648465742144E-04 -0.50065219903799E-04 -0.29317832877427E-03
  0.63279358682407E-04 -0.57183300849767E-05 -0.97421658694154E-03
  0.94930133048958E-04 -0.34094651510323E-04 -0.32656300503399E-03
  0.49174531684441E-04  0.56430493108984E-05 -0.97326841749943E-03
  0.78150097711049E-04 -0.46617973983626E-05 -0.30388964234691E-03
  0.31134687873477E-04  0.16845535131932E-04 -0.97374522175085E-03
  0.48178895777262E-04  0.23996849071953E-04 -0.27220109712208E-03
 -0.46051798454157E-04 -0.93192630305474E-05 -0.98609952376500E-03
 -0.37466527244086E-04  0.73728324334274E-04 -0.15393070994442E-03
 -0.47985535188053E-04 -0.36738961291808E-05 -0.98807132822517E-03
 -0.53115174168993E-04  0.97991954998707E-04 -0.12449159116362E-03
 -0.44490006749208E-04  0.13127690417042E-06 -0.99041593167577E-03
 -0.23334432796118E-04 -0.78010031668222E-04 -0.18182827036121E-03
 -0.44919466970443E-04  0.82253507277471E-04 -0.58950572434796E-04
  0.68886001747664E-04 -0.31915119474750E-04 -0.98123530933172E-03
  0.59840169787130E-04 -0.35741624350488E-04 -0.98444946263614E-03
 -0.22976639376291E-04  0.31181299633316E-04  0.41666843785333E-04
 -0.31389254721354E-04 -0.11112951646288E-04 -0.99254380244948E-03
 -0.18106381299576E-04  0.91081885152298E-05  0.65746234865436E-04
 -0.20130404012476E-04 -0.16979822300612E-04 -0.99247885256979E-03
 -0.21599607682319E-04 -0.78867462090565E-05  0.61312185030359E-04
 -0.79642325354374E-05 -0.22976025039811E-04 -0.99189208023500E-03
 -0.29470622423236E-04 -0.25767811960239E-04  0.39094405161331E-04
  0.47711065810280E-05 -0.28157918103353E-04 -0.99133552051052E-03
 -0.39025357173807E-04 -0.46467203956234E-04  0.23635277847361E-05
  0.18896042068601E-04 -0.32490091798415E-04 -0.99037672369766E-03
 -0.46651395556701E-04 -0.67484525602289E-04 -0.42613086150141E-04
  0.33438829779592E-04 -0.35974812815572E-04 -0.98893882108611E-03
 -0.50957053477849E-04 -0.84770581629295E-04 -0.85543714790655E-04
  0.46982745363868E-04 -0.36861674240321E-04 -0.98724391179484E-03
 -0.50059215806768E-04 -0.93031258755949E-04 -0.12068908458031E-03
 -0.41976164175163E-04 -0.90297126387253E-04 -0.15019581536412E-03
 -0.40129872841006E-04 -0.76293308639628E-05 -0.99192684371742E-03
 -0.37482412870117E-04  0.15736711165568E-05 -0.99174262134122E-03
 -0.29044176636217E-04 -0.10079768854129E-05 -0.99257882586301E-03
  0.69571046315659E-04 -0.28605100552870E-04 -0.97745346489313E-03
  0.40684224263701E-04 -0.10032569392842E-03 -0.27693833289411E-03
  0.64095634608981E-04 -0.20899134801813E-04 -0.97461309492183E-03
  0.77919780222585E-04 -0.84443342420421E-04 -0.31915738019991E-03
  0.51949309255909E-04 -0.11746736626009E-04 -0.97310825321163E-03
  0.71361928806679E-04 -0.49684028791319E-04 -0.30178406968090E-03
  0.34356578959059E-04 -0.20512223183264E-05 -0.97334002933904E-03
  0.39816120451125E-04 -0.11841057754923E-04 -0.26611234944064E-03
  0.14497514774078E-04  0.95545146430206E-05 -0.97376100126834E-03
  0.17799868103528E-04  0.11782482833919E-04 -0.25329495574424E-03
 -0.37282973229579E-04 -0.30899543050493E-05 -0.98506462987209E-03
 -0.21189007226802E-04  0.54126821734975E-04 -0.16065740211142E-03
 -0.41559521707232E-04  0.30268222226900E-05 -0.98693734686096E-03
 -0.45303353810716E-04  0.94173418981645E-04 -0.14295348505641E-03
 -0.40262093205510E-04  0.77708144252147E-05 -0.98932219828143E-03
 -0.61151772555607E-05 -0.10453727236853E-03 -0.20867114183096E-03
 -0.26365661202754E-04  0.48341156150896E-04  0.17341626531264E-04
  0.69820957034450E-04 -0.34959550065788E-04 -0.98008750700046E-03
  0.65521208243575E-04 -0.38420250047544E-04 -0.98363954397068E-03
 -0.14725757144934E-04  0.21772160128126E-04  0.64600254429144E-04
 -0.19080043672553E-04 -0.71615542707323E-05 -0.99307024478314E-03
 -0.12371353508390E-04  0.57436552375098E-05  0.79917898608623E-04
 -0.84805704223265E-05 -0.14018895780655E-04 -0.99282445695554E-03
 -0.15261566500678E-04 -0.60949705313024E-05  0.75912831847760E-04
  0.28783459737347E-05 -0.20268732023729E-04 -0.99235525927267E-03
 -0.20396456484113E-04 -0.19270060379664E-04  0.58180990925769E-04
  0.15461526402920E-04 -0.26043981098451E-04 -0.99229882071760E-03
 -0.26715697291076E-04 -0.36152891269730E-04  0.29023728875222E-04
  0.28751067991854E-04 -0.31767744313308E-04 -0.99120097821686E-03
 -0.33787188458688E-04 -0.56557980138152E-04 -0.10243125910886E-04
  0.42690945397452E-04 -0.35614047395767E-04 -0.98950552601375E-03
 -0.39736138792158E-04 -0.76336227874325E-04 -0.54076674381503E-04
  0.55345631510724E-04 -0.38389038684328E-04 -0.98689326205519E-03
 -0.41186454519001E-04 -0.92641382364270E-04 -0.10045947321956E-03
 -0.32615510291075E-04 -0.10197210178953E-03 -0.14988790954355E-03
 -0.51283437846419E-04  0.54050775733967E-04 -0.39938976956345E-04
 -0.39384172150551E-04  0.63983656008000E-04 -0.20554679229673E-04
 -0.55938727755117E-04  0.92609852915467E-04 -0.96645368892388E-04
  0.68841810323094E-04 -0.59399043832215E-05 -0.97978568485546E-03
  0.41511013556659E-04  0.22889482245360E-04 -0.21954323623470E-03
  0.67885899885002E-04  0.43635766968090E-05 -0.97808609087168E-03
  0.82864464458633E-04  0.20879026586110E-04 -0.28103295811073E-03
  0.61586358311003E-04  0.15359534187007E-04 -0.97690524938703E-03
  0.11515730947040E-03  0.16371276318387E-04 -0.33555277973323E-03
  0.49826663983651E-04  0.27146296632947E-04 -0.97638681953061E-03
  0.11493613220820E-03  0.35488960056825E-04 -0.33935721268057E-03
  0.34954563194379E-04  0.38477284375999E-04 -0.97614003135536E-03
  0.94576659364650E-04  0.75181066653140E-04 -0.31964842438943E-03
 -0.56554778399738E-04 -0.27714200211371E-04 -0.98573095755274E-03
 -0.42727351284836E-04  0.67361212616055E-04 -0.15678684866058E-03
 -0.59689836209662E-04 -0.21149278829856E-04 -0.98754785732296E-03
 -0.60948728153836E-04  0.93205777061108E-04 -0.12733899697972E-03
 -0.57326531680703E-04 -0.16278913314083E-04 -0.98971962953079E-03
  0.10503512023556E-04  0.70107364449661E-05 -0.18545813358290E-03
 -0.53613485743025E-04  0.78128546783647E-04 -0.63687869432379E-04
  0.63520975379544E-04 -0.16120782541401E-04 -0.98173967016891E-03
  0.53455619849620E-04 -0.23651655919054E-04 -0.98317646515841E-03
 -0.38642242686572E-04  0.15991461482862E-04  0.77937390212600E-05
 -0.41990084546495E-04 -0.22298509138203E-04 -0.99068078979921E-03
 -0.39680800785584E-04 -0.16189721281814E-04  0.10563500013011E-04
 -0.29664537832714E-04 -0.26496276497061E-04 -0.99072200364474E-03
 -0.50814870893438E-04 -0.44076704836125E-04 -0.19262988537854E-04
 -0.15532293316976E-04 -0.30252902214206E-04 -0.98970390135779E-03
 -0.62073730004558E-04 -0.68240069839124E-04 -0.62154550745957E-04
 -0.97613922640408E-06 -0.32399514793792E-04 -0.98854989095858E-03
 -0.66840794809648E-04 -0.83022264636829E-04 -0.10218044558365E-03
  0.13729385521737E-04 -0.33120553343160E-04 -0.98712597512902E-03
 -0.62646839067667E-04 -0.84553289776247E-04 -0.13140342734776E-03
  0.27829726612209E-04 -0.32123962360683E-04 -0.98543157358134E-03
 -0.51323091349830E-04 -0.72299728596457E-04 -0.14909855666447E-03
  0.41332332727206E-04 -0.28484586258772E-04 -0.98412734940184E-03
 -0.33522667312088E-04 -0.48729122244384E-04 -0.15942597689774E-03
 -0.12589242557957E-04 -0.19898366952379E-04 -0.16914851631656E-03
 -0.47844118698733E-04 -0.73207315415291E-05 -0.99088741584111E-03
 -0.50692974572152E-04 -0.14435214854788E-04 -0.99079227516426E-03
 -0.41968530540308E-04 -0.15694618842137E-04 -0.99145454715402E-03
  0.72133918651958E-04 -0.11180085863879E-04 -0.97804120830444E-03
  0.52622094964688E-04 -0.82712501317028E-05 -0.25617965716249E-03
  0.68427354643014E-04 -0.12459455116654E-05 -0.97632564667625E-03
  0.99424470443831E-04 -0.51187407706716E-05 -0.32266860801988E-03
  0.58199825128417E-04  0.11020736913963E-04 -0.97479580739521E-03
  0.11236604874883E-03  0.76979199507431E-05 -0.34336936945392E-03
  0.43114432562876E-04  0.23207252197675E-04 -0.97422127816807E-03
  0.90790331761673E-04  0.37397330440922E-04 -0.31596839880427E-03
  0.25876294624988E-04  0.34558794377262E-04 -0.97425886700687E-03
  0.66315940688860E-04  0.66124290955351E-04 -0.29326887103184E-03
 -0.47996077765338E-04 -0.22372297356067E-04 -0.98548758806960E-03
 -0.23768265171256E-04  0.45166634665965E-04 -0.16083413476591E-03
 -0.53693506920237E-04 -0.15690285922531E-04 -0.98706870505966E-03
 -0.51441483513131E-04  0.88055154955373E-04 -0.14321616854993E-03
 -0.53511141477655E-04 -0.10277972136445E-04 -0.98911479463196E-03
  0.72471834087985E-05 -0.23741330985439E-04 -0.20053423885428E-03
 -0.35252481774948E-04  0.42524974454687E-04  0.76101275410668E-05
  0.70205410369695E-04 -0.20618970675221E-04 -0.98005165715671E-03
  0.62556466711859E-04 -0.28013530471475E-04 -0.98275734007006E-03
 -0.25589974473537E-04  0.12401614623537E-04  0.44038173896579E-04
 -0.31672482493181E-04 -0.20158082472009E-04 -0.99172285042544E-03
 -0.28827900694608E-04 -0.11132563379243E-04  0.41033415703681E-04
 -0.19255664959873E-04 -0.24924575980001E-04 -0.99148483156768E-03
 -0.39250547556722E-04 -0.33910578811628E-04  0.12928066839969E-04
 -0.54909157892187E-05 -0.29432768611101E-04 -0.99072050652002E-03
 -0.50703991775006E-04 -0.57949081534010E-04 -0.29351860399215E-04
  0.94140094058779E-05 -0.32748681942323E-04 -0.98959445357996E-03
 -0.57993430610536E-04 -0.77475756410163E-04 -0.74331989158088E-04
  0.23964627327556E-04 -0.35041119982562E-04 -0.98773568110703E-03
 -0.59148968970084E-04 -0.87608020086520E-04 -0.11207128547668E-03
  0.37800334302383E-04 -0.34949208357080E-04 -0.98625228347534E-03
 -0.52839886164421E-04 -0.85108039704866E-04 -0.13762725345635E-03
  0.51021236681799E-04 -0.32618747867191E-04 -0.98478445722337E-03
 -0.39739006324365E-04 -0.70930849528857E-04 -0.15458244386383E-03
 -0.21262997080615E-04 -0.48202130084211E-04 -0.17152019540502E-03
  0.75467023354272E-04 -0.22520573636562E-05 -0.23307173115408E-03
  0.46924203411941E-05  0.25372000156606E-04 -0.25353792817441E-03
  0.66306555873988E-05 -0.51592584846853E-04 -0.98085431567077E-03
  0.14222447188923E-05 -0.53556847592007E-04 -0.97658336595851E-03
  0.93904516832637E-05 -0.97461584579349E-04 -0.28963992464106E-03
  0.18811315647255E-04 -0.50579289856747E-04 -0.97863120121929E-03
  0.47726216267157E-04 -0.72525672031539E-04 -0.23713964165981E-03
  0.31886318140911E-04 -0.44271167273916E-04 -0.98056692789885E-03
 -0.41825831363600E-04 -0.61594298950254E-04 -0.30637735824779E-03
 -0.20265386393440E-04 -0.44227132154214E-04 -0.97421876891095E-03
 -0.10614525692375E-04 -0.96088075265397E-04 -0.31892226850962E-03
 -0.56210529313310E-06 -0.47737793344394E-04 -0.97491072959078E-03
  0.23356340080620E-04 -0.11562832093991E-03 -0.31821693957449E-03
  0.18071188427701E-04 -0.47541160958548E-04 -0.97619494451005E-03
  0.62956532751140E-04 -0.10963396061619E-03 -0.29388410630196E-03
  0.33079990505592E-04 -0.44676101793612E-04 -0.97822846894634E-03
 -0.31896051800226E-04 -0.22023889025458E-04 -0.26767523050261E-03
 -0.41323237837707E-05 -0.51977081419247E-04 -0.27649358741706E-03
 -0.17558347916334E-05 -0.36091416517903E-04 -0.97415393080844E-03
  0.26009673504276E-04 -0.92652963851209E-04 -0.30021737340178E-03
  0.17129452790389E-04 -0.39898524041252E-04 -0.97437906336020E-03
 -0.21698868258937E-05 -0.15396861708757E-04 -0.25468964007072E-03
 -0.26432814289210E-05 -0.19976435085009E-04 -0.97372291637817E-03
 -0.39077071879577E-04 -0.57107334687186E-04 -0.23059338339695E-03
 -0.21324260588919E-04 -0.11177305921354E-03 -0.33552749805447E-03
 -0.18277426422368E-04 -0.52813173530472E-04 -0.97508876396937E-03
 -0.20997850788056E-04 -0.29674734075447E-04 -0.97385869482751E-03
 -0.36317905526733E-04 -0.48881326106337E-04 -0.97499974246514E-03
 -0.46359410897510E-04 -0.98498453160866E-04 -0.34662713019365E-03
  0.19009157065232E-04 -0.45283036889292E-04 -0.98265018729234E-03
 -0.29273843715444E-05 -0.30550925424396E-04 -0.17539156366877E-03
  0.27619397099553E-04 -0.35713511090386E-04 -0.98383749795632E-03
  0.26344719952222E-04 -0.26401102514954E-04 -0.16592390800699E-03
  0.31987322080552E-04 -0.23353372043353E-04 -0.98448148849603E-03
 -0.55123741215737E-05  0.21169973762453E-04 -0.97360948043516E-03
  0.33222404885977E-04 -0.10308698998622E-04 -0.98472966902493E-03
 -0.54578903387574E-04 -0.85425453733327E-04 -0.33230904463784E-03
 -0.33085348216041E-04 -0.55329835718183E-04 -0.97710876184524E-03
 -0.27845473557258E-04 -0.38962423302120E-04 -0.19452173060036E-03
 -0.14462058969129E-04 -0.56717215366950E-04 -0.97739531787420E-03
 -0.42570044013817E-04 -0.10517732111147E-03 -0.33855275435658E-03
  0.37218337056866E-04 -0.31015990124740E-04 -0.98376062836659E-03
 -0.75192842261193E-04 -0.62453077117975E-04 -0.32970971844676E-03
  0.30529822304679E-04 -0.41231488687967E-04 -0.98240491227122E-03
  0.22928791507011E-04 -0.44373005889776E-04 -0.19578871061497E-03
  0.57213951407616E-04 -0.34981043486427E-04 -0.17334907785645E-03
 -0.10331991700745E-04 -0.63068203681105E-04 -0.23772851416697E-03
  0.36715837995064E-05 -0.54291634023839E-04 -0.97876365997118E-03
 -0.32421238052262E-04 -0.89969108145907E-04 -0.29727293317438E-03
  0.19293163266834E-04 -0.49148094926134E-04 -0.98077158819281E-03
 -0.46313211764673E-04 -0.22051669706872E-04  0.13412695537391E-02
 -0.32328309483161E-04 -0.10423157961712E-04  0.20544100871881E-03
 -0.41766007676141E-04 -0.28978592383470E-04  0.13354940314818E-02
 -0.41926635591783E-04 -0.13563332101301E-04  0.27385388271230E-03
 -0.31829584955769E-04 -0.38296173881299E-04  0.13287432778574E-02
 -0.33343813805009E-04 -0.37830252936221E-04  0.32985985138376E-03
  0.13033622023315E-03  0.52416843440864E-04  0.42813923671328E-03
 -0.60382903912402E-05 -0.82851648763760E-04  0.34584524575240E-03
 -0.46543203131035E-05 -0.58827644864260E-04  0.13196068304750E-02
 -0.18325665713107E-04 -0.11042621619703E-04  0.16199437124580E-03
  0.59288478906106E-04  0.45688932564787E-04  0.12752929587281E-02
  0.15345703957650E-03  0.18168824850288E-04  0.40566639541747E-03
  0.69939741821621E-04  0.37637720934512E-04  0.12830299218263E-02
 -0.17842748956876E-04 -0.48845046092575E-04  0.13226446785939E-02
 -0.44479302689794E-04 -0.16890282295281E-04  0.13444153832012E-02
 -0.58467196093665E-05 -0.61441047843784E-05  0.13376045444532E-02
 -0.36451372716774E-04 -0.12688816432181E-04  0.13439782215410E-02
  0.14075951428105E-03  0.24503626802569E-04  0.35778925062786E-03
  0.65810512986116E-04  0.97992713040855E-05  0.13138581890218E-02
  0.61660324458988E-04  0.30348428683672E-06  0.34387296558123E-03
  0.55356164732534E-04  0.64224191082800E-05  0.13210439986725E-02
  0.41927787792525E-04 -0.18137203902785E-04  0.32854232477539E-03
  0.42751429472173E-04  0.32007908729332E-05  0.13262395079451E-02
 -0.65798989293528E-05 -0.12074858794841E-04  0.15250720300522E-03
  0.26510746177457E-04 -0.31094938994460E-04  0.30395381854117E-03
  0.16717743491831E-04 -0.34772031436142E-04  0.26948905629930E-03
  0.11519194253558E-04 -0.32455784781768E-05  0.13340117154741E-02
  0.11460796366540E-04 -0.30541801555674E-04  0.23056306206977E-03
  0.76688552731346E-05 -0.23037097028606E-04  0.19359956393764E-03
 -0.22372736014090E-04 -0.93767817377712E-05  0.13411262815475E-02
  0.18828525809482E-05 -0.15922519131935E-04  0.16556750296909E-03
  0.27680366122705E-04 -0.19333805765532E-06  0.13302019277374E-02
  0.74748608046521E-04  0.32616561967687E-04  0.12932369678575E-02
 -0.25056364675886E-04 -0.14490240881111E-04  0.18344962517616E-03
  0.73191579503377E-04  0.29853728787594E-04  0.13040847966411E-02
 -0.10797925099568E-04 -0.15250962015967E-04  0.16688387313164E-03
 -0.57180925287630E-04 -0.17360036548927E-04  0.13384802826005E-02
  0.85422526632995E-04  0.18306657082495E-04  0.35104090646417E-03
 -0.55725076721403E-04 -0.25535466148045E-04  0.13342332785895E-02
 -0.41620078414848E-04 -0.14231046113325E-04  0.23868290868760E-03
 -0.48044809108257E-04 -0.35775162464322E-04  0.13281935365512E-02
 -0.51095796395762E-04 -0.10776732742265E-04  0.13391907439041E-02
 -0.47608580759185E-04 -0.25590109023726E-04  0.30628989887384E-03
 -0.29789777931440E-04 -0.63411000759486E-04  0.34525817168546E-03
 -0.20631364404037E-04 -0.60445093595577E-04  0.13163121794068E-02
  0.78156380406490E-04  0.58025354435743E-04  0.39878252030981E-03
  0.58490038514298E-04  0.54145882490957E-04  0.12868415864203E-02
  0.11242488923058E-03  0.87595930258573E-05  0.38198049394632E-03
  0.69456440639365E-04  0.46482084794472E-04  0.12914992999389E-02
 -0.35379927593479E-04 -0.48399567720206E-04  0.13214618651941E-02
  0.11852663932723E-03  0.42915615395875E-04  0.32517113923983E-03
 -0.14934936548969E-05 -0.18590414205129E-04  0.18195832266713E-03
  0.38838138180570E-05 -0.24503403442383E-04  0.21575765042216E-03
  0.10192364837829E-03  0.51176724330503E-04  0.32752128926920E-03
  0.66692991541602E-04  0.26583718952577E-04  0.13134947081285E-02
  0.85230178371198E-04  0.45259778659217E-04  0.34101879210025E-03
  0.57105478216986E-04  0.22730201624343E-04  0.13196217184969E-02
  0.65903147335569E-04  0.26590092063234E-04  0.34750285892010E-03
  0.44469204779368E-04  0.18657433545370E-04  0.13234122463517E-02
 -0.38696793288205E-04 -0.48928933566727E-05  0.13372582769135E-02
  0.45151156265681E-04  0.25547220179866E-05  0.34232746536791E-03
  0.26876538630523E-04 -0.18208106782381E-04  0.32471252258206E-03
  0.12681608266455E-04  0.97511755973515E-05  0.13282541665186E-02
  0.14372980775198E-04 -0.29434568271194E-04  0.29521598659663E-03
 -0.48483474471211E-05  0.50625588248872E-05  0.13311858741362E-02
  0.77841087821906E-05 -0.30051210061982E-04  0.25682627925029E-03
 -0.22516774892148E-04 -0.39424263360677E-07  0.13341408209104E-02
  0.29313767306702E-04  0.14320066354312E-04  0.13259518478317E-02
  0.72901209713925E-04  0.14354380948876E-04  0.13033220562280E-02
 -0.59968201508588E-05 -0.13556167582303E-04  0.13447151883985E-02
  0.74939526357619E-04  0.18626645057517E-04  0.12905922399470E-02
 -0.31597702015295E-04 -0.63256999326900E-05  0.20793601019868E-03
 -0.19981293095473E-04 -0.16174930073913E-04  0.13390121003302E-02
 -0.37000149848962E-04 -0.77220516217788E-05  0.27576615353683E-03
 -0.10898262033710E-04 -0.22757681334105E-04  0.13318896835381E-02
 -0.24520492888823E-04 -0.29726751698325E-04  0.33034907651875E-03
  0.12057447199828E-05 -0.30800761163549E-04  0.13260791110599E-02
 -0.24453119950345E-04 -0.12890082895463E-04  0.13456943994937E-02
  0.47219296022298E-05 -0.73011239892439E-04  0.34725087277065E-03
  0.13639420675609E-03  0.38643504643444E-04  0.40647028899929E-03
  0.45299072175706E-04  0.21195290357271E-04  0.12513330493417E-02
  0.17642661309757E-03  0.56921557781868E-05  0.43623215760692E-03
  0.59873334770985E-04  0.10927544799060E-04  0.12618022666483E-02
  0.16530535935814E-03 -0.63640832803959E-05  0.42582444641771E-03
  0.69884159907813E-04  0.34375102896544E-05  0.12762938136462E-02
  0.12834931855044E-04 -0.38933812871808E-04  0.13236699593693E-02
  0.12316826277391E-03 -0.10667990680584E-04  0.38917739857027E-03
 -0.20843005547350E-04 -0.76184870020277E-05  0.16182202489955E-03
 -0.10395581583598E-04 -0.78794571394578E-05  0.14551324953969E-03
  0.37447550582857E-04 -0.42071759124121E-04  0.27891985377709E-03
  0.60508860623984E-04 -0.26675944209690E-04  0.13227897462039E-02
  0.25868119672534E-04 -0.35043127211962E-04  0.24003940854733E-03
  0.49424170239961E-04 -0.25701707831000E-04  0.13312833008103E-02
  0.18640091806384E-04 -0.29614271715863E-04  0.20726363935159E-03
  0.36057566252711E-04 -0.23627530681081E-04  0.13378485243331E-02
 -0.23135268783808E-04 -0.12380733002252E-04  0.13503515263727E-02
  0.13664202408329E-04 -0.24776775351680E-04  0.18089218299677E-03
  0.91977090591043E-05 -0.19186578818921E-04  0.16170936469308E-03
  0.86978686297574E-05 -0.18242672486100E-04  0.13474634167565E-02
  0.45583064540675E-05 -0.13951046084644E-04  0.14981632841597E-03
 -0.49338683727639E-05 -0.15585651164800E-04  0.13505345549026E-02
 -0.18547502058563E-05 -0.98945488137178E-05  0.14368231514023E-03
 -0.16617776913187E-04 -0.13465541242094E-04  0.13517475708092E-02
  0.22757430195068E-04 -0.21013898396632E-04  0.13432996691100E-02
  0.73447733990781E-04 -0.12556457407979E-05  0.12915585809960E-02
  0.84967192823732E-04 -0.17682079799292E-04  0.35913376849390E-03
  0.70966853155005E-04 -0.55535993064137E-05  0.13059253735963E-02
 -0.33596341240779E-04 -0.21170596118341E-04  0.13411482108309E-02
 -0.37136677752607E-04 -0.77465017782854E-05  0.24005874482908E-03
 -0.26710429404034E-04 -0.27586060408803E-04  0.13343474457395E-02
 -0.36294737113910E-04 -0.18696503716879E-04  0.30667323666226E-03
 -0.15114467150128E-04 -0.36381825195379E-04  0.13276718697322E-02
 -0.14949201450701E-04 -0.55350635610781E-04  0.34371993848838E-03
 -0.26069381040018E-04 -0.83313176336358E-05  0.17899728827741E-03
 -0.17595422404841E-05 -0.45361857804628E-04  0.13231567813363E-02
  0.45209833724268E-04  0.40109498130847E-04  0.12601312804592E-02
  0.16977024042754E-03  0.37648955638467E-04  0.44165702748234E-03
  0.59861967719435E-04  0.30886360885862E-04  0.12664312244263E-02
  0.17620692751230E-03  0.21880316736499E-04  0.42405732974427E-03
  0.70406201714371E-04  0.22979408208648E-04  0.12777456621915E-02
  0.14660811362493E-03  0.28165132395559E-04  0.38241786859004E-03
  0.12370685642681E-03  0.85895090731433E-04  0.43360615261443E-03
 -0.35156729837085E-04 -0.17587732707394E-04  0.13464402499159E-02
 -0.14417533016561E-04 -0.86990298669987E-05  0.14986438475286E-03
 -0.30611647749210E-04 -0.15599898513032E-04  0.13486115249788E-02
  0.57194846895824E-04 -0.26084842253816E-04  0.33383878597532E-03
  0.63947806184738E-04 -0.88612636910769E-05  0.13172561325365E-02
  0.38340341370539E-04 -0.33075623618665E-04  0.30598564839313E-03
  0.53190560678349E-04 -0.10873036963859E-04  0.13253741509662E-02
  0.26028811510828E-04 -0.36374287267818E-04  0.27428710640697E-03
  0.39776339446318E-04 -0.12044347616203E-04  0.13315449768704E-02
  0.18466801451388E-04 -0.34736114177414E-04  0.23915358836295E-03
  0.25087402595330E-04 -0.12905182299064E-04  0.13365215677783E-02
  0.13764957053219E-04 -0.28709800838152E-04  0.20505386225703E-03
  0.96785600621165E-05 -0.13034796448530E-04  0.13410178425480E-02
  0.96989622407904E-05 -0.21634863976469E-04  0.17606737724261E-03
  0.11635008109504E-03 -0.62864832815148E-06  0.33376596892830E-03
  0.36291036782340E-05 -0.15281640819026E-04  0.15637387896417E-03
 -0.20471807065654E-04 -0.14122438149412E-04  0.13477871036031E-02
 -0.44543855602073E-05 -0.10555416361350E-04  0.14634591578665E-03
  0.11309162582639E-03  0.29027827250489E-04  0.35772302674624E-03
  0.73982883099271E-04  0.40743514702458E-04  0.12990306077694E-02
 -0.67280662605651E-04 -0.17143117788476E-04  0.13304823332987E-02
  0.72471640136676E-04  0.38640020703331E-04  0.13076536264914E-02
 -0.27550229126342E-04 -0.24605428357811E-04  0.30218551194386E-03
 -0.76510046565427E-04  0.84824330063009E-05  0.13200473342464E-02
 -0.47050861517283E-04 -0.30744488172604E-04  0.27679751912353E-03
 -0.80657010334242E-04 -0.24031980522820E-05  0.13151201438274E-02
 -0.72746289107695E-04 -0.31494674320394E-04  0.28612136862445E-03
 -0.78983868016499E-04 -0.17051278708769E-04  0.13074185684627E-02
 -0.66930982223808E-04  0.17808541979028E-04  0.13228283844166E-02
 -0.10086857873822E-03 -0.31356878970638E-04  0.33836331377238E-03
 -0.10545101811316E-03 -0.56105006582802E-04  0.38819802946549E-03
 -0.52515548323231E-04 -0.49208499013256E-04  0.12913936606739E-02
 -0.79433796414381E-04 -0.11327054489703E-03  0.40631251403194E-03
 -0.33133447051637E-04 -0.64291523170122E-04  0.12859503202004E-02
  0.45943051716249E-04 -0.31846768757834E-04  0.34781985918735E-03
  0.67272008835454E-04  0.43195631809654E-04  0.13164480119092E-02
 -0.69715613403488E-04 -0.33305672387068E-04  0.12992183056492E-02
  0.63888919361136E-04 -0.54431579260607E-04  0.31126867617319E-03
 -0.76946565538979E-05 -0.89544299297173E-05  0.33024823558731E-03
  0.13652222242020E-04  0.14911182332736E-04  0.34661063618446E-03
  0.52252894325024E-04  0.11436974504646E-04  0.19968079674667E-03
  0.56987542909041E-04  0.38456786516572E-04  0.13305635414961E-02
  0.52176791249828E-04  0.37075599410665E-04  0.20870757943372E-03
  0.44079164275271E-04  0.37867648968593E-04  0.13331546249072E-02
  0.56502110162213E-04  0.58856411703676E-04  0.23929071097226E-03
  0.29882243890983E-04  0.38134195342862E-04  0.13331484147462E-02
 -0.53252879069370E-04  0.24514494659967E-04  0.13239746656932E-02
  0.60297222111397E-04  0.73282060355018E-04  0.27774520726452E-03
  0.58383776029441E-04  0.75534684288187E-04  0.31276983371023E-03
 -0.18843007501893E-05  0.36735921954123E-04  0.13291115330947E-02
  0.49407475773753E-04  0.63646543147710E-04  0.33675913367851E-03
 -0.19446202476127E-04  0.33713786755410E-04  0.13269052418884E-02
  0.33705458804727E-04  0.41643462393055E-04  0.34830997177376E-03
 -0.36975839708896E-04  0.29883772529309E-04  0.13253931263050E-02
  0.14702448475604E-04  0.38198338197551E-04  0.13315700570152E-02
  0.67461287656784E-04  0.39433218043152E-04  0.13247593928196E-02
  0.70920738094594E-04  0.37931381525372E-04  0.13204306986078E-02
  0.67430961566029E-04  0.35094101147308E-04  0.13266417181803E-02
 -0.15901166401708E-04  0.91856680246081E-05  0.34405111448171E-03
 -0.77362809196251E-04  0.21825054619654E-04  0.13177686635667E-02
 -0.44776589757988E-04 -0.14919335758351E-04  0.33072146843214E-03
 -0.83261276200558E-04  0.12277257621959E-04  0.13117439906294E-02
 -0.78250896936314E-04 -0.30360486113698E-04  0.32880742013619E-03
 -0.83513259543053E-04  0.25523755849498E-06  0.13032013003621E-02
 -0.65853796892347E-04  0.28891745256622E-04  0.13219089587544E-02
 -0.11774012191117E-03 -0.35018198020657E-04  0.36377419269656E-03
 -0.14293694575672E-03 -0.44254664252686E-04  0.41181297727803E-03
 -0.63543569673815E-04 -0.31725888533149E-04  0.12831455260120E-02
 -0.12726279532691E-03 -0.87831680827069E-04  0.43227969709006E-03
 -0.44377100847497E-04 -0.47792597156847E-04  0.12748211192577E-02
  0.22982174779254E-04 -0.24262272516723E-04  0.34786350249093E-03
  0.59060722347457E-04  0.37426323418395E-04  0.13196583190818E-02
 -0.77242835376965E-04 -0.15301905225939E-04  0.12929824150247E-02
  0.56892804438109E-04 -0.42636201372868E-04  0.24626973077564E-03
  0.10759932967311E-04  0.36433300792361E-04  0.34991426234047E-03
  0.32132831260247E-04  0.60285001170643E-04  0.34282048002296E-03
  0.43986865378927E-04 -0.16280145232087E-04  0.19506172039801E-03
  0.58188286675475E-04  0.33889509165495E-04  0.13341151613724E-02
  0.37221260813496E-04  0.95988244362093E-05  0.17844020976517E-03
  0.45313660966777E-04  0.32980432306229E-04  0.13391371333216E-02
  0.37564825062144E-04  0.32467129276516E-04  0.18835405478741E-03
  0.30609540337004E-04  0.33490654855124E-04  0.13400728272277E-02
 -0.51626949209574E-04  0.34125797559659E-04  0.13250602307248E-02
  0.42669263153955E-04  0.52126738641676E-04  0.21499089026707E-03
  0.48769236029321E-04  0.67974161431964E-04  0.25201293615423E-03
 -0.96908470325236E-06  0.37710095919177E-04  0.13349521116065E-02
  0.50796925101807E-04  0.76478873410317E-04  0.29050957505497E-03
 -0.17970283908921E-04  0.38230410503320E-04  0.13313362312388E-02
  0.45818101894920E-04  0.74122779335632E-04  0.32228377403078E-03
 -0.35221022197117E-04  0.36930907306664E-04  0.13281565667972E-02
  0.15118619716123E-04  0.35580507036439E-04  0.13380551656215E-02
  0.60791301234847E-04 -0.15857697747159E-04  0.22537909440146E-03
  0.73218232761782E-04  0.41215163727170E-04  0.13178542908152E-02
  0.73069638852651E-04 -0.37583833181298E-04  0.28480816346501E-03
 -0.90524704498963E-05 -0.22766555900795E-04  0.20601427127618E-03
 -0.63827909584475E-04 -0.82186857327310E-05  0.13327143399745E-02
 -0.20670814333071E-04 -0.19820519968240E-04  0.18992586343906E-03
  0.68046599287791E-04 -0.26158895493053E-04  0.13115607277463E-02
 -0.38756505007716E-04 -0.18279669323315E-04  0.21582794449902E-03
 -0.63085353456757E-04 -0.28675134578638E-04  0.13252427851953E-02
 -0.53753579458809E-04 -0.24793124311951E-06  0.13325387329405E-02
 -0.56407828081381E-04 -0.20535257432261E-04  0.27962738579623E-03
 -0.54108114615908E-04 -0.45094414426718E-04  0.33799092705395E-03
 -0.38253456127721E-04 -0.57172746446203E-04  0.13120246164368E-02
 -0.29221800208575E-04 -0.93784088095671E-04  0.35581040619892E-03
 -0.22363356052850E-04 -0.69688804648953E-04  0.13082383463674E-02
  0.72204195965698E-04  0.56371206257352E-05  0.36686758857273E-03
  0.68082083480826E-04  0.50954372312781E-04  0.13009770929846E-02
 -0.53165266387046E-04 -0.42702328024079E-04  0.13184878967208E-02
  0.91445473989295E-04 -0.21944422573121E-04  0.33030122867900E-03
 -0.27536397079728E-05 -0.26916283683763E-04  0.24420111795700E-03
  0.37763360982465E-05 -0.27688574487965E-04  0.28440869247462E-03
  0.92683035278323E-04  0.44307751555282E-04  0.27526102233221E-03
  0.66531399618093E-04  0.36997080190646E-04  0.13157062310164E-02
  0.88520521481039E-04  0.60993351786151E-04  0.29828029213827E-03
  0.57253416349713E-04  0.34610519713142E-04  0.13213440966343E-02
  0.80860793989803E-04  0.63351311448422E-04  0.32579608451462E-03
  0.44989199212640E-04  0.31384756003882E-04  0.13240470072858E-02
 -0.38739543492606E-04  0.61628195215164E-05  0.13307030427719E-02
  0.66632683447781E-04  0.49939952344122E-04  0.34309554801442E-03
  0.47315083897445E-04  0.26022983080299E-04  0.34677366656943E-03
  0.13555974102128E-04  0.22740261033651E-04  0.13256637139834E-02
  0.28385571181288E-04  0.13609919225179E-06  0.33761517901721E-03
 -0.40262337095930E-05  0.17787482943522E-04  0.13268268078150E-02
  0.13582589220605E-04 -0.19193986213818E-04  0.31672917428974E-03
 -0.21892030552995E-04  0.12411060041425E-04  0.13287405669712E-02
  0.30053091537440E-04  0.27337919539067E-04  0.13251545226124E-02
  0.73665354169671E-04  0.44674910113029E-04  0.13063374782208E-02
  0.84195227456057E-04 -0.11280712257683E-04  0.26977457886296E-03
  0.72892803279698E-04  0.41667751847253E-04  0.13132473693471E-02
 -0.66630810417531E-04  0.44985328323529E-05  0.13267758269072E-02
 -0.23872796822630E-04 -0.27168487782905E-04  0.23677047440927E-03
 -0.73594798208753E-04 -0.52435255252689E-05  0.13248539886372E-02
 -0.40213015910533E-04 -0.24953562961010E-04  0.22678116876649E-03
 -0.74682415963828E-04 -0.17105097586279E-04  0.13201866834748E-02
 -0.63133198006057E-04 -0.23039982111632E-04  0.26652484507505E-03
 -0.13027395186812E-04 -0.27772389782256E-04  0.27362256549878E-03
 -0.68959779258855E-04 -0.31891684441181E-04  0.13133421850362E-02
 -0.64265898507738E-04 -0.74626125102519E-04  0.37004427392309E-03
 -0.37819097821091E-04 -0.62348744385494E-04  0.13001253890793E-02
  0.38415248887974E-04  0.73057977367640E-05  0.35444795206142E-03
  0.63949072512184E-04  0.51699213021245E-04  0.13093990238808E-02
  0.68907955631106E-04 -0.32262803295809E-04  0.33989385620897E-03
  0.72051447637880E-04  0.45754858618288E-04  0.13122481472329E-02
 -0.77657151285677E-04 -0.33094099557387E-04  0.33091266406223E-03
 -0.53949393193353E-04  0.12217866874160E-04  0.13268711681727E-02
 -0.11035886363916E-05 -0.21144695698516E-04  0.31060142143590E-03
 -0.38224499578816E-04  0.18865793195190E-04  0.13262944759641E-02
  0.72944128946376E-04  0.15095545869215E-04  0.23214276590039E-03
  0.66421194247321E-04  0.40508567980352E-04  0.13203418441644E-02
  0.70595500808288E-04  0.40920575572642E-04  0.23738872742034E-03
  0.56516017674984E-04  0.39351512651549E-04  0.13252159857550E-02
  0.72889394878883E-04  0.62593130078251E-04  0.26862177065491E-03
  0.44210643354580E-04  0.38383803990061E-04  0.13275234183243E-02
  0.71817899480776E-04  0.72567817662639E-04  0.30385533924363E-03
  0.30260028412887E-04  0.36547050407994E-04  0.13278285368562E-02
  0.63514451729400E-04  0.67043495198771E-04  0.33049796659078E-03
  0.14541561408347E-04  0.33131866400131E-04  0.13270714556799E-02
  0.48846957565850E-04  0.47240603914041E-04  0.34432739385482E-03
 -0.29681851614197E-05  0.28962383987599E-04  0.13260577326860E-02
  0.31611439975172E-04  0.20523618829850E-04  0.34546239827096E-03
 -0.20894384931454E-04  0.24415676752006E-04  0.13260386901701E-02
  0.13870796319897E-04 -0.44358696040009E-05  0.33507853018590E-03
  0.10190319140435E-03  0.20262649694194E-04  0.28424023757514E-03
  0.57389241868769E-04 -0.50717341002701E-04  0.32294628439565E-03
 -0.33271711823261E-05 -0.11799646986334E-04  0.13534627279114E-02
  0.89053844999623E-04 -0.59191562188925E-04  0.37181043504822E-03
  0.29640000035665E-04  0.58448486355048E-04  0.13250076353322E-02
 -0.69547187516385E-05  0.30014513119186E-04  0.28559700428412E-03
  0.44582889935419E-04  0.54815529004303E-04  0.13193051568631E-02
  0.12803891963028E-04  0.96851359112038E-05  0.33772959959497E-03
  0.57640023444115E-04  0.48986604218887E-04  0.13160369175862E-02
 -0.12908945673496E-04 -0.10297653098717E-04  0.34375216391759E-03
 -0.80149259016126E-05  0.24981394575944E-04  0.21966585858076E-03
  0.93232871737086E-05 -0.74192857161034E-04  0.13207652761586E-02
  0.68324539687500E-05 -0.60218504807973E-04  0.13245028480275E-02
  0.13205325137413E-04  0.11858487353454E-04  0.30921566341712E-03
  0.42971030096616E-05 -0.44467197174732E-04  0.13280421177410E-02
  0.18106745875409E-04  0.17962915599607E-04  0.28421133456379E-03
  0.20808968798200E-05 -0.27317030571086E-04  0.13313248261351E-02
  0.18109984388306E-04  0.20517482433667E-04  0.25505489405039E-03
  0.27598941609670E-05  0.26427061625891E-05  0.32952646938440E-03
 -0.65248678280801E-07 -0.97433713603938E-05  0.13345931044925E-02
  0.14736133105943E-04  0.56048042533387E-04  0.13306047308582E-02
  0.23917463425723E-05  0.47835564290157E-04  0.13340461510045E-02
  0.51343000165734E-04  0.57649802626137E-04  0.13101702066843E-02
 -0.26934941000046E-04  0.65270578548174E-05  0.34504606396345E-03
 -0.69345732988355E-05 -0.50437380829369E-04  0.13247342363678E-02
 -0.77841975469135E-05  0.15608957537400E-04  0.33336040955169E-03
 -0.93529987571810E-05 -0.33818000526679E-04  0.13266870292628E-02
  0.59885482946807E-05  0.22206239222319E-04  0.31522007421565E-03
 -0.25478679524885E-05  0.20513813523553E-04  0.18596254926771E-03
 -0.11573052568056E-04 -0.15770051245165E-04  0.13286922125254E-02
 -0.11638787283961E-04  0.24899813595335E-05  0.13308962935714E-02
  0.15686119235155E-04  0.28504056871160E-04  0.25759448116719E-03
 -0.10337365608564E-04  0.20075204082392E-04  0.13332964379957E-02
  0.11673862772625E-04  0.27036185267783E-04  0.22214255846619E-03
 -0.54736832385795E-05  0.35320033775592E-04  0.13347491221028E-02
  0.44145934624120E-05  0.23218861150655E-04  0.19236749726304E-03
  0.14278233202565E-04  0.26516797971974E-04  0.29012856412703E-03
  0.86085951865668E-05  0.43705828045634E-04  0.32484665738942E-03
  0.14925398706953E-04  0.21453749250604E-04  0.22354804192869E-03
  0.95557969358932E-05  0.19893048703794E-04  0.19318837371630E-03
  0.15074634566299E-04 -0.38130073326189E-04  0.13340640878935E-02
  0.15238688632231E-04  0.15139405987212E-04  0.21666290010955E-03
  0.11459979459649E-04 -0.21869253420002E-04  0.13384389483888E-02
  0.11128324825989E-04  0.15020793971671E-04  0.19133861861270E-03
  0.73195741858407E-05 -0.53854978886188E-05  0.13418309664922E-02
  0.73502852205823E-05  0.13626644685990E-04  0.17044523172480E-03
  0.19844896324617E-04  0.12287155799978E-04  0.24495865056008E-03
  0.38993880177748E-05  0.10510556639706E-04  0.13445408656249E-02
  0.34115009689703E-05  0.24383509780748E-04  0.13457903857565E-02
 -0.38206592773759E-05  0.58742690446071E-05  0.15005582025303E-03
  0.68002252118622E-05  0.35158389293184E-04  0.13446579284602E-02
 -0.12029056616019E-04  0.28219818258508E-05  0.16608349260138E-03
  0.15220441212852E-04  0.40812559371803E-04  0.13403383377519E-02
 -0.18756921182453E-04  0.63782462005774E-05  0.21588816568098E-03
  0.27560821489838E-05  0.10614153139022E-04  0.15504373023232E-03
 -0.14891980343374E-05  0.74887016102776E-05  0.13378629328957E-02
  0.18103448305831E-04 -0.53466672400201E-04  0.13291349404463E-02
  0.20881358724079E-04 -0.67394570901605E-04  0.13240115228779E-02
 -0.89112430585577E-06  0.23127101764430E-04  0.13400763364164E-02
  0.34147315692552E-05  0.15854180549192E-04  0.16942712720718E-03
  0.28456644274203E-05  0.36749040322685E-04  0.13406085823781E-02
 -0.39726700041983E-05  0.11215657931679E-04  0.16294204609253E-03
  0.10612788180698E-04  0.46479001854959E-04  0.13385251690434E-02
 -0.11315072112318E-04  0.10836012917351E-04  0.18682292823246E-03
  0.23140867785857E-04  0.63906536348757E-05  0.27401247303974E-03
  0.22635112286784E-04  0.50899441222643E-04  0.13337222018727E-02
  0.36041671476258E-04  0.48971247046765E-04  0.13270486957324E-02
 -0.55401712145529E-05  0.10160384119379E-04  0.31503292780620E-03
  0.48866633972366E-04  0.43377584158714E-04  0.13216469407545E-02
  0.19131771362005E-04 -0.18587393759201E-04  0.32796851567972E-03
  0.22538114950654E-04 -0.78990455531884E-04  0.13177743076035E-02
  0.23408998260058E-04 -0.33815370456667E-05  0.30213781200134E-03
 -0.15139284010297E-04  0.16753683148923E-04  0.24820206260699E-03
  0.35120325552249E-04  0.63368960455872E-04  0.13143792590524E-02
 -0.78117516632094E-06  0.47994376207734E-04  0.26775543144422E-03
  0.18308040163298E-04  0.63591925801095E-04  0.13204290883960E-02
 -0.44940940783453E-04  0.78381576003096E-04  0.36628681242287E-03
 -0.39017726672647E-04  0.53872929230019E-04  0.13036595233789E-02
 -0.63660743354421E-05  0.10376710257550E-03  0.38445561187447E-03
 -0.20202724801580E-04  0.61996246120527E-04  0.12938336601686E-02
  0.27697238688522E-04  0.13293871920664E-03  0.41068752014215E-03
  0.16209332881820E-05  0.64650882674614E-04  0.12841943463952E-02
 -0.51547444945990E-04  0.41976491888244E-04  0.13123050638320E-02
  0.53532981190756E-04  0.14365086361897E-03  0.43056260883014E-03
  0.86491866374631E-04  0.11099116866285E-03  0.43279615009315E-03
  0.44375109961408E-04  0.53230701617297E-04  0.12728868022908E-02
 -0.49489979863612E-04  0.47132099611190E-04  0.34701357365821E-03
 -0.43364754922275E-04  0.34950393034443E-04  0.13190574469081E-02
 -0.21092302183675E-04  0.58649449018270E-04  0.34233779146443E-03
 -0.33386556407372E-04  0.49264613640784E-04  0.13144998548774E-02
  0.24295463595949E-04  0.60388416917395E-04  0.12764993058800E-02
  0.42244909907080E-05  0.72251798776422E-04  0.33688822666712E-03
 -0.76400021546327E-04  0.58964750298151E-04  0.35176248571269E-03
  0.71351552052658E-04  0.13677182930778E-03  0.43558919432063E-03
  0.90865288163304E-05  0.63000738115054E-04  0.33390187967407E-03
  0.33107322534092E-05  0.22353763142313E-04  0.12407906408582E-02
 -0.42580355063560E-04  0.14997623467111E-03  0.43281839917385E-03
 -0.20909251351188E-04  0.47712974121254E-04  0.12614169148020E-02
  0.17382844210963E-04  0.12826997431001E-03  0.40329768085510E-03
  0.27327120752855E-05  0.40789177079429E-04  0.12514738043387E-02
  0.25420549735015E-04  0.48142740340018E-04  0.12606205184038E-02
  0.75242626556564E-04  0.85511825942412E-04  0.38504833804163E-03
 -0.70257128722393E-04  0.10806554545494E-03  0.39651638832964E-03
 -0.42000307684775E-04  0.54610625302052E-04  0.12901294080590E-02
 -0.24126116446226E-04  0.13986285405616E-03  0.42709332444034E-03
 -0.20916946169426E-04  0.58250577257575E-04  0.12777093209640E-02
  0.25509000776141E-04  0.15581898559214E-03  0.44095627093547E-03
  0.19526870325580E-05  0.55052813457269E-04  0.12670662163824E-02
  0.25870922578310E-04  0.31532820601933E-04  0.12478397747841E-02
 -0.18056183525985E-04  0.60923134884695E-04  0.13079000654981E-02
  0.22388946026943E-04  0.91099915849050E-04  0.34280098457487E-03
  0.18339277389217E-05  0.67575869098032E-04  0.13001949468728E-02
  0.55829992314027E-04  0.57888438022944E-04  0.12992539036768E-02
 -0.37647628746039E-04  0.18276250797179E-04  0.34580096552975E-03
 -0.23228110638002E-04 -0.21836722517632E-04  0.13256640509158E-02
 -0.16589420656763E-04  0.26426183636060E-04  0.33551351111942E-03
 -0.24268268844907E-04 -0.36939201066665E-05  0.13263287125669E-02
  0.74796044255288E-06  0.32575507621995E-04  0.31730623789184E-03
  0.35656261702643E-04  0.54761353681537E-04  0.36326641409211E-03
 -0.23290539386549E-04  0.14457905790499E-04  0.13275460163473E-02
 -0.18724868994279E-04  0.31674649289782E-04  0.13282809478040E-02
  0.11931644966447E-04  0.36853174972725E-04  0.25573759963862E-03
 -0.10129899483946E-04  0.46526232303707E-04  0.13279724938963E-02
  0.75313098703500E-05  0.35635266674362E-04  0.22726477324449E-03
  0.22279672622641E-05  0.57265431815263E-04  0.13253340691134E-02
  0.22282838025210E-05  0.38363234661604E-04  0.22577365782658E-03
  0.10440224985817E-04  0.36328406772127E-04  0.28993017897406E-03
  0.39437633202260E-04  0.64111420275394E-04  0.13017549985236E-02
  0.14946457478367E-04  0.78033344516656E-04  0.32936028446890E-03
  0.20652850212682E-04  0.67856152777498E-04  0.13077018271901E-02
  0.31083543411281E-04  0.11117797731930E-03  0.36811343719497E-03
  0.22473293476940E-04  0.66979793106184E-04  0.12927385587753E-02
  0.44179554298344E-04  0.10515795395089E-03  0.39204054179159E-03
  0.42185445777549E-04  0.61035348540374E-04  0.12877244747053E-02
 -0.45973492672191E-04  0.30563487487712E-04  0.34559140014628E-03
 -0.36696105751662E-04  0.82395434775944E-05  0.13244108967419E-02
 -0.21876782403505E-04  0.39349525196511E-04  0.33596017592859E-03
 -0.33867835138568E-04  0.25609147081346E-04  0.13238628635036E-02
 -0.19715431936226E-05  0.45960587855082E-04  0.31817796839344E-03
 -0.26517261779986E-04  0.41496530128910E-04  0.13222888145347E-02
  0.95909594677220E-05  0.50773911074068E-04  0.29414403053217E-03
 -0.14755254095061E-04  0.55292539619793E-04  0.13192304092768E-02
  0.13782079013435E-04  0.57106624569099E-04  0.27703623083493E-03
  0.19937461758583E-05  0.64545087888815E-04  0.13142333887111E-02
  0.12932246916466E-04  0.69580288555536E-04  0.28875233263898E-03
  0.26146026058294E-04  0.40693557433520E-04  0.13336104250100E-02
  0.70707617273817E-04 -0.23551537033944E-04  0.12968122906510E-02
 -0.17107874415033E-04  0.82790742452186E-05  0.28812542726756E-03
  0.26385208145268E-05 -0.14710705071993E-04  0.33914253114668E-03
 -0.31786462013512E-04 -0.27484199566840E-05  0.27203764980096E-03
  0.85724898754226E-05  0.93933360525276E-06  0.13324895642836E-02
 -0.20164847318165E-04 -0.19766460747246E-04  0.32817725973839E-03
  0.19922067559065E-04 -0.62492665818015E-05  0.13265472727604E-02
  0.93091798727262E-05 -0.60302027656679E-04  0.34866813233833E-03
  0.29731482762552E-04 -0.13123306219935E-04  0.13242868051849E-02
 -0.63695971682781E-06  0.57465230400256E-05  0.13398504853951E-02
  0.60451185880778E-04 -0.43882737533900E-04  0.33417954654937E-03
  0.11462098909133E-03 -0.88530997857371E-04  0.40616360410963E-03
  0.43319136982549E-04 -0.25310310040113E-04  0.12521334518764E-02
  0.12880368043862E-03 -0.11051396310332E-03  0.43751030881327E-03
  0.56731531550126E-04 -0.34572383022361E-04  0.12691296603548E-02
  0.10076835485205E-03 -0.98840153323363E-04  0.39663377194424E-03
  0.64668235424950E-04 -0.41534179929981E-04  0.12872915406384E-02
  0.25636053691512E-04 -0.14045578372149E-04  0.12404942069120E-02
  0.66290214421990E-04 -0.71284614062485E-04  0.32434183954058E-03
 -0.26449590625634E-04 -0.45862712069478E-05  0.20496133613249E-03
 -0.16602789697098E-04 -0.58022900883170E-05  0.16070168182611E-03
  0.20414783712413E-04 -0.15714826048517E-04  0.17716040220719E-03
  0.47664939600106E-04 -0.49055681254511E-04  0.13342363584885E-02
  0.12304955845343E-04 -0.10416693989976E-04  0.15709279553406E-03
  0.38880671529310E-04 -0.40270506488936E-04  0.13413682075466E-02
  0.75217449368541E-05 -0.78345012683353E-05  0.14728239156300E-03
  0.28932474807200E-04 -0.30626672669111E-04  0.13468807619066E-02
 -0.61835538822650E-05  0.65448596226909E-05  0.13469516993617E-02
  0.40548185368278E-05 -0.61019008755474E-05  0.14274755436971E-03
  0.84767190273008E-06 -0.50420517378498E-05  0.14101305452427E-03
  0.70514332784931E-05 -0.11146370000400E-04  0.13531926967335E-02
 -0.29386187157085E-05 -0.37938660970863E-05  0.14011765859901E-03
 -0.15340211103429E-05 -0.28004719551977E-05  0.13539091310030E-02
 -0.83379726476678E-05 -0.42285986461173E-05  0.14377807564880E-03
 -0.62066974132060E-05  0.30332909452277E-05  0.13518853758692E-02
  0.17905099290057E-04 -0.20883388231351E-04  0.13507026244590E-02
  0.53927213169703E-04 -0.56277194661135E-04  0.13244272385993E-02
  0.66179863587231E-04 -0.44767437100863E-04  0.13041620552803E-02
  0.62351240683202E-04 -0.44000476344020E-04  0.13183444263023E-02
 -0.33718566122746E-04 -0.42385141364459E-05  0.24038763454775E-03
 -0.57543058599762E-05 -0.86583274959004E-05  0.13359087678122E-02
 -0.31285823921694E-04 -0.11588156007111E-04  0.30579941950687E-03
  0.48210148269347E-05 -0.15301658085547E-04  0.13291454097087E-02
 -0.85309240253680E-05 -0.44903699026649E-04  0.34396220407549E-03
  0.16258043067013E-04 -0.22769987161672E-04  0.13247408701915E-02
 -0.12896944201672E-04 -0.44452598793158E-05  0.13432500421696E-02
  0.67757010497305E-04  0.20164170521628E-04  0.33531148864915E-03
  0.12807056716656E-03 -0.20624758680341E-04  0.38834820390082E-03
  0.44895194130270E-04 -0.14239115581237E-05  0.12482965461685E-02
  0.15587477019978E-03 -0.51963765765482E-04  0.43206348589362E-03
  0.59164849840281E-04 -0.11278288192761E-04  0.12625958716541E-02
  0.13142674825616E-03 -0.63167392936658E-04  0.41894108085502E-03
  0.68113663942216E-04 -0.18971125794797E-04  0.12797666376513E-02
  0.26215952226797E-04  0.10399901247934E-04  0.12406938495520E-02
  0.42191363536744E-04 -0.46752006756925E-04  0.26043976715356E-03
 -0.24732697183429E-04 -0.67369817452388E-05  0.18168631240072E-03
 -0.14236125457892E-04 -0.66410788670397E-05  0.15134779049502E-03
  0.27388900216290E-04 -0.31232999249821E-04  0.21359132493514E-03
  0.54996706674345E-04 -0.40688006636294E-04  0.13290200494605E-02
  0.18287097908205E-04 -0.22466482649718E-04  0.18196458042849E-03
  0.44422944418612E-04 -0.35536030815961E-04  0.13371770838463E-02
  0.12624545244605E-04 -0.18103331884267E-04  0.16215075076965E-03
  0.32926950159958E-04 -0.30005175872671E-04  0.13434788596221E-02
 -0.15062548669634E-04 -0.42572376104993E-05  0.13495122222050E-02
  0.78882775131843E-05 -0.14919152598409E-04  0.15086245504199E-03
  0.37611014772030E-05 -0.11471187140678E-04  0.14443423474252E-03
  0.82670460116431E-05 -0.17537179946952E-04  0.13516332122576E-02
 -0.35843992982065E-06 -0.82064638368108E-05  0.14163987537618E-03
  0.51369562257128E-04 -0.60172907400829E-04  0.33399740030349E-03
 -0.59071007090752E-05 -0.62536027905576E-05  0.14230745426364E-03
 -0.11754929019395E-04 -0.72814683238230E-05  0.13529551319976E-02
  0.20589563346221E-04 -0.23742457074684E-04  0.13485624239814E-02
  0.33265020501696E-04 -0.27323611139823E-04  0.21252135309507E-03
  0.57797472023713E-04 -0.60462735660882E-04  0.13118939471627E-02
  0.53794870677322E-04 -0.50688586386131E-04  0.27007617823355E-03
  0.42401901047526E-05  0.11507481977274E-04  0.13498070055339E-02
 -0.38325997782535E-05  0.23786195993646E-05  0.14364690100744E-03
  0.34950163188654E-05  0.22349950340032E-04  0.13491823289179E-02
 -0.11364484608806E-04 -0.10711564801232E-05  0.15368550883243E-03
  0.72635953102402E-05  0.29058833059471E-04  0.13453285101228E-02
 -0.19188107204494E-04 -0.59962298209168E-06  0.19121956939365E-03
  0.18513796116927E-05  0.61522745679466E-05  0.14682972134263E-03
  0.15213287200430E-04  0.30138098448954E-04  0.13388043492201E-02
  0.25188950183005E-04  0.26747489316222E-04  0.13315364247980E-02
 -0.13710700314561E-04 -0.72542410385450E-05  0.32271288082533E-03
  0.36581413409378E-04  0.20591599940142E-04  0.13255452112944E-02
  0.74064025604976E-04 -0.13752018638765E-03  0.43060151114214E-03
  0.34221423214319E-04 -0.68744132574449E-04  0.12740231581677E-02
  0.81504627664327E-04 -0.96754924345727E-04  0.38143302676543E-03
 -0.23328316574024E-04  0.39262975534188E-05  0.25909737957937E-03
  0.42798422988715E-04 -0.72969332035593E-04  0.12903431220476E-02
  0.89122932424125E-05 -0.18934109318305E-05  0.13480495874044E-02
  0.15654727570458E-04 -0.16985790634231E-04  0.13451714352719E-02
  0.48733501170488E-04  0.29501521106362E-04  0.13224659682172E-02
  0.48117573869272E-04 -0.63024730573030E-04  0.35367499904245E-03
  0.32484337269470E-04 -0.83009709544457E-04  0.13012787044387E-02
  0.44938979636125E-04 -0.32861817216151E-04  0.31015366347326E-03
  0.34880031173050E-04 -0.78556613679559E-04  0.13129458613420E-02
  0.35219982142646E-04 -0.12886820926715E-04  0.26954054631046E-03
  0.50072444539375E-05  0.78818870072987E-05  0.15484793337024E-03
  0.34680006841683E-04 -0.70675347337168E-04  0.13220836524722E-02
  0.31519822554520E-04 -0.59821053385078E-04  0.13296567621952E-02
  0.17049670619986E-04  0.55607760591224E-05  0.20520059193953E-03
  0.27209838416649E-04 -0.46649190352449E-04  0.13361948974117E-02
  0.11009396151818E-04  0.84712285954867E-05  0.18274446700469E-03
  0.22128908568986E-04 -0.32412140523135E-04  0.13414005602180E-02
  0.71931656849594E-05  0.88096849101926E-05  0.16621096573320E-03
  0.25068529832556E-04 -0.87886715962133E-06  0.23418928050086E-03
  0.65230272222576E-04 -0.56309936969747E-04  0.31184647572266E-03
  0.46757141783357E-04 -0.72967521398942E-04  0.13054374316415E-02
  0.43997252192542E-04 -0.27896386479092E-04  0.25085529144636E-03
 -0.26098055324459E-04 -0.80938041341042E-06  0.23090521446888E-03
  0.12252059818810E-04  0.16432410625353E-04  0.13358901920405E-02
 -0.25296020605712E-04 -0.33430912954554E-05  0.30003337477175E-03
  0.22916492285129E-04  0.10688010942682E-04  0.13289508667615E-02
 -0.47449240322309E-05 -0.31306088989831E-04  0.34266949367454E-03
  0.33895762560323E-04  0.36193812905264E-05  0.13246232804411E-02
  0.40534298743283E-05  0.18533076961022E-04  0.13432947167595E-02
  0.53093392758787E-04 -0.11096354337681E-03  0.38274072178144E-03
  0.99026947554762E-04 -0.13797296880695E-03  0.43596341670313E-03
  0.39601421713925E-04 -0.48605821920526E-04  0.12616638994181E-02
  0.10610531761908E-03 -0.12519920675011E-03  0.42211850508948E-03
  0.51269758698690E-04 -0.56568091794668E-04  0.12791997319119E-02
  0.81824322439101E-04 -0.87362174953635E-04  0.35007746258435E-03
  0.57373652751486E-04 -0.60511543754596E-04  0.12964406184455E-02
  0.23904089369973E-04 -0.38357053094615E-04  0.12472114162289E-02
 -0.18143662635819E-04 -0.41672828456639E-05  0.17345303677312E-03
 -0.15334236669346E-07  0.15872973026410E-04  0.13491896086881E-02
 -0.10006516135088E-04 -0.31032181383933E-05  0.14667734721278E-03
  0.46972044538423E-04 -0.68815544537722E-04  0.13181786431905E-02
  0.27200337337058E-04 -0.11545089091085E-04  0.20664214447180E-03
  0.43722206612348E-04 -0.61521685555871E-04  0.13283767657412E-02
  0.16417040287600E-04 -0.34474423430742E-05  0.17833393354953E-03
  0.38386063248170E-04 -0.51109926065101E-04  0.13366876133829E-02
  0.95180061175312E-05 -0.93129585816425E-07  0.16083411283483E-03
  0.31341008321577E-04 -0.38950773254254E-04  0.13427487992739E-02
  0.58531865139398E-05  0.12344831524217E-05  0.15094923905982E-03
  0.23109486276850E-04 -0.26001073637768E-04  0.13471186848551E-02
  0.34161519173462E-05  0.13054509844241E-05  0.14558469991359E-03
  0.13857050270796E-04 -0.12932771717909E-04  0.13503329721811E-02
  0.69639634471838E-06  0.10608973689713E-05  0.14256047226277E-03
  0.55862502122565E-05 -0.66449879164912E-06  0.13524672321146E-02
 -0.36561324165015E-05 -0.36634617539494E-06  0.14108166483081E-03
  0.84273478624601E-06  0.91415536836235E-05  0.13522104980163E-02
  0.37843276647142E-04  0.35782129091059E-04  0.13266809123284E-02
  0.65492650634744E-04  0.31658246296501E-04  0.13215701849251E-02
 -0.55851462001605E-04 -0.47689096872414E-04  0.13061047113156E-02
  0.55557592342073E-04 -0.63765678058446E-04  0.27870445377337E-03
  0.20076043092467E-04 -0.48492489724969E-04  0.13376151562153E-02
  0.19396236826087E-04 -0.65567787839771E-04  0.19944554553926E-03
  0.24522550600089E-04 -0.48568594471078E-04  0.13301343622735E-02
  0.30661982243311E-04 -0.94339037079991E-04  0.26010023807505E-03
  0.21511267515116E-04 -0.45595462113822E-04  0.13255317387760E-02
  0.28693658125770E-04 -0.10274184352501E-03  0.32132638102369E-03
 -0.42449263534096E-04  0.49915256135132E-04  0.12758493636803E-02
 -0.91977115896193E-04  0.13932782617734E-03  0.43037593063262E-03
 -0.60324549678918E-04  0.46829271867656E-04  0.12911184069312E-02
 -0.11054399401578E-03  0.10745835346979E-03  0.38428949184092E-03
 -0.71144863074056E-04  0.39520937500731E-04  0.13049969393147E-02
 -0.10287082033774E-03  0.73860822645477E-04  0.31981946354077E-03
 -0.74053935038710E-04  0.30688404495099E-04  0.13174792032314E-02
 -0.85341795310458E-04  0.48524134674233E-04  0.26298475864639E-03
 -0.71000482139018E-04  0.20860568546826E-04  0.13276921003257E-02
 -0.68696336425351E-04  0.30057247518711E-04  0.22266003340117E-03
 -0.63021732050675E-04  0.11279285360777E-04  0.13360254601458E-02
 -0.55722095277351E-04  0.17608069832646E-04  0.19614351305091E-03
 -0.52390020756312E-04  0.18386411844954E-05  0.13425967155770E-02
 -0.44603584986475E-04  0.87945636672623E-05  0.17903451583711E-03
 -0.39834605656665E-04 -0.70957435921939E-05  0.13475681947533E-02
 -0.35223444918056E-04  0.21764811149042E-05  0.16759101391407E-03
 -0.26060790834091E-04 -0.15493456162980E-04  0.13513567697470E-02
 -0.26745247954009E-04 -0.28517090519142E-05  0.16031093958879E-03
 -0.17240704573542E-04 -0.89499209301526E-05  0.15636152718577E-03
  0.19635757823009E-06 -0.28482865631094E-04  0.13536477680636E-02
 -0.62266002964947E-05 -0.17800784648178E-04  0.15526453353896E-03
  0.11654829455344E-04 -0.32441313206760E-04  0.13503429332189E-02
  0.56322186801291E-05 -0.30688362223517E-04  0.16056605559419E-03
  0.50447357716569E-05 -0.40773377108311E-04  0.16779528012159E-03
  0.11998859328194E-04 -0.46876448053039E-04  0.13454870603824E-02
 -0.93972603702219E-05 -0.24933477589902E-04  0.15919871140428E-03
  0.23181702482013E-05 -0.44075764350167E-04  0.13495882608214E-02
 -0.52853211298986E-05 -0.54697720739911E-04  0.13450135573737E-02
 -0.30141192997316E-04 -0.21145079519042E-04  0.17187034129880E-03
  0.41595716634541E-05 -0.58584987639131E-04  0.13438332493781E-02
 -0.13424252371023E-04 -0.33096471250505E-04  0.16725173906568E-03
  0.11568626641313E-04 -0.60406387840925E-04  0.13388654173666E-02
  0.32289455918596E-05 -0.52712512667987E-04  0.18026670027480E-03
  0.16820424465261E-04 -0.60855544032844E-04  0.13315076277235E-02
  0.18550056096520E-04 -0.81294941282856E-04  0.22332047410087E-03
  0.16618458552277E-04 -0.59614391360379E-04  0.13257633016260E-02
  0.26235016289925E-04 -0.10561575608545E-03  0.28927772657689E-03
  0.95353801336779E-05 -0.53698520335425E-04  0.13226726681715E-02
  0.14190311010522E-04 -0.96829338719529E-04  0.33754232077984E-03
 -0.57660234734961E-04  0.46195240651100E-04  0.13026367989537E-02
 -0.97283192816316E-04  0.78132457068672E-04  0.35865408755326E-03
  0.21963930586031E-04 -0.34514742523056E-04  0.13432877010551E-02
 -0.66316724827821E-04  0.35082590298044E-04  0.13134111238294E-02
 -0.68211752277732E-04  0.22956456183158E-04  0.13222118136020E-02
 -0.99007601303110E-04  0.36648936503851E-04  0.28141219812266E-03
 -0.64384770112829E-04  0.10689103266323E-04  0.13293095930971E-02
 -0.88829509461689E-04  0.22329182304816E-04  0.24806584839731E-03
 -0.56347939740656E-04 -0.15717538830630E-05  0.13352523494785E-02
 -0.76049529801077E-04  0.11640633991060E-04  0.22094593992305E-03
 -0.45937512766161E-04 -0.12457631513097E-04  0.13404978722786E-02
 -0.62400705770311E-04  0.29366365236279E-05  0.19921392428485E-03
 -0.33858064548488E-04 -0.22840380588480E-04  0.13449028664946E-02
 -0.49598587350532E-04 -0.34332397511851E-05  0.18209596424243E-03
 -0.21301771318965E-04 -0.31927979393424E-04  0.13482402390193E-02
 -0.36627307896153E-04 -0.85110817370695E-05  0.16993199599148E-03
 -0.88103701561099E-05 -0.39092724262707E-04  0.13501389755967E-02
 -0.23259377473951E-04 -0.15097347786442E-04  0.16187198223742E-03
 -0.10434785711865E-03  0.54764293390771E-04  0.31905003530402E-03
 -0.47375129202863E-04 -0.13134419410526E-04  0.18578567737639E-03
  0.18232277512395E-04 -0.51540970988904E-04  0.18210743659054E-03
  0.30926453462245E-04 -0.80199637320916E-04  0.23207315932590E-03
  0.38684517390695E-04 -0.22005589585110E-04  0.13314797052291E-02
  0.40002703800797E-04 -0.90994892710966E-04  0.27174023430474E-03
  0.36955220832081E-04 -0.19014706219016E-04  0.13263045222376E-02
  0.35832474842779E-04 -0.93210076272013E-04  0.32865681587040E-03
  0.39515312098599E-05 -0.86904909178496E-06  0.12366666097897E-02
  0.32334840947565E-05 -0.14415552044939E-05  0.29952142594848E-03
 -0.19479045106849E-04  0.12159209718244E-04  0.12407756839098E-02
 -0.54305981521954E-04  0.41835076382606E-04  0.33367346148692E-03
 -0.41433347899023E-04  0.22686343190718E-04  0.12521761308492E-02
 -0.10994352311333E-03  0.90897620555995E-04  0.40635679416692E-03
 -0.60293498366535E-04  0.29788129679121E-04  0.12684569102526E-02
 -0.12614041729978E-03  0.11883275585580E-03  0.43863463146788E-03
 -0.73553286790264E-04  0.34370360609684E-04  0.12861109349136E-02
 -0.97569506497580E-04  0.11316197038739E-03  0.39792299120858E-03
 -0.79983379533241E-04  0.35876298637992E-04  0.13026566220772E-02
 -0.59991196796067E-04  0.91623901734718E-04  0.32659441293250E-03
 -0.80071430339976E-04  0.34511431865757E-04  0.13168099046406E-02
 -0.33025722092593E-04  0.69491244310237E-04  0.26499303432786E-03
 -0.74693133122226E-04  0.31251621463492E-04  0.13279974146114E-02
 -0.17669552876826E-04  0.51712839275708E-04  0.22054738463002E-03
 -0.64676736050394E-04  0.26141461110083E-04  0.13367465869052E-02
 -0.10157637683297E-04  0.38655642575649E-04  0.19128888905012E-03
 -0.51432443955850E-04  0.20298354681343E-04  0.13437331751453E-02
 -0.71438874365172E-05  0.28216637621732E-04  0.17328039327666E-03
 -0.36508047912136E-04  0.14399333469391E-04  0.13496185735151E-02
 -0.53687984262615E-05  0.19091055620909E-04  0.16292452228776E-03
 -0.21083121559708E-04  0.80545610655736E-05  0.13539274977107E-02
 -0.34399998862768E-05  0.10406335202201E-04  0.15743538423657E-03
 -0.62035431231670E-05  0.18038166353927E-05  0.13558735950978E-02
  0.28972628858453E-04 -0.64584829587908E-04  0.20787324761655E-03
  0.32768895530455E-04 -0.21704647332661E-04  0.13394297449141E-02
  0.16544890426927E-04 -0.39011521872910E-04  0.17055175696561E-03
  0.22549281824493E-04 -0.20135386473422E-04  0.13479998323029E-02
  0.31526682415531E-04 -0.34667954736027E-04  0.13283607157566E-02
  0.37144114434828E-04 -0.10065003800020E-03  0.29866819320282E-03
  0.25745569444748E-04 -0.29767929150424E-04  0.13247674550990E-02
  0.22160709776787E-04 -0.86784474527310E-04  0.34197566517489E-03
 -0.20450890067622E-04  0.32197548566168E-04  0.12480785592898E-02
 -0.52059704516568E-04  0.10972631137616E-03  0.38647252415318E-03
 -0.42052671294224E-04  0.38611693488005E-04  0.12622353993574E-02
 -0.10444238303773E-03  0.13962290521764E-03  0.43648561225604E-03
 -0.60360267017035E-04  0.41599071982503E-04  0.12793429156202E-02
 -0.11771436799058E-03  0.13276774529125E-03  0.42279505421972E-03
 -0.72819237566387E-04  0.40027935173526E-04  0.12955780126445E-02
 -0.97514925761028E-04  0.10118402932823E-03  0.35307381569661E-03
 -0.77861244895681E-04  0.35495585424666E-04  0.13104193980286E-02
 -0.70044115225136E-04  0.69003169851160E-04  0.27802836148319E-03
  0.29662872057964E-04 -0.35503856600957E-04  0.13346310854057E-02
 -0.76248727021572E-04  0.29356137467944E-04  0.13232469918728E-02
 -0.69368952216860E-04  0.22626292112921E-04  0.13336211814558E-02
 -0.35545559424831E-04  0.30363577156263E-04  0.19251181176431E-03
 -0.58678338315369E-04  0.15014260560686E-04  0.13415399632401E-02
 -0.27370225386881E-04  0.19970460591825E-04  0.17380947966379E-03
 -0.45693895025035E-04  0.73872001420595E-05  0.13475045283498E-02
 -0.21395722231828E-04  0.12272209520486E-04  0.16304158903337E-03
 -0.31157231866498E-04  0.31715343377763E-06  0.13521357274661E-02
 -0.16919230928293E-04  0.56750871455793E-05  0.15709984428600E-03
 -0.16478713522500E-04 -0.67362545462425E-05  0.13551230474809E-02
 -0.11201608741057E-04 -0.11202879986688E-05  0.15457013824340E-03
 -0.25123987706834E-05 -0.12754813985213E-04  0.13559199877206E-02
 -0.35245186752728E-05 -0.95590594882325E-05  0.15432912276140E-03
  0.10429256839291E-04 -0.17438151564147E-04  0.13537072452203E-02
  0.59836715725615E-05 -0.21239768005030E-04  0.15718847431111E-03
 -0.48828864637298E-04  0.45928254222731E-04  0.22499164257718E-03
  0.60149569757646E-06  0.17467770084307E-05  0.15547097057182E-03
 -0.16274947439655E-04 -0.47853613449048E-04  0.13435166590465E-02
 -0.27626437250842E-04 -0.38806586037396E-04  0.13407115591316E-02
  0.59107518406616E-05 -0.90309021918494E-04  0.12956850624652E-02
 -0.56795195047806E-04 -0.11181981618384E-03  0.35487680491166E-03
 -0.28878923634896E-05 -0.85729362415038E-04  0.12885653959267E-02
 -0.53261551135013E-04 -0.14993441668432E-03  0.38037531192185E-03
 -0.16326280419407E-04 -0.77436519391877E-04  0.12850507954349E-02
 -0.55770264787430E-04 -0.15760230840502E-03  0.40257040415621E-03
 -0.36776760522985E-05 -0.65629169854624E-04  0.13230124557439E-02
 -0.47049910145034E-04 -0.51101120646800E-05  0.34887212595034E-03
 -0.44584792192796E-06 -0.78095805354146E-04  0.13211749683535E-02
 -0.63595849919930E-04 -0.18094878196769E-04  0.34357526169822E-03
  0.29463066932942E-05 -0.87102274355825E-04  0.13192481933442E-02
 -0.70928801107725E-04 -0.33005549736717E-04  0.32841208409698E-03
  0.43154341559956E-05 -0.91698998999795E-04  0.13157010531285E-02
 -0.67833561933199E-04 -0.51652355378346E-04  0.30755877253064E-03
  0.43535868266493E-05 -0.92021849479787E-04  0.13100677540289E-02
 -0.55941179588117E-04 -0.76449736368303E-04  0.29277140027202E-03
  0.14183249616555E-05 -0.89855160062374E-04  0.13031802738777E-02
 -0.40172989803163E-04 -0.10995072256534E-03  0.30390806226282E-03
 -0.67560282596382E-05 -0.84787197960346E-04  0.12986007303170E-02
 -0.28598269307451E-04 -0.13837772336641E-03  0.34136962791730E-03
 -0.20469644542341E-04 -0.75104235241926E-04  0.12974519538991E-02
 -0.37448346197469E-04 -0.12606142754440E-03  0.37065133525808E-03
 -0.20572750910176E-04 -0.38834630209559E-04  0.13251164245130E-02
 -0.59136958656971E-04  0.91239295974340E-05  0.34809848057751E-03
 -0.16622415709388E-04 -0.54682571260457E-04  0.13250150478588E-02
 -0.76447400691395E-04 -0.77059391395605E-06  0.34219020406385E-03
 -0.11343806460442E-04 -0.68207621648426E-04  0.13250839314656E-02
 -0.85861686296262E-04 -0.11296587059622E-04  0.32673964774660E-03
 -0.59128998609440E-05 -0.79020438257611E-04  0.13253823993206E-02
 -0.54964374943891E-04 -0.75365841510842E-04  0.34709812518893E-03
  0.97087624373168E-05 -0.92106636505322E-04  0.13043426960563E-02
 -0.45477446003141E-04 -0.47974926290952E-04  0.34996895743706E-03
  0.11554643793053E-04 -0.90875796212469E-04  0.13113889456054E-02
  0.41615720977712E-05 -0.25578326772818E-04  0.12395351782205E-02
 -0.36898488923957E-05 -0.65798600605277E-04  0.32658737810657E-03
  0.22125277526539E-04 -0.60250913116438E-04  0.12593693367453E-02
  0.35320675784584E-04 -0.15414519713002E-03  0.43091705001386E-03
  0.52147036745623E-05 -0.48739891685709E-04  0.12492455733835E-02
 -0.16888877769278E-04 -0.13529756305951E-03  0.39499613477731E-03
 -0.15047568251328E-04 -0.35054305619430E-04  0.12460146646579E-02
 -0.68446225359401E-04 -0.93680465719228E-04  0.37276955979702E-03
  0.27676076171697E-04 -0.82417328310111E-04  0.12874919865371E-02
  0.35655867581447E-04 -0.10294340497430E-03  0.39629271284704E-03
  0.19557238585926E-04 -0.77024189605642E-04  0.12742297979973E-02
  0.43601036828518E-05 -0.14600325829907E-03  0.42873483204698E-03
  0.64258676046976E-05 -0.68440669864114E-04  0.12637750795766E-02
 -0.34803785798375E-04 -0.17077834127489E-03  0.43914374934979E-03
 -0.83871514957690E-04 -0.22895196899087E-04  0.30126777469428E-03
 -0.11558303698695E-04 -0.56635048179102E-04  0.12578842191154E-02
  0.22125244397792E-04 -0.86555253889624E-04  0.13103065246209E-02
  0.89545359565918E-05 -0.40414938772848E-04  0.34981699363230E-03
  0.19857517718339E-04 -0.89559399322596E-04  0.13006954649059E-02
 -0.80875700531929E-05 -0.70306193102345E-04  0.36892379085134E-03
  0.15342575996076E-04 -0.87264042491614E-04  0.12898643692904E-02
 -0.29476865930634E-04 -0.10920580945609E-03  0.38990815368725E-03
  0.64540575361627E-05 -0.82450512163388E-04  0.12799244325198E-02
 -0.50124205972189E-04 -0.15290285565429E-03  0.41691796535177E-03
 -0.73812488501151E-05 -0.74834027648757E-04  0.12730821889252E-02
 -0.66016858200656E-04 -0.17581713953250E-03  0.43584148847834E-03
 -0.25139640659233E-04 -0.62804389624190E-04  0.12709093414232E-02
 -0.90608995344990E-04 -0.14909479363645E-03  0.43649248809181E-03
  0.11079856832195E-04 -0.84759633381415E-04  0.13166044446210E-02
 -0.30339110318670E-04 -0.26428021740198E-04  0.35029224874027E-03
 -0.72527818082240E-04 -0.15630871296130E-03  0.42946637791515E-03
 -0.64040586083571E-04 -0.66103077331678E-05  0.20542776258262E-03
 -0.85819683448410E-06 -0.86210960711518E-04  0.13245578402678E-02
  0.27494672950674E-05 -0.88866851949749E-04  0.13217836746112E-02
 -0.10149888565874E-03  0.15087808685901E-04  0.31768014709447E-03
 -0.39953870583394E-04 -0.28906164791378E-04  0.13300355058702E-02
 -0.10064192331867E-03  0.58229352985362E-05  0.29380179285381E-03
 -0.31261428018983E-04 -0.42391755000368E-04  0.13330342306997E-02
 -0.92124969792297E-04 -0.21778169164815E-05  0.26552412372669E-03
 -0.21178136786005E-04 -0.54094642796744E-04  0.13357761025596E-02
 -0.76992601900301E-04 -0.10142702065578E-04  0.23569266248043E-03
 -0.11182308640046E-04 -0.62943102618638E-04  0.13380475009885E-02
 -0.57881806028706E-04 -0.18199960799363E-04  0.20793700625443E-03
 -0.20449515015781E-05 -0.69029448468590E-04  0.13385768068683E-02
 -0.37550918554063E-04 -0.28308907389809E-04  0.18722483663315E-03
  0.52045849168911E-05 -0.71460440240322E-04  0.13365763893710E-02
 -0.17898818763909E-04 -0.43167619048124E-04  0.18075039234873E-03
  0.10287176789565E-04 -0.71784442521101E-04  0.13308808038375E-02
  0.26090626095041E-06 -0.67131669482941E-04  0.20008879073788E-03
  0.11397586412440E-04 -0.70998497132903E-04  0.13248005798513E-02
  0.14804974877863E-04 -0.97875608481280E-04  0.25373381301988E-03
  0.58814619903650E-05 -0.67098152975458E-04  0.13208965513850E-02
  0.15603067990947E-04 -0.11067039803337E-03  0.31626279608184E-03
 -0.58559363363626E-04  0.28360215412385E-04  0.13191100138035E-02
 -0.95786904561407E-04  0.43214434729260E-04  0.33390633999864E-03
 -0.60188406708441E-04  0.13649180440342E-04  0.13243368186395E-02
 -0.10381336239871E-03  0.29880725914330E-04  0.31102860503828E-03
 -0.56200956841752E-04 -0.12598842409338E-05  0.13288782519015E-02
 -0.10191493328715E-03  0.18549707118107E-04  0.28456747531426E-03
 -0.48962981414967E-04 -0.14991107059494E-04  0.13330037594216E-02
 -0.92798988133926E-04  0.84747677885513E-05  0.25694749496281E-03
 -0.39072104659033E-04 -0.27649441056313E-04  0.13368663659637E-02
 -0.79580422742825E-04  0.18031848872413E-06  0.22974207870568E-03
 -0.45968642760517E-04 -0.13294503740949E-04  0.13275224775342E-02
 -0.93411510532795E-04  0.24932269906772E-04  0.33500697025348E-03
 -0.49061778327574E-04  0.26912930684064E-05  0.13247550670859E-02
 -0.74964822227079E-04  0.35880428154229E-04  0.34486669365994E-03
 -0.51055194370439E-04 -0.53119443062073E-04  0.24458626646613E-03
  0.43262565634596E-05 -0.88050299619350E-04  0.13164041224683E-02
 -0.29828192825033E-04 -0.78151880409602E-04  0.24265442240325E-03
  0.14216752124461E-05 -0.85469337714929E-04  0.13109502737901E-02
 -0.12547964329968E-04 -0.11023173809221E-03  0.27873159342324E-03
 -0.81862374527304E-05 -0.79838801715221E-04  0.13080662651213E-02
 -0.91638937508017E-05 -0.12455295403316E-03  0.33063352858928E-03
 -0.36478199481662E-04 -0.91609858148054E-05  0.13250929719112E-02
 -0.69033760368202E-04  0.21276512854306E-04  0.34631539421091E-03
 -0.33800989529129E-04 -0.26449059108017E-04  0.13259548386829E-02
 -0.86154842782729E-04  0.11638890150058E-04  0.33929851413411E-03
 -0.29026792108938E-04 -0.42117747583308E-04  0.13273601887584E-02
 -0.95384770629736E-04  0.28918099245188E-05  0.32365558526582E-03
 -0.21996328617510E-04 -0.56236639443860E-04  0.13290417488039E-02
 -0.70725777683707E-04 -0.35995004354360E-04  0.27028392124651E-03
 -0.94993302497171E-04 -0.60977152989920E-05  0.29968601428020E-03
 -0.84732585035705E-04 -0.15117808968278E-04  0.26927798832323E-03
 -0.58293162504718E-05 -0.76247514505453E-04  0.13317451269799E-02
 -0.66323390346224E-04 -0.25357807998507E-04  0.23665726051797E-03
  0.64203058848185E-06 -0.80696100821391E-04  0.13312156666348E-02
 -0.44779546269400E-04 -0.38201418037121E-04  0.21028371646472E-03
  0.55326031238963E-05 -0.81785341960632E-04  0.13275499380537E-02
 -0.22860312155727E-04 -0.57337652891308E-04  0.20358240871458E-03
  0.71343373759730E-05 -0.80606886074169E-04  0.13216176127106E-02
 -0.41867484444568E-05 -0.85792751526517E-04  0.23109268379668E-03
  0.28009508300794E-05 -0.77724516228061E-04  0.13171657888813E-02
  0.69052440259169E-05 -0.11326248248269E-03  0.28992227487267E-03
 -0.74072430623259E-05 -0.70849100739090E-04  0.13150245587286E-02
 -0.25644936985177E-05 -0.10677643866457E-03  0.33869813815459E-03
 -0.48227032439502E-04  0.19152448748505E-04  0.13224597869929E-02
 -0.13963197218217E-04 -0.67902986807961E-04  0.13305836239684E-02
  0.85466239650776E-05 -0.30370429158144E-05  0.13551608070695E-02
 -0.12621746994058E-04 -0.22641171405745E-04  0.13536168079031E-02
  0.34301985032774E-04  0.16621804046088E-04  0.13477877707684E-02
  0.25341883422035E-04  0.73179737934444E-04  0.32835097911277E-03
 -0.82552394214109E-04  0.33914046742873E-04  0.13101189590255E-02
 -0.27727501407227E-04  0.82861265871539E-04  0.32332681741160E-03
 -0.63391721792670E-04  0.36540415302223E-04  0.13247346862396E-02
 -0.12474528791938E-03 -0.45750023155637E-04  0.39693518936413E-03
 -0.36849218849391E-04 -0.20446011070147E-04  0.12501126294863E-02
  0.24046443682069E-04 -0.12735662680614E-04  0.16541714787613E-03
 -0.78554680832177E-04  0.35297078162990E-04  0.13213155189323E-02
 -0.53190292344496E-05  0.74509630900527E-04  0.27917380401976E-03
  0.44200278439577E-05  0.56935637665269E-04  0.34552033360824E-03
 -0.75636245932465E-04  0.31732099664067E-04  0.13190423920908E-02
  0.33212656972432E-04 -0.36563838952351E-04  0.18953672277860E-03
 -0.69494402386022E-04  0.34159630053731E-04  0.13299214636866E-02
  0.14147519557706E-04 -0.44542551609788E-04  0.34942025735595E-03
  0.47029616103045E-04  0.15907249007079E-04  0.13411033725344E-02
 -0.57803940022034E-04 -0.54910996966948E-05  0.12605084802402E-02
 -0.49356271023041E-04  0.38438406549422E-04  0.13294812344621E-02
 -0.64763570485859E-04  0.85290073814253E-04  0.37225284839708E-03
 -0.16519795619922E-04  0.35251418046661E-04  0.13382743172275E-02
 -0.60078277394698E-04  0.14126633697194E-04  0.12613959441014E-02
  0.19669108425115E-04  0.18215885221673E-04  0.13506023488984E-02
 -0.14284872973530E-03  0.59692295660898E-04  0.43217151061388E-03
 -0.14118454586678E-03  0.16978341196634E-04  0.42622763240774E-03
  0.40013755518011E-04  0.71806732183238E-04  0.26429704254811E-03
  0.18206591042056E-04  0.59112999856450E-05  0.16126226694640E-03
 -0.73154748441523E-04  0.77961787511170E-05  0.12744752775845E-02
 -0.74141414137034E-04  0.22832094067892E-04  0.12780493796672E-02
 -0.33549738483618E-04  0.37642026201084E-04  0.13337774642536E-02
 -0.11335977008349E-03  0.79960734955102E-04  0.42015852639511E-03
 -0.16092798658364E-03 -0.65685578930014E-05  0.43358765708494E-03
 -0.81531817358865E-04  0.29704449929923E-04  0.12951597981158E-02
  0.36869974753650E-04  0.77769603802131E-04  0.30024829068680E-03
 -0.11821657118074E-03 -0.10659536825072E-03  0.42777491631569E-03
  0.54630659969105E-05  0.63036024752538E-04  0.24022351093195E-03
 -0.25672888239463E-04  0.31898315306010E-04  0.35358812023294E-03
  0.46375792502357E-04  0.13928450303917E-04  0.13231983057946E-02
 -0.56855166624095E-04  0.31030663687494E-04  0.13370775976324E-02
  0.75202821336198E-05  0.16313328399544E-04  0.16140426434859E-03
 -0.15747975818443E-03 -0.27872629862280E-04  0.42669843327273E-03
 -0.70018079841817E-04 -0.11233086247463E-04  0.12767410157608E-02
  0.56977792214336E-04  0.23516635375337E-04  0.13223568593337E-02
  0.36432433067329E-04 -0.57322411789839E-04  0.21353200033732E-03
  0.45980035540413E-04  0.40770685957553E-05  0.13382163480346E-02
  0.60304471751433E-05  0.10219171088740E-04  0.13540408038649E-02
 -0.15942184694356E-03 -0.53840130562993E-04  0.44048787737637E-03
  0.97095055823937E-05  0.40984729543529E-05  0.15746972690532E-03
  0.33996585590913E-04 -0.55483925293321E-04  0.34696774617025E-03
 -0.52575105673947E-04 -0.27468274922968E-04  0.12655312786553E-02
  0.21460590172268E-04  0.67384065242405E-05  0.13523243372502E-02
  0.24448109151695E-04 -0.31400095831049E-04  0.17397335587721E-03
  0.15500944615620E-04 -0.11271564978269E-04  0.15944125554111E-03
 -0.32148088694168E-04 -0.42718372170485E-04  0.12583322653882E-02
 -0.10104516888237E-04  0.15024939923903E-04  0.13528050396080E-02
 -0.81993597664850E-04  0.18646108538826E-04  0.12899703032748E-02
  0.52655360106049E-04  0.43244181327571E-05  0.13303723103134E-02
  0.77255086772917E-05  0.27419515009677E-04  0.17063953971730E-03
  0.56582847002972E-04  0.15812770603672E-04  0.13327528385045E-02
 -0.83657584902191E-04  0.24724272714807E-04  0.13116444180720E-02
  0.87235112974417E-05  0.50762977441094E-04  0.20872668353278E-03
  0.45867662301445E-04 -0.63212975742437E-04  0.24398357245421E-03
  0.41665694216434E-04 -0.79033137843588E-04  0.33258581794843E-03
 -0.64842894222625E-04  0.43264883351632E-05  0.35987682199991E-03
 -0.41855050661425E-04  0.26477956750572E-04  0.13435543635175E-02
  0.52779017062722E-04  0.78073213783972E-05  0.13252103908099E-02
  0.90007001047865E-05  0.38869067941235E-04  0.18601596904429E-03
 -0.85169791206800E-04  0.15425036731922E-04  0.13018340339218E-02
 -0.26199118366992E-04  0.20868594779166E-04  0.13490765764763E-02
 -0.11370975425747E-03 -0.16410145327163E-04  0.38522172400544E-03
  0.47378008822639E-04 -0.80969929663096E-04  0.27767495681353E-03
  0.60568833434944E-04  0.18206248570149E-04  0.13260292290967E-02
  0.51516723194733E-04 -0.76564480848592E-04  0.30994852342149E-03
 -0.80760349292576E-04  0.36263937521797E-05  0.12893985388952E-02
  0.36224730673428E-04  0.59288695759698E-04  0.22698814553342E-03
  0.35012502426091E-04  0.50883597313041E-05  0.13467891975289E-02
  0.58347702291049E-04  0.26143551908610E-04  0.13343926371280E-02
  0.44451929176205E-04 -0.91232769573746E-04  0.30699645688634E-03
  0.43360197995117E-04 -0.40937732974865E-04  0.21328983050207E-03
 -0.84528693579215E-04  0.26969512732940E-04  0.13044424344354E-02
  0.32287002702879E-04 -0.14513706349549E-04  0.17541835711592E-03
 -0.40476014480592E-04  0.57598806188796E-04  0.36044832127231E-03
  0.15379019457942E-04 -0.25906184717688E-04  0.16321260342972E-03
 -0.60503796545453E-04  0.37364360914535E-04  0.13301791671733E-02
  0.16952539373381E-04  0.28191529371331E-04  0.13454620320356E-02
  0.26909180051598E-04 -0.72643330128556E-04  0.34512369307537E-03
  0.27115535641408E-04  0.78722763214974E-05  0.16707470825515E-03
 -0.30692733099436E-04  0.31368393394356E-04  0.13413351972711E-02
  0.26471506667931E-04 -0.48352204078362E-04  0.18851182702842E-03
  0.46230924085357E-04 -0.75898872927162E-05  0.13281562182626E-02
  0.13468345086138E-04  0.77365727282499E-04  0.30480952284741E-03
  0.42121679817955E-04 -0.29015778666688E-05  0.13245460211306E-02
  0.26513453223948E-04  0.27254887845354E-04  0.17585003164135E-03
  0.19359177509888E-04  0.35716692518330E-04  0.18147197533043E-03
  0.32536786763817E-04  0.26023107911795E-04  0.13457337098183E-02
  0.34664305333692E-04 -0.80042381279203E-05  0.13437201487439E-02
 -0.13902459005680E-04  0.26697495834153E-04  0.13462897996522E-02
  0.43287517944100E-04 -0.89072258444655E-05  0.13348174055939E-02
  0.30469611354306E-04  0.43888719761756E-04  0.19602925450174E-03
 -0.17607305365494E-04 -0.11499366156906E-04  0.12401821819646E-02
 -0.71107561016294E-05  0.72605390476761E-04  0.33461967952728E-03
 -0.11748668281912E-03  0.20457312631169E-04  0.38337822978367E-03
 -0.72822285240748E-04  0.36407671063732E-04  0.13236082540249E-02
  0.65028049594506E-04  0.27678166339161E-04  0.13268032468397E-02
  0.39356466760211E-04 -0.75903385939834E-04  0.24242763391412E-03
  0.68752973431620E-05 -0.97383916403056E-05  0.15605380209382E-03
 -0.40220953961326E-04  0.24428058192583E-05  0.12480190585707E-02
  0.23422889519984E-04  0.49595738250726E-04  0.20501866091535E-03
  0.16684408650902E-04  0.21712744418701E-04  0.16705028731220E-03
 -0.88143835666753E-04  0.36624715771911E-04  0.38967903169802E-03
  0.30709579757081E-05  0.21970441286024E-04  0.13497352971180E-02
  0.54771336444093E-06  0.31733521415279E-04  0.13424674549316E-02
  0.46658944148196E-04  0.25697891905397E-04  0.13419037192523E-02
  0.22998129251871E-04  0.73297956372706E-04  0.27078527081582E-03
 -0.59352015453905E-04 -0.23630168999875E-04  0.32692360518606E-03
  0.25477416099540E-04  0.62893126147962E-04  0.23604551929220E-03
  0.22336140298235E-04 -0.62174162035583E-05  0.13512580437069E-02
 -0.46312621603399E-04  0.35406816690383E-04  0.13360117546086E-02
 -0.81578914722740E-04  0.32922778207715E-04  0.13153991594152E-02
  0.50846431693989E-04  0.10285906895418E-03  0.11515025387837E-02
  0.39777656513119E-04  0.63610178916766E-04  0.12056352193484E-02
  0.10286267738846E-03 -0.99518369509220E-05  0.11924854187773E-02
 -0.30328475615347E-04  0.10935279971677E-03  0.12067192416149E-02
 -0.66960859700557E-04 -0.60827108073780E-04  0.11835702288775E-02
  0.10403030659985E-03 -0.28816414136424E-04  0.11841095453682E-02
  0.98363882998653E-04 -0.47442610585821E-04  0.11758478352356E-02
  0.34364876737883E-04 -0.19056271594722E-04  0.12010788980159E-02
  0.10953034946614E-03 -0.21935421924157E-04  0.12023762750865E-02
  0.39707891962172E-04 -0.30981482436535E-05  0.11921669459411E-02
  0.50521195178998E-04  0.73459054605808E-04  0.12189279482818E-02
 -0.10557499608578E-03 -0.51806307783176E-04  0.11946608101321E-02
  0.32681597596353E-04  0.89464978094608E-04  0.12261510278891E-02
  0.92252454126667E-04 -0.76057170551218E-04  0.11185504403013E-02
 -0.50980004607925E-04 -0.26580461168869E-04  0.11656585129707E-02
  0.60135112222563E-05  0.10167864377452E-03  0.11772994233696E-02
  0.14405755775420E-04  0.10503766284003E-03  0.12266151842377E-02
  0.67294494423386E-04 -0.79864199825580E-04  0.10724975582680E-02
  0.43832360868389E-04  0.32942972116558E-04  0.11802212059027E-02
  0.21167968108573E-05 -0.33565656421066E-04  0.12300705545372E-02
 -0.14755524533664E-05  0.11968547508051E-03  0.12167439420843E-02
 -0.95779581315072E-04 -0.60415743327072E-04  0.11964139465810E-02
  0.34437090861141E-04  0.12289472459210E-03  0.11437997843160E-02
 -0.86932407954078E-05  0.12982677875218E-03  0.11991137769864E-02
 -0.25357081971147E-04  0.10910990984992E-03  0.11872953441702E-02
 -0.53058300939117E-04 -0.20519116673201E-06  0.12018220647688E-02
  0.42844559876815E-04  0.14189852242842E-04  0.11851433739004E-02
  0.24210527978187E-04  0.84003888249464E-04  0.11874163379350E-02
 -0.36323268027402E-05  0.12901564746925E-03  0.11816066742497E-02
 -0.82157040409435E-04 -0.63060814813383E-04  0.11906255505582E-02
 -0.85381286889176E-05 -0.25023585718075E-04  0.12165478302380E-02
 -0.23011783809755E-04  0.98799335432052E-04  0.12284257593392E-02
  0.11503842832882E-04 -0.27850694585124E-04  0.12301072402605E-02
  0.27516659347241E-04 -0.32563174362426E-04  0.12110322917496E-02
 -0.17606932413958E-04  0.11633045074735E-03  0.12154765078002E-02
 -0.38387478731457E-04 -0.17275281487493E-04  0.11833593596219E-02
  0.43399025801346E-05 -0.26527870575887E-04  0.11886677071082E-02
  0.71623459670248E-04  0.28935168311335E-04  0.12342494831065E-02
 -0.18925025376044E-04  0.12181261016959E-03  0.11948764301361E-02
 -0.12376253457602E-04  0.12058925558404E-04  0.12247024951650E-02
 -0.60079094858053E-04 -0.26406558243078E-05  0.11727701606339E-02
 -0.90896905795453E-05  0.11582956415314E-03  0.11798787252629E-02
  0.27272652979271E-04  0.23781628755601E-04  0.12387603232734E-02
  0.24861101717223E-04 -0.12552462737351E-04  0.11957592114719E-02
  0.87890466896428E-04  0.13656968283399E-04  0.12248981906272E-02
  0.91975105493301E-04 -0.72857891891383E-04  0.11475087139526E-02
  0.20467012319531E-04  0.83636856869215E-05  0.12023740746728E-02
  0.61532133925452E-04  0.26269143848666E-04  0.11988418743419E-02
  0.20952122020820E-04  0.60653942801225E-04  0.11765591469211E-02
  0.10120752217123E-03 -0.35370173120011E-05  0.12143425964691E-02
  0.10560597967583E-03 -0.58369158607784E-04  0.11713500519250E-02
  0.22632615961095E-04  0.41894451946165E-04  0.11851601062238E-02
  0.11135739955741E-03 -0.40742972434221E-04  0.11887326834348E-02
  0.22221763931084E-04  0.24319969694058E-04  0.11935033424885E-02
  0.45111483357559E-04  0.51665574353193E-05  0.12007010508768E-02
  0.18066358650765E-04 -0.55103409829376E-05  0.12123203192788E-02
  0.68951700439124E-04  0.51203087510575E-04  0.11870873789324E-02
  0.40348409916321E-04  0.31638314793879E-04  0.12359696669969E-02
 -0.51247620816462E-05  0.10274315374929E-03  0.12330786759138E-02
  0.95933003048966E-04  0.91720225920881E-05  0.12017081365225E-02
 -0.50087267098500E-04 -0.54836350359276E-04  0.11789108524739E-02
 -0.72229143663154E-05  0.83221812549773E-04  0.12444653481149E-02
  0.85184821615761E-04  0.27458478218767E-04  0.12115177878409E-02
 -0.33714044358147E-04  0.63353652046205E-05  0.12129997730449E-02
  0.19429441679674E-04 -0.42015854425854E-04  0.12192780775024E-02
  0.89896419441980E-05  0.17506421919683E-04  0.12339544511927E-02
  0.12182611161828E-04  0.68511660279440E-04  0.12501635849372E-02
  0.70401495926926E-04  0.43800893443301E-04  0.12216166007723E-02
  0.45767717260402E-04  0.44796203899200E-04  0.12241876825572E-02
  0.74493589419251E-05 -0.33744629788476E-04  0.12337894456958E-02
  0.10780508432500E-04 -0.47183402322057E-04  0.12219087524583E-02
  0.52893952812825E-04  0.58824680768953E-04  0.12308172178678E-02
 -0.32433709168462E-04 -0.46789987389352E-04  0.11782519784934E-02
  0.32885992898385E-04  0.72873323037921E-04  0.12382944060144E-02
  0.32644489318993E-04  0.55184932121490E-04  0.12479128137972E-02
 -0.77413476630950E-06 -0.45097340545520E-04  0.12155437529481E-02
  0.14768978708089E-04 -0.18532069722853E-04  0.12219750734865E-02
  0.12932631006782E-04  0.87468822986304E-04  0.12404672309013E-02
 -0.14637210368781E-04 -0.37515320151948E-04  0.11821478144181E-02
  0.52775704021596E-04  0.42569204132617E-04  0.12419220733598E-02
 -0.17991421240402E-04 -0.34142165770113E-04  0.12004113609249E-02
  0.64449160066543E-04  0.77921829137840E-04  0.11686520710145E-02
  0.36146703945092E-05  0.19021881450564E-04  0.12485060634000E-02
  0.15183272148794E-04  0.11964485739140E-03  0.12065937621425E-02
  0.66041926126599E-04  0.56982698386220E-04  0.12090139976706E-02
 -0.10942364723184E-03 -0.50723735195194E-04  0.11781811538992E-02
  0.67712307404924E-04 -0.79164798988396E-04  0.11500437471645E-02
  0.13728818935890E-04  0.96261057953255E-04  0.11529818451466E-02
 -0.95627953409002E-06  0.43790126806000E-05  0.12160268611036E-02
  0.98685394039499E-05  0.11026000287313E-03  0.11349079470592E-02
  0.42024282774761E-04 -0.86972304078267E-04  0.11276071100588E-02
 -0.96948875606102E-04 -0.52976785153859E-04  0.11801729293464E-02
  0.88602006689013E-05  0.12090536345121E-03  0.11119419159058E-02
  0.10505903104195E-04 -0.84356565970208E-04  0.11016092781421E-02
  0.16064317486623E-04  0.12414794722586E-03  0.10890411303033E-02
 -0.23189449538981E-04 -0.44792587988174E-05  0.12048459191951E-02
 -0.82484279368446E-04 -0.50372302970642E-04  0.11783434640035E-02
  0.31036839118818E-04  0.11859314414053E-03  0.10731094321998E-02
  0.17504335857012E-04  0.78739022660647E-04  0.11665214030884E-02
 -0.23322987745601E-04 -0.71533268218021E-04  0.10806584221181E-02
 -0.56295901091160E-04 -0.57116741043886E-04  0.10735131592398E-02
  0.38219288945313E-04  0.70860457928603E-04  0.11748173275624E-02
 -0.66076548385327E-04 -0.44199754916883E-04  0.11777944439232E-02
 -0.42987671858531E-04 -0.13266241708569E-04  0.11936226414082E-02
  0.32179908592308E-04  0.89087977503102E-04  0.11726582544259E-02
  0.76845752001846E-04 -0.54368888510492E-04  0.11757992166841E-02
  0.25275863205125E-04  0.10633934019861E-03  0.11675654870518E-02
 -0.48333899447125E-04 -0.35206763793501E-04  0.11806325955061E-02
  0.61027039449796E-04 -0.69908987272603E-04  0.11726339299477E-02
  0.18499772257053E-04  0.12123787224276E-03  0.11557793620077E-02
 -0.61728074256111E-04 -0.22476366603524E-04  0.11849101396577E-02
  0.16052821344573E-04  0.13100475072040E-03  0.11386739360675E-02
  0.40884541746381E-04 -0.80179024592508E-04  0.11631732453074E-02
  0.42194433033212E-04  0.52143050306686E-04  0.11770213472411E-02
  0.86203792953332E-04 -0.64814551394099E-04  0.11655853746549E-02
  0.36764293373097E-04  0.94017384699951E-04  0.10230580560798E-02
 -0.11583778371542E-03 -0.44728389311944E-04  0.11659060598436E-02
  0.25529132739492E-04  0.99435357044623E-04  0.11779868203862E-02
 -0.35450740308297E-04  0.71167398389134E-04  0.99271592927701E-03
 -0.72906538112139E-05 -0.39135355105730E-04  0.95135117815024E-03
  0.52472206664496E-04  0.56358253556811E-04  0.12116260074010E-02
 -0.11198215907905E-04  0.61015148776564E-04  0.95632854002473E-03
  0.35063882825882E-04 -0.75322606553760E-04  0.10278103473122E-02
  0.17816836823360E-04  0.45805371091747E-04  0.94366181347850E-03
  0.91717318379431E-05  0.11719055499838E-03  0.11730768232108E-02
 -0.32531865081946E-04  0.91275866410847E-04  0.10850813408580E-02
 -0.13861826989162E-05 -0.63163572069912E-04  0.99555872041635E-03
  0.51276192330354E-04  0.38107445187444E-04  0.12253287168975E-02
 -0.23432322978425E-04  0.93766560400728E-04  0.10409538523520E-02
 -0.84497754706936E-04 -0.45309514397541E-04  0.10847327111715E-02
 -0.39073252410546E-04 -0.47519364254459E-04  0.98425265241009E-03
 -0.64573803214438E-05  0.90413560351981E-04  0.10027671064986E-02
  0.16257754835476E-04  0.79569961168647E-04  0.98095048570130E-03
  0.69540798827857E-04 -0.83715525992205E-04  0.11162406599454E-02
 -0.10349948781336E-03 -0.36928889390377E-04  0.11109301932006E-02
 -0.68424173423721E-05  0.84062494768521E-04  0.11513954388342E-02
  0.39892580461740E-04  0.24631953284768E-04  0.12295812190953E-02
  0.39340395118483E-04 -0.86558217093649E-04  0.10809545339171E-02
 -0.84071671721368E-05  0.97799122130950E-04  0.11236424536227E-02
 -0.11398185407423E-03 -0.36830944784509E-04  0.11415294957520E-02
 -0.78116908021402E-05  0.10678957837598E-03  0.10911559711237E-02
  0.46970930743735E-05 -0.78185249141275E-04  0.10491581529411E-02
  0.33602637473091E-06  0.11089346352547E-03  0.10585791501795E-02
  0.21457420674094E-04  0.13888724123881E-04  0.12251579665670E-02
 -0.31699140678380E-04 -0.63772201234781E-04  0.10307200191233E-02
  0.15748653573818E-04  0.10675838438581E-03  0.10333783544487E-02
 -0.29745056464707E-04 -0.25790071009324E-04  0.11872362365321E-02
  0.22605374953197E-04  0.13343627964580E-03  0.11218957906591E-02
  0.14326722918236E-04 -0.81320952682153E-04  0.11463522743764E-02
  0.36254256165212E-04  0.12463980595965E-03  0.11125443537428E-02
  0.46017369173721E-04  0.91993958244273E-04  0.11763556592012E-02
 -0.62767731161621E-04 -0.35890148963061E-04  0.11433542635747E-02
  0.45046362482117E-04  0.86594414774445E-04  0.12059100554731E-02
 -0.11997338172362E-03 -0.31113094010345E-04  0.11263299729322E-02
  0.30834970173531E-04  0.10391082838779E-03  0.12101915715643E-02
  0.61066308188879E-04  0.45883300375717E-05  0.11794174576501E-02
  0.29465934709224E-04  0.11328260916894E-03  0.11645437793528E-02
 -0.25869410325801E-04 -0.91045791618651E-05  0.11974092511247E-02
  0.57051774590982E-04 -0.14037194173548E-04  0.11842210346422E-02
  0.41780299218126E-05  0.13216413772351E-03  0.11940630825271E-02
 -0.11064072627167E-03 -0.30533203444460E-04  0.10907031523687E-02
 -0.74193631288620E-04 -0.43269440305833E-04  0.11154545688114E-02
  0.42669136576940E-05  0.13690733689370E-03  0.11777694388532E-02
  0.49981138707552E-04 -0.31438343937534E-04  0.11915572352421E-02
  0.14911968713539E-04  0.13014987823670E-03  0.11652753242343E-02
  0.40039037969654E-04 -0.45704439816728E-04  0.11998932846280E-02
  0.87142742745745E-04 -0.35999487628818E-04  0.11770110404200E-02
 -0.94952033426750E-04 -0.33852431152005E-04  0.11322822323252E-02
 -0.92424728797101E-04 -0.38034419376474E-04  0.10551835985740E-02
  0.91923761936983E-04 -0.16897385747367E-04  0.11790467433498E-02
  0.27801408783610E-04 -0.55805015978667E-04  0.12057121425506E-02
  0.91504565552993E-04  0.18671041889669E-05  0.11835056929704E-02
 -0.10638236377760E-03 -0.31943449479627E-04  0.11573118566930E-02
  0.13625899798574E-04 -0.60070266324196E-04  0.12050301554026E-02
  0.86969903526424E-04  0.21257130686196E-04  0.11903041920571E-02
 -0.65396467222326E-04 -0.49631057979016E-04  0.10324582183974E-02
  0.77860866637466E-04  0.39621999368973E-04  0.11993414173080E-02
 -0.49381798443367E-05 -0.56607377112497E-04  0.11947393722322E-02
 -0.10959751674687E-03 -0.40112185272787E-04  0.11807557642114E-02
  0.58094781206605E-04  0.68703161364262E-04  0.11976594901848E-02
 -0.27234694613136E-04 -0.43062313273331E-04  0.11787375400161E-02
 -0.37011410865514E-04 -0.51029924974898E-04  0.11499835029030E-02
  0.58195895506339E-04  0.67846875583268E-04  0.11944011243391E-02
 -0.10103531057288E-04 -0.15460671355003E-04  0.11964479880844E-02
  0.62056986528314E-04  0.24064062950817E-04  0.11771718623466E-02
 -0.15551675873608E-04 -0.72184083976233E-04  0.11269053597688E-02
 -0.78818142983397E-04 -0.30709445195824E-04  0.11790671181126E-02
  0.59814186532559E-04  0.42428929323199E-04  0.11779600642236E-02
 -0.46172303838104E-04 -0.56406757500150E-04  0.11141723869274E-02
  0.54843626718100E-04  0.61260251701015E-04  0.11813861597500E-02
  0.11945852846487E-04 -0.42865602914880E-05  0.12061557729405E-02
  0.46745699210421E-04  0.79361566210767E-04  0.11863847768614E-02
  0.73034433655248E-04 -0.24985267695734E-04  0.11792450355646E-02
 -0.94282497417407E-04 -0.35285288152075E-04  0.11742483221655E-02
  0.37036259094257E-04  0.98091763820984E-04  0.11898274695671E-02
  0.33863282613598E-04  0.93044297466230E-05  0.12144774782777E-02
  0.64409358466262E-04 -0.43173101280173E-04  0.11834757839598E-02
  0.26002576850237E-04  0.11502500543599E-03  0.11879347506501E-02
  0.15886302186634E-04  0.12898808812324E-03  0.11780263044561E-02
  0.51604817298959E-04 -0.58029288663113E-04  0.11877770538627E-02
  0.51036157773049E-04  0.25463645563227E-04  0.12169276533093E-02
  0.12593317035270E-04  0.13715906901498E-03  0.11629727400800E-02
 -0.10780084714380E-03 -0.36699206955042E-04  0.11675305080914E-02
  0.35476742184861E-04 -0.68859982941923E-04  0.11882519564319E-02
  0.20198633036394E-04  0.13620706713624E-03  0.11489214236776E-02
  0.60161474466253E-04  0.44999424935990E-04  0.12100285806845E-02
  0.77366928375272E-04 -0.58456588367226E-05  0.11771471553551E-02
  0.15298845638582E-04 -0.72310842488420E-04  0.11806595912437E-02
  0.77809942748802E-04  0.13547408423844E-04  0.11780451980665E-02
 -0.11821149068974E-03 -0.34989651236229E-04  0.11528700804574E-02
 -0.98028583083403E-05 -0.66151616770884E-04  0.11653030332488E-02
  0.74705278300514E-04  0.32297004649068E-04  0.11822813602449E-02
  0.68015002260079E-04  0.50647300446102E-04  0.11890681268611E-02
 -0.85030160324694E-04 -0.25033340999622E-04  0.11498614697026E-02
 -0.77693268170395E-04 -0.63939195554347E-04  0.12107869377886E-02
 -0.71961040090291E-04 -0.77365594592658E-05  0.11914785228234E-02
  0.53917475560974E-04 -0.25718018347756E-04  0.11699440583421E-02
  0.87383252598404E-04 -0.17818348591335E-04  0.10466828473390E-02
 -0.87718924796832E-04  0.55057123332700E-04  0.11161680483004E-02
 -0.10738978467814E-03  0.86219268673084E-05  0.11583016655695E-02
  0.91704143626772E-04 -0.37949638667951E-04  0.10994833279055E-02
  0.71307751199486E-04 -0.26534448496305E-05  0.11579904969833E-02
 -0.84179079727879E-04  0.50799528388112E-04  0.11609069771663E-02
  0.85561374478578E-04 -0.54738083299897E-04  0.11440029330852E-02
  0.73576342870667E-04 -0.64272073085792E-04  0.11758322588901E-02
 -0.74910219222424E-04  0.45828769884805E-04  0.11935485813495E-02
  0.82817108316208E-04  0.25810288121722E-04  0.11370736486243E-02
  0.59140490994848E-04 -0.68272915830822E-04  0.11971760392270E-02
 -0.11458042662219E-03  0.96765724701017E-05  0.11237821961537E-02
 -0.61753145998239E-04  0.40763043233382E-04  0.12157817768027E-02
  0.45367680840813E-04 -0.65954950443643E-04  0.12127415477826E-02
  0.82718044641150E-04  0.56014395475929E-04  0.11108607433676E-02
  0.31358154886202E-04 -0.59781722726624E-04  0.12258740622256E-02
 -0.47417608465732E-04  0.35073263950804E-04  0.12303872344690E-02
  0.17709446906490E-04 -0.50542784991719E-04  0.12378651088352E-02
 -0.11285165398674E-03  0.89165449747714E-05  0.10776248549105E-02
 -0.33296450333700E-04  0.28791422072629E-04  0.12400561180400E-02
  0.35494332659274E-05 -0.39895928875423E-04  0.12481801584314E-02
  0.69247155028952E-04  0.82120966681319E-04  0.10860836025688E-02
 -0.11110283210593E-04 -0.26866565134861E-04  0.12548723178786E-02
 -0.18904862774670E-04  0.22424601721253E-04  0.12464447243289E-02
 -0.28200313036495E-04 -0.12592842893847E-04  0.12563312719285E-02
  0.49920577609693E-04  0.10330438108392E-03  0.10714657781857E-02
 -0.55035264309317E-05  0.16435876942051E-04  0.12500741947205E-02
 -0.45513630121519E-04  0.37040658958972E-05  0.12499656647610E-02
  0.72198793954942E-04  0.44195838548276E-05  0.99545162270802E-03
 -0.82386795852814E-04  0.55845766988452E-04  0.10623212479883E-02
  0.47227417480239E-04  0.26489162893796E-04  0.95800468447674E-03
 -0.94353821870398E-04  0.91430958758915E-05  0.11812735530991E-02
 -0.10613440926917E-05  0.63594962336685E-05  0.12504905172162E-02
 -0.43869463518166E-04 -0.70105730337499E-04  0.12104476300109E-02
  0.66638857541985E-04 -0.60035258096358E-04  0.12189434373162E-02
  0.60238869624949E-05  0.23468280939377E-05  0.12498528371428E-02
  0.53565720203672E-04 -0.51773803737667E-04  0.12334098614400E-02
 -0.41496902793389E-04  0.16562585545493E-04  0.12219756622856E-02
 -0.29750460500881E-04 -0.71180725314569E-04  0.11983111831729E-02
  0.39869091968845E-04 -0.40323256710527E-04  0.12444406791476E-02
  0.11162188218405E-04  0.37046794609021E-05  0.12430668632688E-02
  0.24911902316131E-04 -0.28349923276698E-04  0.12527651818044E-02
  0.10702260271639E-04  0.11726144319004E-04  0.12290796130736E-02
  0.90224277558046E-05 -0.15994716613881E-04  0.12584110053063E-02
 -0.15177150555945E-04 -0.68344127892007E-04  0.11880255823185E-02
 -0.60114189660344E-04  0.13410070300443E-04  0.12103413648539E-02
 -0.98370177997165E-04  0.34357962233016E-05  0.10264108812209E-02
 -0.90284069452153E-05 -0.29755169663471E-05  0.12602897563359E-02
 -0.28086787582655E-04  0.11723979071584E-04  0.12563944704234E-02
 -0.39634670616544E-07 -0.62855706112765E-04  0.11810401959731E-02
 -0.13765029952729E-04  0.44756557719915E-04  0.11888460471492E-02
 -0.45500325989239E-04  0.28156519484296E-04  0.12440500096089E-02
 -0.78454797059910E-04  0.10318801126423E-04  0.11972987683501E-02
 -0.58520773065864E-04  0.44870944795962E-04  0.12237703700154E-02
 -0.30599360206679E-04  0.58592092465921E-04  0.11762523441481E-02
  0.16366649072071E-04 -0.54964125212966E-04  0.11771099668098E-02
 -0.63953598764609E-04  0.55096265674425E-04  0.12006497678836E-02
 -0.43185507468488E-04  0.41470081006976E-04  0.95704761129031E-03
 -0.59827547971348E-04  0.55927410439936E-04  0.11823740273271E-02
  0.34866837341391E-04 -0.43062386349171E-04  0.11746261272913E-02
 -0.47746692055877E-04  0.49839774954290E-04  0.11756436676304E-02
 -0.67108610375339E-04  0.51173003708812E-04  0.10055466534770E-02
  0.17357441642197E-05  0.27361839266312E-04  0.12087809076432E-02
  0.78730770300838E-04 -0.64587508951919E-04  0.11982618680928E-02
 -0.60742092814604E-04  0.21261336642024E-04  0.12340359506392E-02
 -0.78171772949055E-04  0.64891928910524E-05  0.11743225720895E-02
 -0.10382391377862E-03  0.34249785890848E-04  0.10926444884390E-02
  0.20637491064808E-04  0.50073265966074E-04  0.12065709782686E-02
 -0.30262330938083E-04 -0.36857525132711E-04  0.12490987809457E-02
 -0.24361432871076E-04 -0.66994610967568E-04  0.12201832634855E-02
 -0.10292176989971E-03  0.32862260824820E-04  0.11401569048906E-02
 -0.46264386428242E-04 -0.21229488638107E-04  0.12503434667529E-02
 -0.62641293315898E-04 -0.35989406523497E-05  0.12414140215794E-02
 -0.94421889313342E-04  0.30925383708077E-04  0.11755341176451E-02
 -0.11401880755989E-04 -0.70462081480276E-04  0.12072356840973E-02
 -0.75409682472730E-04  0.13303885643599E-04  0.12230326407034E-02
  0.28183720960162E-04  0.33642745408644E-04  0.12276874263182E-02
 -0.80459935086402E-04  0.29300165495228E-04  0.11996689119695E-02
 -0.81188919913114E-04  0.23965346882312E-04  0.12011262647204E-02
  0.25642368066262E-05 -0.70057860337997E-04  0.11956106805589E-02
 -0.77234788958182E-04  0.25197980742859E-04  0.11830952426802E-02
 -0.63668727988111E-04  0.27878720162853E-04  0.12162206589947E-02
 -0.64196494130373E-04  0.18737896319747E-04  0.11754574446611E-02
  0.25704092214804E-04  0.23275151554136E-04  0.12425152741175E-02
 -0.46336354929943E-04  0.26311991475262E-04  0.12285628111778E-02
  0.59923496229145E-04  0.73988532289312E-04  0.10327523518644E-02
  0.17840790255248E-04 -0.66877727935049E-04  0.11858956133362E-02
  0.79249325866781E-04  0.50250243578318E-04  0.10593569147836E-02
 -0.29567475129909E-04  0.24323612090329E-04  0.12380661070860E-02
  0.87467046007723E-04  0.22429810358670E-04  0.10939657691299E-02
  0.34871096166712E-04 -0.60301180500722E-04  0.11771451965503E-02
 -0.12267981471140E-04  0.21878581747941E-04  0.12448876334706E-02
  0.82981828146227E-04 -0.67601145804689E-05  0.11272072094717E-02
  0.16601767643823E-04  0.19034293798566E-04  0.12487082117002E-02
  0.70428076121299E-04 -0.30593133975196E-04  0.11522112354506E-02
 -0.16720469068797E-04 -0.50024761972651E-04  0.12410720999977E-02
 -0.36285058812966E-04 -0.58195572378190E-04  0.12324999777218E-02
 -0.43073292518033E-05 -0.60214480711371E-04  0.12297117211719E-02
 -0.94134149669901E-04  0.30590908898577E-04  0.10368880834341E-02
 -0.70337368769605E-04  0.35527956708969E-04  0.12119332468586E-02
  0.14902890582958E-04  0.12454263526112E-04  0.12474030155120E-02
 -0.71708141737681E-04  0.41228620534630E-04  0.11908322677124E-02
 -0.74623123529200E-04 -0.76805995433760E-05  0.98017095926028E-03
 -0.88445001910434E-04  0.95502889082472E-05  0.11891967630253E-02
 -0.63507689568500E-04  0.38399276444218E-04  0.11782495977258E-02
  0.19800698761875E-04  0.18230704896293E-04  0.12368352567270E-02
  0.41974501731376E-04  0.62139699197011E-04  0.98166257565279E-03
  0.16217004658270E-04  0.31156611013443E-04  0.12187016479008E-02
  0.67056032239401E-04  0.39859513141268E-04  0.10048231669684E-02
 -0.88491959595644E-04  0.38652401227896E-05  0.12105022858984E-02
 -0.43915111751988E-04 -0.22242271687739E-04  0.95206982222562E-03
  0.84262556183451E-04  0.15240276690844E-04  0.10442777190633E-02
  0.40547975586856E-05  0.48830055767585E-04  0.11969207851542E-02
  0.62211708946692E-05  0.12280532417522E-04  0.12510381866183E-02
  0.89439929663713E-04 -0.11058328628292E-04  0.10888793399537E-02
 -0.13078677935486E-04  0.64687520101744E-04  0.11800488520763E-02
  0.83919870721527E-04 -0.34679280682038E-04  0.11290184215389E-02
 -0.12835840390321E-04  0.83226691077107E-04  0.11762079786452E-02
  0.71278037579582E-04 -0.52235093186374E-04  0.11584313567228E-02
 -0.11846950643383E-04 -0.75756267325586E-05  0.92726643491779E-03
 -0.65046679395817E-04 -0.28154953682470E-04  0.12413317633863E-02
  0.55060616019119E-04 -0.63556849678774E-04  0.11775350994276E-02
 -0.45695635828733E-04  0.88787121156700E-05  0.94253506798212E-03
  0.38358525935603E-04 -0.68731117912223E-04  0.11915290236418E-02
 -0.49812425687806E-04 -0.45170317004854E-04  0.12412115600678E-02
  0.23138284189662E-04 -0.69030529038193E-04  0.12041320427739E-02
 -0.73926746167878E-04  0.21793201199736E-04  0.98279270153521E-03
  0.50233756040554E-05  0.68063674665928E-04  0.11867935730618E-02
  0.88852379395613E-05 -0.66156957334388E-04  0.12169709362155E-02
 -0.79671680214587E-04 -0.10516620260658E-04  0.12302154899117E-02
  0.10766210705896E-03 -0.66100957790647E-04  0.11577806650508E-02
  0.42630746987641E-04  0.78233104461961E-04  0.11931848765757E-02
 -0.10784465854117E-04  0.13564335577170E-04  0.12480502110260E-02
  0.62891679019438E-04 -0.64997089483775E-04  0.10248852347441E-02
 -0.48686460945815E-04 -0.67851373561940E-04  0.11903117914115E-02
 -0.10724409708732E-05 -0.16021250608833E-04  0.12283523870710E-02
  0.87678416892013E-04 -0.69977751152236E-04  0.10805331306772E-02
 -0.11452519625468E-03 -0.14358635337746E-04  0.10775130940552E-02
  0.10332602106594E-03 -0.68339534078235E-04  0.11326801419570E-02
 -0.12919389878078E-04 -0.19466858547461E-05  0.12093295665058E-02
 -0.32542941693589E-04 -0.63227785602056E-04  0.11823647734229E-02
  0.10811624411628E-03 -0.60395020757490E-04  0.11745849483451E-02
 -0.30250460618075E-04  0.15518759987169E-04  0.11902253253187E-02
  0.10470271683544E-03 -0.48583434634435E-04  0.12052601733463E-02
 -0.16100565766748E-04 -0.56317278929686E-04  0.11785833905724E-02
  0.95258689586990E-04 -0.34971023109157E-04  0.12268255094468E-02
 -0.48318002792222E-04  0.29490309578624E-04  0.11782625053326E-02
 -0.96914644901373E-04 -0.20977003191499E-04  0.10336276839134E-02
  0.81963915509041E-04 -0.21637790081713E-04  0.12411511141361E-02
 -0.34522138332647E-04  0.83289201478274E-04  0.11265326456525E-02
  0.66067298304287E-04 -0.81424049133902E-05  0.12503974121542E-02
  0.43013207903215E-06 -0.47321253470965E-04  0.11786614939002E-02
  0.48989358411586E-04  0.42755330842187E-05  0.12561624108606E-02
 -0.33339068052010E-04  0.71265201388513E-04  0.11613748710732E-02
 -0.71638857783996E-04 -0.32540711111998E-04  0.99826153139525E-03
  0.31415325680196E-04  0.16513554713269E-04  0.12594465639020E-02
  0.18738269698318E-04 -0.35623044417221E-04  0.11811579257649E-02
 -0.30467578339260E-04  0.57985005568137E-04  0.11880429558148E-02
  0.11871109859840E-04  0.28260566938509E-04  0.12602064035960E-02
 -0.82425732480312E-05  0.42200705309199E-04  0.12571108005545E-02
 -0.25394236826739E-04  0.45481598767721E-04  0.12075438435533E-02
  0.38301060419611E-04 -0.19672553323300E-04  0.11841285518028E-02
  0.38449267606501E-05 -0.21681221894775E-04  0.12396950313950E-02
  0.29923203533144E-04 -0.53828996492774E-04  0.97791882708181E-03
 -0.12065233868417E-03 -0.13810316031983E-04  0.11183918435583E-02
 -0.63900808419235E-04 -0.68673172266400E-04  0.12005969032900E-02
 -0.45525080617450E-04  0.72458207104223E-05  0.11814807644993E-02
  0.11282504581772E-03 -0.52189546954337E-04  0.11872322288242E-02
 -0.98997202823255E-04 -0.20501628341572E-04  0.11684699395667E-02
  0.11004481817514E-03 -0.34792042262649E-04  0.12085251146901E-02
 -0.47494823921160E-05  0.67523061704141E-04  0.11729060533770E-02
  0.10069221372645E-03 -0.18107107496142E-04  0.12242664196397E-02
 -0.88486297943893E-04 -0.12706811438794E-04  0.11810962416908E-02
 -0.23171291911402E-05  0.50685096796815E-04  0.11891400287407E-02
  0.86902726138252E-04 -0.25116625549592E-05  0.12363016384203E-02
 -0.10333198565157E-03 -0.25704524996512E-04  0.11911166923600E-02
  0.69547458577545E-04  0.11628760239559E-04  0.12448877420080E-02
 -0.46206560198528E-06  0.35171434597659E-04  0.12019549422163E-02
  0.51365432235047E-04  0.24477184532331E-04  0.12511479201125E-02
 -0.99554128118635E-04 -0.38719630395026E-04  0.12089410922538E-02
 -0.27447937117536E-04  0.57285669578000E-04  0.12468472766778E-02
  0.53618183430805E-06  0.21228399599710E-04  0.12134180428657E-02
 -0.10306266192469E-03 -0.15048464284052E-04  0.11685303216756E-02
  0.11959392822815E-04  0.48900882730755E-04  0.12565562853887E-02
  0.12459468745842E-05  0.82107567478564E-05  0.12234115393274E-02
 -0.90126258368412E-04 -0.52848473058476E-04  0.12152734782614E-02
 -0.82040601773306E-05  0.63125798382407E-04  0.12520563185283E-02
  0.26019463454610E-05 -0.35055233841240E-05  0.12320103641765E-02
 -0.26001975947489E-04  0.78578746180577E-04  0.12388201111688E-02
 -0.11474359727505E-03 -0.15037557776775E-04  0.11494140268792E-02
  0.53460627671796E-04 -0.48360536180934E-04  0.11672765538197E-02
 -0.37650270715357E-04  0.92970412584888E-04  0.12174775277946E-02
  0.35477712751444E-05 -0.13417823984016E-04  0.12388101766202E-02
 -0.38438271353076E-04  0.98263668451580E-04  0.11950694902303E-02
  0.44448020414782E-05 -0.19847414498745E-04  0.12424072887639E-02
 -0.28240370042069E-04  0.94142902264172E-04  0.11791248179435E-02
  0.31955283298726E-04  0.36325522904252E-04  0.12552365671876E-02
  0.89517291412866E-04 -0.63240793212028E-04  0.11672964458528E-02
 -0.12071361196341E-04  0.99953246005669E-04  0.11772631534264E-02
 -0.42009673760551E-04  0.73164250428038E-04  0.12274855089491E-02
 -0.52963418142723E-04  0.75699634517918E-04  0.10427478016895E-02
  0.11460715132511E-04  0.70671026993088E-05  0.12612866181967E-02
  0.28223539713869E-04  0.25694024057373E-04  0.12440905160595E-02
 -0.84370082660417E-05  0.20021862226106E-04  0.12602167398190E-02
 -0.61867974103254E-04  0.74123524847369E-04  0.10947606256761E-02
 -0.96975442446846E-04 -0.77225331820008E-05  0.11932994577260E-02
 -0.27886769020815E-04  0.35130491359401E-04  0.12528095783040E-02
 -0.63050443502758E-04  0.67861897912693E-04  0.11412282544433E-02
 -0.44543434839039E-04  0.51335614802966E-04  0.12362930807484E-02
 -0.94397959553499E-04 -0.17990050732151E-04  0.12143875096849E-02
 -0.54518111862783E-04  0.65887230514962E-04  0.12131890439353E-02
 -0.58645342929989E-04  0.59332640661533E-04  0.11784391963466E-02
  0.14902271852659E-04  0.21915696759605E-04  0.12449611536243E-02
 -0.54837971609824E-04  0.71110518227672E-04  0.11910138417268E-02
 -0.51196181895817E-04  0.50472002842793E-04  0.12055659416452E-02
 -0.45300211169874E-04  0.68080928723097E-04  0.11768130421613E-02
 -0.84120665283106E-04 -0.33983395677689E-04  0.12284092949452E-02
  0.20197738491022E-04  0.99867850341950E-05  0.92958381814363E-03
 -0.41361777060793E-04  0.41121767485053E-04  0.12235684375619E-02
 -0.25068647472887E-05  0.19972001063003E-04  0.12401476838048E-02
  0.51931912262239E-04 -0.88408749474480E-05  0.95821608482335E-03
 -0.70650726722685E-04 -0.50296351335912E-04  0.12302812799891E-02
 -0.31217343914048E-04  0.31850590042480E-04  0.12353617725925E-02
  0.76331955615699E-04 -0.27710475886567E-04  0.10084364707151E-02
  0.91273863306207E-04 -0.43495864079467E-04  0.10675656995441E-02
 -0.20914071086935E-04  0.22372466610485E-04  0.12431992759397E-02
 -0.56898535138598E-04 -0.63338441640686E-04  0.12225299803435E-02
  0.94736090208598E-04 -0.55995174698775E-04  0.11230152320809E-02
 -0.22197545701540E-04  0.18933856361466E-04  0.12322020473577E-02
 -0.90078258793053E-04 -0.67044402108524E-05  0.11732468366613E-02
  0.29458237763763E-04 -0.52196704364073E-05  0.12592755615783E-02
 -0.31481455699907E-04  0.38289161706883E-04  0.11825318840961E-02
  0.45611000000390E-04 -0.17627734745318E-04  0.12547628334938E-02
  0.57424183618908E-04  0.10212636644160E-05  0.11826312191567E-02
 -0.47964331940840E-04  0.83666213507723E-04  0.12037009493738E-02
 -0.14990477032921E-04  0.21637835555187E-04  0.12321020647467E-02
 -0.42688272631030E-04  0.84262229872230E-04  0.11838236649942E-02
  0.49730515739345E-05  0.85442499236815E-04  0.11809825355253E-02
 -0.94371220541394E-05  0.10538602200714E-04  0.12398161092023E-02
 -0.29374642988879E-04  0.77233218300895E-04  0.11747250197929E-02
  0.72744467302281E-04  0.26544642621514E-04  0.11723102149803E-02
  0.24288150125472E-04 -0.24453630669450E-04  0.94207328760972E-03
 -0.32771584339995E-05  0.10201477891656E-05  0.12451191490467E-02
  0.57092310130589E-04 -0.40309120494725E-04  0.98291348065697E-03
  0.77940362328146E-04  0.55655471460342E-04  0.11537084479840E-02
  0.15385600096582E-05 -0.62790452210181E-05  0.12478768702499E-02
  0.82129838767071E-04 -0.53142862725103E-04  0.10402716888729E-02
 -0.20307666535630E-04  0.33064130216673E-04  0.12216206230832E-02
  0.23207128328696E-04  0.67716305334034E-04  0.11960555292264E-02
  0.52600226425451E-05 -0.94436177134647E-05  0.12459587179913E-02
  0.69921333903260E-04  0.83816864745624E-04  0.11325104241463E-02
  0.10063424254442E-03 -0.63082205341462E-04  0.11511167431843E-02
  0.56616862428874E-05 -0.62738455595133E-05  0.12369583182220E-02
  0.96526458738013E-04 -0.60046913120286E-04  0.11903010128930E-02
  0.35167373546740E-04  0.48643120116843E-04  0.12166482503763E-02
  0.53294813687601E-04  0.10711490674952E-03  0.11164802777450E-02
  0.87075142448807E-04 -0.52704230897576E-04  0.12175500524785E-02
 -0.87203465417945E-06  0.48025757682052E-05  0.12199010205281E-02
  0.74896565607107E-04 -0.42372306543063E-04  0.12354167264318E-02
 -0.14067343863588E-04  0.22269350564152E-04  0.11992773219268E-02
  0.60739676538990E-04 -0.30268693742489E-04  0.12471938569156E-02
 -0.73115961574568E-04 -0.13750192906059E-04  0.11627262852313E-02
  0.36233247946397E-04  0.33953141892547E-04  0.12343237650326E-02
  0.96516745170655E-04 -0.60846950422675E-04  0.10997996342744E-02
 -0.13315668729161E-04  0.27380264255213E-04  0.92929247315685E-03
