{
  "uid_a": "WSe2-1cfbe6183886",
  "uid_b": "MoS2-b3b4685fb6e1",
  "cell_a_original": [
    [
      3.3190066244679373,
      0.0,
      0.0
    ],
    [
      -1.6595033122339686,
      2.874344052118072,
      0.0
    ],
    [
      0.0,
      -0.0,
      1.0
    ]
  ],
  "cell_b_original": [
    [
      3.1840664646845926,
      0.0,
      0.0
    ],
    [
      -1.5920332323422963,
      2.757482445754964,
      0.0
    ],
    [
      0.0,
      0.0,
      1.0
    ]
  ],
  "coeffs_a": [
    [
      -26,
      -14
    ],
    [
      15,
      -10
    ]
  ],
  "coeffs_b": [
    [
      -27,
      -15
    ],
    [
      16,
      -10
    ]
  ],
  "twist_angle": 1.1149065483151255,
  "stacking": null,
  "supercell_a": [
    [
      -63.06112586489081,
      -40.240816729653005,
      0.0
    ],
    [
      66.38013248935874,
      -28.74344052118072,
      0.0
    ],
    [
      0.0,
      0.0,
      1.0
    ]
  ],
  "supercell_b": [
    [
      -62.08929606134955,
      -41.36223668632446,
      0.0
    ],
    [
      66.86539575837645,
      -27.57482445754964,
      0.0
    ],
    [
      0.0,
      0.0,
      1.0
    ]
  ],
  "final_supercell": [
    [
      74.70312475066547,
      -2.2006072188812507e-14,
      0.0
    ],
    [
      -40.426412221969,
      59.97824088785616,
      0.0
    ],
    [
      0.0,
      0.0,
      1.0
    ]
  ],
  "strain_a": [
    [
      -0.0008899771274306634,
      -0.0008822537109504783
    ],
    [
      -0.0008822537109504783,
      0.00017340988483760533
    ]
  ],
  "strain_b": [
    [
      0.0007986426494293042,
      0.0008860330295636181
    ],
    [
      0.0008860330295636181,
      -0.00018061238202093932
    ]
  ],
  "maxstrain": 0.13883659456527422
}