 -0.31303305711579E-04 -0.11721525842630E-03 -0.13639334505242E-02
  0.11905431289883E-03  0.13284721658303E-04 -0.13878206798468E-02
  0.11601241959926E-03  0.14492612056915E-04 -0.14324354899268E-02
 -0.86960502144587E-04  0.74315162242758E-04 -0.14222990792335E-02
  0.10675794752518E-03  0.12909972813490E-04 -0.14649961915778E-02
 -0.84066815804019E-04  0.72625931069809E-04 -0.14567550385371E-02
  0.89929177982372E-04  0.67518228213600E-05 -0.14897015119455E-02
  0.70855338353502E-04 -0.78474179854658E-06 -0.15107168418026E-02
 -0.73883269804928E-04  0.65598779006573E-04 -0.14794773409773E-02
  0.51609796403043E-04 -0.84627618625030E-05 -0.15301817071307E-02
 -0.60099205992912E-04  0.53414461355676E-04 -0.14936098690903E-02
  0.27811989111576E-04 -0.15863133806747E-04 -0.15473004475054E-02
  0.33302267457494E-05 -0.24013961532823E-04 -0.15599926786486E-02
 -0.44071731093935E-04  0.37599242525579E-04 -0.15020002208383E-02
 -0.17052142504950E-04 -0.32685348406800E-04 -0.15655465870183E-02
 -0.25470020364418E-04  0.23088087031628E-04 -0.15067990677463E-02
 -0.85161237959548E-04  0.71679740174386E-04 -0.13745019187709E-02
  0.10959381683772E-03  0.91414330515785E-05 -0.13336416320996E-02
 -0.75742998322980E-04  0.62657619481117E-04 -0.13171596539349E-02
  0.90655340337813E-04  0.34919886764895E-05 -0.12755162763115E-02
  0.19075704473472E-04 -0.21156784851375E-04 -0.15675664040414E-02
 -0.34922450537264E-05 -0.24625127294319E-04 -0.15726339478076E-02
  0.40029504748084E-04 -0.53462094796095E-04 -0.14820488233291E-02
 -0.20236835108801E-04 -0.30016292873248E-04 -0.15697729380266E-02
  0.49017175131922E-04 -0.60065846608627E-04 -0.14611468107194E-02
 -0.29230214919818E-04 -0.40531271667299E-04 -0.15543317170098E-02
 -0.27711012743093E-04 -0.54631210264058E-04 -0.15255260829477E-02
 -0.32474121539480E-04 -0.42771246872324E-04 -0.15598911648688E-02
  0.50986148326424E-04 -0.62230154222082E-04 -0.14439197997208E-02
  0.45181042900950E-04 -0.57949645324689E-04 -0.14379517561293E-02
 -0.17412046835975E-05 -0.85911023898677E-04 -0.14609470427313E-02
  0.18163645497474E-04  0.59210944888572E-05 -0.11664217111591E-02
 -0.32745842210794E-04  0.31266352489996E-04 -0.12074886522039E-02
  0.43544468734562E-04  0.83671840901161E-07 -0.11837455983585E-02
 -0.55974449701245E-04  0.47380847364508E-04 -0.12583039465846E-02
  0.67992020093090E-04 -0.10206750053857E-05 -0.12224476967097E-02
 -0.15870380163980E-04 -0.70342309885283E-04 -0.14906090853495E-02
 -0.37722890825963E-04 -0.56404480468867E-04 -0.15395226317033E-02
 -0.49465302582593E-05  0.81646996135583E-05 -0.15093200120223E-02
 -0.30319314377551E-04 -0.74350834305435E-04 -0.15079846346192E-02
 -0.44537563972508E-04  0.26473003456701E-04 -0.12251594222260E-02
  0.36162613707795E-04 -0.20782472847154E-05 -0.15161278870030E-02
  0.12192703708985E-04 -0.12386770646860E-04 -0.15349091738475E-02
 -0.63709380396474E-04  0.45555889796622E-04 -0.12826647581248E-02
 -0.11909984512524E-04 -0.24619442365213E-04 -0.15488545739622E-02
 -0.75866802091476E-04  0.62047648254677E-04 -0.13431929049463E-02
 -0.31654604642120E-04 -0.38107681649718E-04 -0.15542057375173E-02
  0.58186706456550E-04  0.80481337468521E-05 -0.14958295134866E-02
 -0.42395318803095E-04 -0.53433766924943E-04 -0.15452994680481E-02
 -0.43176019879847E-04 -0.72015263562589E-04 -0.15210362889628E-02
 -0.77546260103400E-04  0.77356336381293E-04 -0.14357455236451E-02
 -0.34725621071370E-04 -0.89553193731622E-04 -0.14879934876883E-02
 -0.22435582284469E-04 -0.10667084026877E-03 -0.14578075963659E-02
 -0.69683835600493E-04  0.75064257263004E-04 -0.14619406991937E-02
  0.34045884648600E-04  0.23960164514049E-04 -0.12319584494317E-02
 -0.55148611543429E-04  0.67020087080283E-04 -0.14791095264472E-02
 -0.80556508293643E-04  0.72086001487886E-04 -0.13962944939154E-02
  0.26715609496533E-04 -0.41925456363804E-04 -0.14991145972479E-02
 -0.21434749562814E-04  0.98851814558893E-05 -0.11805450010014E-02
  0.97796133256368E-04  0.24466612396468E-04 -0.14579690107842E-02
  0.14601782593967E-04 -0.59304414051557E-05 -0.15094091878187E-02
 -0.19197379357469E-04 -0.90559600733788E-04 -0.14749029682904E-02
 -0.69141382601026E-05 -0.10358709873249E-03 -0.14508570202436E-02
  0.32387216251565E-04 -0.20032192784641E-04 -0.15039027955702E-02
  0.40571504683874E-04  0.12414714809706E-04 -0.11994983073151E-02
  0.47629504802083E-04 -0.33461123843826E-04 -0.14904138763747E-02
  0.68063469583107E-04  0.82184326084998E-05 -0.12284218942354E-02
  0.79138243329735E-04  0.16707859601478E-04 -0.14763155544919E-02
  0.91692139765638E-04  0.12824127631713E-04 -0.12731793222656E-02
  0.11249974111062E-03  0.19647838546817E-04 -0.13242847786159E-02
  0.62562343149665E-04 -0.47276760103309E-04 -0.14506208993599E-02
  0.12398635841218E-03  0.25471724934706E-04 -0.13724446649793E-02
  0.12498538675500E-03  0.27932356562542E-04 -0.14107852489014E-02
  0.60869372531423E-04 -0.45904451523517E-04 -0.14388363733770E-02
  0.11393470358541E-03  0.28095141210508E-04 -0.14380747351514E-02
  0.51148796416302E-04 -0.40115901833295E-04 -0.14415638492644E-02
  0.57908185781079E-04 -0.42920127929506E-04 -0.14705096820852E-02
  0.41948040085688E-04 -0.17947333192403E-04 -0.15568551861463E-02
  0.10420778121631E-04 -0.28667813373638E-04 -0.15080557676743E-02
  0.61708659050219E-04 -0.14191342083475E-04 -0.15423273750783E-02
 -0.97656840286174E-05 -0.49853062746646E-05 -0.15733424865201E-02
 -0.89610474557770E-04  0.44229661181305E-04 -0.14729165235273E-02
 -0.16614297184056E-04 -0.12248700661021E-04 -0.15567473384386E-02
 -0.79243335180593E-04  0.28304918180423E-04 -0.14860308756068E-02
 -0.11395122684905E-04 -0.25453017077627E-04 -0.15269683605398E-02
  0.18569018174927E-05 -0.41433637591469E-04 -0.14905332719256E-02
 -0.65020460378634E-04  0.12255322868041E-04 -0.14951181741343E-02
  0.25905502847865E-05 -0.49786550775145E-05 -0.15783091915606E-02
  0.16580091053035E-04 -0.57068438378298E-04 -0.14587985786242E-02
  0.20658630691065E-04 -0.30144581878575E-04 -0.11750452653784E-02
  0.38704889230813E-04 -0.31117818869786E-04 -0.12108703394678E-02
 -0.30895142258111E-04 -0.22650709359493E-04 -0.15061161906077E-02
  0.57392788894655E-04 -0.30121806856355E-04 -0.12639197681569E-02
 -0.13287813116137E-04 -0.37929309251644E-04 -0.15076988195705E-02
  0.75778054844081E-04 -0.27807706242518E-04 -0.13274241325837E-02
  0.88130986870547E-04 -0.25600789847576E-04 -0.13929134916966E-02
 -0.48994281709762E-04 -0.66241365944143E-05 -0.15018515251670E-02
  0.51128361424073E-05 -0.51169268861941E-04 -0.15039560808288E-02
 -0.96683697907082E-04  0.56492153385061E-04 -0.14537904714724E-02
 -0.98691399656819E-04  0.66886641285668E-04 -0.14268988881890E-02
  0.33921805889930E-04 -0.48411684307732E-04 -0.14480559832297E-02
  0.14346047053252E-04 -0.82967456075148E-04 -0.14839933805596E-02
  0.29356670610873E-04 -0.50455515839816E-04 -0.12509269127762E-02
  0.24060926010280E-04 -0.87983558175253E-04 -0.14652100696730E-02
  0.46258549620362E-04 -0.48153451207261E-04 -0.13059128964530E-02
  0.61485243834610E-04 -0.45864608357541E-04 -0.13681136607360E-02
  0.26197411581962E-04 -0.90693745141563E-04 -0.14481133861987E-02
  0.19751738332277E-04 -0.92014852731087E-05 -0.15767790868279E-02
  0.70547197091143E-04 -0.42067046291059E-04 -0.14288718853325E-02
  0.73095274037593E-04 -0.35394428807836E-04 -0.14806038680080E-02
  0.70269358067321E-04 -0.28748049417590E-04 -0.15189429233717E-02
 -0.82512633133417E-04  0.71505631267867E-04 -0.13472577183539E-02
  0.62243817192578E-04 -0.24151358264646E-04 -0.15444743350742E-02
 -0.93317843362099E-04  0.72929540777113E-04 -0.13909448831605E-02
  0.51118262263675E-04 -0.19375223210755E-04 -0.15607942283023E-02
  0.37235900505802E-04 -0.14047134976253E-04 -0.15709095800998E-02
  0.23601449794557E-04 -0.88034885426134E-04 -0.14412271029203E-02
  0.66145553127960E-04  0.18546854041283E-04 -0.12503181566342E-02
  0.92841514208391E-04 -0.20192378865405E-04 -0.14513638028929E-02
  0.89396518881229E-04 -0.17237915615051E-04 -0.14970847120062E-02
  0.21013529005785E-04 -0.11749920984304E-04 -0.11598579871954E-02
 -0.88509589868187E-04  0.60967613256907E-04 -0.14701948905839E-02
  0.43553270034444E-04 -0.15423868942151E-04 -0.11872616980239E-02
 -0.77578883534220E-04  0.49181027107129E-04 -0.14879447025166E-02
  0.63811144456056E-04 -0.13796723570272E-04 -0.12345899784220E-02
  0.85614888216725E-04 -0.10822489364905E-04 -0.12942883771715E-02
 -0.64339290261768E-04  0.33267162617451E-04 -0.14986324389137E-02
 -0.12939076642920E-05 -0.28868885617994E-05 -0.11571761760201E-02
  0.10133615548407E-03 -0.68209571532850E-05 -0.13579635833992E-02
 -0.46743834781642E-04  0.16447464560817E-04 -0.15051366722631E-02
  0.10822138044009E-03 -0.25316341474272E-05 -0.14166786114699E-02
  0.10429328763940E-03 -0.11652368455872E-05 -0.14642966234352E-02
 -0.28501091948907E-04  0.32013995261852E-06 -0.15086775048342E-02
  0.94991331109914E-04 -0.38297373372434E-05 -0.14989647031910E-02
 -0.91447976190339E-05 -0.14930415483480E-04 -0.15100336347082E-02
  0.79659002573911E-04 -0.97295805307021E-05 -0.15236823910072E-02
  0.10492234199190E-03  0.54780060009095E-05 -0.14477356550176E-02
  0.21525319902938E-04 -0.62696234277572E-04 -0.14923948323544E-02
 -0.93173862147486E-04  0.68995487880402E-04 -0.14430542346119E-02
 -0.92437251316590E-04  0.73583669043332E-04 -0.14045272176808E-02
  0.79822971856151E-04 -0.18418927281022E-04 -0.15285985650476E-02
  0.32113066464076E-04 -0.71665505625542E-04 -0.14736244651334E-02
  0.66641578382247E-04 -0.18889373367336E-04 -0.15491558715879E-02
  0.39222992820756E-04 -0.75516527227659E-04 -0.14536761383239E-02
  0.50347284936865E-04 -0.19275915734239E-04 -0.15627691460575E-02
  0.30650410904547E-04 -0.17592688696613E-04 -0.15717364608023E-02
  0.38037273048314E-04 -0.75300500811220E-04 -0.14407006450432E-02
  0.13741381760311E-04 -0.78170250178125E-04 -0.14494578288807E-02
  0.10593259378710E-04 -0.15967592057678E-04 -0.15766534308483E-02
 -0.78257125267690E-05 -0.16786645686799E-04 -0.15759474912985E-02
 -0.20580194656365E-04 -0.22885090720932E-04 -0.15658426908861E-02
 -0.70944056982641E-04  0.62889163920420E-04 -0.13014738093090E-02
 -0.22528163665307E-04 -0.33796223844348E-04 -0.15423246922935E-02
 -0.86482184491187E-04  0.71242395504873E-04 -0.13559795835559E-02
 -0.13307244973822E-04 -0.49137162757144E-04 -0.15081393652896E-02
 -0.71927232170336E-06 -0.65028853893193E-04 -0.14734861531057E-02
  0.28562851130690E-04 -0.69384583543369E-04 -0.14415496613934E-02
  0.92273465241286E-04  0.19101087283783E-04 -0.12857191337829E-02
 -0.40182311022359E-04  0.55547563107869E-04 -0.14902956333227E-02
  0.11184099272602E-03  0.24327732610938E-04 -0.13292396902795E-02
  0.89620177839719E-04  0.53689682636749E-04 -0.14547055923275E-02
  0.70152513534164E-04  0.58629312225846E-04 -0.14477460544509E-02
  0.62776170721556E-04  0.28680872239094E-04 -0.14966838688489E-02
  0.49585567117430E-04  0.59687591510298E-04 -0.14423677032798E-02
  0.77903298746584E-04  0.14885686925781E-04 -0.14931819707291E-02
  0.29629100737268E-04  0.58715496843026E-04 -0.14397663027616E-02
  0.88645742279413E-05  0.53268704094224E-04 -0.14409088023064E-02
  0.45558967534353E-04  0.41690301048724E-04 -0.14920853842239E-02
  0.90153789997034E-04  0.24581299879896E-05 -0.14802492344295E-02
  0.94996829543067E-04 -0.44780266574679E-05 -0.14615232960134E-02
 -0.31568865927640E-04  0.33221650577115E-04 -0.14520284873640E-02
 -0.48563766795257E-04  0.15902576381428E-04 -0.14562831725084E-02
  0.93988523069304E-04 -0.72394195610825E-05 -0.14442722698328E-02
 -0.62327206576522E-04 -0.79066004382744E-05 -0.14499143348875E-02
  0.84823660271479E-04 -0.23398602067996E-05 -0.14369895254464E-02
 -0.65642186961488E-04 -0.33976014228768E-04 -0.14262164698721E-02
 -0.11902447895266E-04  0.46276683864820E-04 -0.14453403813889E-02
 -0.55702031347365E-04 -0.59180753146835E-04 -0.13893999439319E-02
  0.10599673614159E-03  0.43868448091053E-04 -0.14586857758854E-02
  0.11759372315049E-03  0.34920949006690E-04 -0.14540902762994E-02
 -0.35779056606903E-04  0.65723805152504E-05 -0.14797296680589E-02
 -0.52756283768790E-04 -0.14279341481506E-04 -0.14848102127272E-02
 -0.67145597104252E-04  0.58518510346178E-04 -0.13987573695335E-02
 -0.62063184176175E-04 -0.39334928910985E-04 -0.14743137303326E-02
 -0.60239613529988E-04  0.68110662013394E-04 -0.14252650219234E-02
 -0.59782079534112E-04 -0.65785812761436E-04 -0.14464080953919E-02
 -0.49840916513087E-04 -0.87982685434626E-04 -0.14104483003763E-02
  0.25768309998213E-04  0.52575961087943E-04 -0.14832888064440E-02
 -0.48733285425548E-04  0.72247085297870E-04 -0.14410693400278E-02
 -0.31810122982680E-04  0.70642219232574E-04 -0.14521576421707E-02
  0.75869425220280E-04  0.27918252141871E-04 -0.13748097957174E-02
  0.10066004075455E-03  0.21644025685664E-04 -0.13903089107558E-02
 -0.13542673228825E-04  0.67104098358849E-04 -0.14622984657583E-02
  0.11354609835378E-03  0.22177669941687E-04 -0.14144085954366E-02
  0.48079017577108E-05  0.60387017265341E-04 -0.14728746008168E-02
  0.11817303069993E-03  0.26270558190839E-04 -0.14383283772061E-02
 -0.38783922294535E-04 -0.10687603223738E-03 -0.13800505798341E-02
 -0.68072114282809E-04  0.40878465539597E-04 -0.13575497125613E-02
  0.65660175529390E-04  0.82330809253609E-05 -0.14440798436905E-02
 -0.27787642810708E-04 -0.56378082109876E-04 -0.12323786217565E-02
 -0.11213863529070E-04  0.60919144531208E-04 -0.14382017903018E-02
 -0.29550650987868E-04  0.54487574073837E-04 -0.14376179677147E-02
  0.76427641806344E-05  0.65719493703119E-04 -0.14538990091654E-02
 -0.45835479531995E-04  0.42395076498826E-04 -0.14367462085978E-02
  0.28044242157084E-04  0.61111957207764E-04 -0.14641921060986E-02
 -0.60400679597125E-04  0.24792061908129E-04 -0.14289453032992E-02
 -0.65879865368589E-04  0.69725604296361E-06 -0.14065326058876E-02
 -0.11414191144427E-04  0.67685675730941E-04 -0.14454065634225E-02
  0.48710568668251E-04  0.54491039498896E-04 -0.14747942317890E-02
  0.66776990026620E-04  0.45699658865783E-04 -0.14840393619873E-02
 -0.48551257196925E-04 -0.49367295441028E-04 -0.13257660472077E-02
 -0.36948633353744E-04 -0.70888478795791E-04 -0.12899176321304E-02
  0.83862294455624E-04  0.32090690075537E-04 -0.14877956656465E-02
  0.80169329642091E-04  0.12866925829759E-04 -0.14280053066270E-02
  0.96047500424326E-04  0.19200331986476E-04 -0.14824609886816E-02
  0.97013717816997E-04  0.58226013172819E-05 -0.14322329591642E-02
 -0.60864651599133E-04 -0.24018810447105E-04 -0.13689549920150E-02
 -0.45332936482512E-04 -0.81849634974619E-04 -0.13518002128436E-02
  0.98589480155441E-05  0.63487422075641E-04 -0.14412802147221E-02
  0.29805203682005E-04  0.63358020690427E-04 -0.14473383358917E-02
 -0.34782738232019E-04 -0.97059096217977E-04 -0.13260213314196E-02
  0.67635227001910E-04  0.28208519103719E-04 -0.14079348917058E-02
 -0.39870107168017E-04 -0.39936542649205E-04 -0.12633922006505E-02
  0.91655997370967E-04  0.17714416516999E-04 -0.14105104813240E-02
 -0.53230170329191E-04 -0.15904897075448E-04 -0.13084091651283E-02
  0.10732477276882E-03  0.14310891430707E-04 -0.14255987391031E-02
  0.11275519870772E-03  0.16999031661133E-04 -0.14468592538013E-02
 -0.29736660891004E-04  0.67469988624031E-04 -0.14386481504972E-02
 -0.65176769249301E-04  0.10379371021028E-04 -0.13564023491272E-02
 -0.65505993732594E-04  0.32708717723389E-04 -0.13957640842870E-02
  0.10245965355604E-03  0.33723211823743E-04 -0.14746037708294E-02
  0.88085758570475E-04  0.45615266787701E-04 -0.14733961036934E-02
 -0.58685405550909E-04  0.51369640463439E-04 -0.14200075497783E-02
  0.69913741588442E-04  0.55529386204151E-04 -0.14653040842217E-02
 -0.46501585790612E-04  0.61780928227221E-04 -0.14321260348089E-02
  0.49450545370701E-04  0.60602379808139E-04 -0.14558222667384E-02
  0.11064680650546E-03  0.23393803042151E-04 -0.14654895127432E-02
  0.17801347700935E-04 -0.34526474320248E-04 -0.14742875197862E-02
 -0.14941168887499E-04  0.23979448302638E-04 -0.14677615235357E-02
  0.70069688987696E-05  0.36734780530380E-04 -0.14557306398647E-02
  0.67553472740546E-04 -0.29078137827654E-04 -0.14392759569777E-02
 -0.47590715395533E-04 -0.83149158378649E-04 -0.14955995862397E-02
 -0.37562639475707E-04 -0.10208284302080E-03 -0.14623479802832E-02
 -0.16524309880087E-04 -0.13624394875009E-04 -0.11733132165807E-02
 -0.27969350854405E-04 -0.11876392497381E-03 -0.14357361862195E-02
 -0.34598421875485E-04  0.12659817502500E-05 -0.12081436058661E-02
  0.61059226685572E-04  0.26130986909769E-04 -0.12847617561623E-02
 -0.51314449121016E-04 -0.61668488261181E-04 -0.15237342783922E-02
  0.89078772638130E-04  0.23293603741495E-04 -0.13098857381968E-02
  0.10874820753214E-03  0.25070904581003E-04 -0.13454851583883E-02
 -0.67778286821961E-04  0.43459135472993E-04 -0.13180765165111E-02
  0.12302817901780E-03  0.30537100068505E-04 -0.13815242021316E-02
  0.12755670515073E-03  0.36692363237900E-04 -0.14098113011064E-02
 -0.73207614219808E-04  0.61031692973674E-04 -0.13725721428540E-02
  0.12093115819089E-03  0.43878301518183E-04 -0.14260494144210E-02
 -0.71879167901797E-04  0.72524239501843E-04 -0.14139699604546E-02
 -0.53632231747105E-04  0.20721177092370E-04 -0.12594215341627E-02
  0.10597566424652E-03  0.48111701167756E-04 -0.14332529779670E-02
  0.74069433188512E-04 -0.33684327589923E-04 -0.14440276188075E-02
 -0.26583079327680E-04 -0.23393992637340E-04 -0.15332447369825E-02
 -0.21948404973062E-04  0.42658583990300E-04 -0.14980681062532E-02
  0.12536294220471E-03  0.30318152843336E-04 -0.13711305919869E-02
  0.12886363544120E-03  0.35300540837843E-04 -0.14036709224161E-02
 -0.91279508160125E-06  0.30355615130029E-04 -0.15037225543996E-02
  0.11854196963200E-03  0.39294337005160E-04 -0.14248871017282E-02
  0.17890580010220E-04  0.16618004419858E-04 -0.15069588166609E-02
  0.10263909633771E-03  0.39176236445836E-04 -0.14379420137836E-02
 -0.43696831159624E-04 -0.42109666487597E-04 -0.15367129512002E-02
  0.84420756581594E-04  0.34537477328119E-04 -0.14496925614636E-02
  0.63627308004662E-04  0.26452257282514E-04 -0.14639982149067E-02
  0.53496248132921E-04 -0.12449427259085E-04 -0.14972756933768E-02
  0.42223869356638E-04  0.16849234944427E-04 -0.14815536100102E-02
  0.19946931956875E-04  0.65597222231609E-05 -0.15009274339675E-02
  0.65574483604248E-04 -0.24317451164673E-04 -0.14806356208299E-02
 -0.47417156007442E-05 -0.69019723969126E-05 -0.15193238751269E-02
  0.72078432093055E-04 -0.31115731538463E-04 -0.14603626407192E-02
  0.37014433202569E-04  0.17068616703680E-05 -0.15058649814826E-02
 -0.60405955536715E-04  0.15898249472556E-04 -0.13054161577389E-02
  0.86823398708142E-04  0.47425203609506E-04 -0.14374011309372E-02
  0.67376948717321E-04  0.43470801424570E-04 -0.14437687634606E-02
  0.81784099075901E-04 -0.14231422599669E-04 -0.14712684376460E-02
  0.10629203183142E-03  0.24482894596697E-04 -0.13674661417923E-02
  0.11814402916834E-03  0.26803490621176E-04 -0.13981373555891E-02
  0.85653384260929E-04 -0.19375185326204E-04 -0.14522783869636E-02
  0.12409795916234E-03  0.33649856288589E-04 -0.14238506104024E-02
  0.80893966063272E-04 -0.18579831274690E-04 -0.14406187389109E-02
  0.12044587430536E-03  0.41711567231064E-04 -0.14383225557739E-02
  0.83613362103405E-04  0.26825240760997E-04 -0.13410051851812E-02
  0.10738861638110E-03  0.49627157389404E-04 -0.14421855070113E-02
  0.88372456651584E-04  0.53699015031966E-04 -0.14402835393510E-02
 -0.28885079022330E-04 -0.27067435814188E-04 -0.12104922331280E-02
  0.69080209003422E-04  0.54210797367936E-04 -0.14388010176799E-02
  0.49746339367273E-04  0.51665994048407E-04 -0.14405537504361E-02
 -0.44482259584737E-04 -0.73343953287813E-05 -0.12526077790349E-02
  0.27967998677455E-04  0.45630446656446E-04 -0.14464202168544E-02
 -0.25687279476645E-04 -0.12168750805507E-03 -0.13635272338642E-02
  0.70039201100814E-04 -0.10816243445520E-04 -0.14424719313730E-02
 -0.64180772864873E-04  0.76162871900720E-04 -0.14413367719725E-02
  0.72333276518955E-04 -0.44633947526428E-05 -0.14894894977841E-02
 -0.31238568340651E-04 -0.12239949024680E-03 -0.14046401552808E-02
 -0.51503439018923E-04  0.73833448276594E-04 -0.14590957484610E-02
  0.47048364753330E-04  0.35694924548947E-04 -0.14540244502981E-02
  0.25144251282557E-04  0.26920176265051E-04 -0.14681291698114E-02
 -0.35524658904295E-04  0.67085709411003E-04 -0.14717807206347E-02
  0.15921890442359E-05  0.15673535595421E-04 -0.14844882146826E-02
 -0.16950296399680E-04  0.58227723933206E-04 -0.14820914845013E-02
 -0.19873795150921E-04 -0.65347185354626E-06 -0.15007955657221E-02
  0.52534667735867E-04  0.33539489635885E-04 -0.13274034235458E-02
 -0.40227057788091E-04 -0.20037116284308E-04 -0.15122805642637E-02
 -0.54888565645267E-04 -0.42716811152667E-04 -0.15106947038444E-02
  0.22184258701778E-04  0.36912926814578E-04 -0.14984874254230E-02
 -0.57144600314215E-04 -0.65947262422091E-04 -0.14915741933202E-02
 -0.50020673782759E-04 -0.89329952711540E-04 -0.14594608866428E-02
  0.41316407900342E-04  0.22703638382848E-04 -0.15027372766879E-02
 -0.40500661956589E-04 -0.10958078588753E-03 -0.14265803381284E-02
  0.58558424851244E-04  0.85897996197783E-05 -0.15005348331586E-02
  0.18235854799663E-05  0.48593000548293E-04 -0.14911958002009E-02
 -0.42629955132961E-06 -0.71650248099967E-04 -0.14977205250116E-02
  0.10322318008104E-03  0.97315781140107E-05 -0.14674409985841E-02
  0.24157733157329E-05 -0.17299883835819E-04 -0.15102329425462E-02
 -0.10991869300840E-04  0.33528244546478E-04 -0.15589952415019E-02
 -0.58110510516746E-05 -0.87332912718562E-04 -0.13149929747946E-02
  0.14619812231756E-05 -0.11350561705455E-03 -0.14419369231795E-02
  0.11500343405651E-04  0.54368868203910E-04 -0.13870065206051E-02
 -0.78819880296723E-05  0.24140025664777E-04 -0.15503438343150E-02
  0.42464126967388E-05 -0.83856930557058E-04 -0.13521494544898E-02
 -0.29246667629947E-05  0.10856720406610E-04 -0.15355874855507E-02
  0.23451264366690E-05 -0.11766003206480E-03 -0.14473467363372E-02
  0.45967604193458E-04  0.40795298403945E-04 -0.13738177361815E-02
  0.14541170614950E-05 -0.51870511181605E-05 -0.15177502696002E-02
 -0.42738069658773E-04 -0.83169200580174E-04 -0.14484931448665E-02
 -0.19421173524437E-05 -0.11448155331917E-03 -0.14620446543851E-02
 -0.23158308845222E-04  0.65119907182628E-04 -0.14070048792252E-02
  0.21447070021776E-05 -0.22128266845571E-04 -0.14988866300382E-02
 -0.15710056204560E-04 -0.65103446495971E-04 -0.12212236001075E-02
  0.13963266336069E-05 -0.38151485802340E-04 -0.14796591213913E-02
 -0.11174195955957E-04 -0.10842143659829E-03 -0.14773346846819E-02
 -0.73888905185042E-04  0.27300660254558E-04 -0.14461165667194E-02
 -0.37801357827014E-04 -0.99219677167022E-04 -0.14548754031067E-02
  0.31617598329848E-06 -0.55107190537884E-04 -0.14604746246099E-02
 -0.49266978896256E-05 -0.69668788126216E-04 -0.12310949712341E-02
 -0.72302995893934E-04  0.45604542299590E-04 -0.14551765210827E-02
 -0.22913216215504E-04 -0.96758426801340E-04 -0.14861269230717E-02
 -0.27322252081237E-05 -0.71530731176455E-04 -0.14404938314680E-02
  0.51420927243129E-04  0.33920043254453E-05 -0.14600517743869E-02
 -0.65033672409522E-04  0.61062035683565E-04 -0.14633195280404E-02
 -0.73045720382661E-04  0.80243208864626E-05 -0.14396352954717E-02
 -0.95254885690401E-04  0.39560935737742E-04 -0.14412740215036E-02
 -0.48509071070221E-04 -0.64804255862798E-04 -0.14418870234541E-02
 -0.99112466390639E-05  0.35666573795626E-04 -0.15570990614950E-02
 -0.34792506528676E-04 -0.65778539731985E-04 -0.14940020383578E-02
 -0.16268149539928E-04  0.58936457596485E-04 -0.13492144941986E-02
  0.24673570863504E-04 -0.43397486070143E-04 -0.14919357184046E-02
 -0.53712716922569E-05 -0.85522374507250E-04 -0.14186754708511E-02
 -0.47347364041225E-04 -0.50143777658146E-04 -0.14861326716830E-02
  0.23047039999084E-04 -0.58003662720197E-04 -0.14640268068232E-02
  0.19599643574898E-04  0.46338846310729E-04 -0.13310520209928E-02
 -0.24906178589274E-04 -0.12782591472715E-03 -0.13982236368450E-02
  0.19937555628251E-04 -0.70623703165916E-04 -0.14304011585064E-02
 -0.60217219429675E-04 -0.33294732686604E-04 -0.14761388342842E-02
 -0.27878940576515E-04 -0.84296259442488E-04 -0.12701245741126E-02
 -0.87162988027749E-04  0.41857268013919E-04 -0.14405355043697E-02
  0.13284298650749E-04 -0.78773720878200E-04 -0.13920821520166E-02
 -0.72555956670270E-04 -0.14596228229566E-04 -0.14658666406394E-02
  0.52997819110605E-04 -0.18359591318186E-04 -0.14501635413140E-02
 -0.83269519131488E-04  0.58482663047950E-04 -0.14405873130549E-02
 -0.18831390499287E-04 -0.89117732521368E-04 -0.12690720166822E-02
 -0.53212894210763E-04 -0.45990445868803E-04 -0.14379193297192E-02
  0.34866970221142E-04 -0.30812410837266E-05 -0.14764257421342E-02
 -0.82139807204096E-04  0.48676955224117E-05 -0.14568044308265E-02
 -0.74498998957481E-04  0.69855395678944E-04 -0.14369527219004E-02
  0.14444403265307E-04  0.15140833168096E-04 -0.15107159040625E-02
 -0.11680191156989E-04 -0.90372133670394E-04 -0.12854849214676E-02
 -0.90845293381506E-04  0.22457146902077E-04 -0.14487290361415E-02
 -0.25811054950988E-05  0.29583890840196E-04 -0.15405277700319E-02
 -0.40123521293837E-04 -0.38763146437408E-04 -0.14430018082488E-02
 -0.54026816581675E-04  0.72682946827710E-04 -0.14255001153876E-02
 -0.34494619356912E-04 -0.83734283547421E-04 -0.14853640492159E-02
  0.24738252452470E-04 -0.28926897982619E-04 -0.15150837847064E-02
  0.56375962749208E-05 -0.69224630781342E-04 -0.12592995468493E-02
 -0.31743509974649E-04 -0.11182623707698E-03 -0.14565129007182E-02
 -0.57622723795263E-04  0.31981582441334E-04 -0.14680870748849E-02
  0.43443504947970E-04  0.24060086436005E-04 -0.14653068886978E-02
 -0.93030102654058E-05 -0.12523768060399E-03 -0.14370343720692E-02
 -0.20308395074717E-04 -0.12800614094775E-03 -0.14233633642799E-02
 -0.52620580934291E-04  0.48426925568422E-04 -0.14835372167967E-02
  0.17118572642996E-04  0.41893032048006E-04 -0.14935185347291E-02
 -0.10107907178176E-04 -0.12641942430847E-03 -0.14462742260745E-02
 -0.86589130713877E-05  0.54401847916955E-04 -0.15161735077451E-02
 -0.43834714280209E-04  0.60758178881340E-04 -0.14948766256760E-02
 -0.70418130683909E-04 -0.12623156285849E-04 -0.14376489332365E-02
 -0.24383219479579E-04  0.57932045707108E-04 -0.15239900282213E-02
 -0.16108904097203E-04 -0.12069678751935E-03 -0.14607101639613E-02
 -0.21803555076650E-04 -0.66890697538240E-04 -0.14412290557450E-02
 -0.34121436507341E-04  0.49984024355169E-04 -0.15168379029460E-02
 -0.24463220087837E-04 -0.11137392688310E-03 -0.14715709137794E-02
 -0.37784373895831E-04  0.35786112084291E-04 -0.15013283296009E-02
 -0.65967841799063E-04 -0.31545125996310E-04 -0.14403968874696E-02
 -0.30965528351899E-05  0.58277617264615E-04 -0.14826280813231E-02
 -0.38417780102456E-04  0.18843021245953E-04 -0.14825790890752E-02
 -0.33646957035411E-04 -0.99644302258532E-04 -0.14736015464287E-02
  0.27297537093053E-04  0.44715821244763E-04 -0.14596424495668E-02
 -0.38494025528579E-04  0.45328939438565E-06 -0.14650239572506E-02
 -0.57197630386484E-04 -0.50824345331048E-04 -0.14472949704373E-02
 -0.41929572674104E-04 -0.86659505335061E-04 -0.14670229075647E-02
 -0.39825300484524E-04 -0.18903651379153E-04 -0.14515505892771E-02
  0.57226826063865E-04  0.27725261352711E-04 -0.14381196897887E-02
 -0.28591071566108E-04  0.65746135640474E-04 -0.14958074059348E-02
 -0.13253887380758E-04 -0.11937474108030E-03 -0.14398501969981E-02
 -0.18561978242896E-04 -0.13104432204318E-03 -0.14256089130946E-02
 -0.57130003456910E-04  0.13486304353430E-04 -0.14535920921752E-02
 -0.51618175952655E-04  0.68921154040174E-04 -0.14657079046300E-02
 -0.45323248142318E-04 -0.69824785222206E-04 -0.14770145259992E-02
  0.65731413654253E-05  0.35956978291337E-04 -0.15203895699637E-02
 -0.15381973935866E-04 -0.40105974331874E-04 -0.11873677296339E-02
 -0.27985623026593E-04  0.67305400751048E-04 -0.14570104889211E-02
 -0.10000935938025E-04  0.47447778920265E-04 -0.15403605099455E-02
 -0.55301418943552E-04 -0.52834127200662E-04 -0.14658553213878E-02
 -0.25338360915863E-04 -0.12136432727255E-03 -0.14498553481722E-02
 -0.19447901557238E-04  0.46749198832997E-04 -0.15441419813863E-02
  0.39969177187415E-05  0.59189201100886E-04 -0.14389170067882E-02
 -0.65849062835694E-04 -0.34639523486300E-04 -0.14554076832498E-02
 -0.22001312256977E-04  0.37156979130569E-04 -0.15351114453814E-02
  0.55888801955545E-06 -0.46308295572176E-04 -0.11875098516704E-02
  0.37569576359919E-04  0.44502810927807E-04 -0.14193365278940E-02
 -0.20959464556570E-04  0.23261124118938E-04 -0.15186364235885E-02
 -0.75509566366028E-04 -0.14428659972044E-04 -0.14470218899876E-02
  0.15498599014903E-04 -0.49764786907020E-04 -0.12100964124001E-02
 -0.18528432779048E-04  0.60990995307072E-05 -0.14994439715650E-02
 -0.57234821277228E-04 -0.27094348403609E-04 -0.14378051249688E-02
 -0.81478495458916E-04  0.45567595404181E-05 -0.14419970535739E-02
 -0.21076438703612E-04 -0.12879318049493E-03 -0.14369323372457E-02
 -0.19365241583176E-04 -0.11666168662764E-04 -0.14807702445068E-02
 -0.57393940047688E-04 -0.61738120682317E-05 -0.14429771475332E-02
  0.18507964263531E-05 -0.24213425335860E-04 -0.11615918914016E-02
 -0.19831059786339E-04 -0.30003591738768E-04 -0.14647024689667E-02
 -0.86487092319427E-04  0.23164544586180E-04 -0.14399211355154E-02
 -0.21300020688086E-04 -0.48144304589387E-04 -0.14515189264427E-02
  0.28024780830108E-04  0.20639259064780E-04 -0.14894528608507E-02
 -0.24036596124231E-04 -0.12982256984679E-03 -0.14046393048517E-02
 -0.50220550760404E-04 -0.69501732753802E-04 -0.14567524550185E-02
  0.21819737814448E-04 -0.15212747701563E-04 -0.15343749939986E-02
  0.13965101067372E-05  0.34960270738766E-04 -0.12355169461237E-02
 -0.34374560382670E-04 -0.93394379573674E-04 -0.14387141508978E-02
 -0.95859681235780E-04  0.40495218135022E-04 -0.14543824248523E-02
  0.47297298759253E-04 -0.53446560545049E-04 -0.14543722940705E-02
 -0.51001828443842E-04  0.69772815405355E-04 -0.13747332761295E-02
 -0.22812064085484E-04 -0.83499286699853E-04 -0.14321876093818E-02
  0.42402168482404E-04 -0.61998503203474E-04 -0.14055862809947E-02
 -0.99672434493144E-04  0.55154548995061E-04 -0.14385600117125E-02
 -0.70421816196657E-04  0.71256098849153E-04 -0.13532935861822E-02
  0.31048573988023E-04 -0.65164244443457E-04 -0.13521147726190E-02
  0.49473130901589E-04 -0.43370171259510E-04 -0.14944022657812E-02
 -0.31829587454428E-04 -0.10638885568088E-03 -0.14372813284481E-02
 -0.26842884004248E-04 -0.10659204973932E-03 -0.13165470797871E-02
  0.17115831978533E-04 -0.68855071197177E-04 -0.13012229924236E-02
 -0.41603832228838E-04  0.61575691881827E-04 -0.13176397161697E-02
  0.35918107453242E-04 -0.26095261590382E-04 -0.14607082016990E-02
  0.79276700136601E-05 -0.98024482983922E-04 -0.14447424279180E-02
  0.17601138977153E-04 -0.92903943324714E-05 -0.14932461696599E-02
 -0.81885054338655E-05  0.48049662196170E-04 -0.12895825515805E-02
 -0.22450044019239E-04 -0.10991372573308E-03 -0.13230404493070E-02
  0.14150370600901E-04 -0.10315897953571E-03 -0.14444143023239E-02
 -0.28891265639818E-04 -0.11806887522877E-03 -0.14303501790301E-02
 -0.97752325943541E-04  0.66220010753259E-04 -0.14170554771453E-02
 -0.23249858719581E-04 -0.97601223436444E-04 -0.14223945525930E-02
 -0.88381301689518E-04  0.24409784858768E-04 -0.14668157833423E-02
  0.47535804042860E-04 -0.32312787329125E-04 -0.15240258074147E-02
 -0.76996108787975E-05  0.16290694949405E-04 -0.11747734698281E-02
 -0.16885084125288E-04 -0.59930637148274E-04 -0.15029662807001E-02
 -0.88344479479830E-05 -0.15365581692094E-05 -0.15442358727076E-02
 -0.45426974145653E-04  0.48143334504625E-04 -0.12499349530092E-02
 -0.25208734803809E-04 -0.12245528063442E-03 -0.13747165661436E-02
 -0.10166848996099E-04  0.71199887462172E-05 -0.15665138092204E-02
 -0.32827245345202E-04 -0.44545576634050E-04 -0.15009782902612E-02
 -0.38658366247926E-04 -0.57754042974171E-04 -0.14388311790592E-02
 -0.28313855941807E-05  0.85404400737211E-05 -0.15755025872303E-02
 -0.18408567967044E-04  0.33361059417559E-04 -0.12108788708341E-02
 -0.49104372236539E-04 -0.28448620212514E-04 -0.14948441300260E-02
  0.91063267320907E-05  0.35357320725627E-05 -0.15754983150827E-02
 -0.25786091007607E-04 -0.11639445537966E-03 -0.13921132197564E-02
  0.11026531157674E-04  0.21231602771195E-04 -0.11928132812131E-02
  0.22881511966074E-04 -0.32779193621431E-05 -0.15698587846816E-02
 -0.64123196853619E-04 -0.10963668027086E-04 -0.14866765828101E-02
 -0.36837257176165E-04 -0.75792777683906E-04 -0.14381420433552E-02
  0.33665532496483E-04 -0.12161481547026E-04 -0.15596448594039E-02
 -0.59769555588211E-04  0.62022861086544E-04 -0.13010760777474E-02
 -0.77522298096972E-04  0.67969268279031E-05 -0.14770677590577E-02
 -0.23826293191497E-04 -0.10773863481941E-03 -0.14092364098582E-02
  0.41818497638895E-04 -0.21986826376243E-04 -0.15451184374948E-02
 -0.29858309121801E-04  0.49913907703589E-04 -0.12604174975755E-02
  0.21978953602122E-05  0.74622714261434E-05 -0.15288570332656E-02
  0.26521992775461E-04  0.35092100151821E-04 -0.12771546110992E-02
 -0.88813954158734E-04  0.73229137131980E-04 -0.13882452119181E-02
 -0.19913167811196E-04 -0.10708107677239E-03 -0.13418217081039E-02
 -0.19483922852940E-04 -0.79179251372516E-04 -0.14961066281281E-02
 -0.96228650073418E-05 -0.94356350712049E-04 -0.13942745478642E-02
  0.14759170106195E-04 -0.10421577854752E-03 -0.14564600061045E-02
 -0.89674124797521E-04  0.68620494907176E-04 -0.14196580254654E-02
 -0.61413794141988E-05 -0.91026018251645E-04 -0.14892014997974E-02
 -0.80902042053751E-05  0.19540018594712E-04 -0.15556260462668E-02
 -0.95599483657072E-04  0.55162814725530E-04 -0.14323553456644E-02
 -0.72918854483162E-05  0.22606395316499E-04 -0.15684138968121E-02
 -0.75374456594071E-04  0.74092514537745E-04 -0.14000860089393E-02
  0.15878421285788E-04 -0.12239991756611E-05 -0.15502565779496E-02
 -0.27154064931352E-04 -0.12588209483529E-03 -0.14177660174254E-02
  0.71263296207264E-05  0.92901057613723E-05 -0.15625375251068E-02
 -0.16204864049145E-04 -0.10112109896306E-03 -0.13675776263026E-02
  0.59829550403371E-05 -0.10056064849532E-03 -0.14740223336313E-02
 -0.10496430880921E-05  0.18525341455862E-04 -0.15694530925364E-02
  0.19560619885256E-05 -0.59632030534232E-04 -0.21490076270103E-03
  0.13451094998046E-04 -0.38744597865654E-04 -0.18398555326120E-03
  0.18565349406053E-04  0.40169455492273E-05 -0.98337707240811E-03
 -0.19534576502245E-04  0.77610891081327E-05 -0.98328617591002E-03
  0.51548314087698E-05  0.40708059753872E-04 -0.10015424705599E-03
  0.16263578818289E-05  0.46158822516415E-04 -0.12961781230943E-03
  0.89697080452990E-05  0.45176933388969E-04 -0.14333488290358E-03
 -0.37044578277590E-04 -0.44462742536934E-04 -0.98363672627638E-03
  0.22788535154942E-04  0.40654541491203E-04 -0.98406114922739E-03
 -0.59832630372926E-04 -0.28940254942147E-04 -0.97443653248947E-03
  0.72173655906374E-05  0.11337932558095E-04 -0.34516298731612E-04
  0.20035745769595E-04 -0.13478988787596E-04 -0.98541207011171E-03
  0.30176010552057E-05  0.77411784542029E-05 -0.13703133136392E-04
 -0.21831995545774E-04 -0.46079619136298E-04 -0.98372097121020E-03
  0.14833037956912E-04  0.17470804590969E-04 -0.98376643107333E-03
 -0.52306970624399E-05 -0.52642534166624E-05 -0.98298151356449E-03
 -0.12709369337918E-04 -0.49686064785976E-04 -0.98271696139269E-03
  0.25917038891294E-04  0.18207655064998E-04 -0.98297381942167E-03
 -0.77849335216730E-05  0.10120885025479E-04 -0.98317545812711E-03
 -0.20179641035063E-05  0.36213456330738E-04 -0.15796355027438E-03
  0.37227286624142E-05  0.13300839729795E-04 -0.98374125381791E-03
  0.10551324144156E-04 -0.45944646367530E-04 -0.16011810803211E-03
  0.35593993952586E-04 -0.23054770242485E-05 -0.16653829309165E-03
  0.55011137126898E-05  0.29716067098642E-04 -0.66759402642331E-04
  0.12984899353712E-04 -0.15789065784055E-04 -0.16228943071242E-03
  0.69561361236052E-05 -0.70603679869368E-06 -0.98311728338201E-03
  0.31732158372735E-04  0.25616324155815E-04 -0.98288424010783E-03
  0.39195170624587E-05  0.17506855608591E-04 -0.34498528086275E-04
 -0.30083273067466E-04  0.53078890459660E-05 -0.98342119340761E-03
 -0.62278419381252E-05  0.45199857519301E-04 -0.15237828314614E-03
  0.20143086182768E-04  0.10547931066054E-06 -0.98466987916067E-03
 -0.37759707453166E-04 -0.15926738781568E-04 -0.23511545921864E-03
  0.13524909457005E-04  0.17123126196694E-04 -0.66525214883225E-04
 -0.36265604220458E-04 -0.71088925025020E-05 -0.15898092337574E-03
  0.39963644584657E-04 -0.21150983426336E-04 -0.13544502122642E-03
 -0.12006179326748E-03  0.24304458150099E-04 -0.29742709140182E-03
 -0.51787822493510E-04 -0.49778617077686E-04 -0.98002298103054E-03
 -0.59536930480975E-04  0.47805444849155E-05 -0.97529240972242E-03
  0.29510169143516E-04  0.36099952160733E-04 -0.98372145769664E-03
  0.28102556598396E-05  0.30586708987760E-05 -0.98431341245644E-03
  0.25084018172043E-04 -0.13486775026355E-04 -0.78631378355989E-04
  0.40250909554173E-04  0.27617256624826E-04 -0.98238450293776E-03
 -0.12856821789828E-03  0.25687901741686E-04 -0.31555328401718E-03
  0.20847618357290E-04  0.63662561579176E-06 -0.75987284904708E-04
 -0.57147958138893E-04  0.23734980888537E-05 -0.97383639813611E-03
 -0.45067064305592E-04 -0.83963052179247E-05 -0.14463435720287E-03
 -0.59572341302578E-04  0.49230668878307E-05 -0.97713813626452E-03
  0.13555523053138E-05  0.16521322800279E-04 -0.98364656984097E-03
 -0.79674887169172E-04  0.20183202299034E-04 -0.24191111309120E-03
  0.36457041483653E-04  0.18328604589462E-04 -0.98234976612693E-03
 -0.10782307137734E-04  0.69062850272228E-05 -0.17641890868173E-03
  0.14025011832535E-04  0.42493283837255E-04 -0.11766552595905E-03
  0.15198619655270E-04  0.47237468611376E-04 -0.98496205388090E-03
 -0.41019862324327E-04  0.41405099252061E-05 -0.98311563674987E-03
  0.11370141139052E-04 -0.30618666546517E-06 -0.38366760650590E-04
 -0.15152079316067E-04 -0.52714956210275E-04 -0.19051409637774E-03
 -0.19754305216014E-04  0.37050179523103E-04 -0.17141341280368E-03
 -0.50276894050147E-04 -0.38860590206547E-04 -0.98439022645834E-03
  0.29082941339071E-04  0.98599918147664E-05 -0.98323548075761E-03
 -0.50662641432876E-04  0.38842260763023E-05 -0.98159194619778E-03
  0.14232631338261E-04  0.31464735339094E-04 -0.86942731897066E-04
 -0.19629103777280E-04 -0.43182358935283E-05 -0.16424402215790E-03
 -0.42523220915326E-04  0.26253182030564E-04 -0.19683759068897E-03
 -0.56921030792619E-04  0.46085881941492E-05 -0.97945773754402E-03
  0.32365712203652E-04  0.32300586332596E-04 -0.98344851030593E-03
 -0.29056856134979E-04 -0.51249108371791E-04 -0.98227056667459E-03
 -0.64752049109227E-06  0.30264432307612E-04 -0.98330458183125E-03
  0.23089233408467E-04  0.22108375602215E-04 -0.98323546780289E-03
 -0.10730607390955E-04 -0.29694382842762E-04 -0.12008979312544E-03
  0.53386046091831E-05 -0.39077303965244E-06 -0.14143927694410E-04
  0.12135154697483E-04 -0.36976204212607E-04 -0.98495925231354E-03
 -0.60744514765576E-04 -0.67335441052280E-05 -0.97793027579654E-03
 -0.63203348071874E-04 -0.17733467581885E-04 -0.97920194641831E-03
 -0.15130398335457E-03 -0.34178238365861E-05 -0.31340594209852E-03
 -0.42682796914294E-04 -0.14559734854449E-04 -0.14157103083572E-03
 -0.14310168458372E-03 -0.31297843794298E-04 -0.26675141296210E-03
 -0.61987465050847E-04 -0.94921747544220E-05 -0.97586419002638E-03
  0.79889167698215E-06  0.44375287277360E-04 -0.14774272340867E-03
  0.10643792899232E-04  0.85560025188192E-05 -0.98393637090319E-03
 -0.15788221489601E-04  0.10113042786501E-03 -0.16571755606078E-03
 -0.14567212556426E-03  0.48322441685943E-05 -0.32696279650735E-03
 -0.59584150534655E-04 -0.15184736682792E-04 -0.98054684210290E-03
 -0.63685452675161E-05  0.37541453429882E-05 -0.98325096871983E-03
 -0.10888992724256E-03 -0.53491111228760E-04 -0.20375770151880E-03
 -0.58867295856401E-04 -0.14073699782703E-04 -0.97378714367696E-03
 -0.11748574727279E-03 -0.19735410878703E-04 -0.25290873708355E-03
  0.78593570761215E-05  0.45177472971402E-04 -0.12447466379051E-03
  0.11960014782632E-04 -0.17753641488190E-04 -0.98557113939565E-03
 -0.58293960621767E-04 -0.60106829937785E-05 -0.97965619374316E-03
 -0.27511177410879E-04  0.15323830167283E-04 -0.16614048833107E-03
 -0.30324728285393E-04 -0.31154851686580E-05 -0.98306567398730E-03
 -0.10515408891027E-03 -0.24384126942080E-04 -0.31499543345142E-03
 -0.41653276644220E-04 -0.50359366313961E-05 -0.98296415669231E-03
 -0.11393946670746E-04  0.33712311625959E-04 -0.16029547208495E-03
  0.11678870589895E-04 -0.52759831960091E-05 -0.98502532444850E-03
 -0.14804112373244E-03 -0.29281828518417E-05 -0.33163305991785E-03
 -0.15321758552721E-04 -0.11746729843957E-04 -0.16379849184067E-03
 -0.49130666203339E-04 -0.56396559917509E-05 -0.17417206540445E-03
 -0.52210407134297E-04 -0.54408621775703E-05 -0.98161565140028E-03
 -0.34112210428860E-04 -0.13806715155584E-04 -0.15664442621292E-03
 -0.48589812366846E-04 -0.35820767606404E-04 -0.97376847098882E-03
 -0.64700373577658E-04 -0.22544155007509E-04 -0.97690804109139E-03
 -0.78533280553224E-04 -0.21746148568156E-04 -0.19888276813876E-03
 -0.16522623891355E-03 -0.51207982329617E-05 -0.32365820860174E-03
 -0.42470339887129E-04 -0.24436014248689E-04 -0.15581636489229E-03
 -0.18103555071782E-04  0.17212471111958E-04 -0.16327678094902E-03
  0.10635200554173E-04 -0.29369241334481E-04 -0.98533592546805E-03
 -0.10241125453483E-03 -0.48385337670336E-05 -0.29955712796143E-03
 -0.55186595381526E-05 -0.29537650688641E-04 -0.20788982419100E-03
 -0.30979246925239E-04 -0.12671943258512E-04 -0.98322930906089E-03
  0.31571143433959E-04 -0.21650794031350E-04 -0.10404202742941E-03
  0.23968581860559E-04  0.30220393144491E-04 -0.98414804339941E-03
  0.10385204047647E-04  0.47957769870272E-04 -0.16869263460168E-03
 -0.37472596366823E-04 -0.83256653920765E-05 -0.16300089041890E-03
 -0.45225582240252E-04 -0.48748947200384E-04 -0.98211399952496E-03
 -0.65936415863696E-05 -0.44007136317810E-04 -0.98371449888233E-03
  0.15418438032367E-04 -0.10259177157512E-04 -0.45071827725387E-04
  0.16262055783813E-04  0.11962559207471E-04 -0.98339745544353E-03
 -0.14319110759737E-04 -0.18879548675089E-04 -0.16190608505294E-03
  0.26237530969189E-04  0.27270139968913E-04 -0.98377384392596E-03
  0.15933494864228E-05 -0.44609100762545E-04 -0.98372844646848E-03
  0.82420778183630E-05  0.23805625505983E-04 -0.57316196970049E-04
 -0.17808122116206E-04 -0.92445031642304E-05 -0.98291372151139E-03
  0.18766271143499E-04  0.33625312009451E-04 -0.98442646486101E-03
 -0.41324018817270E-04 -0.15162838609897E-04 -0.12167538619299E-03
 -0.30563300753322E-04 -0.17751645383540E-04 -0.10747041048861E-03
 -0.58525160660765E-04 -0.34249516697428E-04 -0.16265754887150E-03
 -0.49555631308656E-04 -0.21327621575793E-04 -0.97269501085001E-03
 -0.34329101538672E-04 -0.21119678545636E-04 -0.15909282931303E-03
 -0.35856544830815E-04 -0.34241879263362E-04 -0.16298121367791E-03
 -0.53393138133169E-04 -0.14485026776098E-04 -0.98235239544617E-03
  0.87949810158094E-05  0.53148153991438E-04 -0.98606502667632E-03
 -0.10463113600288E-04  0.73605887232210E-04 -0.15868919957664E-03
 -0.81037428280214E-04 -0.52545983580605E-04 -0.17155026795255E-03
  0.37492651470216E-05  0.44352619611713E-04 -0.98634549946995E-03
  0.17281042406056E-04 -0.26285937217048E-04 -0.98519368443416E-03
  0.52298393729059E-05 -0.38087189100517E-04 -0.98492661601955E-03
 -0.43427461890399E-04 -0.14216428355948E-04 -0.98335296530169E-03
  0.20539427923390E-04  0.18200470076569E-04 -0.16361596227967E-03
  0.11523472353432E-04  0.38143215310523E-04 -0.98518244907683E-03
  0.52086553072789E-05  0.75708310432732E-05 -0.98342511630191E-03
  0.37244518334143E-04 -0.16855077395028E-04 -0.15179306546611E-03
  0.94424290587031E-05  0.37068823120480E-04 -0.91928045021846E-04
 -0.18387265540154E-04  0.90730237698243E-07 -0.98291971504553E-03
 -0.30079872797101E-04  0.11622533412832E-04 -0.98374902396813E-03
 -0.49488385393692E-04 -0.40482530874353E-05 -0.97267259792971E-03
 -0.12204674556415E-04  0.15051282008757E-05 -0.12564999031028E-04
 -0.74695861951951E-05  0.15762299537341E-04 -0.45374004166986E-04
 -0.40105062308212E-04  0.20801425114065E-04 -0.98270241261455E-03
  0.20043264187767E-05 -0.20129209681766E-04 -0.98448577034903E-03
 -0.16138779268204E-04  0.26001523941268E-04 -0.94443402870686E-04
 -0.45530098746888E-04  0.27916624248091E-04 -0.98141172663150E-03
 -0.53388375503218E-05 -0.12788724776763E-05 -0.11156579568881E-04
 -0.34304212773215E-04  0.43685159028883E-04 -0.16740983798651E-03
 -0.49702147396947E-04  0.36242001062085E-04 -0.98002356133259E-03
 -0.17511971159175E-05 -0.21700181645608E-04 -0.98466130893361E-03
 -0.58674486316292E-04  0.68952584165402E-04 -0.25774589927561E-03
  0.40585691984700E-05 -0.11020533808743E-04 -0.37434894782547E-04
 -0.51479708505023E-04  0.43178678235893E-04 -0.97784243986739E-03
 -0.74513898813308E-04  0.93096204895686E-04 -0.33006764675535E-03
 -0.49605607759684E-04  0.47093010698649E-04 -0.97525179822324E-03
 -0.98839115447698E-05 -0.22073052694632E-04 -0.98479966538287E-03
 -0.62861592749656E-04  0.99443320920623E-04 -0.34260672350411E-03
  0.18297423061200E-04 -0.28526753984012E-04 -0.93823194512694E-04
 -0.43848167195490E-04  0.47557291921853E-04 -0.97341139258201E-03
 -0.17529729980166E-04  0.56212441764844E-04 -0.15877204624145E-03
 -0.25612541903678E-04  0.10043107128897E-04 -0.98567016558725E-03
 -0.20312345524569E-04 -0.20452660644374E-04 -0.98475519375354E-03
  0.24850979586151E-04 -0.34173537410940E-04 -0.14634771015226E-03
  0.13235153533570E-04  0.32127425886875E-05 -0.16489262150539E-03
 -0.18356335854251E-04  0.39131258714097E-05 -0.98471605311769E-03
 -0.32422872077152E-04  0.16559867845872E-04 -0.98345642685760E-03
 -0.30040127255320E-04 -0.15572659786835E-04 -0.98487396902468E-03
  0.98992548747708E-06 -0.14920137713089E-04 -0.98448194756103E-03
 -0.24094371212994E-04  0.13075547936623E-04 -0.98377503480272E-03
 -0.15144396517798E-04  0.16876341251082E-04 -0.98550113385744E-03
 -0.21948950387354E-04  0.41046099434969E-04 -0.98404266191476E-03
  0.25343459051188E-04 -0.12730832444656E-04 -0.16346996422960E-03
 -0.50430898574373E-04  0.22028858897176E-05 -0.14668884086206E-03
 -0.72465117051899E-05  0.11055959391112E-04 -0.98454420124994E-03
  0.30889069505163E-04 -0.28836581562267E-04 -0.13231880027698E-03
  0.82585280878675E-06  0.73768387677225E-05 -0.98436141357444E-03
 -0.17889169868206E-04  0.28180423191762E-04 -0.98402705769603E-03
 -0.47391317528004E-04  0.49649829724638E-06 -0.11967466572516E-03
  0.18133492969827E-04 -0.19539110886361E-04 -0.69380821865001E-04
  0.71568519659779E-05  0.56987299852634E-05 -0.98405335696748E-03
 -0.13524974692759E-04  0.16199561860574E-04 -0.98376952468692E-03
  0.44693885965403E-05 -0.67992701500326E-05 -0.15654299798369E-04
  0.96779080216283E-05  0.45521454390292E-05 -0.98391027660343E-03
 -0.39023543641281E-04  0.16363738088033E-06 -0.89764417129775E-04
 -0.17851495069994E-05 -0.46026308485351E-06  0.89652148920569E-05
  0.54980030684914E-05  0.43712976140565E-05 -0.98445999747533E-03
 -0.83978207301816E-05  0.45612290852533E-05 -0.98380478143496E-03
 -0.30860879477474E-05  0.27296441767744E-05  0.14144310893048E-04
 -0.32596786840570E-05  0.64722257919481E-05 -0.98506906345339E-03
 -0.29142555806940E-04  0.59539468106980E-06 -0.59368115073296E-04
 -0.33295123691416E-05  0.52665256539683E-05  0.10438799137905E-04
 -0.14033492196132E-04  0.97485487853410E-05 -0.98460411285259E-03
 -0.31801561748069E-05 -0.64092425746367E-05 -0.98447531894039E-03
 -0.30064370225446E-05  0.80632304886681E-05  0.11777650719259E-05
 -0.20047002416780E-04  0.12528145554339E-05 -0.31369493897256E-04
  0.28988760826880E-04 -0.28101920831501E-04 -0.15068500186403E-03
 -0.95396599346242E-05 -0.10439400924417E-05 -0.98436054010828E-03
  0.10986690522142E-04 -0.57954010546653E-05 -0.16246725687389E-03
 -0.22083012804528E-04  0.20144713234334E-04 -0.98373257519080E-03
 -0.57951072442904E-04  0.37369994945546E-04 -0.20652227606713E-03
 -0.45076504886316E-04  0.50373205440772E-04 -0.97955836093425E-03
 -0.27117182178076E-04  0.31801170207269E-05 -0.56688650183117E-04
 -0.64608903071304E-04  0.64219986468085E-04 -0.27825338925377E-03
 -0.44206519858344E-04  0.56732641745778E-04 -0.97689541423459E-03
 -0.16466977508108E-04  0.99061605590159E-05 -0.98365692685741E-03
 -0.49014348902834E-04  0.91655752776822E-04 -0.32115492653446E-03
 -0.18490238210900E-04  0.36101898743686E-05 -0.29439472776308E-04
 -0.39141594971465E-04  0.59979357237303E-04 -0.97514286557021E-03
 -0.27806430650927E-05  0.24258630369984E-04 -0.16171325765213E-03
 -0.29233038031555E-04 -0.29708537046087E-05 -0.98530572578360E-03
 -0.99386250225012E-05  0.80550918539724E-06 -0.98398306805779E-03
  0.22436161498327E-04 -0.20874139113952E-04 -0.15983719388614E-03
 -0.12134746309126E-04  0.38314974551932E-05 -0.94677903952937E-05
 -0.19796951060028E-04 -0.92287373588837E-05 -0.98462271235356E-03
  0.26115442238295E-04 -0.32791005121254E-04 -0.12504725078955E-03
 -0.99934803309365E-05 -0.12502449801626E-04 -0.98432969603412E-03
 -0.41745167366440E-05 -0.63618739498987E-05 -0.98448442133002E-03
 -0.81144171025305E-05  0.33428299441052E-05  0.25237483099054E-05
  0.12614164503897E-04 -0.19436426150256E-04 -0.62663859621912E-04
 -0.22989978562578E-05 -0.13054671784796E-04 -0.98417287668782E-03
  0.12005502233290E-05 -0.10939939554094E-04 -0.98463704425424E-03
  0.11635993478578E-05 -0.57631019927725E-05 -0.14730929852368E-04
  0.25404133790408E-05 -0.13050793689307E-04 -0.98456943221890E-03
 -0.42484560607925E-04  0.41803648530664E-04 -0.98153880837831E-03
 -0.41048967926416E-04  0.19842254196946E-04 -0.13436872017594E-03
 -0.38169200970010E-04  0.38884181552662E-05 -0.91790635795104E-04
 -0.37677949381434E-04  0.31633024907905E-04 -0.98259312297303E-03
  0.23304420050976E-04 -0.27011039865033E-04 -0.98245174422005E-04
 -0.91832207549122E-06 -0.34561155928591E-05 -0.98412539022049E-03
 -0.39287021370599E-04 -0.97076236488249E-05 -0.98543947921735E-03
  0.80289173609522E-05 -0.11929421739019E-04 -0.36151845407091E-04
  0.46412992502382E-05 -0.39932586795271E-05 -0.98391552426605E-03
 -0.21005658078475E-04  0.47082212979958E-04 -0.15695363513038E-03
 -0.79847590582556E-06 -0.25156667072766E-05  0.19772609751188E-06
  0.49394581326045E-05 -0.43631848319026E-05 -0.98447014012045E-03
 -0.36584908334710E-04  0.62876479183904E-04 -0.97898663758083E-03
 -0.37320804384294E-05  0.17382319565005E-05  0.11829030476075E-04
 -0.66752956149728E-06 -0.19703005160061E-05 -0.98507519224928E-03
 -0.49867833693519E-04  0.30737540330635E-04 -0.22039933949237E-03
 -0.20842677665117E-06  0.33874866264545E-04 -0.16218632535784E-03
 -0.52798760414109E-05  0.41974500362529E-05  0.10761376229254E-04
 -0.35820400951260E-04  0.54837936263062E-04 -0.98156694110993E-03
 -0.54601245103702E-04  0.15590793185134E-04 -0.17676852842244E-03
 -0.70646836571213E-05  0.53672063648985E-05  0.29391867312826E-05
 -0.17714001931352E-04  0.76120311275989E-05 -0.98409436688901E-03
 -0.94726725156623E-05  0.59269649339913E-05 -0.11745873521461E-04
 -0.32982949749208E-04  0.43457988337814E-04 -0.98308215527077E-03
 -0.24537275659800E-04  0.14568192081463E-04 -0.98371071949905E-03
 -0.48929463750769E-04  0.71354543221040E-05 -0.13297352342582E-03
 -0.15515496430022E-04  0.69023076692039E-05 -0.37075335357059E-04
 -0.31420114151945E-04  0.22496059173762E-04 -0.98326773035000E-03
 -0.25783739612967E-04  0.10448268741052E-04 -0.77084214411629E-04
 -0.27871892881569E-04  0.31703654185512E-04 -0.98387751421882E-03
 -0.94299866248782E-05  0.23332995413217E-05 -0.98477220786818E-03
 -0.91950632188940E-04  0.14178280016213E-04 -0.28730027123224E-03
 -0.36217775167451E-04  0.26407562053420E-04 -0.97234234274178E-03
 -0.35968917828371E-04  0.43636403607975E-04 -0.27238029426075E-03
  0.22285982910134E-05  0.22653044145053E-04 -0.42457080990451E-04
 -0.19467905847638E-04  0.12433373296065E-04 -0.98353248533669E-03
  0.21304784450138E-04 -0.40600645769356E-04 -0.15708749423198E-03
  0.28559347379341E-05  0.32902943826562E-04 -0.72662040909377E-04
 -0.42899607278296E-05  0.89101051762964E-06  0.34639873169652E-05
 -0.40326512124840E-04 -0.33414957888365E-04 -0.98493718904029E-03
  0.81762984006592E-05 -0.14513883076454E-04 -0.17014972719798E-03
  0.63987328844268E-06  0.42404612224474E-04 -0.10678761671062E-03
 -0.40305056937809E-04  0.10663744033152E-04 -0.98323828463340E-03
 -0.50640944371762E-05  0.49152966067345E-04 -0.14244914630687E-03
 -0.50837816763903E-04 -0.27403504838618E-04 -0.98537175894353E-03
 -0.48710284398116E-04  0.11362330134619E-04 -0.98228049575276E-03
 -0.25732406949532E-04  0.39571579683408E-04 -0.16059105978889E-03
 -0.19186222272830E-04  0.53925704188129E-04 -0.18398209352738E-03
 -0.54652840530079E-04  0.14488618608276E-04 -0.98002656256361E-03
 -0.47917744758129E-04  0.58373519284420E-04 -0.23875641613516E-03
 -0.13351855323015E-04  0.49518065523233E-04 -0.98340281247509E-03
 -0.57652521478703E-04  0.17532794753941E-04 -0.97732014644016E-03
 -0.22941837425351E-04  0.21217869527452E-05 -0.16611605026134E-03
 -0.87277325360203E-04  0.63056834057431E-04 -0.29831789162325E-03
 -0.58191986615452E-04  0.19257209283422E-04 -0.97517964335062E-03
 -0.11329685900322E-04  0.36492787239128E-04 -0.98374746574794E-03
 -0.10678454676498E-03  0.58645114756363E-04 -0.32183385394682E-03
 -0.55017428285496E-04  0.18624901105503E-04 -0.97385376622573E-03
 -0.40823488988470E-04 -0.85553452362088E-06 -0.15917218748531E-03
 -0.28362365223511E-04 -0.37878031832549E-04 -0.98478712755723E-03
 -0.82152874675578E-04  0.39284836477605E-04 -0.29208495011182E-03
 -0.81938805573848E-05  0.13490747959572E-04 -0.98367498455535E-03
  0.10815906539750E-04 -0.31695655789057E-04 -0.11004276248917E-03
  0.57199643133695E-05 -0.97182258763205E-05 -0.98530274311157E-03
 -0.46289555791105E-04  0.11866690093510E-05 -0.26096242226960E-03
 -0.43939499849224E-04 -0.86557903293373E-05 -0.11990838740853E-03
 -0.35764491805814E-04 -0.12117836211540E-04 -0.97254766556548E-03
  0.25122440230230E-05  0.42889246598822E-04 -0.16015144551014E-03
 -0.18163066861100E-06  0.33913093582039E-04 -0.98570557059418E-03
  0.73948434202393E-05 -0.21454883803283E-04 -0.98531520249074E-03
  0.28839738802517E-04 -0.49922935191671E-05 -0.16177161625071E-03
 -0.36143548716713E-04 -0.81757390121421E-05 -0.89882070031893E-04
  0.74795642598359E-05  0.28866118707694E-04 -0.98466062559624E-03
  0.35335677167342E-04 -0.24595417697076E-04 -0.13263785027425E-03
  0.15006154209358E-04  0.25025930041640E-04 -0.98452281489837E-03
  0.60976070268190E-05 -0.31056660856658E-04 -0.98519667052202E-03
 -0.24120343511532E-04 -0.83560519259830E-05 -0.66189204762701E-04
  0.22216626682781E-04 -0.18230629196132E-04 -0.72582677694207E-04
  0.19018368372661E-04  0.23105957246601E-04 -0.98417430587181E-03
 -0.13839990721735E-05 -0.36599337178044E-04 -0.98430819810761E-03
  0.76957788921825E-05 -0.65450384878210E-05 -0.20436183165931E-04
  0.19301996080433E-04  0.20304182890200E-04 -0.98378848706969E-03
 -0.83618051376816E-05 -0.14499879770559E-04 -0.68886593231584E-04
  0.15372725173077E-05  0.49815750283911E-06  0.14343688333487E-05
  0.14203764094579E-04  0.17222822827769E-04 -0.98407836865713E-03
 -0.14435695178018E-04 -0.39186195995233E-04 -0.98414350661190E-03
  0.33325967918406E-06  0.58254741880391E-05 -0.61956005744402E-06
  0.41577877892552E-05  0.15172183856046E-04 -0.98427474510330E-03
  0.57379613250646E-06  0.12906363307269E-04 -0.17175261415073E-04
 -0.48168206749603E-04  0.14537781835393E-04 -0.97302958113445E-03
 -0.86943790582162E-05  0.22787447639053E-04 -0.98366336145453E-03
 -0.40568137342646E-04  0.18060371197173E-04 -0.25832399437397E-03
  0.12743976731595E-06  0.16474127044531E-04 -0.22219978928061E-04
 -0.28374140079996E-04  0.14657500619647E-04 -0.98369379328829E-03
 -0.76031903014429E-05 -0.30556259595504E-04 -0.98448905597005E-03
  0.76600439608027E-05 -0.19448775814133E-04 -0.68935532101157E-04
 -0.48909213506417E-06  0.23862820749813E-04 -0.49434027043178E-04
 -0.37981840179926E-04  0.14825549846221E-04 -0.98327038125277E-03
 -0.30471786896563E-05  0.34247215568702E-04 -0.88385446693769E-04
 -0.18764301689645E-04 -0.30371166648085E-04 -0.98521190808893E-03
 -0.45335252090195E-04  0.17112878199623E-04 -0.98252145668826E-03
  0.22217903750510E-04 -0.36535718654492E-04 -0.12630513771210E-03
 -0.12613987025149E-04  0.47599679639154E-04 -0.14220113565292E-03
 -0.51194615029636E-04  0.21885109073456E-04 -0.98087885668105E-03
 -0.33654023812865E-04  0.65339851985812E-04 -0.21439516127074E-03
 -0.30614113081002E-04 -0.27546298424319E-04 -0.98501332116674E-03
 -0.54531647790450E-04  0.28386797229194E-04 -0.97864765309569E-03
  0.19327476212490E-04 -0.28819873384652E-04 -0.16103187169501E-03
 -0.65792530691957E-04  0.83308383015572E-04 -0.29477253291303E-03
 -0.55631639610643E-04  0.32547027418537E-04 -0.97598344928517E-03
 -0.40888798967964E-04 -0.21426311572284E-04 -0.98525987858247E-03
 -0.87414088715497E-04  0.89829933686723E-04 -0.33991120362517E-03
 -0.53148613410242E-04  0.33941171709273E-04 -0.97391004898924E-03
 -0.59536771344178E-05  0.15313694168435E-04 -0.16184233507497E-03
 -0.73357301240812E-04  0.73502636508929E-04 -0.31894681789560E-03
 -0.46717997737839E-04  0.32043849941320E-04 -0.97279768299343E-03
 -0.24936001625231E-04  0.53771426985606E-04 -0.98296444414641E-03
 -0.68532307796867E-05 -0.61182533031648E-05 -0.34013141094285E-04
 -0.17642686935126E-04  0.13554521324752E-04 -0.98402999955191E-03
 -0.95212266652131E-06  0.99722103432604E-05 -0.42953483666156E-05
  0.11931699044368E-05 -0.28956091622055E-04 -0.98464779486224E-03
 -0.47993820520202E-04 -0.33668023524920E-05 -0.14428226197451E-03
 -0.36727355036028E-04  0.69465920438820E-05 -0.97251252732515E-03
 -0.15642731563741E-04  0.66615564454693E-04 -0.15658437577332E-03
 -0.11411942200246E-04  0.28579965809616E-04 -0.98586674699762E-03
 -0.53773063571329E-05  0.10622767768423E-04 -0.98406223078986E-03
  0.15895725415220E-04  0.12279366351259E-04 -0.16413277428357E-03
 -0.46110215944588E-04 -0.35139295962818E-05 -0.12164711765309E-03
 -0.39938391501697E-05  0.22772168113532E-04 -0.98502165550542E-03
  0.33270702110241E-04 -0.21708977536155E-04 -0.15338701431237E-03
  0.44140252445864E-05  0.18425326050596E-04 -0.98450501556385E-03
 -0.14338405665511E-05 -0.21226630038055E-05 -0.98468983764109E-03
 -0.39130883128440E-04 -0.35190897251579E-05 -0.91715329387826E-04
 -0.44178053112044E-04  0.56056704149851E-05 -0.16811906233095E-03
  0.28223178339120E-04 -0.24821592259366E-04 -0.10518982247694E-03
  0.29545851625200E-05 -0.13597626966395E-04 -0.98506312353540E-03
  0.12450671147349E-04 -0.12324988894945E-04 -0.41754732123505E-04
  0.14013323230541E-04  0.14430817185973E-04 -0.98398943467348E-03
 -0.28657128225338E-04 -0.26564415668528E-05 -0.59501428329751E-04
  0.21593064122039E-05 -0.31218682968183E-05 -0.18563113373610E-05
  0.12709544554878E-04  0.12063942559399E-04 -0.98403821996714E-03
  0.48344639484354E-05 -0.23170134755166E-04 -0.98478529340807E-03
 -0.12570597468753E-05  0.16653166344697E-05  0.10684669651929E-04
  0.52141547505188E-05  0.11668700265788E-04 -0.98450407096873E-03
 -0.17481516702541E-04 -0.22702314614002E-05 -0.35198684982794E-04
 -0.21125319828541E-05  0.50307559393489E-05  0.73615116442502E-05
 -0.62962480987567E-05  0.12169605350548E-04 -0.98449222996896E-03
  0.10512817838430E-04  0.15948720240493E-04 -0.98417028958297E-03
 -0.36757076688788E-05  0.10932027920169E-04 -0.15160310202206E-04
 -0.18663190667518E-04 -0.29678670240612E-04 -0.17704293992787E-03
  0.38305454500759E-04 -0.15021901781729E-04 -0.12276320531889E-03
  0.24752767729887E-04 -0.22212747386234E-05  0.64226245251223E-04
  0.33299431290900E-04  0.30079152152893E-05 -0.99188524723277E-03
  0.36096218303508E-04 -0.64037425563877E-05  0.38696447102957E-04
  0.40672836214650E-04 -0.59126350919338E-05 -0.99130633984852E-03
  0.52233091315127E-04 -0.12074997274284E-04  0.32856041919830E-05
  0.45848125947687E-04 -0.13938857283064E-04 -0.99007543512280E-03
  0.25304497621407E-04  0.11704130990016E-04 -0.99201689744552E-03
  0.72176380336324E-04 -0.19025681177471E-04 -0.41404046661359E-04
  0.92736045018841E-04 -0.29207052976163E-04 -0.94378083245276E-04
  0.49014958113102E-04 -0.27096805913232E-04 -0.98575163075064E-03
  0.10762930755697E-03 -0.43041629755101E-04 -0.15181553036543E-03
  0.44028541983213E-04 -0.33024780150903E-04 -0.98298174576913E-03
  0.10613722346051E-03 -0.62520748081989E-04 -0.20902598999619E-03
  0.35654869400585E-04 -0.38967828548615E-04 -0.98093416476661E-03
  0.49060582053673E-04 -0.20815752059812E-04 -0.98807181990658E-03
  0.16970433538991E-04  0.23683947467047E-05  0.80495665365421E-04
  0.16557146811341E-04  0.19869389781777E-04 -0.99291378352849E-03
  0.10955657172076E-04  0.79818832385934E-05  0.85227821350221E-04
  0.38061947675180E-04 -0.38980587134886E-04 -0.97794636153515E-03
  0.85242569203050E-04 -0.11920973147740E-03 -0.31504630509036E-03
  0.22988621197657E-04 -0.40146302836417E-04 -0.97533392213216E-03
  0.48364206909072E-04 -0.11141042481081E-03 -0.31615318018553E-03
 -0.20871436468444E-04  0.22867410010463E-04 -0.98666732449394E-03
 -0.31483798142653E-04  0.85850028396968E-04 -0.15117219565407E-03
 -0.22027921755284E-04  0.28300424290029E-04 -0.98854721991450E-03
 -0.45754272673717E-04  0.10750354906765E-03 -0.11919944192921E-03
 -0.18507277215461E-04  0.32103451503592E-04 -0.99078371506194E-03
 -0.34614944664650E-04  0.85626445138704E-04 -0.49108131622480E-04
 -0.11520194546242E-04  0.33089904720257E-04 -0.99189574452348E-03
 -0.12730211832447E-04  0.46398413073885E-04  0.28447179278121E-04
 -0.32209491385237E-05  0.31405742645151E-04 -0.99303241460445E-03
  0.27583485868761E-05  0.20342810129351E-04  0.72680384585735E-04
  0.65492040432381E-05  0.26282199188513E-04 -0.99351532812314E-03
  0.83204186014607E-04 -0.86932062040601E-04 -0.25980534171306E-03
  0.10190222216482E-03 -0.10185519868359E-03 -0.27033323047922E-03
  0.22891547250291E-04 -0.44016772472689E-04 -0.97824771644587E-03
 -0.15138381473826E-04  0.34378861692559E-04 -0.98786636485175E-03
  0.43922322915564E-04 -0.90767129291973E-05 -0.98862077023993E-03
  0.10862467329110E-03 -0.20422458491736E-04 -0.11261061134187E-03
  0.44205902158468E-04 -0.18015263224618E-04 -0.98723304527292E-03
  0.11024779273580E-03 -0.27811455722803E-04 -0.14421383129829E-03
  0.40778324634875E-04 -0.26823375760336E-04 -0.98492146700403E-03
  0.96914197948172E-04 -0.37293807883761E-04 -0.17317842460860E-03
  0.96250709899782E-04 -0.13662317303963E-04 -0.75520265476616E-04
  0.33224370037242E-04 -0.35293176148155E-04 -0.98252557210828E-03
 -0.63498588750689E-05  0.39311627137546E-04 -0.98714273017095E-03
 -0.27092070258182E-04  0.93817081363950E-04 -0.14992638877810E-03
 -0.81545371632528E-05  0.45341846785921E-04 -0.98909575947953E-03
 -0.37769476586533E-04  0.11221994695311E-03 -0.11866274185647E-03
 -0.45682029721425E-05  0.50590810173122E-04 -0.99105994932005E-03
 -0.21774578206385E-04  0.84881392307381E-04 -0.50970022843994E-04
  0.66935016147546E-04 -0.52309682386688E-04 -0.20534675554614E-03
  0.40639817380894E-04  0.74297933094003E-06 -0.98966960616688E-03
  0.77688818169957E-04 -0.76801394560534E-05 -0.34676831644432E-04
  0.35311903809456E-04  0.91273089598852E-05 -0.99067656750291E-03
 -0.39430540548227E-04  0.10595692483593E-03 -0.13751521410585E-03
 -0.13889891952095E-04  0.39208648893379E-04 -0.99005134107564E-03
 -0.38166615667827E-04  0.10194754126326E-03 -0.85870545540599E-04
 -0.85565689594152E-05  0.42539284214310E-04 -0.99168102392720E-03
 -0.17321372993599E-04  0.63922277213540E-04 -0.78068255791917E-05
 -0.41157522288351E-06  0.42570947094039E-04 -0.99281627272715E-03
  0.38860863801449E-05  0.29346886898482E-04  0.50040657535870E-04
  0.77066677866504E-05  0.38287141341485E-04 -0.99285035751469E-03
  0.17567299374348E-04  0.12022457547114E-04  0.68945240433571E-04
  0.16259185141161E-04  0.32187012647344E-04 -0.99213846729363E-03
  0.28651518143499E-04  0.50779412653406E-05  0.62521205597285E-04
  0.23250330855649E-04  0.24814839231482E-04 -0.99126902065391E-03
  0.42029914607623E-04  0.10818337828805E-05  0.39288400516669E-04
  0.29366965311276E-04  0.17097685575455E-04 -0.99109133922418E-03
  0.58778994390266E-04 -0.27055652990804E-05  0.52563958679853E-05
  0.43546489719530E-04 -0.10759351973792E-03 -0.30084393497131E-03
  0.18723089705514E-05  0.51910424690383E-04 -0.99178401142737E-03
  0.47920073169685E-04 -0.36437420585304E-04 -0.98061468869941E-03
  0.52567481819031E-04 -0.32893088150266E-04 -0.98339159390350E-03
 -0.86145246986197E-05  0.22496690180659E-04  0.74709895997796E-04
 -0.69450733507202E-05  0.72186018932315E-05 -0.99329689749543E-03
 -0.33114277125246E-05  0.86880527785064E-05  0.93594757876092E-04
  0.44700379339337E-05  0.78173026052529E-06 -0.99362931648231E-03
 -0.22449968263396E-05  0.82133750332006E-06  0.95227004987636E-04
  0.15778790888458E-04 -0.65485184510624E-05 -0.99366200803106E-03
 -0.16607984074714E-04  0.13315761556004E-04 -0.99219410224760E-03
 -0.25197712462360E-05 -0.64592860535632E-05  0.88286408792396E-04
 -0.27542694236361E-05 -0.13702507618867E-04  0.74233803434939E-04
  0.38266602813641E-04 -0.22134725791271E-04 -0.99135309068208E-03
 -0.18529208196308E-05 -0.22894798474655E-04  0.50886789466574E-04
  0.47995075318077E-04 -0.29408951785467E-04 -0.98949587807565E-03
  0.22343022904506E-05 -0.35773793000177E-04  0.14052996119865E-04
  0.54926397048789E-04 -0.34226187141109E-04 -0.98724304911124E-03
  0.26999898069180E-04 -0.14297695490202E-04 -0.99306448335609E-03
 -0.22750851653032E-04  0.49467014466466E-04  0.23523712828781E-04
 -0.25157046809944E-04  0.16116925733501E-04 -0.99125299757399E-03
 -0.43376058328644E-04  0.85624836573561E-04 -0.56893491982037E-04
  0.54633840899247E-04 -0.29138718398716E-04 -0.97467299022502E-03
  0.81920710838123E-04 -0.12043262019485E-03 -0.33259828449427E-03
  0.41495198843748E-04 -0.24376099772102E-04 -0.97268686056056E-03
  0.66167204860387E-04 -0.83530672929420E-04 -0.30544454014213E-03
  0.22518324141120E-04 -0.18158919708961E-04 -0.97263450811766E-03
  0.31278850963504E-04 -0.37314326304071E-04 -0.26418661529893E-03
  0.16265806144436E-05 -0.10306317273542E-04 -0.97264805250810E-03
  0.74242824040399E-05 -0.79201886075008E-05 -0.25054158726436E-03
 -0.19259676053390E-04 -0.19945337191761E-05 -0.97241632279521E-03
 -0.11714983245443E-04  0.56792809967315E-05 -0.24981408424030E-03
 -0.35309696234390E-04  0.36270162153321E-05 -0.98647649788106E-03
 -0.34748640596026E-04  0.76835327951119E-04 -0.15194090495091E-03
 -0.36947795504422E-04  0.96881143994743E-05 -0.98829382002483E-03
 -0.51329622118709E-04  0.10166769284904E-03 -0.12319899211811E-03
 -0.33450069969972E-04  0.14495212953369E-04 -0.99032982253248E-03
  0.13865427485877E-04 -0.54941626526299E-04 -0.46502215042713E-04
  0.90966271350110E-04 -0.72993809103921E-04 -0.18703117808489E-03
  0.58310228037513E-04 -0.35777335647451E-04 -0.98405830265446E-03
  0.57296613915206E-04 -0.35810530192454E-04 -0.98024055753428E-03
  0.54225432395834E-05  0.13857727877324E-04 -0.99376429346485E-03
  0.46211375708654E-05  0.48666556965764E-05  0.93971621626855E-04
  0.16443052698420E-04  0.66770618690845E-05 -0.99348890874346E-03
  0.68986661020037E-05 -0.12401844260118E-05  0.89466397779971E-04
  0.26363259369673E-04 -0.16053545051067E-05 -0.99291194952204E-03
  0.10039052099012E-04 -0.63675135349052E-05  0.77219019206603E-04
  0.39222468814401E-06  0.14023997320257E-04  0.86893964089093E-04
  0.36391638708556E-04 -0.10541839465242E-04 -0.99196871487287E-03
  0.44678315216930E-04 -0.19383685788247E-04 -0.99083979245928E-03
  0.26311006429485E-04 -0.19051614562774E-04  0.24666387261943E-04
  0.50343222574715E-04 -0.26167726459588E-04 -0.98899044432026E-03
  0.42800405675127E-04 -0.30208775350939E-04 -0.24379039028338E-04
  0.53123482392064E-04 -0.30114694370071E-04 -0.98647069584783E-03
  0.66498982615081E-04 -0.47965858685179E-04 -0.96981905907016E-04
  0.16160695351493E-04 -0.11594561196295E-04  0.56382463603835E-04
 -0.56817037519993E-05  0.19625612538621E-04 -0.99298207689242E-03
 -0.95971456998689E-05  0.32780127616032E-04  0.56205045440426E-04
 -0.14227122899329E-04  0.23695752604616E-04 -0.99191542039063E-03
  0.70089376386711E-04 -0.11138953527110E-03 -0.24644909317474E-03
  0.51790757301213E-04 -0.35722162915093E-04 -0.97748300449973E-03
  0.90486176593960E-04 -0.12997345307147E-03 -0.32269679789078E-03
  0.40032345570418E-04 -0.34257358694648E-04 -0.97469902220386E-03
  0.76892851169712E-04 -0.11849838439327E-03 -0.32911448694847E-03
  0.23019835473349E-04 -0.31516453252888E-04 -0.97353119360787E-03
  0.41644911652285E-04 -0.78841942907959E-04 -0.29155216961203E-03
  0.22011903784150E-05 -0.27112433217067E-04 -0.97306940089984E-03
  0.92755905664036E-05 -0.37969629158949E-04 -0.26367795545649E-03
 -0.29651668112055E-04  0.16559986980613E-04 -0.98757665676097E-03
 -0.44059965222349E-04  0.98457221049060E-04 -0.14116174808020E-03
 -0.28171211724485E-04  0.21803565095613E-04 -0.98936937916440E-03
 -0.46726508168457E-04  0.10035492844795E-03 -0.92226403100404E-04
 -0.22122383935262E-04  0.24138096763590E-04 -0.99087999975290E-03
 -0.28618772778005E-04  0.66939736892264E-04 -0.11327629612314E-04
  0.37710287981864E-04 -0.81136638229543E-04 -0.13844755096535E-03
  0.57540423045170E-04 -0.12739556491957E-03 -0.29005422744968E-03
  0.39843269615005E-05  0.43038987197035E-04  0.16396578945623E-04
  0.24735567344674E-04  0.18470273084881E-04  0.44220219837171E-04
  0.37288747042364E-04  0.39316979997459E-05 -0.15965190507431E-03
 -0.17701797612937E-05  0.42974715425121E-04 -0.98389265312289E-03
  0.64797016398230E-05 -0.52394988135232E-06 -0.16319858805898E-03
  0.15553701723291E-04  0.59644128620475E-04 -0.97954820610430E-03
  0.58434591005940E-04  0.14115102584065E-03 -0.30074098698736E-03
  0.55076460280448E-05  0.68357961378806E-04 -0.98002197562876E-03
 -0.29965849282443E-05  0.55496383394855E-04 -0.98412558136942E-03
  0.71991990298754E-04  0.14623033048413E-03 -0.30868552290801E-03
  0.90031875497196E-04  0.11066953766117E-03 -0.27272465088153E-03
 -0.69375679082959E-05  0.77628431540564E-04 -0.98048031451494E-03
  0.92866462633224E-04  0.62522615764824E-04 -0.22035787374247E-03
 -0.11480668479915E-04  0.75936308905767E-04 -0.98142926925027E-03
  0.71936976175668E-04  0.29221935377024E-04 -0.18712292205179E-03
 -0.13622809773608E-04  0.70626934328734E-04 -0.98256370965277E-03
 -0.19916468017209E-05  0.74793475627257E-04 -0.98019456179461E-03
  0.68464115119961E-04  0.95192593649886E-05 -0.15640071308717E-03
 -0.29639885416499E-05  0.65295584342799E-04 -0.98427197053506E-03
  0.94671513304152E-04  0.18439682913640E-04 -0.15599302869484E-03
  0.72613448306955E-05  0.47242366122430E-04 -0.98470646685511E-03
  0.67913108628618E-04  0.20530436599137E-05 -0.15373849565116E-03
  0.86581191375187E-05  0.35213335361932E-04 -0.98422211286521E-03
  0.39168145223721E-04 -0.34683521244408E-05 -0.15929479173954E-03
  0.10010385842472E-04  0.22982336254879E-04 -0.98355317083523E-03
  0.10443395028540E-04 -0.76613509438280E-05 -0.16338513130725E-03
  0.97734712996028E-05  0.64310612459754E-04 -0.98240847440282E-03
  0.31830654590549E-04  0.14009761684136E-03 -0.24821854213293E-03
  0.46953284900044E-05  0.71835491546964E-04 -0.98344386866724E-03
  0.62752808123177E-04  0.11753546584452E-03 -0.22834346773711E-03
  0.16624093066579E-05  0.76841779014180E-04 -0.98363708340854E-03
  0.94270320491292E-04  0.71217083079377E-04 -0.18746165593165E-03
 -0.11909805209415E-05  0.77253093934302E-04 -0.98370003670700E-03
  0.10578324327174E-03  0.36198062915292E-04 -0.16264070442276E-03
 -0.23350054035016E-05  0.72922207987717E-04 -0.98407822342596E-03
  0.37913069797510E-04  0.13760454446750E-04 -0.17323793780964E-03
  0.92310679870273E-04  0.73183635599665E-05 -0.14436518558697E-03
 -0.14096543111539E-04  0.61778963453115E-04 -0.98331341778562E-03
  0.77480765803153E-05  0.61228925379329E-04 -0.97642195355034E-03
 -0.32608081157386E-04  0.67751984349319E-04 -0.97728254392295E-03
 -0.26887422738060E-04  0.56275398220120E-04 -0.25985225908163E-03
 -0.39365046412907E-05  0.44816557092518E-04 -0.97289811489719E-03
  0.33359069666412E-04  0.77477269773011E-04 -0.28179728497025E-03
 -0.20015775345937E-04  0.53736422990499E-04 -0.97348519333425E-03
  0.15896776830418E-04  0.96992382498748E-04 -0.30157981709973E-03
  0.83597620950142E-05  0.90053393656643E-04 -0.29400106343869E-03
 -0.31513926651301E-04  0.58999992919722E-04 -0.97418454116053E-03
 -0.19093225135220E-05  0.27457966069153E-04 -0.97275641541873E-03
  0.16616433610307E-04  0.35832329856715E-04 -0.25498102869122E-03
 -0.20316327703712E-04  0.37184008726132E-04 -0.97242757207799E-03
  0.12329614214589E-05  0.54304436066481E-04 -0.26774575322595E-03
 -0.35011790945186E-04  0.44572185571707E-04 -0.97281782483107E-03
 -0.28787031901907E-04  0.81404472755137E-04 -0.30390440181546E-03
 -0.15062411592183E-04  0.10472728523434E-03 -0.32331378888803E-03
 -0.26131738825374E-04  0.68958126564925E-04 -0.97645337207599E-03
  0.38213228306295E-04  0.11747136768511E-03 -0.31801618785018E-03
 -0.18015270332570E-04  0.65667169229197E-04 -0.97548041590491E-03
  0.74841868878248E-04  0.14365679970250E-03 -0.33558171695638E-03
 -0.43960101505780E-05  0.69158154887077E-04 -0.97687991714854E-03
  0.75746506452219E-04  0.13647957594590E-03 -0.32760399429246E-03
 -0.12822945373209E-04  0.73520406265908E-04 -0.97770255261747E-03
  0.67479025383107E-04  0.98006951829938E-04 -0.28361333234863E-03
 -0.19580990010988E-04  0.74856238894948E-04 -0.97873442474137E-03
  0.40260412557791E-04  0.54929431208821E-04 -0.23513188481735E-03
 -0.24332333872163E-04  0.71700015251088E-04 -0.97993521172927E-03
  0.42751576152966E-05  0.26295765677723E-04 -0.20452682467441E-03
 -0.25547411270443E-04  0.64819377697083E-04 -0.98160464091013E-03
 -0.25858219651109E-04  0.12805193380504E-04 -0.18532683912734E-03
  0.11288068510955E-04  0.49639956053321E-04 -0.97426110051481E-03
  0.66204821935632E-04  0.10708050475078E-03 -0.31099794464073E-03
 -0.46718991574852E-05  0.58623229360481E-04 -0.97415294406242E-03
  0.55305807328109E-04  0.12208771933509E-03 -0.32223762633162E-03
  0.42377224749103E-05  0.61809716735953E-05 -0.16818397440867E-03
  0.79691675542669E-05  0.49551170308704E-04 -0.99185934829598E-03
  0.71166633333803E-05  0.57718390884863E-04 -0.98534784028617E-03
  0.59426412148474E-05  0.65893611781034E-04 -0.98584186007544E-03
 -0.23918806107196E-04  0.10485685815612E-03 -0.99131024091025E-04
  0.32865353207172E-05  0.59443044309734E-04 -0.99028209156670E-03
  0.33330400345119E-05  0.63777256326591E-04 -0.31444399743275E-04
  0.76425041635516E-05  0.59526406983452E-04 -0.99041554477702E-03
  0.33272676988066E-04  0.29615375680883E-04  0.66602100041449E-05
  0.11688430888306E-04  0.55728157410232E-04 -0.99027929151094E-03
  0.40402351980690E-07  0.55660189383084E-04 -0.98976474944786E-03
  0.58522301344744E-04  0.14453101016003E-04 -0.54995322624998E-06
  0.80539452686060E-04  0.90201266041837E-05 -0.33083096396934E-04
  0.19521328401045E-04  0.45046343504083E-04 -0.98873978774616E-03
  0.97860637772005E-04  0.52215096840318E-05 -0.73206036653109E-04
  0.22684874782567E-04  0.36440854975843E-04 -0.98758554498371E-03
  0.10722716254111E-03  0.11155124155363E-06 -0.10811866162806E-03
  0.26526023169674E-04  0.27048597427249E-04 -0.98697796509657E-03
  0.16163427166861E-04  0.51222778437296E-04 -0.98984471029732E-03
 -0.30840287371032E-04  0.11267258728111E-03 -0.14470560017416E-03
 -0.19269896694764E-06  0.50842633142672E-04 -0.98792256695978E-03
  0.74703215985696E-04 -0.25767714742317E-04 -0.16061541314426E-03
  0.14797208095228E-04  0.44400321268692E-04 -0.99115998242267E-03
  0.42935382849510E-04  0.89528001355200E-05  0.35506303481039E-04
  0.20354080803434E-04  0.38454579155265E-04 -0.99065085223255E-03
  0.61511314957750E-04  0.45358277172291E-05  0.56163048926629E-05
  0.24835063933616E-04  0.31490158175171E-04 -0.98989780453183E-03
  0.80828388625422E-04  0.76527007459922E-06 -0.35069987114871E-04
  0.29595797575111E-04  0.23533606088101E-04 -0.98924251352689E-03
  0.97766095320138E-04 -0.38470605858502E-05 -0.75054544375490E-04
  0.34293693255754E-04  0.14875655120077E-04 -0.98851080243969E-03
  0.10892315528697E-03 -0.90553967016838E-05 -0.10816140069664E-03
  0.37092516444084E-04  0.37456291561883E-05 -0.98760837646139E-03
  0.11002914855614E-03 -0.15045601687921E-04 -0.13240062818859E-03
  0.37716701452551E-04 -0.71529689714737E-05 -0.98684056573077E-03
  0.98412986220568E-04 -0.20014706689372E-04 -0.14831742458917E-03
  0.36044606650907E-04 -0.18627920568513E-04 -0.98575433158090E-03
  0.10732891293310E-03 -0.48992438075028E-05 -0.13153747415568E-03
  0.10555335298045E-03  0.13441319205300E-04 -0.13146106243395E-03
  0.28391336731448E-04  0.15842610293936E-04 -0.98608615926612E-03
  0.29456125133308E-04  0.37465203373222E-05 -0.98581499687315E-03
  0.19297626129829E-04  0.26204389459418E-04 -0.98484135400327E-03
  0.71232050276525E-04 -0.68810742618287E-05 -0.15432843971899E-03
  0.19940439503262E-04  0.14089653550313E-04 -0.98421408696980E-03
  0.43573187415139E-04 -0.11389956798798E-04 -0.15953467972986E-03
  0.10936949153922E-04  0.59485091742284E-04 -0.98444633844267E-03
 -0.45865549173142E-05  0.12376274124773E-03 -0.19187866522230E-03
  0.92507177617366E-04 -0.93709908299774E-06 -0.14559289580083E-03
  0.70313359959278E-05  0.65237044926856E-04 -0.98533017176905E-03
  0.53745549944751E-05  0.71338410642800E-04 -0.98626036309419E-03
  0.52372269003455E-04  0.79068993591551E-04 -0.13122852932303E-03
  0.52785311246488E-05  0.74021010646176E-04 -0.98677752065082E-03
  0.88068771162277E-04  0.41367738281348E-04 -0.10892218145867E-03
  0.52034912709307E-05  0.71686908784839E-04 -0.98666034842540E-03
  0.10582900203256E-03  0.22310850590602E-04 -0.11588259208292E-03
  0.13874901953315E-04  0.11941295007871E-03 -0.17344089512464E-03
  0.17235714851690E-04  0.37644473016031E-04 -0.98561123305233E-03
  0.10572481958700E-03  0.44376729695133E-05 -0.13008677788569E-03
  0.15463756271505E-04  0.47971760623574E-04 -0.98648177452759E-03
  0.74593687655916E-04 -0.15265175283486E-04 -0.15419876021669E-03
  0.28805216883433E-04 -0.92695995850280E-05 -0.98561559554589E-03
  0.44439776584277E-04 -0.20036863689447E-04 -0.15953294486282E-03
  0.47577421493586E-05  0.59116350443897E-04 -0.98765483834280E-03
 -0.19980247609750E-04  0.11966493850453E-03 -0.14699030249252E-03
  0.49868243737281E-05  0.63980141157171E-04 -0.98805682455532E-03
  0.53142597343322E-05  0.90936272082253E-04 -0.96104944232540E-04
  0.68314452319397E-05  0.66770805117437E-04 -0.98849053844149E-03
  0.42778649926471E-04  0.48322809763068E-04 -0.50280509534374E-04
  0.81337909938717E-05  0.66525119708958E-04 -0.98918935152656E-03
  0.74494863964773E-04  0.24222835094726E-04 -0.47686969247695E-04
  0.11027384049924E-04  0.62337162306519E-04 -0.98856543226008E-03
  0.96231791758515E-04  0.14422360816801E-04 -0.73821955036995E-04
  0.13515190475872E-04  0.56700214314839E-04 -0.98740321270552E-03
  0.10679877838206E-03  0.95067852090067E-05 -0.10507059630005E-03
  0.95997657880456E-04 -0.10623941425015E-04 -0.14621855644659E-03
  0.61966272294330E-04 -0.33469065168780E-04 -0.97735616322304E-03
  0.15884069085987E-04 -0.11171735708037E-03 -0.19793726032526E-03
  0.63993040739454E-04 -0.37019987052008E-04 -0.98056675906816E-03
 -0.68362778791550E-04 -0.62356537772965E-04 -0.71406845076623E-04
 -0.24970222897397E-04 -0.29405979571672E-04 -0.98778281716504E-03
 -0.73825276662974E-04 -0.80751202644202E-04 -0.10371541342309E-03
 -0.99927560392987E-05 -0.30003879533766E-04 -0.98645068078477E-03
  0.48771849175781E-05 -0.28565755871274E-04 -0.98530489831306E-03
 -0.59401070259343E-04 -0.72238392945698E-04 -0.14377173157652E-03
 -0.39534231638169E-04 -0.26337842557628E-04 -0.98869706381585E-03
  0.18743552703467E-04 -0.25733799582839E-04 -0.98414276014273E-03
  0.32778362149161E-04 -0.21310426117598E-04 -0.98336811626893E-03
 -0.21687110118559E-04 -0.22199967531208E-04 -0.16231224803159E-03
  0.46277056209357E-04 -0.15750720272862E-04 -0.98262626043670E-03
 -0.10934603827408E-05  0.56844560379326E-05 -0.16947214178755E-03
  0.57068266084512E-04 -0.85142344432237E-05 -0.98099960945032E-03
  0.16829165053490E-04  0.27457332943050E-04 -0.17833600394880E-03
 -0.42012000500367E-04 -0.50186327468014E-04 -0.15427426587972E-03
 -0.61827883744789E-04 -0.32019386283012E-04 -0.47640139017865E-04
 -0.51717298599354E-04 -0.23509010172416E-04 -0.98781764686207E-03
 -0.65723634458091E-04  0.82333964465249E-05 -0.60205601994675E-04
  0.56299633115040E-04  0.24890811726216E-04 -0.97953414252933E-03
  0.67684596694518E-04  0.10695828562396E-04 -0.21259747788917E-03
  0.49877927301273E-04  0.33306827438712E-04 -0.97869057746689E-03
  0.86601108742562E-04  0.61742673554287E-05 -0.25881731976089E-03
  0.38394693270393E-04  0.41602337944506E-04 -0.97836980470416E-03
  0.79030865617418E-04  0.38972821243955E-04 -0.27114214965940E-03
  0.26946552182065E-04  0.50345864899610E-04 -0.97888808669544E-03
  0.62186898289405E-04  0.96303281781087E-04 -0.27728027693619E-03
 -0.63010634167349E-04 -0.42397915014004E-04 -0.98091575017630E-03
 -0.70777147752516E-04  0.44168417824445E-04 -0.20898362720657E-03
 -0.67733436440305E-04 -0.35062087909933E-04 -0.98282712454814E-03
 -0.91339698209324E-04  0.71200328005884E-04 -0.17928885202483E-03
 -0.66450032320618E-04 -0.28699559053179E-04 -0.98501896515502E-03
 -0.83438588053023E-04  0.51301834252928E-04 -0.11902233948308E-03
 -0.60506301912838E-04 -0.23954455008762E-04 -0.98655041706365E-03
  0.63934548356314E-04  0.17012809833628E-05 -0.97950380038541E-03
  0.41767840620792E-04  0.29860166096339E-04 -0.16891986069229E-03
  0.37635103698152E-04  0.37138214905143E-04 -0.19601477770435E-03
  0.69157079775837E-04  0.29642354189003E-04 -0.23976677095869E-03
 -0.44375532446253E-04 -0.22970182228524E-04  0.66071252169018E-06
 -0.29494393429132E-04 -0.27258787546750E-04 -0.98985815254706E-03
 -0.54480924349400E-04 -0.51541169318990E-04 -0.30406512534372E-04
 -0.14202227713331E-04 -0.31043975953901E-04 -0.98880650063142E-03
 -0.63440120478392E-04 -0.74629099425417E-04 -0.70627326037463E-04
  0.55647126179244E-06 -0.32242221879058E-04 -0.98760819796922E-03
 -0.43043635676206E-04 -0.22773204370459E-04 -0.98994975170779E-03
 -0.66093118032539E-04 -0.86203836612951E-04 -0.10612264346102E-03
 -0.59982718894124E-04 -0.84407922989677E-04 -0.13244204981604E-03
  0.30550654783856E-04 -0.29869620223250E-04 -0.98432773237084E-03
 -0.47645731865417E-04 -0.70634688612098E-04 -0.14913615578834E-03
  0.44469466258759E-04 -0.26367746290993E-04 -0.98324626792709E-03
 -0.30002373423249E-04 -0.46747053243742E-04 -0.15974171162456E-03
  0.57145697999740E-04 -0.20944787886989E-04 -0.98165354004567E-03
  0.15670351495443E-04 -0.31556976520370E-04 -0.98602634974556E-03
 -0.43006597652783E-04  0.98640870961734E-05  0.11965549855015E-05
 -0.53327821481320E-04 -0.20820890458636E-04 -0.98895750050042E-03
 -0.56924986410290E-04  0.49012817963843E-04 -0.45574049512686E-04
  0.59749734069403E-04  0.21529111963252E-04 -0.97677552748168E-03
  0.10267217820152E-03  0.17566354442814E-04 -0.29865538995610E-03
  0.49402503197716E-04  0.31514518067360E-04 -0.97572868695416E-03
  0.11101707732152E-03  0.29994921671224E-04 -0.32255286167859E-03
  0.35599661293824E-04  0.41067793419463E-04 -0.97635752808017E-03
  0.94986769058519E-04  0.72250062245463E-04 -0.31392719455322E-03
  0.21707102882295E-04  0.51160609362414E-04 -0.97682648040246E-03
  0.79503126235106E-04  0.11798818057404E-03 -0.31841815950721E-03
 -0.57708728067887E-04 -0.42481476893427E-04 -0.98273757469541E-03
 -0.36659721964991E-04  0.29343074505479E-04 -0.18662010828763E-03
 -0.64555734630442E-04 -0.35032577651743E-04 -0.98442747371201E-03
 -0.67783240958707E-04  0.76600305094837E-04 -0.16406627840550E-03
 -0.66002642743972E-04 -0.28195486453873E-04 -0.98636766949328E-03
 -0.74280293998377E-04  0.81216413010299E-04 -0.11683882539716E-03
 -0.60990882586252E-04 -0.22914346383073E-04 -0.98785820565981E-03
  0.64571491364039E-04  0.12051675207466E-04 -0.97837720192471E-03
 -0.94171107354100E-05 -0.18926272910764E-04 -0.17171451806374E-03
  0.57644602616191E-04  0.15612772503651E-04 -0.98026148939006E-03
  0.53895177115141E-04  0.50279378560100E-05 -0.98116594851011E-03
 -0.66325494376476E-04 -0.56941647168394E-04 -0.15507805158895E-03
 -0.18659691260243E-04 -0.18938105589465E-04 -0.98388359011952E-03
 -0.47033064442251E-04 -0.31895064928406E-04 -0.15872736073606E-03
 -0.51106173032104E-05 -0.15211287695397E-04 -0.98318899522257E-03
 -0.26382039164313E-04 -0.35202512700785E-05 -0.16131705651226E-03
  0.78147735878286E-05 -0.10757130855987E-04 -0.98284971129991E-03
 -0.32766563355547E-04 -0.21282842146924E-04 -0.98446230224513E-03
 -0.66989771738005E-05  0.21822052031880E-04 -0.16206773488651E-03
  0.88922033640525E-05  0.38559496652674E-04 -0.15677379335459E-03
  0.31909547027769E-04 -0.99188750266401E-07 -0.98331326667435E-03
  0.17701252853480E-04  0.43866869200076E-04 -0.14251543959176E-03
  0.41345500520006E-04  0.78855141829218E-05 -0.98247115112551E-03
  0.20473295103161E-04  0.38623406331402E-04 -0.12223609916905E-03
  0.47732252953616E-04  0.17570754916995E-04 -0.98154825568395E-03
  0.20761940507549E-04 -0.57536737586063E-05 -0.98304010955397E-03
 -0.82563299407908E-04 -0.71431651891076E-04 -0.15159745058198E-03
 -0.46016696485225E-04 -0.21386171037896E-04 -0.98465848788258E-03
 -0.96689675703806E-04 -0.68965618841328E-04 -0.15723400032348E-03
  0.34192549177672E-04  0.39932562111500E-04 -0.98253688078255E-03
  0.47803055327314E-04 -0.13763058213172E-04 -0.17054806467562E-03
  0.26682369155930E-04  0.46355243726997E-04 -0.98304882971233E-03
  0.33890396299643E-04  0.22412134005966E-04 -0.18570678318388E-03
  0.18493831540013E-04  0.53026125995946E-04 -0.98385267114912E-03
  0.78572341793161E-05  0.81107786195168E-04 -0.18759566589157E-03
 -0.59242493845268E-04 -0.39548468592824E-04 -0.97602365699651E-03
 -0.12511458392861E-03 -0.21699305192508E-05 -0.31016553431302E-03
 -0.65650333635970E-04 -0.32328472903305E-04 -0.97810012343659E-03
 -0.14951076877181E-03  0.16392188264579E-04 -0.29993353245748E-03
 -0.65974177401278E-04 -0.26007418470494E-04 -0.98040265896621E-03
 -0.14206511267696E-03 -0.43246093816048E-05 -0.25299921302574E-03
 -0.61566611203061E-04 -0.21390038904682E-04 -0.98232345594724E-03
 -0.11591805294232E-03 -0.42858378451646E-04 -0.18997839128036E-03
 -0.55170052728797E-04 -0.21079766324487E-04 -0.98370910296416E-03
  0.24062016671350E-04  0.23852463388199E-04 -0.11061534634472E-03
  0.27879244287746E-04  0.41437166634712E-04 -0.15835507547776E-03
  0.48685815503349E-04  0.27164694262411E-04 -0.98124599918287E-03
  0.45601036346242E-04  0.34796969513948E-04 -0.98088458460208E-03
 -0.35459592007081E-04 -0.25991027981688E-04 -0.98660949496317E-03
 -0.79885053043886E-04 -0.79948865548954E-04 -0.13074115259973E-03
 -0.21115235517583E-04 -0.26425429149649E-04 -0.98561182309648E-03
 -0.71041861092052E-04 -0.73763417412884E-04 -0.14454181383418E-03
 -0.68274266195193E-05 -0.24351273304727E-04 -0.98437918894432E-03
 -0.55121295939095E-04 -0.54118131635015E-04 -0.15226963439865E-03
 -0.82996978453089E-04 -0.69553754652309E-04 -0.11373595355719E-03
  0.73058414804065E-05 -0.20909424061636E-04 -0.98369847423527E-03
  0.20490848314971E-04 -0.16463448045537E-04 -0.98321311792925E-03
 -0.13349291224115E-04  0.13985298968592E-05 -0.16282663807570E-03
  0.33542266621971E-04 -0.10565442711905E-04 -0.98297386329374E-03
  0.55395774295345E-05  0.25332075127223E-04 -0.16572501613714E-03
  0.45140085931814E-04 -0.37672570188219E-05 -0.98240783908994E-03
  0.19014051423740E-04  0.39437625451174E-04 -0.16323174470554E-03
 -0.34435911816714E-04 -0.26849548133968E-04 -0.15755109801560E-03
 -0.48742999294255E-04 -0.24376905686096E-04 -0.98637215063984E-03
 -0.86151707592116E-04 -0.41003998215761E-04 -0.11150148254638E-03
 -0.57895095643028E-04 -0.23738256750992E-04 -0.98532645672581E-03
  0.58280102991364E-04 -0.99228808757352E-05 -0.18327642979080E-03
  0.37999443894681E-04  0.41609087356118E-04 -0.98088053649658E-03
  0.59985400793273E-04  0.56205877098843E-05 -0.21498675169775E-03
  0.28387769167262E-04  0.48902723497538E-04 -0.98111067386389E-03
  0.40834332987842E-04  0.57142313742365E-04 -0.22098808349931E-03
  0.18398975149923E-04  0.56541098996297E-04 -0.98136657754890E-03
  0.24337161559106E-04  0.11536011854953E-03 -0.23508728253711E-03
 -0.56533213553206E-04 -0.46502806561501E-04 -0.97810109710396E-03
 -0.82044367253652E-04 -0.49204018979354E-05 -0.27095215638355E-03
 -0.65253105256798E-04 -0.39487624024364E-04 -0.97928314404797E-03
 -0.11178115444218E-03  0.38878223885347E-04 -0.25107718554206E-03
 -0.68177406434297E-04 -0.31660670345167E-04 -0.98162698396493E-03
 -0.11908195269171E-03  0.40419217179603E-04 -0.21283518950498E-03
 -0.64113797187927E-04 -0.26188123738639E-04 -0.98383817746451E-03
 -0.10061421290680E-03  0.26276713621231E-05 -0.14998993753774E-03
  0.37982398552069E-04  0.39021102049728E-05 -0.13279359890016E-03
  0.66584506446211E-04 -0.12771423587516E-04 -0.97951835405180E-03
  0.14982913353042E-04  0.62011613632025E-05 -0.19283551891143E-03
  0.69565030465751E-04 -0.27758289518160E-05 -0.97740547641575E-03
 -0.14263678911267E-04  0.47908019588763E-05  0.82166623649640E-04
 -0.77744479975401E-05 -0.16060408218958E-04 -0.99233894078780E-03
 -0.16960505375011E-04 -0.83645403679947E-05  0.76402004195814E-04
  0.42429859547637E-05 -0.22429416178735E-04 -0.99195897619008E-03
 -0.22265432792162E-04 -0.22667273705891E-04  0.57303503517205E-04
  0.16984650083513E-04 -0.27470749915288E-04 -0.99146828317416E-03
 -0.20394468567232E-04 -0.89905207511716E-05 -0.99280988358065E-03
 -0.28546552512123E-04 -0.39560953782535E-04  0.26440722165162E-04
 -0.34274954637685E-04 -0.59274168950981E-04 -0.14366461257956E-04
  0.45574004680904E-04 -0.35605989657624E-04 -0.98831035158730E-03
 -0.38498653456088E-04 -0.79214963731039E-04 -0.59764061729658E-04
  0.57637822493085E-04 -0.37541461826728E-04 -0.98528685510850E-03
 -0.36974238361899E-04 -0.95548639903234E-04 -0.10984381484837E-03
  0.66576932831352E-04 -0.36919508162934E-04 -0.98106533013166E-03
  0.31487068607129E-04 -0.32050600248836E-04 -0.99021755943290E-03
 -0.17037952018815E-04  0.21060264065519E-04  0.67617196778314E-04
 -0.30918136771092E-04 -0.32825908602271E-05 -0.99222659641114E-03
 -0.29878272012791E-04  0.48653751611762E-04  0.19412823420948E-04
  0.66361520664219E-04 -0.13670617800534E-04 -0.97434350785626E-03
  0.80849002754337E-04 -0.55868559592650E-04 -0.30921391906982E-03
  0.55827744207738E-04 -0.36790369103087E-05 -0.97241546227912E-03
  0.89513638993176E-04 -0.33056818685423E-04 -0.31517402260743E-03
  0.38453141932309E-04  0.67997111816290E-05 -0.97204536176947E-03
  0.59493279946019E-04 -0.96706567150017E-06 -0.27991729622035E-03
  0.18540047691265E-04  0.16951315797048E-04 -0.97272363139000E-03
  0.31801752970546E-04  0.22044118319954E-04 -0.25704706476117E-03
 -0.48126444584284E-04 -0.14919698650680E-04 -0.98632124300999E-03
 -0.39816911492023E-04  0.69152527601302E-04 -0.15030533034190E-03
 -0.50860938066869E-04 -0.84013954465246E-05 -0.98797992928199E-03
 -0.58568359903050E-04  0.96282463767059E-04 -0.12194513922988E-03
 -0.47821531642322E-04 -0.29736937764946E-05 -0.99011448377912E-03
 -0.50799314281078E-04  0.83086204208298E-04 -0.57893294481375E-04
 -0.39283446128764E-04 -0.95111643976213E-06 -0.99148115159169E-03
 -0.22539698513765E-04 -0.10538807085959E-03 -0.16625771468112E-03
  0.32368833097063E-04 -0.67759006832613E-04 -0.25225555478485E-03
  0.68086909609878E-04 -0.32449853086359E-04 -0.97757348954059E-03
  0.65146945051306E-04 -0.25594302325435E-04 -0.97548928121161E-03
 -0.75571445854079E-05 -0.49592803483036E-05 -0.99325374546730E-03
 -0.86433643439532E-05  0.26190855479270E-05  0.92126373015156E-04
  0.36896740982015E-05 -0.12018628981681E-04 -0.99290224699041E-03
 -0.10750262799556E-04 -0.67040588866601E-05  0.86191485173946E-04
  0.15559679985614E-04 -0.18259837284439E-04 -0.99287724220259E-03
 -0.13359125428933E-04 -0.16922891341730E-04  0.71008984631835E-04
 -0.98532948148118E-05  0.14104845921144E-04  0.84188287205316E-04
  0.28257327352922E-04 -0.24899627781184E-04 -0.99208349085322E-03
  0.40855337511510E-04 -0.30526114233310E-04 -0.99026591733098E-03
 -0.20241038285728E-04 -0.46314802501357E-04  0.11320538915526E-04
  0.52650230432058E-04 -0.35305266703972E-04 -0.98768815797745E-03
 -0.20119661173557E-04 -0.66709171617415E-04 -0.38574761580151E-04
  0.61060309598803E-04 -0.38186324173584E-04 -0.98448434910982E-03
 -0.10666522928136E-04 -0.89585112872366E-04 -0.10788634225257E-03
 -0.16724080149549E-04 -0.30188319485886E-04  0.46649800595465E-04
 -0.18677699465628E-04  0.24560104815159E-05 -0.99272168539884E-03
 -0.18540278902474E-04  0.34397109424710E-04  0.51021342595175E-04
 -0.28226396383720E-04  0.72767647336535E-05 -0.99176089166515E-03
  0.61152733149316E-04 -0.10357371951922E-03 -0.30098451278559E-03
  0.56422942905307E-04 -0.18100626711332E-04 -0.97302587259117E-03
  0.81813695037130E-04 -0.80337391831455E-04 -0.31832338842449E-03
  0.41338569813792E-04 -0.96576592209991E-05 -0.97194944622074E-03
  0.58201289561694E-04 -0.39636299990555E-04 -0.28305468375003E-03
  0.21464325665016E-04 -0.11846679740119E-05 -0.97215664237846E-03
  0.26633025051875E-04 -0.61181311280382E-05 -0.25458522094058E-03
  0.26058197219637E-06  0.85801277096793E-05 -0.97283306481525E-03
  0.84951829526241E-05  0.11344052641156E-04 -0.24909641312868E-03
 -0.44356662067774E-04 -0.23652130422302E-05 -0.98714072762851E-03
 -0.49642649656167E-04  0.91213105030846E-04 -0.14050711808192E-03
 -0.43128726031749E-04  0.35859400669382E-05 -0.98912964996796E-03
 -0.53626430246836E-04  0.96530400642454E-04 -0.94982473803810E-04
 -0.36581826291276E-04  0.69571879183749E-05 -0.99106761552076E-03
 -0.36721169204540E-04  0.67478887456519E-04 -0.17289987499174E-04
  0.12393106896501E-04 -0.10886318728023E-03 -0.23455651340970E-03
  0.70748274870030E-04 -0.22255760224050E-04 -0.97578738876593E-03
 -0.12758778733622E-04 -0.80036686073411E-04 -0.19564370560257E-03
  0.69946548082476E-04 -0.29149552023185E-04 -0.97838418101164E-03
 -0.32214532783294E-04 -0.21640067498503E-04 -0.99136951197483E-03
 -0.31857209295953E-04 -0.16036381540769E-04  0.35932185554574E-04
 -0.18494891833417E-04 -0.27069982955414E-04 -0.99088636075220E-03
 -0.41795053850200E-04 -0.40375664546177E-04  0.61982014619947E-05
 -0.42519245834838E-05 -0.30695584014197E-04 -0.98972415288491E-03
 -0.51984019176877E-04 -0.63724840715087E-04 -0.36011670366433E-04
 -0.29381116660896E-04  0.87223503408240E-05  0.40735429364706E-04
  0.11423129280527E-04 -0.32908380379283E-04 -0.98842553233602E-03
  0.26610148196922E-04 -0.33994909540195E-04 -0.98659816201817E-03
 -0.56987304562678E-04 -0.89518760768832E-04 -0.11429972285946E-03
  0.40767786054491E-04 -0.33423073994933E-04 -0.98478786643681E-03
 -0.50087779257568E-04 -0.85577253327710E-04 -0.13906684839279E-03
  0.54478354378892E-04 -0.30690953460330E-04 -0.98328901108771E-03
 -0.36015911179193E-04 -0.70297587671368E-04 -0.15687037387264E-03
 -0.57355346482069E-04 -0.81641958389273E-04 -0.78889017190280E-04
 -0.43947645284419E-04 -0.17229408854219E-04 -0.99062854026309E-03
 -0.38883720692715E-04  0.40322022523013E-04  0.67692780633185E-05
 -0.52400039274324E-04 -0.16149684112890E-04 -0.99007353675751E-03
  0.50498807369759E-04  0.18504300792784E-04 -0.23695665454821E-03
  0.66895560740302E-04  0.69082332755902E-05 -0.97550690724333E-03
  0.95834985471824E-04  0.15825554726248E-04 -0.30473019858277E-03
  0.58662267268182E-04  0.17155540698829E-04 -0.97401323224600E-03
  0.12049406102258E-03  0.18177847731157E-04 -0.34541504575904E-03
  0.43965357432381E-04  0.28011329576877E-04 -0.97411769132847E-03
  0.10781715326474E-03  0.44391697371036E-04 -0.33175981832126E-03
  0.27695882376006E-04  0.38845733076448E-04 -0.97488686402101E-03
  0.82620056558067E-04  0.79429760548969E-04 -0.30889927292315E-03
 -0.58760071505129E-04 -0.31797006369686E-04 -0.98530879310191E-03
 -0.46454415818273E-04  0.63043468374873E-04 -0.16009455815037E-03
 -0.62023024802453E-04 -0.24925684089588E-04 -0.98692210332941E-03
 -0.66899813297139E-04  0.90587247769115E-04 -0.12899453372748E-03
 -0.59362470847922E-04 -0.18968599804172E-04 -0.98895308450568E-03
 -0.58709625208314E-04  0.76242992240283E-04 -0.64184207942371E-04
  0.65944811377754E-04 -0.25420832183399E-04 -0.98050012227531E-03
 -0.15993134715239E-04 -0.48353920888199E-04 -0.17747072923485E-03
  0.70913897107613E-04 -0.17465270572912E-04 -0.97718453278446E-03
  0.16816385070801E-04 -0.27085547953980E-04 -0.21516639549975E-03
 -0.20008997251857E-04  0.67222195203214E-05  0.66310339102069E-04
 -0.20409116169055E-04 -0.19326886935514E-04 -0.99209791927189E-03
 -0.23497169795104E-04 -0.11251153022326E-04  0.60144136498535E-04
 -0.73466882098533E-05 -0.24926748225675E-04 -0.99129073665459E-03
 -0.31420185949521E-04 -0.30462829731159E-04  0.35235060975734E-04
  0.67621890406497E-05 -0.29497341992813E-04 -0.99064451085765E-03
 -0.40014209931967E-04 -0.51422391440006E-04 -0.24849862979194E-05
  0.21587146606076E-04 -0.33212099478862E-04 -0.98924882452455E-03
 -0.46725077605127E-04 -0.71788492197901E-04 -0.46832506465870E-04
  0.36246021026868E-04 -0.35372994561738E-04 -0.98750665587547E-03
 -0.49845044449744E-04 -0.87104788774212E-04 -0.88939902460605E-04
  0.50204521879994E-04 -0.35973434834251E-04 -0.98585975657714E-03
 -0.46961865377137E-04 -0.94432386701883E-04 -0.12438617465517E-03
  0.62430640261422E-04 -0.34287901318842E-04 -0.98260084239150E-03
 -0.36785738614098E-04 -0.91253176962306E-04 -0.15680966830538E-03
 -0.32451456307488E-04 -0.13219474227802E-04 -0.99214679988421E-03
  0.39418908997177E-04  0.34511128704287E-04 -0.98262759089137E-03
 -0.26363183986441E-04  0.30057017045514E-04  0.42982432644710E-04
 -0.44038068868881E-04  0.63721053861080E-04 -0.19254251680984E-04
  0.70592434608769E-04 -0.83351866860359E-05 -0.97521251896732E-03
  0.66893634710710E-04 -0.15921025564893E-04 -0.27855713764037E-03
  0.64520607645924E-04  0.11423724041532E-05 -0.97359914793616E-03
  0.10606549177607E-03 -0.10227123192578E-04 -0.33208879788241E-03
  0.51416846861220E-04  0.12973930722914E-04 -0.97269696805223E-03
  0.10183827582723E-03  0.10108719602447E-04 -0.32669604282010E-03
  0.33620652225107E-04  0.23871257247949E-04 -0.97299797477498E-03
  0.71457229258198E-04  0.38335744412062E-04 -0.29153078205808E-03
  0.14840675672905E-04  0.34665750611502E-04 -0.97327003764751E-03
  0.47587216713647E-04  0.59570174422506E-04 -0.27530416052538E-03
 -0.56036213326167E-04 -0.19881742628883E-04 -0.98694917661183E-03
 -0.56040581312959E-04  0.85354772407651E-04 -0.14136105583341E-03
 -0.55603055914117E-04 -0.13681664143427E-04 -0.98881711701771E-03
 -0.60913687118107E-04  0.91995999680917E-04 -0.94917333774417E-04
 -0.50266371607048E-04 -0.99466025988783E-05 -0.99054435624150E-03
 -0.42281503035215E-04 -0.94850469070740E-05 -0.99131391756249E-03
 -0.71052707814997E-04 -0.83719389291146E-04 -0.12835888475305E-03
 -0.77860174857639E-05  0.23313128660314E-04 -0.25186780624151E-03
 -0.36602796022352E-04 -0.53886843948836E-04 -0.98001337219484E-03
 -0.29792856896179E-04 -0.50487116221437E-04 -0.97559298060726E-03
 -0.35958967648256E-04 -0.10893309329079E-03 -0.34656859023461E-03
 -0.10450014534334E-04 -0.51676867265756E-04 -0.97657115195655E-03
 -0.98810705949726E-05 -0.10066295144583E-03 -0.30761260007461E-03
  0.84505750863441E-05 -0.49229515989263E-04 -0.97874782890866E-03
  0.26205131030972E-04 -0.75221036840775E-04 -0.25087928705210E-03
  0.22729914770664E-04 -0.43067167000236E-04 -0.98104495420519E-03
 -0.64264966108539E-04 -0.55647691209720E-04 -0.31443281267740E-03
 -0.32925451227140E-04 -0.42181981187682E-04 -0.97418844736521E-03
 -0.29383589319630E-04 -0.88711415072108E-04 -0.32646019343382E-03
 -0.13590827464311E-04 -0.46170763059576E-04 -0.97466621662072E-03
  0.46684108347913E-05 -0.10992669828012E-03 -0.32545848863257E-03
  0.61623796579885E-05 -0.46682165910060E-04 -0.97599528662279E-03
 -0.34541729834415E-04 -0.29129158774325E-04 -0.97295378161933E-03
 -0.21428821727326E-04 -0.46009151104979E-04 -0.28158062871242E-03
 -0.15885873085597E-04 -0.35471332591254E-04 -0.97365119343384E-03
  0.10413228875347E-04 -0.80727548945370E-04 -0.29774408830483E-03
  0.37044367642262E-05 -0.38984691625257E-04 -0.97406009564001E-03
 -0.15363970120414E-04 -0.12406008449767E-04 -0.25531482520665E-03
 -0.17834746102523E-04 -0.20348811867647E-04 -0.97305007997442E-03
 -0.20353750837940E-04 -0.67330534028740E-04 -0.26645692569939E-03
 -0.58569003296040E-04 -0.87679547530020E-04 -0.34300304890099E-03
 -0.46919585243512E-04 -0.46342395791631E-04 -0.97543649174004E-03
 -0.56789523045738E-04 -0.21794843145543E-04 -0.27957809873168E-03
  0.30780227660434E-04 -0.29425435148022E-04 -0.98431932504950E-03
 -0.88552098538055E-04 -0.45487347694219E-04 -0.31977088370166E-03
 -0.19406552520438E-04 -0.53098008252128E-04 -0.98084367604092E-03
 -0.38584811287150E-04 -0.61225870543454E-04 -0.23549793967788E-03
 -0.24940777243152E-05 -0.49799181694111E-04 -0.98177965052148E-03
 -0.38597483392163E-04 -0.40464814948825E-04 -0.19823326442119E-03
  0.11328099456670E-04 -0.43429298233958E-04 -0.98356508866468E-03
 -0.20265838549626E-04  0.18257614137753E-04 -0.97197495863126E-03
  0.21097478108040E-04 -0.34085836859683E-04 -0.98463756355062E-03
  0.11889460155174E-04 -0.24269994196824E-04 -0.16605001375021E-03
  0.26525391292001E-04 -0.21793836572371E-04 -0.98523740377989E-03
 -0.25322032966139E-04 -0.79198286953321E-04 -0.26956967475274E-03
 -0.42935309377983E-04 -0.52181298608176E-04 -0.97783147511690E-03
 -0.54631316405939E-04 -0.62006989127263E-04 -0.30367870029803E-03
  0.22371420006047E-04 -0.39786049517510E-04 -0.98319033188891E-03
  0.40772356915056E-04 -0.32776863047285E-04 -0.17651089314746E-03
  0.99447980610411E-05 -0.47979298455461E-04 -0.98126840178087E-03
 -0.26915349083073E-04 -0.68417875335497E-04 -0.25324168751131E-03
  0.28803387209664E-05 -0.45613480546898E-04 -0.20481472747788E-03
 -0.38842076114889E-04 -0.93321649074414E-04 -0.30902209166632E-03
 -0.25355929127676E-04 -0.54281182313415E-04 -0.97806120228126E-03
 -0.42453356991339E-04 -0.96609595812017E-04 -0.32977192518918E-03
 -0.67008417157974E-05 -0.52605526486327E-04 -0.97954783230275E-03
  0.32880856581533E-04  0.11531015326163E-04  0.13253858440712E-02
  0.30896173493015E-04 -0.66537298953201E-05  0.33757754841743E-03
  0.17670475444561E-04  0.77904448480424E-05  0.13283470783896E-02
  0.14246985751637E-04 -0.25068690241974E-04  0.31702819361985E-03
  0.75972068717530E-06  0.37109844653570E-05  0.13307976062155E-02
  0.29631540794070E-05 -0.33551209506342E-04  0.28577810039690E-03
 -0.74683071096193E-05 -0.26398968019772E-04  0.20766467797966E-03
 -0.34004475167169E-05 -0.32469536318850E-04  0.24739218525399E-03
 -0.35215781798306E-04 -0.66385252951496E-05  0.13361895300913E-02
  0.50470038987152E-04  0.15963885803598E-04  0.34684478005503E-03
 -0.51802229145910E-04 -0.12447249520514E-04  0.13384616953647E-02
 -0.13535228598735E-04 -0.20640923498290E-04  0.17687355158290E-03
 -0.63980229629688E-04 -0.18205510765227E-04  0.13395032043689E-02
 -0.17155930476064E-04 -0.11520020549688E-05  0.13335275411837E-02
  0.46605623330649E-04  0.15053448535929E-04  0.13209215315343E-02
  0.11678754247266E-03  0.40652400079376E-04  0.34694457718348E-03
  0.57778940203736E-04  0.18534233504549E-04  0.13136207030345E-02
  0.91438062855809E-04  0.44297543177074E-04  0.34038161457801E-03
  0.64566139379653E-04  0.21092866828935E-04  0.13031708959211E-02
  0.65514172219621E-04  0.23533579737324E-04  0.12908131834909E-02
  0.14751588964459E-03  0.27023964378373E-04  0.38464325846981E-03
  0.59948565917098E-04  0.28279326668755E-04  0.12789683360318E-02
  0.16149030089029E-03  0.25215090235452E-04  0.42719389960807E-03
  0.47992660182861E-04  0.35697487071963E-04  0.12698520068683E-02
  0.13296047168440E-03  0.60179028198281E-04  0.43889221646923E-03
 -0.15860437933826E-04 -0.66608919384035E-04  0.13185264030942E-02
 -0.82700615215371E-05 -0.99113697028008E-04  0.34163490243336E-03
 -0.28088450469036E-04 -0.56723048521387E-04  0.13208505093857E-02
 -0.37005637629612E-04 -0.54218685648138E-04  0.33833113949662E-03
 -0.23229386626007E-04 -0.18351042154628E-04  0.16731753028151E-03
  0.70790455218597E-04  0.34865654541137E-04  0.34597292469259E-03
 -0.68961252013464E-04 -0.24753553167288E-04  0.13379601826799E-02
  0.22047364760280E-05  0.16590423903468E-04  0.13277122944466E-02
 -0.66843963677185E-04 -0.33083309711431E-04  0.13329569110984E-02
  0.51984017158461E-04  0.40748117165469E-04  0.34559182741578E-03
  0.18866826067631E-04  0.20871783373854E-04  0.13270543450673E-02
  0.32667320079802E-04  0.15872476257694E-04  0.34516799013679E-03
 -0.41774334338903E-04 -0.46114755548444E-04  0.13270375551899E-02
  0.14738750689133E-04 -0.81984412679817E-05  0.33301993358511E-03
 -0.15890771422695E-04  0.11548138388518E-04  0.13286839704492E-02
  0.33963398796518E-04  0.25042796646673E-04  0.13256665488107E-02
  0.96684091718456E-06 -0.24383850184761E-04  0.30963052613898E-03
 -0.81873108811221E-05 -0.30404654403359E-04  0.27576657514181E-03
 -0.52167579591440E-04 -0.12817359060778E-05  0.13320323139307E-02
 -0.14718324457000E-04 -0.28643136190433E-04  0.23625551062827E-03
 -0.66947744439380E-04 -0.79700372590898E-05  0.13333434115192E-02
 -0.22653641500368E-04 -0.25014693037179E-04  0.20275102009738E-03
 -0.76354529270420E-04 -0.15545461997482E-04  0.13328276198321E-02
 -0.34524763751054E-04  0.53854651310238E-05  0.13304418011173E-02
 -0.38800664157609E-04 -0.17785585732701E-04  0.19232165946362E-03
  0.68126778166807E-04  0.57224592485316E-04  0.33291859262510E-03
  0.79084455753014E-04  0.59281950191785E-04  0.31092347285860E-03
 -0.55073030452004E-04 -0.19603670414240E-04  0.25509569181289E-03
 -0.58270731607900E-04 -0.43718896905901E-04  0.13259278891773E-02
 -0.56878025191932E-04 -0.37796903839088E-04  0.32129486869504E-03
 -0.44748105149447E-04 -0.55871114047988E-04  0.13188553406146E-02
 -0.34423211501984E-04 -0.82496027094106E-04  0.35036908226944E-03
 -0.30468906558421E-04 -0.67722251162621E-04  0.13136449760012E-02
  0.47702598013110E-04  0.28121659861528E-04  0.13219603448289E-02
  0.12254017383499E-03  0.19957917650788E-04  0.40406591989821E-03
  0.12572506895875E-03  0.68846086890336E-05  0.35936326443509E-03
  0.64937676309895E-04  0.33670729164117E-04  0.12959832849922E-02
  0.10494887906786E-03  0.25093331992711E-04  0.30817986671599E-03
  0.64340727194880E-04  0.31453071561692E-04  0.13060902238509E-02
  0.88403248405648E-04  0.46882600576711E-04  0.29386273282897E-03
  0.58098548959860E-04  0.30424618077626E-04  0.13154596593884E-02
  0.58561970255899E-04  0.39151131146151E-04  0.12867619509369E-02
 -0.51613354790983E-04 -0.21999081699290E-04  0.28943448985816E-03
  0.63748885282171E-04  0.50115584675560E-05  0.13028885125809E-02
 -0.44273450804488E-04 -0.14734391265589E-04  0.21898298316815E-03
 -0.47085548609332E-04 -0.23545244927191E-04  0.13457769211441E-02
 -0.25723093585897E-04 -0.12443288366980E-04  0.15294387304929E-03
 -0.42816007449285E-04 -0.21192299112253E-04  0.13490433678987E-02
 -0.15777361564285E-04 -0.13912442581559E-04  0.14463870370752E-03
 -0.33097220992334E-04 -0.20133485868750E-04  0.13492392892613E-02
 -0.75756174621982E-05 -0.17854661623826E-04  0.15257966192687E-03
 -0.19039410464060E-04 -0.19148751811986E-04  0.13469795162102E-02
 -0.17666097817860E-05 -0.23439256962965E-04  0.17044779987274E-03
 -0.28105524095788E-05 -0.18500978769494E-04  0.13436267616370E-02
  0.32022085561396E-05 -0.29756297259226E-04  0.19588426821106E-03
  0.13713552207874E-04 -0.18056867026439E-04  0.13387893723908E-02
  0.84415752754543E-05 -0.35191862420487E-04  0.22656233628499E-03
  0.29801898167986E-04 -0.17804456469933E-04  0.13336369879575E-02
  0.15322185487753E-04 -0.38267555081672E-04  0.26110827191173E-03
  0.44148564893171E-04 -0.17627713963960E-04  0.13272466483734E-02
  0.27151055687458E-04 -0.39048125051164E-04  0.29539183235555E-03
  0.54910746525894E-04 -0.16470844607834E-04  0.13186679120402E-02
 -0.95589494595591E-05 -0.38755712453297E-04  0.13257271793704E-02
  0.65121082709207E-05 -0.90334134515335E-04  0.34162167003851E-03
  0.10891716294651E-05 -0.46975370176247E-04  0.13245041771991E-02
  0.10359191798065E-03  0.21628701649504E-04  0.37532503796805E-03
  0.32425003084987E-04  0.94506369659330E-05  0.12479688020685E-02
  0.15546182315130E-03 -0.10009409668841E-04  0.42411544069400E-03
 -0.37822161055978E-04 -0.12069887908440E-04  0.19024252515382E-03
  0.49363628399172E-04  0.40100145064394E-06  0.12585285358464E-02
  0.60893008209050E-04 -0.67021683029850E-05  0.12737517712821E-02
  0.11625917307303E-03 -0.29604510915614E-04  0.39832335205515E-03
  0.64670314171590E-04 -0.10803553468764E-04  0.12905517440794E-02
  0.75308240458142E-04 -0.33723615438712E-04  0.36110884438652E-03
  0.62187540095762E-04 -0.14405656657217E-04  0.13060788877799E-02
  0.45885979712854E-04 -0.37133359144089E-04  0.32794732684945E-03
  0.15591704522091E-03 -0.25320243276865E-04  0.43215103245451E-03
 -0.45448658766644E-04 -0.27846109799971E-04  0.13399109671754E-02
 -0.47199049099542E-04 -0.13062825458910E-04  0.25704351328366E-03
 -0.37416615663527E-04 -0.34925078189586E-04  0.13331728823900E-02
  0.14750104209093E-04 -0.35040611842765E-04  0.29290094716670E-03
  0.15851236931152E-04 -0.62309178665477E-05  0.13327039479562E-02
  0.61832694894029E-05 -0.37036338918782E-04  0.25810625495570E-03
 -0.11276396310725E-05 -0.90221852400371E-05  0.13367058085384E-02
  0.43316706097606E-06 -0.32163727066361E-04  0.22090417571527E-03
 -0.18687893613135E-04 -0.11976217269427E-04  0.13402529691262E-02
  0.31887288248916E-04 -0.38376133445575E-05  0.13283020413574E-02
 -0.36827962261071E-05 -0.25074889552697E-04  0.18646502552333E-03
 -0.98424228247471E-05 -0.18440710315863E-04  0.16112657862891E-03
 -0.48786031898516E-04 -0.19564722727112E-04  0.13449436291496E-02
 -0.18168895001783E-04 -0.15231523273670E-04  0.15154359190056E-03
 -0.56763941088402E-04 -0.23724907947580E-04  0.13440555519296E-02
 -0.29897969831438E-04 -0.14552397080135E-04  0.16710157051379E-03
 -0.58089492467463E-04 -0.28824969453965E-04  0.13402730907124E-02
 -0.35003686946379E-04 -0.15765341630556E-04  0.13430999898417E-02
 -0.52672701655716E-04 -0.36259689337861E-04  0.13340070166009E-02
  0.28431147473008E-04 -0.25772697716881E-04  0.32064238909134E-03
  0.46811141600599E-04 -0.11544058749376E-04  0.34044350299297E-03
 -0.41547988535184E-04 -0.31351969670760E-04  0.31983093246728E-03
 -0.25144459231736E-04 -0.44093989693884E-04  0.13266283393701E-02
 -0.14615074321777E-04 -0.73732592801236E-04  0.34541412378633E-03
 -0.12640541097939E-04 -0.53392385183267E-04  0.13224438146383E-02
  0.15893016391124E-03  0.33811707934165E-04  0.43599488047620E-03
  0.49232477269298E-04  0.19899802097408E-04  0.12618459499212E-02
  0.45370215025627E-04 -0.13019945349415E-05  0.13227810431304E-02
  0.17420221326184E-03  0.16107217789783E-04  0.43586166333747E-03
  0.14461183921421E-03  0.17356099672105E-04  0.39995655897892E-03
  0.65791645082948E-04  0.83901927174931E-05  0.12887580041617E-02
  0.10430346119874E-03  0.15283466791391E-04  0.36921638726136E-03
 -0.35837115226397E-04 -0.23011628726483E-04  0.19461423543985E-03
  0.71757243464324E-04  0.37069167499376E-05  0.35410643957004E-03
  0.56734010585763E-04  0.15394680115909E-05  0.13145616468729E-02
  0.60944962082158E-04  0.12578773367796E-04  0.12742320972311E-02
 -0.78620130250332E-04 -0.24568170880618E-04  0.13293167286608E-02
  0.36661947651209E-05  0.27134364145869E-04  0.13283036918855E-02
 -0.73446181588765E-04 -0.36466453032840E-04  0.13226818465640E-02
 -0.34009891445102E-04  0.40752819367191E-05  0.34493528292880E-03
 -0.78877897925956E-04  0.22770846287511E-04  0.13220046205495E-02
 -0.56377698622133E-05  0.30594105312092E-04  0.34957211770557E-03
 -0.64331781350073E-04  0.28423222805862E-04  0.13260320585336E-02
  0.16464993064610E-04  0.55250803972165E-04  0.34302894877392E-03
 -0.48033776620879E-04  0.31738355578538E-04  0.13292108450182E-02
  0.31533906333727E-04  0.70711019539565E-04  0.32452122924140E-03
 -0.30606538231800E-04  0.33405743542771E-04  0.13323540575678E-02
  0.38113764641896E-04  0.74996664006902E-04  0.29493371405264E-03
 -0.12921500288414E-04  0.33002526688223E-04  0.13355271467319E-02
  0.37276712816059E-04  0.67878693784079E-04  0.25885658665985E-03
  0.43119705313650E-05  0.31922240130283E-04  0.13385689759584E-02
  0.32752515538491E-04  0.52732269252988E-04  0.22297754234072E-03
  0.21255501815924E-04  0.30762267453590E-04  0.13403291548932E-02
  0.29698542021097E-04  0.33487215265554E-04  0.19548843721833E-03
  0.36550796391033E-04  0.30562056442329E-04  0.13395019822962E-02
  0.30854051291756E-04  0.11036140330235E-04  0.18391262546132E-03
 -0.12884567843249E-03 -0.41174806445640E-04  0.36984121720746E-03
 -0.75310774345759E-04 -0.39909799364322E-04  0.12943221618980E-02
 -0.12491375016511E-03 -0.77078978606010E-04  0.41016025395578E-03
 -0.56797840880617E-04 -0.54360196053754E-04  0.12854104679115E-02
 -0.93426327445487E-04 -0.13822571336101E-03  0.42268361796012E-03
 -0.37187594823788E-04 -0.68130489322090E-04  0.12798824688785E-02
 -0.89396886955775E-04  0.15079029179971E-04  0.13172080756726E-02
  0.42238870152882E-04 -0.25943391489441E-04  0.35121061761179E-03
  0.61484586574707E-04 -0.50364430225115E-04  0.31345285988753E-03
  0.63711905002161E-04  0.36174367336591E-04  0.13202068738926E-02
  0.53991273551226E-04 -0.39712818794410E-04  0.24708132010102E-03
  0.60110162403721E-04  0.32789830256340E-04  0.13269032288424E-02
  0.39324413382136E-04 -0.14270964993035E-04  0.19769531469853E-03
  0.50054834325254E-04  0.31243420201465E-04  0.13344427779091E-02
  0.58607893694906E-04  0.41668999393731E-04  0.13155472755623E-02
 -0.87368329224733E-04 -0.24194446146865E-04  0.13039189372585E-02
 -0.66511480520452E-04 -0.19459838136390E-04  0.33657389834793E-03
 -0.10586973781961E-03 -0.34296559304626E-04  0.34779071448418E-03
 -0.87809767265207E-04  0.25545078694308E-04  0.13184732801911E-02
 -0.13657317977060E-04  0.51926493311148E-04  0.34775639087708E-03
 -0.76272157307899E-04  0.31185058817883E-04  0.13248945590429E-02
  0.95680644728804E-05  0.68912833948192E-04  0.33024568084606E-03
 -0.61622896959252E-04  0.33577411630392E-04  0.13301485677844E-02
  0.22929241213628E-04  0.75313472370832E-04  0.30298065020297E-03
 -0.45882027501214E-04  0.33762943687152E-04  0.13346273551068E-02
  0.27411026009357E-04  0.70897616050194E-04  0.26850435150871E-03
 -0.28908468945002E-04  0.31576302241852E-04  0.13390350464474E-02
  0.25425023676944E-04  0.59233208231161E-04  0.23197582196525E-03
 -0.11488842750454E-04  0.28497871483065E-04  0.13430333946442E-02
  0.20482300183628E-04  0.44025244635947E-04  0.20031585051231E-03
  0.64543134327822E-05  0.25632726994911E-04  0.13459976385851E-02
  0.17224405043793E-04  0.27480966088727E-04  0.17835968800627E-03
  0.23341471396919E-04  0.24271348931656E-04  0.13464151922191E-02
  0.17999057848097E-04  0.83089434235289E-05  0.16894266687541E-03
  0.38531660294187E-04  0.24328506606542E-04  0.13427411002052E-02
 -0.91908784428504E-04 -0.66318029223404E-05  0.12996342685903E-02
 -0.14901663730059E-03 -0.40223805515493E-04  0.39308348950764E-03
 -0.82865786969585E-04 -0.21658806262845E-04  0.12879553311292E-02
 -0.16470130655921E-03 -0.58049835020099E-04  0.43159192897362E-03
 -0.66520721505845E-04 -0.36812555884151E-04  0.12769641390374E-02
 -0.13482906890963E-03 -0.10826940146294E-03  0.43720226033807E-03
 -0.93933730087629E-04  0.53454529532887E-05  0.13098734097869E-02
 -0.45702316373919E-04 -0.51053190375042E-04  0.12685376593872E-02
  0.58591017142966E-04  0.31958483219920E-04  0.13221162969743E-02
  0.52415546455993E-04 -0.61313371820606E-04  0.27889401848936E-03
  0.58426636034184E-04  0.27704125196426E-04  0.13275208464898E-02
  0.38996029701554E-04 -0.40115435308930E-04  0.21423989891099E-03
  0.50773220664383E-04  0.25521453469402E-04  0.13350999578225E-02
  0.25316129321124E-04 -0.14417018703642E-04  0.17729113604231E-03
  0.47355338950619E-04 -0.56194602885575E-04  0.33459259805604E-03
 -0.99848811957751E-04 -0.35851575661234E-04  0.31144532105555E-03
 -0.91114013631112E-04 -0.99791439059457E-05  0.13130021299672E-02
 -0.68135551438666E-04 -0.35222198758540E-04  0.28682498732904E-03
 -0.27553282546051E-04 -0.30335317134524E-04  0.26904817312289E-03
 -0.67097497631314E-04  0.48180485142000E-05  0.13279997811853E-02
 -0.14658546567318E-04 -0.25147822598912E-04  0.30448553893823E-03
 -0.51474124210096E-04  0.11969852588349E-04  0.13278147014726E-02
  0.77029250981179E-07 -0.10079394534133E-04  0.32971077200449E-03
 -0.33858306674938E-04  0.17704681230287E-04  0.13272093197856E-02
  0.17085144365112E-04  0.13013016300208E-04  0.34277582922851E-03
 -0.14720648314977E-04  0.23007239330536E-04  0.13273703345850E-02
  0.34008419772581E-04  0.39066924800086E-04  0.34463152200165E-03
 -0.24976246982015E-04 -0.46864676317483E-04  0.33913082546546E-03
  0.49491605990506E-04  0.60145171807693E-04  0.33543683670376E-03
  0.19680978817540E-04  0.30997865344517E-04  0.13291898731840E-02
  0.60394979119825E-04  0.69042572415730E-04  0.31373108499851E-03
  0.34463891960163E-04  0.33288134544465E-04  0.13284895261873E-02
  0.64963943001436E-04  0.62989322499120E-04  0.28144631966200E-03
  0.47650259501438E-04  0.34385058926219E-04  0.13255778070050E-02
  0.65555718551673E-04  0.44812885407707E-04  0.25098192687420E-03
 -0.72523172285957E-04 -0.28898361830306E-04  0.30043928435524E-03
 -0.62166557647745E-04 -0.50165594055857E-04  0.13151439377646E-02
 -0.64976550804048E-04 -0.62535058880192E-04  0.35232300835793E-03
 -0.46322369060798E-04 -0.63522833091645E-04  0.13080492939253E-02
 -0.38503271909165E-04 -0.11336817737501E-03  0.36047230797857E-03
 -0.30234618172178E-04 -0.75330454252918E-04  0.13042535324565E-02
 -0.79404391089952E-04 -0.31407285831260E-05  0.13271402117290E-02
  0.76538162492842E-04  0.17474726169551E-04  0.38138175507052E-03
  0.96611946964252E-04 -0.14487947525948E-04  0.34608012596211E-03
  0.64396800747636E-04  0.39507904047014E-04  0.13032659276843E-02
  0.86025301348130E-04 -0.59902454885296E-05  0.28459872871315E-03
  0.64633252170554E-04  0.36448112266030E-04  0.13112869951294E-02
  0.71087051137036E-04  0.19737883564371E-04  0.24581287255943E-03
  0.58359247330594E-04  0.35171281895394E-04  0.13194770125436E-02
  0.56368362298451E-04  0.45395775947322E-04  0.12965500643123E-02
 -0.40372129870684E-04 -0.30433078868146E-04  0.23802586849201E-03
 -0.85764670589356E-04 -0.12495789454437E-04  0.13238289546827E-02
 -0.59893861455820E-04 -0.28701377271242E-04  0.24034491234547E-03
  0.20157591874591E-04  0.34227080893617E-04  0.13337886066589E-02
  0.48816812512134E-04  0.71994573389558E-04  0.28743534851773E-03
  0.40364408112820E-05  0.33095899609755E-04  0.13322980470054E-02
  0.44757078140770E-04  0.71792714161239E-04  0.31766894015482E-03
 -0.13534667157496E-04  0.30918989401505E-04  0.13300826841274E-02
  0.34803174363261E-04  0.58352302043769E-04  0.33788725396734E-03
  0.48589291126741E-04  0.59883016229931E-04  0.25141159491790E-03
 -0.32446051998726E-04  0.27774121412292E-04  0.13279854627212E-02
 -0.18072238802873E-05  0.88305125399943E-05  0.34372729852140E-03
 -0.66354928209155E-04  0.18253486441219E-04  0.13251336926266E-02
 -0.23361158748231E-04 -0.13637812960956E-04  0.32765405952185E-03
 -0.79883813917010E-04  0.10667616509950E-04  0.13229854454955E-02
 -0.44820718282963E-04 -0.28270454461673E-04  0.30244817451834E-03
 -0.88711947250719E-04  0.15433354557003E-05  0.13192838977434E-02
  0.18706616850530E-04  0.35233000440262E-04  0.34693653947989E-03
 -0.56002621325427E-04 -0.22499969812469E-04  0.23166648611316E-03
  0.34946491614894E-04  0.34313232955408E-04  0.13334957387540E-02
  0.48457530567332E-04  0.34544181782827E-04  0.13306697484600E-02
 -0.85046460546044E-04 -0.24282346071839E-04  0.13178446232675E-02
 -0.86050594769546E-04 -0.28640476766703E-04  0.29178193617202E-03
 -0.77256857956981E-04 -0.39162251041107E-04  0.13095835308100E-02
 -0.97404195549981E-04 -0.46506505392618E-04  0.35476393658423E-03
 -0.62157393240693E-04 -0.54057934874283E-04  0.13014524328638E-02
 -0.77540544440593E-04 -0.97627365630713E-04  0.38504184811853E-03
  0.46149946974173E-04  0.39373049562726E-04  0.21960706081842E-03
 -0.43533508493056E-04 -0.67520923839536E-04  0.12948053649781E-02
  0.62645435900452E-04  0.42052627860765E-04  0.13102728604132E-02
  0.72707146363167E-04 -0.32991148382802E-04  0.29104825262075E-03
  0.65338783863933E-04  0.37770845086587E-04  0.13166729119808E-02
  0.58285834308584E-04 -0.11853840992086E-04  0.23052702394738E-03
  0.59439570783953E-04  0.35392554738329E-04  0.13242012582338E-02
  0.47974202845220E-04  0.14833505191144E-04  0.20714448918880E-03
  0.68788646042390E-04 -0.25558532579428E-04  0.34753304540545E-03
 -0.21793238883886E-04 -0.30441767588865E-04  0.13310440602214E-02
  0.50862717427354E-04 -0.58452286510953E-04  0.31834501077114E-03
 -0.31670662860285E-04 -0.23282233087139E-04  0.13379118966145E-02
  0.16752767548879E-04  0.43638368511154E-04  0.13330505518224E-02
 -0.21644458838847E-04  0.57989664686664E-05  0.20580833348036E-03
  0.54966478034748E-05  0.41635045103482E-04  0.13383618270194E-02
 -0.14715366052795E-04  0.44596649389265E-05  0.16415554801969E-03
 -0.23370627280918E-05  0.33737433655137E-04  0.13414569118620E-02
 -0.71084608843439E-05  0.84615752392759E-05  0.15990969958532E-03
 -0.64620882921841E-05  0.20964370817560E-04  0.13415164130537E-02
 -0.80467150264532E-06  0.13435157320060E-04  0.17999607238086E-03
 -0.77331252942785E-05  0.53550562097601E-05  0.13392549062893E-02
  0.52697707678472E-05  0.16712566616438E-04  0.21301305649068E-03
 -0.71815683933035E-05 -0.11669663660509E-04  0.13359557601404E-02
  0.97304622199560E-05  0.16915448270617E-04  0.24952278077139E-03
 -0.49897672614871E-05 -0.28841811325442E-04  0.13323769714698E-02
  0.10226465365462E-04  0.14148553807604E-04  0.28302550080186E-03
 -0.25378938292923E-05 -0.45640043855333E-04  0.13283341411503E-02
  0.43255875363462E-05  0.78638597579733E-05  0.31145499328689E-03
  0.51773424770585E-04  0.38148307929438E-04  0.13196454904725E-02
 -0.17669351485450E-04  0.26230158997857E-06  0.13322076383686E-02
  0.65114326494663E-05  0.22655871150036E-04  0.24214643690124E-03
 -0.15284606481529E-04  0.17447914121847E-04  0.13346600259026E-02
  0.10655606023197E-05  0.19862117895960E-04  0.20417604336967E-03
 -0.92155154568326E-05  0.32669097259257E-04  0.13357859612957E-02
 -0.68899057482455E-05  0.15272359195977E-04  0.18007004015794E-03
 -0.22176820018121E-04  0.85287974573211E-05  0.27645784723548E-03
 -0.73328704488164E-06  0.44184571548281E-04  0.13344007102589E-02
  0.11209781152566E-04  0.50769557096608E-04  0.13305599768543E-02
 -0.18215853573497E-04  0.18747921989484E-04  0.24166454608828E-03
  0.25129451782747E-04  0.50488489637849E-04  0.13256660289657E-02
 -0.10893450387988E-04  0.14274757788864E-04  0.31056962611106E-03
  0.39416318884209E-04  0.45018602712493E-04  0.13212700055994E-02
  0.17516670359255E-04 -0.19413935063719E-04  0.34717262533906E-03
 -0.13962280234446E-04  0.13664436815350E-04  0.18874005427957E-03
  0.71550675104716E-05  0.22196575868625E-04  0.28121490708404E-03
  0.29734153570503E-04  0.39496871106076E-04  0.13272292288189E-02
  0.41968778706344E-04  0.32515804149922E-04  0.13231815496555E-02
  0.10263173865718E-04  0.28563896393509E-05  0.20754876621101E-03
  0.24021462429001E-04 -0.60881546505555E-04  0.13305035922035E-02
  0.18354177380612E-04 -0.35831548754024E-05  0.24036951043521E-03
  0.26114714420456E-04 -0.72450982573952E-04  0.13227650003197E-02
  0.27186666069787E-04 -0.16025180478839E-04  0.27985451387003E-03
  0.25411805243189E-04 -0.81106680289660E-04  0.13132488727048E-02
  0.32618352834127E-04 -0.36236334272115E-04  0.32164638163594E-03
  0.39651686363811E-04  0.18432288478090E-04  0.13243121902910E-02
  0.77946190365696E-05 -0.39747935871079E-04  0.34668012727635E-03
  0.29834674720559E-04  0.25131984935399E-04  0.13269801708541E-02
 -0.19998107813065E-04 -0.54544363328799E-05  0.31190993626941E-03
  0.18501450714586E-04  0.31408089180739E-04  0.13328084372364E-02
 -0.27822566471101E-04  0.18098715959728E-05  0.24247062227531E-03
  0.79374629100618E-05  0.33989327115319E-04  0.13391879243677E-02
 -0.22581105920537E-04 -0.18020153247642E-05  0.17988341556478E-03
 -0.20761376995686E-06  0.30794561844342E-04  0.13446323992344E-02
 -0.14013590128557E-04 -0.17433291373845E-06  0.15070934397890E-03
  0.12576338744440E-04 -0.71194351838228E-05  0.30908852335393E-03
  0.13243490075244E-04 -0.68655349614435E-04  0.13243918004076E-02
  0.14706171603731E-04  0.29563086585654E-05  0.27801594337384E-03
  0.10752663480413E-04 -0.54810371619286E-04  0.13298264679319E-02
  0.12544640699818E-04  0.91557433594217E-05  0.24590500597292E-03
  0.76052241320382E-05 -0.39069516085249E-04  0.13349489536643E-02
 -0.38791541194165E-05 -0.11203409765592E-04  0.33353575252938E-03
  0.74500069894472E-05  0.11547898437712E-04  0.21499693301822E-03
  0.22041579143071E-05  0.10911797556320E-04  0.18630415306614E-03
 -0.11882653098976E-06 -0.71223722493009E-05  0.13433491053893E-02
 -0.28887847672823E-05  0.83139545820235E-05  0.16217404860995E-03
 -0.31165856009325E-05  0.84768789196073E-05  0.13461984996286E-02
 -0.75432883204112E-05  0.41402146645696E-05  0.14795169064449E-03
 -0.36615165308879E-05  0.21761412082575E-04  0.13469803039946E-02
  0.35753258925483E-05 -0.23142048300060E-04  0.13394825244413E-02
 -0.17453986717982E-04 -0.17631723249284E-04  0.13295076538145E-02
 -0.55464812816167E-06  0.18430067951608E-04  0.31304608102320E-03
 -0.15863332561640E-04 -0.35180846687149E-04  0.13267972953400E-02
  0.14098215540575E-04  0.86876207187043E-04  0.33422336018597E-03
 -0.16347121688548E-04  0.56906799980516E-04  0.13070571265905E-02
  0.45412436378032E-05  0.69119299715509E-04  0.32526366546848E-03
 -0.32961633965274E-04  0.46116871440489E-04  0.13135581780279E-02
 -0.16022110859248E-04  0.55684287579257E-04  0.33501544137955E-03
 -0.45055641158675E-04  0.32266535845655E-04  0.13181970116790E-02
 -0.44231665654717E-04  0.43946214579957E-04  0.34545029952977E-03
  0.45769825986874E-04  0.46191081043355E-04  0.12809731983349E-02
  0.85210229421972E-04  0.72739760190824E-04  0.41981425394082E-03
  0.27782677152722E-04  0.52959426565049E-04  0.12807896750134E-02
  0.48438259475420E-04  0.12225145470036E-03  0.42173738415332E-03
  0.54470363933799E-05  0.58685992212072E-04  0.12851902817878E-02
  0.27759310397592E-04  0.12888360636580E-03  0.40861144923623E-03
 -0.16646280655736E-04  0.58253417294815E-04  0.12926173958078E-02
  0.32740599694005E-05  0.10492722755087E-03  0.38521840984104E-03
 -0.36341287860174E-04  0.51106652495064E-04  0.13015989588288E-02
 -0.33157566965088E-04  0.78915096936658E-04  0.36952129301090E-03
  0.37875579885874E-04  0.60495539432071E-04  0.34867289064826E-03
  0.11243920337449E-04  0.19533974892532E-04  0.12445018012457E-02
 -0.17050444014848E-04  0.14526607786617E-03  0.43278569659374E-03
 -0.14522546590521E-04  0.43701701965648E-04  0.12610924461729E-02
  0.42333522111491E-04  0.12094350339637E-03  0.41272870118149E-03
  0.94285422654190E-05  0.36959147104719E-04  0.12547912499507E-02
  0.38876943693825E-05  0.61354831510876E-04  0.13006998846863E-02
  0.10285191950356E-03  0.76224233639357E-04  0.41260778407854E-03
 -0.46388864746800E-05  0.14116573205054E-03  0.43443617303145E-03
 -0.15728984527123E-04  0.53859450724319E-04  0.12767975004511E-02
  0.38805755503244E-04  0.14849351141862E-03  0.44400280586954E-03
  0.75282973322645E-05  0.50001921201511E-04  0.12691404204428E-02
  0.82307871710897E-04  0.11577429510621E-03  0.43950793845892E-03
  0.30314507078521E-04  0.43086028103205E-04  0.12666357307668E-02
  0.31898581683600E-04  0.28440253693165E-04  0.12548715662386E-02
  0.18122944421678E-04  0.97211153253347E-04  0.36211239567214E-03
  0.24381105571631E-04  0.58490532924050E-04  0.12956320858742E-02
  0.38769846397059E-04  0.71204168858681E-04  0.38309147715641E-03
 -0.28028977716653E-04  0.11955319220524E-04  0.13282210741689E-02
  0.41397303673076E-05  0.30233725295280E-04  0.27262078008624E-03
 -0.22138202246093E-04  0.28960079252329E-04  0.13293634544483E-02
  0.19248912600000E-05  0.29312321200805E-04  0.23500506704605E-03
 -0.12254847943803E-04  0.42927892839627E-04  0.13285905235375E-02
 -0.46538351084529E-05  0.27606370204560E-04  0.21242688520891E-03
 -0.30481945178453E-05  0.27710930888591E-04  0.30774285702629E-03
  0.10414957819887E-05  0.52851162010543E-04  0.13254530093232E-02
  0.16544555443617E-04  0.57125763865803E-04  0.13209970826120E-02
 -0.99668499632236E-05  0.37162615262178E-04  0.28694998171059E-03
  0.32303967889815E-04  0.54312998890761E-04  0.13167183938105E-02
  0.84575082392435E-05  0.17478415342344E-04  0.33987313168377E-03
  0.47289916779114E-04  0.48065006856662E-04  0.13142865084284E-02
 -0.16375048660795E-04  0.11403647573321E-04  0.33480970696147E-03
 -0.99355879150569E-05  0.31482062106949E-04  0.22951002409614E-03
  0.19756095486611E-04 -0.47355779722080E-04  0.13367883894369E-02
 -0.29632110799954E-04 -0.61141933248125E-05  0.13266418700305E-02
  0.52903663786652E-04  0.48037622359634E-04  0.13061984947294E-02
  0.42728815304432E-04  0.52088647742856E-04  0.12935840779378E-02
 -0.20546401696332E-04  0.34717488929779E-04  0.32922236569831E-03
 -0.37110942983254E-04  0.23189571508679E-04  0.13238204148651E-02
 -0.34171442882714E-05  0.40373751354950E-04  0.30339307540077E-03
 -0.27807559316753E-04  0.38566325528155E-04  0.13224363539034E-02
  0.29199902668838E-05  0.44313708742137E-04  0.27442387053789E-03
 -0.20549057910592E-04  0.22157021103177E-04  0.33306478247979E-03
 -0.14704578579183E-04  0.51250657427924E-04  0.13191779683312E-02
  0.26498068291817E-05  0.59093583469249E-04  0.13142987373275E-02
 -0.76317480716996E-06  0.61131366407526E-04  0.28948133108600E-03
  0.20717026538494E-04  0.59904232096773E-04  0.13093305067556E-02
  0.71289642099961E-05  0.56916068071201E-04  0.33633991953855E-03
  0.38360773128555E-04  0.54628414043711E-04  0.13059046668538E-02
  0.37554512377881E-04  0.17807138993766E-04  0.36246864868413E-03
  0.21504866410674E-05  0.50498340062948E-04  0.26317264470808E-03
  0.42302325009136E-05  0.52129507341239E-05  0.18260313459486E-03
  0.13971982107351E-04 -0.33008728995678E-04  0.13425737406936E-02
 -0.91010770699032E-06  0.45863136362079E-05  0.16439868433649E-03
 -0.36326752756844E-04 -0.97503528967739E-05  0.19509688076158E-03
 -0.26762727497136E-04 -0.96704335925285E-05  0.13491961689259E-02
 -0.25539461843312E-04 -0.10563856445467E-04  0.15523394078724E-03
 -0.23651718137205E-04 -0.11956370039919E-04  0.13534543331106E-02
 -0.16841107559179E-04 -0.10291969184937E-04  0.14109460114745E-03
 -0.15145162180113E-04 -0.16353158997324E-04  0.13546141102915E-02
 -0.10791054455911E-04 -0.11294629374835E-04  0.13963293528377E-03
 -0.32217721720914E-05 -0.21551745115521E-04  0.13530847851617E-02
 -0.60808433979232E-05 -0.13997337551240E-04  0.14193676208079E-03
  0.10231562447279E-04 -0.27231204550396E-04  0.13502329854937E-02
 -0.12064541313054E-05 -0.16397909459074E-04  0.14642143629497E-03
  0.23984482370385E-04 -0.33019370263377E-04  0.13454176269873E-02
  0.41537317200065E-05 -0.18991025919729E-04  0.15528893460208E-03
  0.36560373694287E-04 -0.39189690235692E-04  0.13392144717012E-02
  0.10767089759051E-04 -0.22986661713477E-04  0.17399600168303E-03
  0.46733191667976E-04 -0.45290220677382E-04  0.13306183153040E-02
  0.20774073191915E-04 -0.31637766198578E-04  0.20614681117120E-03
 -0.19148716458600E-04 -0.37870502259488E-04  0.33963298569236E-03
  0.88143963194951E-05 -0.15082461641264E-04  0.13266828249822E-02
  0.13655515562483E-04 -0.80744699281544E-04  0.34500386472319E-03
  0.17690520724711E-04 -0.22208789046588E-04  0.13261055075195E-02
  0.87191470793250E-04 -0.10206633055217E-03  0.39989697975297E-03
  0.31597794901322E-04 -0.33982918558992E-04  0.12523494437834E-02
 -0.24348451483574E-04 -0.10721922154604E-04  0.13423771452655E-02
  0.11625535236713E-03 -0.12286938846092E-03  0.44022402196227E-03
  0.97998298561997E-04 -0.10853492320240E-03  0.40429603854999E-03
  0.54824839107269E-04 -0.47963780411189E-04  0.12871429792448E-02
  0.63055939422225E-04 -0.76707559464842E-04  0.32713010056335E-03
  0.57336217874090E-04 -0.50511399172307E-04  0.13041093103563E-02
  0.37161350201138E-04 -0.48399430929155E-04  0.25596191162734E-03
  0.54002278867198E-04 -0.49197277405354E-04  0.13191551939356E-02
  0.45908499730272E-04 -0.42381469664872E-04  0.12687923544087E-02
 -0.43657060173135E-04 -0.87308729259127E-05  0.26114406638158E-03
 -0.17013109277178E-04 -0.16203716951894E-04  0.13349995666431E-02
 -0.34932741305510E-04 -0.24262316147722E-04  0.32187733991587E-03
  0.26883391133480E-04 -0.27946603794161E-04  0.13398495481166E-02
  0.41849784406997E-05 -0.25221727416420E-04  0.17213983736318E-03
  0.11944739152439E-04 -0.25359788952713E-04  0.13452793353094E-02
 -0.14116658082257E-05 -0.20679639437597E-04  0.15699155708259E-03
 -0.33324055975853E-05 -0.22996240906128E-04  0.13495377319985E-02
 -0.64894540033584E-05 -0.16379646259262E-04  0.14710253218125E-03
  0.95155405620769E-05 -0.29811037937021E-04  0.19558724520889E-03
 -0.17560048399543E-04 -0.20807914010412E-04  0.13521147144694E-02
 -0.29094261636851E-04 -0.18713543866146E-04  0.13527093270908E-02
 -0.21391601711273E-04 -0.11565381009358E-04  0.14565330125583E-03
 -0.35292908702319E-04 -0.17497156508067E-04  0.13502903022431E-02
 -0.32274592911546E-04 -0.10979271690234E-04  0.16982498339020E-03
 -0.36311032758388E-04 -0.18570668359677E-04  0.13450385321117E-02
 -0.42933159459686E-04 -0.97830597883582E-05  0.22476865401993E-03
 -0.12990326931720E-04 -0.12928756338560E-04  0.14159689445275E-03
 -0.21214235936055E-05 -0.78391826788070E-05  0.13318999697150E-02
  0.41096783890114E-04 -0.30962019401254E-04  0.13333187001139E-02
  0.51738635470495E-04 -0.33017929886784E-04  0.13244613853468E-02
 -0.61912950594072E-05 -0.23454068898057E-04  0.13286565179424E-02
 -0.55260248248406E-05 -0.64920477573796E-04  0.34710246865545E-03
  0.47828059786817E-05 -0.31186127374778E-04  0.13254275069938E-02
  0.95610986571792E-04 -0.37924406727907E-04  0.36750492547169E-03
  0.32535589714150E-04 -0.11727968337879E-04  0.12469665042086E-02
  0.13664759869692E-03 -0.71367121880203E-04  0.42745287938290E-03
  0.17229901002293E-04 -0.36325932133500E-04  0.22751246334532E-03
  0.48502312334241E-04 -0.20752434375872E-04  0.12609466441084E-02
  0.58955007996093E-04 -0.27338397162595E-04  0.12786232145399E-02
  0.83761314880354E-04 -0.73351668696123E-04  0.37633442861635E-03
  0.62205111727873E-04 -0.31380627751347E-04  0.12962844283958E-02
 -0.47790494473761E-04  0.26984883011887E-04  0.35729117789685E-03
  0.59481128650492E-04 -0.33406409881217E-04  0.13122126677290E-02
  0.29768218466358E-04 -0.45669399591200E-04  0.26870333821054E-03
  0.12409831180697E-03 -0.82381699914355E-04  0.42654276576257E-03
 -0.44550178088623E-04 -0.15697904270485E-04  0.29355743150224E-03
 -0.39177775998195E-04 -0.10333221413511E-04  0.29340069447595E-03
 -0.37650320600348E-04 -0.74939479184069E-05  0.22375414629028E-03
 -0.39206378588789E-05 -0.37573589677454E-05  0.13536536475509E-02
 -0.91681340647187E-05 -0.34358686312298E-05  0.13945607677757E-03
  0.46371009991018E-05 -0.15280312940174E-04  0.13522090867138E-02
 -0.56035796381327E-05 -0.26144099462293E-05  0.14284056557981E-03
  0.14105174583377E-04 -0.27446391501689E-04  0.13490910470090E-02
 -0.19791374475120E-05 -0.21267166159093E-05  0.14904683918355E-03
  0.23280021963861E-04 -0.39945406731513E-04  0.13440731702779E-02
  0.29216679494050E-05 -0.26631680133375E-05  0.16023098447715E-03
  0.30793904871493E-04 -0.52008538276118E-04  0.13373565527821E-02
  0.98470246453439E-05 -0.52696372073450E-05  0.18007520533592E-03
  0.35935486604163E-04 -0.63060636410526E-04  0.13291470526364E-02
  0.21248951032474E-04 -0.13561145220230E-04  0.21269810230608E-03
  0.37829358650669E-04 -0.71274640806562E-04  0.13189114830489E-02
  0.38395425337644E-04 -0.30155842295056E-04  0.26115672752363E-03
  0.36766955695992E-04 -0.76448222843634E-04  0.13059113719490E-02
  0.58073820869108E-04 -0.58884729849526E-04  0.32410949551599E-03
  0.26888094620326E-04  0.98752376315969E-05  0.13261095471344E-02
  0.73310226009920E-05 -0.18592812653923E-04  0.13469719630808E-02
 -0.46347233013752E-05  0.31791847832831E-05  0.15033010214837E-03
  0.73524973705083E-06 -0.42399660345948E-05  0.13499725904853E-02
 -0.83893733327848E-05  0.45767565840367E-06  0.14215501186304E-03
 -0.40558566751035E-05  0.87040204597579E-05  0.13509484700269E-02
 -0.13813597455300E-04 -0.32364734286081E-05  0.14328281183546E-03
 -0.13770092078796E-04 -0.55227386077531E-05  0.13990952459060E-03
 -0.50958806742197E-05  0.18420694243949E-04  0.13493148253448E-02
 -0.10973948938743E-05  0.22999553694741E-04  0.13445083604579E-02
 -0.29885977554430E-04 -0.37995673845116E-05  0.21255582681365E-03
  0.66163506348350E-05  0.22016376351202E-04  0.13378462755482E-02
 -0.30470432424847E-04 -0.36677254906412E-05  0.28429917778310E-03
  0.16137263814245E-04  0.16696495027428E-04  0.13309714768003E-02
 -0.11972316883645E-04 -0.26719992042242E-04  0.33701571330489E-03
 -0.22171510990504E-04 -0.56835625991774E-05  0.16249211369085E-03
 -0.89687832112417E-05  0.53272864646394E-05  0.13526064499009E-02
 -0.20959178523633E-04 -0.77536117302835E-05  0.15208772840511E-03
 -0.96481783107073E-05  0.10629891321599E-04  0.13489046124640E-02
  0.53250704652691E-05 -0.11816818085522E-04  0.15383459615440E-03
  0.30860689753948E-04 -0.42146657359898E-04  0.13430036506828E-02
 -0.38618239060990E-06 -0.10205458645750E-04  0.14361074521383E-03
  0.19764661435323E-04 -0.32826696779525E-04  0.13488014662749E-02
 -0.47522239133912E-05 -0.91313014896043E-05  0.14011686860860E-03
  0.80226011353139E-05 -0.23627601626541E-04  0.13524773900491E-02
  0.39795738706372E-04 -0.51503387551776E-04  0.13353139894669E-02
 -0.86193063174293E-05 -0.83856136256339E-05  0.13863978171715E-03
 -0.13152652437307E-04 -0.78703042586303E-05  0.13867948581046E-03
 -0.12299629324961E-04 -0.67933628295306E-05  0.13546926273546E-02
 -0.19237545441464E-04 -0.90674852230054E-05  0.14524791761794E-03
 -0.17220467554486E-04 -0.16021183457667E-05  0.13519825782473E-02
 -0.28409737963260E-04 -0.95797396334620E-05  0.16979026484364E-03
 -0.16985856961364E-04  0.58342985367342E-06  0.13462551046167E-02
 -0.32567870056833E-05 -0.14728984782788E-04  0.13544357003575E-02
 -0.11324018471890E-04 -0.19295142412769E-05  0.13389100320409E-02
  0.13695570712924E-04 -0.16200511269469E-04  0.17535763480748E-03
  0.27529899889968E-04 -0.28282803897147E-04  0.21390472114999E-03
 -0.29778182605001E-04 -0.75111997866981E-05  0.18844686658291E-03
 -0.55789290127432E-05  0.11331434557834E-04  0.13423258218486E-02
 -0.36054111640194E-04 -0.47771280328216E-05  0.25392780920332E-03
  0.20157112261581E-05  0.76799565165056E-05  0.13351483018856E-02
 -0.28341179255239E-04 -0.16288517816538E-04  0.31923681717081E-03
  0.12696625486609E-04  0.95378454767839E-06  0.13287359022861E-02
  0.45882659986403E-04 -0.59207801718021E-04  0.13252389142283E-02
  0.11683779734395E-06 -0.53842306261332E-04  0.34822496316449E-03
  0.95044694416579E-04 -0.12889494006809E-03  0.42660041415561E-03
  0.40357332119760E-04 -0.62368476411700E-04  0.12794893064720E-02
  0.78905398556645E-04 -0.90543796871707E-04  0.35904899984316E-03
  0.47112802907559E-04 -0.65411036181647E-04  0.12967352667969E-02
  0.50012502089408E-04 -0.52697613861334E-04  0.27640356502724E-03
  0.48628512082302E-04 -0.64081553965241E-04  0.13123748277016E-02
  0.22608869105253E-04 -0.59653331195038E-05  0.13257225469828E-02
 -0.93991752313518E-04  0.18175797884357E-04  0.13099753481099E-02
 -0.50192025834852E-04  0.23645717280709E-04  0.13266825675881E-02
 -0.91977508127514E-04  0.29730147512194E-06  0.37109051248889E-03
 -0.36964498886381E-04  0.34992195999626E-04  0.12592317583235E-02
 -0.90114015807113E-04  0.13221239537982E-03  0.42725701865993E-03
 -0.50637770050775E-04 -0.57118956489072E-04  0.22637784073307E-03
 -0.58150463565862E-04  0.37773869223931E-04  0.12753100072826E-02
 -0.12679145099307E-03  0.13314058393510E-03  0.43673258142209E-03
 -0.67293079980865E-05 -0.86626534628597E-04  0.13238089643850E-02
 -0.74551503541268E-04  0.36549036839803E-04  0.12918415406282E-02
 -0.12056958549767E-03  0.10566707301145E-03  0.38118927329387E-03
 -0.72816511343158E-04 -0.40710469803049E-04  0.25163382739602E-03
 -0.82879865679081E-04  0.32496733800125E-04  0.13071467349757E-02
 -0.96051954157200E-05 -0.84830824443444E-04  0.13264455041630E-02
 -0.92446289199696E-04  0.72042882180849E-04  0.30081722581928E-03
 -0.84289074791891E-04  0.26598653181376E-04  0.13207425219305E-02
 -0.66155490555205E-04  0.45431712215903E-04  0.23689091777533E-03
 -0.90138481362281E-04 -0.28451189367532E-04  0.28654625897868E-03
 -0.78768296449391E-04  0.20186146631836E-04  0.13322812455076E-02
 -0.14002539861661E-04 -0.79108709552223E-04  0.13268752047876E-02
 -0.49160193342596E-04  0.28471805371497E-04  0.19719996833039E-03
 -0.69074014101386E-04  0.12942732138520E-04  0.13412975729416E-02
 -0.38800261061863E-04  0.17953109966706E-04  0.17508839609321E-03
 -0.96144689586068E-04 -0.17657223373564E-04  0.31783451571166E-03
 -0.19379525479560E-04 -0.69256719454596E-04  0.13263705412836E-02
 -0.56928998272453E-04  0.61421346399947E-05  0.13484139147642E-02
 -0.52609420027877E-05 -0.85706773306360E-04  0.13188837451355E-02
 -0.25789117933331E-04  0.10095517999848E-03  0.37646834480766E-03
 -0.28322569673274E-04 -0.82583789435133E-04  0.23170660810963E-03
 -0.13653486023821E-04  0.29147968185178E-04  0.12482956386692E-02
 -0.50785710282330E-04 -0.77134307581859E-05  0.13487264821536E-02
 -0.44311231231866E-04 -0.79484373335245E-06  0.16509155285846E-03
 -0.73322801060612E-04  0.17038692597479E-04  0.34715282538795E-03
 -0.37561688900756E-04 -0.15209994143117E-04  0.13529373859174E-02
 -0.35035725643959E-04 -0.61005624037774E-05  0.15682364526884E-03
 -0.42302926296917E-04 -0.11766762707929E-04  0.13249914598860E-02
 -0.23433389540802E-04 -0.21773243893502E-04  0.13553329285880E-02
 -0.24753518331503E-04 -0.11956081217987E-04  0.15244135703386E-03
 -0.46426019153021E-04  0.25924567837636E-04  0.34410526060979E-03
 -0.96919973485779E-05 -0.26825368207214E-04  0.13554124557434E-02
 -0.13391589658120E-04 -0.20362172589430E-04  0.15191957057217E-03
 -0.31388638940916E-04  0.97437917782160E-05  0.16225119996446E-03
 -0.41550152737913E-04  0.56450537839685E-05  0.13241155215088E-02
 -0.84720160282098E-06 -0.33930489598248E-04  0.15910467452000E-03
 -0.10988520394899E-04 -0.11925098742699E-03  0.33180890005788E-03
 -0.17671529855438E-04 -0.77233846738874E-04  0.13127468807605E-02
  0.13127363112198E-04 -0.31003383882439E-04  0.13446717060536E-02
  0.13049971668110E-04 -0.55588215843140E-04  0.18415856542538E-03
  0.21041122136209E-04 -0.30825616685400E-04  0.13361957283211E-02
 -0.10969613793167E-04 -0.11323795373876E-03  0.27786684241118E-03
  0.27440217932535E-04 -0.84332200229356E-04  0.23847856282619E-03
 -0.83820438973521E-05 -0.83027261365560E-04  0.13146721237860E-02
  0.22805643323770E-04 -0.27940136033442E-04  0.13297195404392E-02
  0.32570955052370E-04 -0.10047990870475E-03  0.30595269180333E-03
  0.24501709727474E-05 -0.29889357695984E-04  0.13520851540700E-02
 -0.87937969184358E-04 -0.67731507176417E-05  0.33890674808131E-03
 -0.43142860805940E-04 -0.36906209042455E-06  0.13534372879490E-02
 -0.25802829853059E-04  0.29168743076950E-05  0.15509685417153E-03
 -0.36972150893311E-04  0.19254332541109E-04  0.12492136307399E-02
 -0.93177375119789E-04  0.81088032874494E-04  0.38175310998736E-03
 -0.73721411953158E-04 -0.56747508602871E-04  0.28852653210882E-03
 -0.58266967761578E-04  0.25581171311400E-04  0.12641181900511E-02
 -0.13453279603136E-03  0.11527624830668E-03  0.43716893252730E-03
 -0.49754701521548E-05 -0.91111853133702E-04  0.13176871821990E-02
 -0.75109933502818E-04  0.29630584448103E-04  0.12818294101508E-02
 -0.12421365123332E-03  0.11692531913859E-03  0.41949748807311E-03
 -0.81851340655710E-04 -0.38710133723832E-04  0.31569887475311E-03
 -0.85176671098702E-04  0.31060426563536E-04  0.12989281483632E-02
 -0.59302462291916E-05 -0.87438434493178E-04  0.13207257973752E-02
 -0.53361584316034E-05 -0.91642044731549E-04  0.13123296613367E-02
 -0.87379878462633E-04  0.95348905219853E-04  0.34916892682182E-03
 -0.54724187947254E-04  0.70448161469770E-04  0.27899705383893E-03
 -0.77276916087448E-04 -0.23692284618560E-04  0.33712833013002E-03
 -0.84541633353084E-04  0.28176605292026E-04  0.13264793496056E-02
 -0.83456836745409E-05 -0.79086917362419E-04  0.13221991307201E-02
 -0.33865743250038E-04  0.50291729884088E-04  0.22757656132733E-03
 -0.75524059745738E-04  0.23765261479103E-04  0.13362351267851E-02
 -0.23396804375935E-04  0.36762184860388E-04  0.19440326385348E-03
 -0.61058316530933E-04 -0.10905468764481E-04  0.34759989082414E-03
 -0.11232329027314E-04 -0.67138483521676E-04  0.13234232583389E-02
 -0.63200521293991E-04  0.18190084317762E-04  0.13443068783234E-02
 -0.17986112359140E-04  0.26370588881461E-04  0.17451672499971E-03
 -0.88029688129359E-04  0.30278041737665E-04  0.13140698600730E-02
 -0.40616997905621E-04 -0.28502852861980E-04  0.13264102237359E-02
 -0.29283828991752E-04  0.36444544241099E-04  0.31780051942794E-03
 -0.12488319707349E-04  0.97783677130738E-05  0.12408703577372E-02
 -0.23986354323863E-04 -0.56128021155471E-04  0.13258282879966E-02
 -0.28264013296221E-04 -0.66293082445687E-05  0.13565013876872E-02
 -0.19327320499047E-04 -0.39976221152886E-05  0.15163151580820E-03
 -0.68545974115896E-04  0.41225655279965E-05  0.34834537742105E-03
 -0.13009759204142E-04 -0.12117124893730E-04  0.13572984343314E-02
 -0.11129338786263E-04 -0.11872787598639E-04  0.15084683449666E-03
 -0.27362844039084E-04 -0.40576710478363E-04  0.13253597227357E-02
  0.10668492504641E-05 -0.15863682697361E-04  0.13555229131265E-02
 -0.15639709269677E-05 -0.23181894902375E-04  0.15459834752427E-03
 -0.44177298596048E-04  0.14152284972464E-04  0.34663443919433E-03
  0.13753401890748E-04 -0.17742335255017E-04  0.13496280882522E-02
 -0.56458662361194E-04 -0.80751363235912E-04  0.27203917153302E-03
  0.10262590771847E-04 -0.41288373233627E-04  0.17064071456246E-03
  0.24276149868247E-04 -0.18051720845813E-04  0.13408484378904E-02
  0.24480639170153E-04 -0.67268496477590E-04  0.21149222196244E-03
 -0.26177402376763E-04 -0.13435804288248E-03  0.33054918358194E-03
 -0.16979917927969E-04 -0.84673947925710E-04  0.13040827694408E-02
  0.30158480477163E-04 -0.16731752862431E-04  0.13328854926238E-02
  0.36137948312726E-04 -0.92120126464789E-04  0.27721983529883E-03
  0.29046723381058E-04 -0.12369437920676E-04  0.13273784342986E-02
  0.29278427352725E-04 -0.90003684402070E-04  0.33302086901338E-03
 -0.86884651349572E-05 -0.89581271401149E-04  0.13067976600440E-02
  0.11876554546902E-04 -0.14243737480244E-05  0.12401179172293E-02
  0.31087425379880E-04 -0.43888731788406E-06  0.31162250008961E-03
 -0.29260300192721E-04 -0.23608033023563E-04  0.13256455017984E-02
 -0.38140498922290E-04  0.12624558412217E-05  0.34619454692088E-03
 -0.54958307307863E-04  0.57222258453608E-05  0.17882908236667E-03
 -0.94284692005360E-04  0.70062945175045E-05  0.33931006542506E-03
 -0.34898046712685E-04 -0.24832076143690E-04  0.16437648259474E-03
 -0.82121269526035E-04 -0.15657900918675E-04  0.22520969317584E-03
 -0.51198886040900E-05 -0.55202614830906E-04  0.13460670787577E-02
 -0.17104088350772E-04 -0.36900770096568E-04  0.16266581542905E-03
 -0.30592725785022E-04 -0.54233889449155E-04  0.13372343526110E-02
  0.22562731816725E-05 -0.56296460069206E-04  0.13403242658263E-02
  0.59336121259258E-06 -0.57692300529158E-04  0.18046303665440E-03
 -0.99793654773914E-04 -0.83749559642119E-05  0.25932446717544E-03
  0.77615422123866E-05 -0.56295164046357E-04  0.13327769485509E-02
 -0.39979945127164E-04 -0.43405618116045E-04  0.13340664036264E-02
  0.16704762805825E-04 -0.86498253336152E-04  0.22917292584534E-03
  0.78440283558806E-05 -0.53472179327091E-04  0.13272974948996E-02
  0.22975436733137E-04 -0.10645887444153E-03  0.29782727886454E-03
 -0.10972992312774E-03  0.69398104486936E-06  0.29203936637336E-03
 -0.38180011745363E-04  0.51564993320690E-04  0.12877594428031E-02
 -0.47706741135141E-04 -0.30455171881851E-04  0.13306014612724E-02
 -0.54862883289651E-04  0.11140530257396E-03  0.40835531143601E-03
 -0.57006247447255E-04  0.43370600434586E-04  0.12998142958641E-02
 -0.94197537998012E-04  0.79451847908795E-04  0.37349206169547E-03
 -0.10941760507264E-03  0.10487656289971E-04  0.31863488171896E-03
 -0.52767123546376E-04 -0.15628590032695E-04  0.13274512729697E-02
 -0.69076481208957E-04  0.32951569525891E-04  0.13110919736601E-02
 -0.11124197872792E-03  0.54003801631466E-04  0.33450730582822E-03
 -0.14698455309883E-04 -0.52445024639851E-04  0.13472819932800E-02
 -0.20397288670094E-04 -0.61930738832492E-04  0.13399333861224E-02
 -0.52829795185231E-04 -0.17321234470386E-04  0.17722887950303E-03
 -0.61060669451600E-04 -0.22841573947206E-04  0.19587911496013E-03
  0.11235216790829E-04 -0.10757074002946E-03  0.32352121741275E-03
  0.14216423413898E-04 -0.10161842132872E-03  0.26190686533790E-03
 -0.52151165758791E-04  0.39478695153842E-04  0.13102802940488E-02
 -0.69992231806993E-04  0.57812544998944E-04  0.35748861668047E-03
  0.20302190679617E-05 -0.66259785803156E-04  0.13267240924986E-02
 -0.61719662506550E-04  0.25909999090283E-04  0.13176401750538E-02
 -0.96153393313719E-04  0.40251682908550E-04  0.34129964727312E-03
 -0.19905552871772E-06 -0.72697205521575E-04  0.20157752170273E-03
 -0.65464830312300E-04  0.11687575878641E-04  0.13231375217265E-02
 -0.10971373617556E-03  0.25390798712800E-04  0.31788157463631E-03
  0.74409974527833E-06 -0.67867337461556E-04  0.13326425369120E-02
 -0.96954075207067E-04  0.20579486242545E-04  0.33726290225087E-03
 -0.63093914997252E-04 -0.29905805305291E-05  0.13281963439101E-02
 -0.19678192171224E-04 -0.47340730304855E-04  0.17484300668339E-03
 -0.42739395361050E-05 -0.67552378038573E-04  0.13387477097002E-02
 -0.57032318227939E-04 -0.16737849274646E-04  0.13330593674337E-02
 -0.10182837337458E-03  0.39964155762226E-05  0.25695618351401E-03
 -0.48484697188780E-04 -0.28815574425734E-04  0.13378034202648E-02
 -0.40103860478028E-04 -0.31940799455229E-04  0.17671284078880E-03
 -0.87578323571744E-04 -0.45317441488256E-05  0.22585293066206E-03
 -0.11446032366289E-04 -0.66064379899510E-04  0.13410398818662E-02
 -0.38176800580153E-04 -0.39081471379765E-04  0.13420682049644E-02
 -0.70738470459990E-04 -0.11397670341139E-04  0.19839822634757E-03
 -0.26240124863207E-04 -0.47049376449217E-04  0.13454395957021E-02
 -0.11059376837942E-03  0.13738014812586E-04  0.28836752872209E-03
 -0.73677077815085E-04  0.21208721581789E-04  0.13202170838648E-02
 -0.11020592773878E-03  0.34103588011653E-04  0.29396200839063E-03
 -0.54879950507142E-04  0.52730533982015E-06  0.13242727235836E-02
  0.15654189652797E-04 -0.42858487659081E-04  0.13316496929481E-02
  0.27534515099768E-04 -0.98104786351806E-04  0.26833909758994E-03
 -0.68256103074062E-04 -0.29880319519066E-04  0.22043615163432E-03
  0.12905367818716E-04 -0.38040990941493E-04  0.13269131668424E-02
  0.22659816986845E-04 -0.99963070689687E-04  0.32803626375138E-03
 -0.14809434382308E-04 -0.74893563027977E-04  0.13337571178545E-02
 -0.37740985743094E-04  0.46356874301776E-04  0.12730372720868E-02
 -0.76766883239632E-04  0.13984267774062E-03  0.43790188360143E-03
 -0.89524066656569E-04 -0.20989158422522E-04  0.25583626305666E-03
 -0.58603514900305E-04  0.43627609867772E-04  0.12876405313238E-02
 -0.22469301866494E-04 -0.67460450176752E-04  0.13321995314044E-02
 -0.86866482608750E-05 -0.77925977534482E-04  0.13332895983962E-02
 -0.11405190912661E-03  0.11065856553827E-03  0.40502421053591E-03
 -0.11824487563874E-03  0.76614810302049E-04  0.34398671322399E-03
 -0.10355875952493E-03 -0.12420012759551E-04  0.29145205140655E-03
 -0.79398693202884E-04  0.28469858352600E-04  0.13147192079530E-02
 -0.30070885554177E-04 -0.57047242945750E-04  0.13301802461095E-02
 -0.10197470165542E-03  0.48485149137048E-04  0.28141765220537E-03
 -0.78416494792011E-04  0.18998605180883E-04  0.13257718127261E-02
 -0.82722863909855E-04  0.28090351921731E-04  0.23214079991098E-03
 -0.10508016496519E-03 -0.29843852415449E-05  0.32039239655830E-03
 -0.36580908601896E-04 -0.43690959620739E-04  0.13281506579745E-02
 -0.71913167586790E-04  0.93842387251818E-05  0.13351083161771E-02
 -0.67170715959255E-04  0.14827829499166E-04  0.19942604271149E-03
 -0.73151751904121E-04  0.37111667686018E-04  0.13018811479067E-02
 -0.62727871880612E-04  0.41877678474002E-06  0.13427275830456E-02
  0.15532965892398E-04 -0.70828140962792E-04  0.20329489490866E-03
  0.11220110135021E-04 -0.44052266179955E-04  0.13388574802944E-02
 -0.71272078710622E-04  0.90851567624034E-05  0.13279909648609E-02
 -0.99850322477304E-04  0.18730938199488E-04  0.25543073239974E-03
 -0.73390653293670E-04  0.31632291090268E-04  0.34680521898223E-03
 -0.65006829095698E-04 -0.29047427839324E-05  0.13348733722984E-02
 -0.86059486410966E-04  0.76297878917070E-05  0.22292951979832E-03
 -0.52613394328226E-04  0.16856437016746E-04  0.13214822054242E-02
 -0.55929615462879E-04 -0.13959982103352E-04  0.13409841400827E-02
 -0.71375954809924E-04 -0.72162369630299E-06  0.19712043375871E-03
  0.57666944877994E-05 -0.11426497168895E-03  0.29785768243447E-03
 -0.44668943482212E-04 -0.23374853185080E-04  0.13461956353575E-02
 -0.57637065950555E-04 -0.68296266081377E-05  0.17782458020164E-03
 -0.45239255814101E-04 -0.42074471933423E-04  0.19611267175238E-03
 -0.66082934938882E-05 -0.73732597459910E-04  0.13201448997987E-02
 -0.44017059769483E-04 -0.12315675108087E-04  0.16443588204637E-03
 -0.33654562051595E-05 -0.91340944233451E-04  0.23363991121663E-03
 -0.25737584984633E-05 -0.76924553639452E-04  0.13242369775884E-02
 -0.18689470096220E-04 -0.37201745342661E-04  0.13522102329030E-02
 -0.29797498625986E-04 -0.18424526006202E-04  0.15647872955672E-03
 -0.71917439409648E-05 -0.41411632314657E-04  0.13516740459481E-02
 -0.23386291071448E-04 -0.61671433298197E-04  0.19612225024369E-03
 -0.15106275664295E-04 -0.28544010679115E-04  0.15555131870275E-03
 -0.41540233517627E-05 -0.78121913332267E-04  0.13295976162748E-02
  0.27937936910429E-05 -0.43494672680043E-04  0.13468801883258E-02
  0.95796745733930E-07 -0.45131137142381E-04  0.16711766435038E-03
 -0.31998446096478E-04 -0.31178139508770E-04  0.13500022550544E-02
 -0.49168321512016E-04  0.12559183346966E-04  0.13504603487837E-02
 -0.37091848521839E-04 -0.11236845599546E-03  0.28765739412134E-03
 -0.28267427732138E-05 -0.61580338879826E-04  0.13229374126545E-02
 -0.38816517707638E-04  0.18804374224743E-04  0.13496163634202E-02
  0.93086651689006E-05  0.56902940981281E-05  0.16017326686897E-03
 -0.21991714851421E-05  0.25536158382857E-04  0.17128174666895E-03
 -0.52487780299110E-04 -0.11411221342173E-03  0.38145542333980E-03
  0.94477830078154E-05  0.17121858718228E-04  0.13517003662644E-02
 -0.21568838516387E-04  0.13880044722252E-04  0.13535214986518E-02
 -0.21545005845107E-05  0.14196601799281E-04  0.16033512200832E-03
  0.45193094071810E-05 -0.89933359489136E-04  0.12929040799468E-02
 -0.50386537761267E-05 -0.86424334096821E-04  0.12845600958983E-02
  0.11013600136914E-04 -0.66914278532308E-04  0.12628895361667E-02
 -0.40150656601965E-05  0.96876785618269E-05  0.13553026152399E-02
  0.76484377262752E-06  0.24740016999419E-05  0.15539069009884E-03
 -0.32797517816028E-04 -0.75576221890257E-04  0.36718608107428E-03
 -0.80106345891870E-05  0.20058998707614E-04  0.13505869042469E-02
 -0.71290599018591E-06 -0.16256326936933E-03  0.43574137520071E-03
  0.11792826614709E-04  0.72630414875845E-05  0.13540259757095E-02
  0.71825659276004E-05 -0.11788985585813E-04  0.15714238159678E-03
  0.97533792112571E-05 -0.91280309405538E-04  0.13021958635202E-02
  0.71807761566201E-05  0.20843616918885E-04  0.16743792492600E-03
  0.90294648597950E-05  0.34526704415340E-04  0.18353903783776E-03
  0.45911758302958E-04 -0.13986619974706E-03  0.43122986357536E-03
 -0.54715713080638E-04  0.23823959642399E-04  0.13440612869038E-02
  0.32138125547364E-04 -0.77317844895205E-04  0.12906114042060E-02
 -0.96245336095588E-05 -0.20248524122518E-05  0.33308382807640E-03
  0.66043371757696E-04 -0.98588479381860E-04  0.38825660278744E-03
 -0.88511022779299E-04  0.30784836120716E-04  0.13199160955780E-02
 -0.21732773529015E-06 -0.61641002267967E-04  0.13245488465351E-02
 -0.24623910389324E-04  0.72892210342342E-04  0.28720930519995E-03
  0.26342820584620E-04 -0.36875776376857E-04  0.18947747818526E-03
  0.38949160808145E-04  0.16155961519229E-04  0.13423487468166E-02
 -0.18601422436475E-05  0.37267797798089E-04  0.18810713525618E-03
 -0.80699444835626E-04  0.30953175905766E-04  0.13294277553158E-02
 -0.71729994683704E-04 -0.17288356854298E-03  0.42254361899106E-03
 -0.19715606976044E-04 -0.79406995251302E-04  0.12800423733182E-02
 -0.68863113241799E-04  0.27916482339472E-04  0.13372882734269E-02
  0.24006264493154E-04 -0.73795930097526E-04  0.12753974528915E-02
 -0.35577765682272E-05  0.49243773782752E-04  0.21243244914582E-03
  0.14974051353801E-04 -0.12988579450551E-04  0.16429893302615E-03
  0.25057758180297E-04  0.16109995395147E-04  0.13491785599206E-02
 -0.64442720440112E-04 -0.15613951383893E-03  0.40527783187682E-03
 -0.28702422746350E-04  0.69242703874582E-04  0.33986440445104E-03
  0.25849513521992E-04  0.59796753088992E-05  0.13483998663474E-02
 -0.26021496399244E-04  0.24220005708734E-04  0.13469554323256E-02
  0.16967038296643E-04 -0.31865367887550E-04  0.17259991605115E-03
 -0.15605802388532E-03 -0.89035413304236E-05  0.41277922505011E-03
  0.27783931982068E-04 -0.67054422526080E-04  0.36207794697268E-03
 -0.61103444841799E-04 -0.17791017440487E-03  0.44211594011281E-03
 -0.74980494552657E-04  0.18441209550184E-05  0.12692379860197E-02
  0.89234355230449E-05  0.71071325396033E-04  0.27493303302668E-03
 -0.16260821490552E-03  0.18666686911565E-04  0.43404106904188E-03
 -0.61453061721259E-05 -0.74582966308513E-04  0.12695551584708E-02
 -0.72871320084133E-04  0.33124905697582E-04  0.13303971117281E-02
  0.22687109147384E-04 -0.85852091877186E-04  0.13016079867083E-02
 -0.87565364676056E-04  0.11963997098139E-04  0.12852634539369E-02
 -0.36515076889058E-05  0.74580314280098E-04  0.30928722171092E-03
 -0.27500834215499E-04 -0.15081523174134E-03  0.42736233246941E-03
  0.17257231225310E-04 -0.85287902294083E-04  0.12890959076490E-02
 -0.92959365391752E-04  0.20535733220258E-04  0.13009744664179E-02
  0.87024527450878E-05 -0.81405849952736E-04  0.12776267112180E-02
 -0.67512208237246E-04  0.54628716015396E-04  0.36914740281273E-03
 -0.84501831054715E-04  0.31603742539879E-04  0.13231940201790E-02
 -0.91659341987787E-04  0.26845053402888E-04  0.13138291988692E-02
 -0.11857644442344E-03  0.36499697027121E-04  0.40509037074353E-03
 -0.58946404434842E-04  0.31727911574693E-04  0.13364159011023E-02
 -0.55994089172192E-04 -0.98704386475628E-05  0.12554495552430E-02
 -0.24884816310008E-04 -0.64377124487087E-04  0.12660550082667E-02
 -0.12256014914556E-04 -0.45700428747141E-04  0.35436687372041E-03
  0.12895324685826E-04 -0.88455537924001E-04  0.13108686746277E-02
  0.37948659234585E-04  0.59395420020334E-05  0.13396916723943E-02
  0.30557202954859E-04 -0.57593955746536E-04  0.21378897686471E-03
 -0.77174885889297E-05 -0.57012186104967E-04  0.12553042677799E-02
 -0.15067666609101E-04  0.16894947012781E-04  0.16275010823074E-03
  0.45420636971590E-04  0.78734553045339E-05  0.13318188450116E-02
  0.34363863058714E-05 -0.23089777101686E-04  0.33511149001887E-03
  0.42657364289402E-04 -0.79931952445364E-04  0.27969107697680E-03
  0.12387836016756E-04  0.48636935971748E-04  0.20808212885099E-03
 -0.43127736167671E-04  0.28400230043402E-04  0.13419806224322E-02
 -0.51967193967397E-04 -0.15195818886937E-03  0.41442665822950E-03
  0.13795260848858E-04 -0.80543766135534E-04  0.13179434089572E-02
  0.45542133610269E-04  0.12341775418153E-04  0.13262338288186E-02
  0.36497624751960E-04 -0.75590177593219E-04  0.33438521857899E-03
  0.13665799041179E-04  0.61679020826556E-04  0.24002345444354E-03
 -0.33482292085571E-04 -0.22933531404840E-04  0.12464497899010E-02
 -0.92539411220583E-04 -0.16245759689537E-03  0.43892859949276E-03
 -0.10108361396726E-03 -0.48258873753250E-04  0.36163106615770E-03
 -0.53087618132740E-04  0.82521153240044E-04  0.33531992846146E-03
 -0.90778490293093E-04  0.27953254291038E-04  0.13070885642781E-02
 -0.94897649342467E-05  0.61152712122719E-04  0.24550960754446E-03
  0.41538624595855E-04 -0.62439235417435E-04  0.24490489964843E-03
  0.73227797054332E-04 -0.14454951172648E-03  0.43560473750919E-03
  0.20772774991268E-04 -0.49561659509529E-04  0.18895200324577E-03
 -0.61792215507756E-04 -0.11520284282722E-03  0.33586716978242E-03
 -0.48850252567800E-05 -0.91786103654667E-04  0.12990962084340E-02
  0.35170815165947E-04 -0.53881650353768E-05  0.13363237668437E-02
  0.34724402709866E-04 -0.76669747124386E-04  0.24491171959634E-03
 -0.15765392942914E-03 -0.63940531997850E-04  0.42774451046179E-03
 -0.51888410439442E-04 -0.30656304654240E-04  0.12597544113568E-02
  0.38546891291821E-04 -0.24602545119071E-05  0.13294576281861E-02
  0.11651004894101E-04 -0.46845520018184E-04  0.12501767297516E-02
  0.49490881359595E-04  0.17495076584074E-04  0.13338049850178E-02
 -0.67884736866567E-04 -0.80332877853970E-04  0.33199231701143E-03
  0.39176242896980E-04 -0.89810166238593E-04  0.31069693687984E-03
 -0.33195218832322E-06 -0.93234249336100E-04  0.13066114267743E-02
 -0.10349908870622E-03 -0.11274304182178E-03  0.40567480635528E-03
  0.35037889319988E-04  0.32750811681558E-05  0.13256876918545E-02
  0.17853074231530E-04 -0.12529055239910E-03  0.38896482644121E-03
  0.25778698621140E-04 -0.56032109630828E-05  0.13451816507005E-02
 -0.72027089935981E-04 -0.16840212657782E-04  0.12708376418271E-02
 -0.13815725432667E-04 -0.88115398717336E-04  0.12936889206705E-02
 -0.17792209196406E-03 -0.31814823797504E-04  0.43814066897833E-03
 -0.13695980096398E-04 -0.51801332313209E-04  0.13248193754651E-02
  0.11881908951213E-04 -0.24149548561225E-04  0.12420025832066E-02
 -0.33525296673058E-04  0.69195444129199E-05  0.13547609030819E-02
 -0.93413817772119E-04  0.89875628136574E-05  0.12982869384517E-02
 -0.12407970474653E-04  0.82758620432793E-05  0.15602057776787E-03
  0.26269494248950E-04 -0.61095101382976E-04  0.32955165562654E-03
 -0.53345665103604E-04 -0.14620196780503E-03  0.38322984865464E-03
 -0.16873518543339E-04  0.16889064837410E-05  0.13569438511668E-02
 -0.29372166057728E-04 -0.44610832802855E-04  0.12539330729594E-02
 -0.14425179911646E-03 -0.17938232406058E-04  0.40583292570734E-03
 -0.27029039275402E-04 -0.79959915196802E-04  0.12923158011529E-02
 -0.86330168208095E-04 -0.30722125666384E-05  0.12844202385580E-02
 -0.79190452324394E-06 -0.23394010838129E-05  0.13567404261045E-02
 -0.14933866628980E-05 -0.11736466659909E-04  0.15295219194759E-03
  0.28637179152363E-04 -0.55937697942573E-04  0.12627463545180E-02
 -0.51455022503898E-04 -0.14804951275326E-03  0.36029620068277E-03
  0.13243183831649E-04 -0.44829083194123E-05  0.13530898160771E-02
  0.81434972833899E-05 -0.27192458059614E-04  0.16150008748554E-03
 -0.81381419880566E-05 -0.67212531920276E-06  0.15252780688464E-03
  0.19917183126329E-04 -0.67868136619715E-04  0.34674632002939E-03
  0.65160464519917E-05 -0.10678210442024E-03  0.39790113400935E-03
 -0.14389720766989E-03  0.56987620382451E-04  0.41698347352700E-03
  0.50546507145724E-04  0.25958413433286E-04  0.13231902976919E-02
 -0.13824511191527E-03  0.82206485348850E-04  0.43222979386199E-03
 -0.48534635397697E-04 -0.32239115265088E-04  0.34887752449643E-03
 -0.94937237147435E-04  0.15508950137756E-04  0.34950586055935E-03
 -0.57971693541828E-04  0.94272562132544E-05  0.12569501117790E-02
 -0.35849166885555E-04 -0.60680613272342E-06  0.12447974109943E-02
 -0.28904984360290E-04 -0.15446716385075E-04  0.34601468176235E-03
  0.47532393705911E-04 -0.73778823743778E-04  0.31089279718244E-03
 -0.86860083228409E-04  0.23306986246403E-04  0.12908699935076E-02
  0.17154461054797E-05 -0.75417361974410E-04  0.13209765281669E-02
 -0.97577417702159E-05 -0.35591986576218E-04  0.12446089919766E-02
  0.17662678824796E-05 -0.92031397428783E-04  0.13129381242597E-02
 -0.11412640910958E-04 -0.12639522951123E-04  0.12395659986791E-02
  0.28721379244161E-04 -0.51160805220709E-04  0.34633626653255E-03
 -0.32735063690930E-04 -0.23135364585843E-04  0.30562720485049E-03
  0.53504773377318E-04  0.20673565220601E-04  0.13271110991838E-02
 -0.40759804708532E-04 -0.87886346749309E-04  0.34838911401413E-03
 -0.62855065068871E-04 -0.53703553294562E-04  0.34192764920323E-03
  0.24147960917824E-05 -0.86091350076022E-04  0.13174576351021E-02
 -0.94739678114444E-04  0.87247545327473E-04  0.38965024153466E-03
 -0.75793500990384E-04  0.17253824249626E-04  0.12732876847760E-02
 -0.46398290736632E-05 -0.16720192299251E-04  0.12038532249170E-02
  0.26872903262953E-04 -0.26363095017524E-04  0.94799755505253E-03
  0.66639030584383E-05 -0.95669151040465E-05  0.12185142267104E-02
  0.10047149121023E-03 -0.66357294457992E-04  0.11180815721352E-02
  0.24711726740222E-04  0.11815958991997E-03  0.10599768400282E-02
 -0.55775069864774E-05 -0.36347394609486E-04  0.96927900263862E-03
  0.82035471090000E-05  0.10707785847222E-03  0.11170236719349E-02
  0.26739912216620E-04  0.11962727771899E-03  0.11332936003869E-02
  0.31523642888878E-04  0.64253356017055E-05  0.12163130231813E-02
  0.12747621098906E-04 -0.30769196823249E-04  0.12201442239518E-02
  0.11721196610517E-03 -0.82598300912004E-05  0.12243716166093E-02
  0.96244836978905E-04 -0.63140186069980E-04  0.10785620360585E-02
  0.46426323232509E-04  0.24642844534599E-04  0.12618921575658E-02
  0.65011932595136E-04  0.13480725927283E-04  0.12589076144898E-02
  0.46635537166898E-04  0.87919288436052E-04  0.99531132832607E-03
  0.10026514271346E-03 -0.61016735242835E-04  0.11487988962969E-02
 -0.77830841118742E-05  0.78512204699110E-04  0.98495482934653E-03
  0.28268918631615E-04  0.10642851528521E-03  0.11513935126289E-02
  0.85555952007132E-04  0.20825789308352E-04  0.12466807954673E-02
  0.28556886416739E-04 -0.61660601109833E-05  0.12270764560426E-02
  0.10271171893467E-03  0.66345768095138E-05  0.12371258003685E-02
 -0.90537125748575E-05  0.89300299142781E-04  0.11789671742253E-02
  0.82646293081536E-04  0.13974907362079E-05  0.12530238005750E-02
  0.66798749216744E-04  0.33586650034103E-04  0.12537333401379E-02
 -0.20847077766292E-04  0.98013533510271E-04  0.11894350625854E-02
  0.60258868842702E-06  0.10153093893063E-03  0.10343664094752E-02
  0.12307761325133E-03 -0.38810647323675E-04  0.12045105107371E-02
  0.32056290376837E-05  0.70598511429874E-04  0.12498571833129E-02
  0.33007603016310E-04 -0.49826182426958E-04  0.98768159463953E-03
  0.34449468248776E-04  0.53739819411425E-04  0.11844305000462E-02
  0.73314925965351E-04 -0.70771109615754E-04  0.10760268091554E-02
  0.22324353079041E-04 -0.22847235496879E-04  0.12391825235324E-02
  0.11346249861228E-03 -0.24936637777520E-04  0.12273693285059E-02
  0.43863608452322E-04  0.11436241931726E-03  0.10435451420575E-02
 -0.13774363866369E-04  0.85385999752282E-04  0.12325899093495E-02
  0.34457467867005E-04  0.36324208811719E-04  0.11939093593988E-02
  0.24617200962560E-04  0.56392665500627E-04  0.12576042312545E-02
  0.24905812029755E-04 -0.16807132450992E-04  0.12357857627526E-02
  0.49911976007063E-04  0.55919778911056E-04  0.95992492609816E-03
  0.12501624724729E-03 -0.50613975718191E-04  0.11723666117135E-02
  0.12556870544025E-04  0.11534734051850E-03  0.10866167457935E-02
  0.32679946138925E-04  0.72114764307902E-04  0.11755301671473E-02
  0.68080022711172E-04 -0.59996462358176E-04  0.10273409778575E-02
  0.46580340874001E-04  0.44499159108226E-04  0.12579481019517E-02
  0.65555653892756E-04  0.10095124827488E-03  0.10442271614554E-02
 -0.22366206911972E-04  0.96754509759188E-04  0.12098115378612E-02
  0.99335033495454E-04 -0.11722522931077E-04  0.12431265110624E-02
  0.21679423201529E-04  0.97672823690683E-04  0.10053508211170E-02
  0.17670226270670E-04 -0.21048831040617E-04  0.12338715127508E-02
  0.19859305928719E-04  0.69442528821355E-04  0.95988860200397E-03
  0.18542249877983E-05 -0.53699252779877E-04  0.10141084906696E-02
 -0.24817912701652E-04  0.12189152961193E-05  0.11866316756498E-02
  0.33327227040241E-04  0.20269000349258E-04  0.12046998842038E-02
  0.11597009949437E-03 -0.59586528867835E-04  0.11295832668974E-02
  0.30698818580684E-04  0.90233777269990E-04  0.11651404738574E-02
  0.39407980111233E-04 -0.65096292665653E-04  0.10382109464742E-02
  0.21902847321226E-04  0.13776376648684E-03  0.11774160611484E-02
  0.76810098251013E-04 -0.71692955091440E-04  0.11204566032069E-02
  0.69204953403539E-04 -0.55212042081942E-04  0.11777683958731E-02
  0.86282659503145E-04  0.44409068368205E-04  0.11833905904348E-02
  0.14395258199219E-04  0.12711505274815E-03  0.11806619032537E-02
 -0.26612300696071E-04 -0.29345084871764E-04  0.11613063151077E-02
  0.88648964622952E-04  0.25186637944788E-04  0.11792394337496E-02
  0.11399328505262E-03 -0.16606598020175E-04  0.11845384290757E-02
  0.84237968523122E-04 -0.40586577185386E-04  0.11799702653124E-02
  0.72797949950033E-04  0.35834290197996E-04  0.11780546959178E-02
  0.11490225752313E-03  0.15125447711928E-05  0.11926888667467E-02
  0.40354169707847E-04  0.13683973706780E-03  0.11551944604434E-02
  0.10954793859327E-03  0.20017855266655E-04  0.12023332164546E-02
  0.95450287020951E-04 -0.23084171298071E-04  0.11797127708127E-02
  0.72318610955211E-04  0.16804199440323E-04  0.11809305255861E-02
  0.99513605570798E-04  0.37892147647022E-04  0.12125735264768E-02
  0.30075531612607E-04  0.14177843488809E-03  0.11651855172032E-02
  0.68248276227579E-04 -0.13961306606945E-05  0.11871210737442E-02
  0.84801116159928E-04  0.53972588919281E-04  0.12237708720945E-02
  0.29931428220297E-04  0.13606261930431E-03  0.11793242973550E-02
  0.10197041233211E-03 -0.46703284698899E-05  0.11803291647342E-02
  0.66120942593863E-04  0.68040371011454E-04  0.12345395792271E-02
  0.60107253427928E-04 -0.18439636404797E-04  0.11963035182756E-02
  0.38520984246290E-04  0.12396207650486E-03  0.11903327773213E-02
  0.44346878141426E-04  0.81292255529518E-04  0.12417493072316E-02
  0.67931814135257E-05  0.13172408374751E-03  0.11949613261691E-02
 -0.15000230264879E-06 -0.45684123389882E-04  0.11742071260116E-02
 -0.10082192353664E-04  0.79137607724065E-05  0.11987113514131E-02
  0.10533627784521E-04  0.12477430854243E-03  0.12132593326833E-02
  0.88037751991547E-04  0.64069856034707E-05  0.11789214548541E-02
  0.34132163930101E-04  0.12757555614054E-03  0.11698425762910E-02
 -0.37237040841118E-04 -0.35844831983524E-04  0.11323376328348E-02
  0.18330963380374E-04  0.13659888136082E-03  0.11926019808321E-02
  0.10306094365033E-03  0.13727009952796E-04  0.11843536906442E-02
  0.82562673034467E-04 -0.11993084314662E-04  0.11822467184643E-02
  0.26451764225188E-04  0.12632973434369E-03  0.12067932375970E-02
  0.99243749604252E-04  0.32396794620100E-04  0.11911619273640E-02
 -0.69800003362861E-05 -0.51166989603542E-04  0.11398863735360E-02
  0.72606507174955E-04 -0.29449517733559E-04  0.11881509075792E-02
  0.91634065771553E-04  0.50997498964247E-04  0.12008307724606E-02
 -0.15907209752680E-04 -0.53443307391448E-04  0.10989728539533E-02
  0.41465135531192E-04  0.11254322653178E-03  0.12135177067410E-02
  0.22538629310016E-04 -0.62909376436396E-04  0.11556544139551E-02
  0.59918026104494E-04 -0.44075925558869E-04  0.11938116471099E-02
  0.56984172649136E-04  0.96613633567764E-04  0.12110559077077E-02
  0.62574505908430E-04  0.83187145000024E-04  0.12236363902074E-02
  0.44689179999800E-04 -0.53543211170638E-04  0.11948590580949E-02
  0.42984845037904E-04  0.97719526843905E-04  0.12297676732314E-02
  0.71188097880090E-04  0.80503949204265E-04  0.12019519182364E-02
  0.49101225338496E-04 -0.63618415775783E-04  0.11700494293346E-02
  0.24350210541871E-04  0.11196247182928E-03  0.12265029040336E-02
  0.24846235786810E-04 -0.54950348303475E-04  0.11878453794396E-02
  0.80935877392409E-04  0.63357099412764E-04  0.11915001929176E-02
  0.79862019645057E-04  0.68209814196979E-04  0.12124967314367E-02
  0.49626395032949E-04 -0.32344938682696E-04  0.12060512055193E-02
  0.22979903178739E-04  0.94676598408066E-04  0.12405788135468E-02
  0.49911146100574E-04  0.10848195663738E-03  0.11939940131926E-02
  0.10676465050598E-03 -0.34814058599135E-04  0.11774364119718E-02
  0.54583110048522E-04  0.26517602666177E-04  0.11862744440204E-02
  0.39768661150577E-04  0.11671292912412E-03  0.11691638324117E-02
  0.45744910024717E-04  0.63288346875266E-04  0.12510117793830E-02
 -0.26151932482870E-04 -0.51087420642971E-04  0.10542017644081E-02
  0.45404971201289E-04  0.10013519385635E-03  0.11750467081323E-02
  0.23240682540874E-04  0.75897410643361E-04  0.12507026288027E-02
  0.51968885780733E-04  0.92322083994305E-05  0.11948947011001E-02
  0.34119084660709E-05  0.90499000780933E-04  0.12407247468360E-02
  0.50409293408288E-04  0.82923501167098E-04  0.11767537109820E-02
  0.46715709034867E-04 -0.62194124162994E-05  0.12055499110491E-02
  0.34193736815649E-04  0.13007996189419E-03  0.11574473936765E-02
 -0.10329526962289E-04  0.10472537677177E-03  0.12216597461237E-02
 -0.14306100543337E-04  0.11142204595237E-03  0.11999037463195E-02
  0.56689698553599E-04  0.12447773018791E-03  0.10875402991679E-02
  0.39153285421962E-04 -0.19688392709932E-04  0.12169786356816E-02
  0.45467671325251E-04 -0.72275628935715E-04  0.10899895268592E-02
 -0.71652913867145E-05  0.10688348723722E-03  0.11836960437765E-02
  0.31513491486122E-04 -0.30031365982957E-04  0.12255480526175E-02
  0.39806389668137E-04  0.13124083833089E-03  0.10955180158047E-02
  0.11891128569927E-03 -0.55178728360283E-04  0.11559917805192E-02
  0.29260600860279E-04  0.12890815879116E-03  0.11129937920562E-02
  0.12684640445424E-03 -0.41228126716127E-04  0.11858372655693E-02
  0.23890584435283E-04 -0.34903739436093E-04  0.12276718295506E-02
  0.10469520341082E-04 -0.63976854862904E-04  0.10648611234057E-02
  0.12578199986132E-03 -0.24748258589931E-04  0.12078108717822E-02
  0.55380058019732E-04  0.45268057913463E-04  0.11801805787180E-02
  0.10295307558385E-03  0.23286460207903E-04  0.12256258301503E-02
  0.56076571420893E-05  0.10897355813458E-03  0.12286204928728E-02
  0.38456287932477E-04 -0.42104352170271E-04  0.12124850130416E-02
  0.59236084493724E-04  0.91086913596022E-04  0.11907250684147E-02
 -0.39957132814292E-05  0.12039125634678E-03  0.12092617625439E-02
  0.17432820154119E-04 -0.66630392855103E-04  0.11138226720486E-02
  0.25324522462973E-04 -0.45599985967689E-04  0.12113152030639E-02
 -0.20260194366244E-05  0.12165204385923E-03  0.11903416438011E-02
  0.67015691267990E-04  0.73856093281028E-04  0.11841093887466E-02
  0.49106147942102E-04 -0.70985016216387E-04  0.11354766816006E-02
  0.95192971358601E-05  0.11176581827440E-03  0.11801746159187E-02
  0.66559728701746E-05 -0.39090332378922E-04  0.12008480454608E-02
  0.86537139092115E-04  0.38445151625978E-04  0.12359409232519E-02
  0.71483714207859E-04  0.55535226775628E-04  0.11790148014545E-02
 -0.15583548340926E-04 -0.23191700514574E-04  0.11848642372093E-02
  0.12270377137250E-03 -0.29146017073886E-04  0.11881765351689E-02
  0.58667497224036E-04  0.12743994523377E-03  0.11272433670604E-02
  0.75581463058733E-04 -0.65005732485043E-04  0.11546540802562E-02
  0.12320961116467E-03 -0.11182555410837E-04  0.12019811653906E-02
  0.43601579969560E-04  0.13816951506790E-03  0.11297780726942E-02
 -0.38355207541983E-04 -0.61623061254032E-05  0.11731925135380E-02
  0.11576692363346E-03  0.66222431568431E-05  0.12145498706075E-02
  0.94253469628289E-04 -0.51256376404904E-04  0.11684578999075E-02
  0.53866723172896E-04  0.64736058256145E-04  0.11775530293631E-02
  0.34676550132077E-04  0.13860376113050E-03  0.11423478118118E-02
  0.11537357858177E-03 -0.45879521846036E-04  0.11711679085314E-02
  0.67412551316642E-04  0.51604780268128E-04  0.12449265373551E-02
  0.19504943298238E-04  0.19202582023784E-04  0.12209470379966E-02
 -0.28836887460015E-04  0.24392941891423E-04  0.11835059296152E-02
 -0.12049244718231E-04 -0.57252496306846E-04  0.11881394962817E-02
 -0.44322933480403E-04  0.23098143935781E-05  0.96066975212425E-03
  0.49921233605462E-05 -0.50991555341316E-04  0.11831349827759E-02
  0.22811419027331E-04 -0.42405098549952E-04  0.11810904119762E-02
 -0.10747887478473E-04 -0.11577143281083E-04  0.93994153831674E-03
  0.42183723147034E-04 -0.31655915817593E-04  0.11820250149979E-02
 -0.72260933058010E-04  0.11810732957251E-04  0.10044052595359E-02
  0.78334245645125E-05  0.94236713787392E-04  0.11799003394547E-02
  0.80925994326012E-04  0.43696566082658E-05  0.11785987344580E-02
  0.25405557093446E-04  0.78230146027492E-04  0.11897786651616E-02
  0.95348225937575E-04  0.30073606039631E-04  0.11646282097302E-02
  0.41278763730901E-04  0.59999078598669E-04  0.12090528877918E-02
  0.10006419970162E-03  0.59517878031995E-04  0.11414226849390E-02
  0.91538159987829E-04  0.86071803369436E-04  0.11155853261511E-02
  0.62133805035644E-04 -0.15845363393092E-04  0.11829090178121E-02
 -0.28656268996305E-04 -0.60874227107455E-04  0.11963279769469E-02
 -0.44120266081026E-04 -0.60997799241899E-04  0.12061825848992E-02
 -0.90034555615211E-04  0.17483460824661E-04  0.10583231702240E-02
 -0.23292906583481E-04  0.22000066933147E-04  0.12240978026760E-02
  0.91545323211496E-04  0.56648585881543E-04  0.11799834467746E-02
  0.88001063919911E-04  0.83896020116112E-04  0.11584048443380E-02
 -0.43324596006441E-04  0.18526386013661E-04  0.12125702198793E-02
  0.74834360036375E-04  0.10758371575080E-03  0.11383984515392E-02
 -0.62569266167916E-04  0.15810168079243E-04  0.11985066354987E-02
 -0.63916653253960E-04 -0.24209549535766E-04  0.11382493949960E-02
 -0.81225834699268E-04 -0.17187056001418E-04  0.11576022970627E-02
 -0.78083909959709E-04  0.15199207260103E-04  0.11795972154462E-02
 -0.87403913483433E-04 -0.19216222949930E-04  0.11835181433280E-02
 -0.89293690355154E-04  0.16354400394522E-04  0.11513559581407E-02
 -0.83624261658866E-04 -0.30573790836757E-04  0.12057016725771E-02
 -0.72665776676593E-04 -0.44633359324875E-04  0.12167608253154E-02
 -0.94457198461966E-04  0.17978147561270E-04  0.11102440401855E-02
 -0.58703809729712E-04 -0.55843801899340E-04  0.12150282365557E-02
  0.49995689868342E-04  0.43443807656174E-04  0.12300924349448E-02
  0.74670169314562E-04  0.10790238128118E-03  0.10948030332541E-02
  0.47322851227718E-04  0.32538818669743E-04  0.12451631907785E-02
 -0.51841021974639E-04 -0.15029009509787E-04  0.11574684670561E-02
  0.60094250654698E-04 -0.38556504883253E-04  0.11756282784584E-02
  0.78648834093533E-04 -0.21885974438863E-04  0.11679116331547E-02
 -0.84818084402102E-04  0.40296059980311E-04  0.11276961938951E-02
  0.94428697483543E-04  0.36136654684618E-06  0.11517791082471E-02
 -0.82553645817868E-04  0.41849993711107E-04  0.10747257212462E-02
  0.10341348941328E-03  0.28794249810774E-04  0.11253836565713E-02
  0.10139695392150E-03  0.57042966329786E-04  0.10928799385693E-02
 -0.69062045042663E-04  0.38444357149515E-04  0.10170425948180E-02
  0.86547576526546E-04  0.80743708197694E-04  0.10627982314193E-02
 -0.44709333829196E-04  0.30578527375167E-04  0.96534390924867E-03
 -0.59138159093043E-04  0.56281147364032E-05  0.11726953040236E-02
 -0.72051225477576E-04  0.11600386380681E-04  0.11859510540892E-02
 -0.13221952202405E-04  0.18497694674935E-04  0.93269628615648E-03
 -0.73821796295055E-04  0.88327085247302E-05  0.12073024530094E-02
  0.22349636888411E-04  0.39196377609896E-05  0.92793526822989E-03
 -0.78457149894948E-04  0.37582774416383E-04  0.11690538206609E-02
  0.83762813796060E-04  0.31082855162899E-04  0.11945418028775E-02
  0.40997188593520E-04 -0.50383018794190E-04  0.11799551426814E-02
  0.22798640331651E-04 -0.57520783875880E-04  0.11858034485798E-02
 -0.71618829673520E-04 -0.58831536828554E-05  0.11668340234217E-02
  0.36906592959516E-04  0.28467289119159E-04  0.12520750965553E-02
 -0.81238574017721E-04 -0.35766355991037E-05  0.11877845498343E-02
  0.22766818981112E-04  0.28585685738248E-04  0.12521931922186E-02
 -0.79631064463610E-04 -0.11231128398575E-04  0.12111443420810E-02
 -0.68812044267754E-04 -0.25501693422105E-04  0.12282072949800E-02
  0.66003389404391E-05  0.30006430605069E-04  0.12478701806186E-02
 -0.53652857302551E-04 -0.41236222489921E-04  0.12332580484490E-02
 -0.11536849698033E-04  0.31046323371370E-04  0.12405243005248E-02
 -0.38121472136964E-04 -0.53514807098550E-04  0.12277343236674E-02
 -0.23894254504162E-04 -0.61340131871688E-04  0.12167454763375E-02
 -0.30301125126773E-04  0.31496771618077E-04  0.12306167031666E-02
 -0.93885154491223E-05 -0.63639933389109E-04  0.12048451825875E-02
 -0.48876604087478E-04  0.32841561241879E-04  0.12171428144701E-02
  0.61597150869649E-05 -0.62057360291132E-04  0.11941484016841E-02
 -0.65983488778207E-04  0.34565984331308E-04  0.11977318148238E-02
 -0.24665902867130E-05  0.25669623578278E-04  0.12344651861812E-02
  0.66826252040463E-04  0.95800173957173E-05  0.11984133413487E-02
  0.46576267207602E-04 -0.78694299474889E-05  0.11951864610576E-02
  0.65870738090928E-04  0.54081143749483E-04  0.12264617955929E-02
  0.49189847416224E-04  0.10935432319374E-03  0.11755524408805E-02
  0.61493826370730E-04  0.40109555866686E-04  0.12381245459647E-02
 -0.57668578972894E-04 -0.39972120492248E-04  0.10635747151442E-02
 -0.80751691815632E-04 -0.30707755124597E-04  0.10911276343367E-02
  0.48076756310701E-04  0.31092442413800E-04  0.12403707939658E-02
 -0.94301787517827E-04 -0.28672397850912E-04  0.11266093150276E-02
  0.29891377192987E-04  0.24885385405635E-04  0.12352584024405E-02
 -0.97351753442903E-04 -0.35388306740392E-04  0.11572270708474E-02
 -0.90405398039488E-04 -0.42836100414449E-04  0.11764092412392E-02
  0.85969740115050E-05  0.18450332401855E-04  0.12261253762667E-02
 -0.77827515962002E-04 -0.45402731491189E-04  0.11830935934145E-02
 -0.13714456044396E-04  0.11626577488470E-04  0.12151888517249E-02
 -0.63118118629601E-04 -0.43823283224713E-04  0.11829509351495E-02
 -0.46281574208626E-04 -0.38691450615987E-04  0.11822136900635E-02
  0.63820429151040E-04  0.87506840995516E-04  0.11918132817162E-02
 -0.34938949099554E-04  0.44120156960451E-05  0.12046857453290E-02
  0.72669749553301E-04  0.65148426683724E-04  0.12112677243214E-02
  0.71370382682366E-04  0.46246740284385E-04  0.12257677732001E-02
 -0.89332703278562E-04 -0.28733750102299E-04  0.11659457687813E-02
 -0.98934098504188E-04 -0.21503087563527E-04  0.11111055923088E-02
 -0.75853100946405E-04 -0.28078938099994E-04  0.11764573827336E-02
 -0.60387885475203E-04 -0.24404726689491E-04  0.11826694456457E-02
 -0.86657396612738E-04 -0.22325603214566E-04  0.10696555083392E-02
 -0.42520989750755E-04 -0.17586427441967E-04  0.11887058526845E-02
 -0.65277213901672E-04 -0.30303217517436E-04  0.10316441954352E-02
 -0.22822451749788E-04 -0.90873499410023E-05  0.11962960201536E-02
 -0.18238257343678E-05  0.57528830970817E-06  0.12060628273590E-02
 -0.35300255028517E-04 -0.41064960914916E-04  0.10111040356019E-02
  0.20572995071146E-04  0.10332263649095E-04  0.12168055727248E-02
  0.28677286645027E-04  0.11306394173671E-03  0.11778971185192E-02
  0.42282415788918E-04  0.20418427833584E-04  0.12260432792227E-02
  0.60022471805376E-04  0.31651647788819E-04  0.12302561595894E-02
  0.44922304704442E-04  0.93973862233357E-04  0.11882900868909E-02
  0.59106012619978E-04  0.73142185002511E-04  0.12070828664394E-02
 -0.65551167793785E-04 -0.28202504491753E-05  0.12284296388093E-02
 -0.27911370280247E-04 -0.30728262469839E-04  0.11841207759764E-02
 -0.87663484583630E-05 -0.21524351957590E-04  0.11895143569463E-02
 -0.92578237077365E-04 -0.32261229344910E-04  0.11721205379255E-02
 -0.88161369592690E-04 -0.43390208763649E-04  0.11922017283668E-02
  0.42612040884212E-04  0.77316633345528E-04  0.11987809002696E-02
 -0.76820422278787E-04 -0.52531858112646E-04  0.11990156804309E-02
  0.55450740147842E-04  0.58255866273313E-04  0.12193455364969E-02
 -0.62506163066951E-04 -0.55902850699591E-04  0.11955654649660E-02
 -0.46981489940211E-04 -0.54704282733852E-04  0.11888765761754E-02
  0.57972766505590E-04  0.43155339895050E-04  0.12371814171664E-02
 -0.29896483434251E-04 -0.49105481541998E-04  0.11838924760177E-02
  0.49647845942979E-04  0.33880477413433E-04  0.12463573168573E-02
 -0.11692533108605E-04 -0.42139381029807E-04  0.11822936579134E-02
  0.66851972921726E-05 -0.32905546974681E-04  0.11846550852980E-02
  0.35393977854346E-04  0.30342718633175E-04  0.12473490035452E-02
  0.26092718961875E-04 -0.21769554662733E-04  0.11895306897410E-02
  0.17679784449512E-04  0.28052601948100E-04  0.12425471800520E-02
  0.25780982706161E-04  0.95931467295095E-04  0.11834790825651E-02
 -0.54290835784766E-04 -0.18492377670494E-05  0.11942728596607E-02
 -0.88139211771792E-04 -0.26038565272076E-04  0.11434434395204E-02
 -0.73381054040738E-04 -0.30741601590202E-04  0.11152210763839E-02
  0.11741011019999E-04 -0.10911167807942E-04  0.11977396677439E-02
 -0.71310191457847E-04 -0.63241005506472E-05  0.11827081234717E-02
  0.33424675895972E-04  0.11507766027816E-05  0.12066995430653E-02
 -0.85300218632162E-04 -0.73988943098547E-05  0.11670047944578E-02
  0.54029734553668E-04  0.14970752083184E-04  0.12137614129778E-02
  0.71572895456812E-04  0.31718260405673E-04  0.12153476165150E-02
 -0.95912022786761E-04 -0.62240804120188E-05  0.11420780317608E-02
  0.81440142271311E-04  0.51833580565863E-04  0.12074988626766E-02
 -0.99406287131644E-04 -0.41395302806865E-05  0.11042104559981E-02
  0.80489402269818E-04  0.75729720989421E-04  0.11899137221154E-02
  0.69701984209883E-04  0.10002172008585E-03  0.11700904824458E-02
 -0.90892424369851E-04 -0.56040175866199E-05  0.10569342517552E-02
  0.54974584192949E-04  0.12140492751192E-03  0.11566021624679E-02
 -0.70137587803681E-04 -0.12134454344398E-04  0.10096921122992E-02
 -0.48144403422132E-04 -0.40759368449106E-04  0.10987368070812E-02
 -0.41366459225899E-04 -0.22767317195343E-04  0.97716198006609E-03
 -0.50573367190046E-04 -0.18846807141747E-04  0.12423274620035E-02
  0.76757854118741E-05  0.76143321648929E-04  0.11825529933179E-02
 -0.33098421740427E-04 -0.35098822811356E-04  0.12448793455698E-02
  0.56509491697171E-05  0.19943542089055E-04  0.12435592890430E-02
  0.58162248859652E-04 -0.30670284415905E-04  0.12496357952943E-02
  0.73024840533847E-04 -0.41746194142992E-04  0.12392376007894E-02
 -0.11878358936402E-05  0.30757678584726E-04  0.12347782666751E-02
  0.87341812126477E-04 -0.48916309678992E-04  0.12239352356964E-02
 -0.81213253379135E-05  0.41700028716337E-04  0.12227213799374E-02
  0.10062942149897E-03 -0.53409642114826E-04  0.12007230688751E-02
  0.11024400671861E-03 -0.53821122345972E-04  0.11657158615473E-02
 -0.13646322358679E-04  0.53977554988586E-04  0.12059151028179E-02
  0.11308504641433E-03 -0.48538391224198E-04  0.11178972184699E-02
 -0.17212275108244E-04  0.66826703857848E-04  0.11831242786565E-02
  0.10509711202543E-03 -0.39481620304619E-04  0.10601221040712E-02
  0.86139906539957E-04 -0.26857531958176E-04  0.10003127302894E-02
 -0.18246411128014E-04  0.79725781370839E-04  0.11531189766801E-02
  0.57132077576800E-04 -0.12071693478298E-04  0.95232069494163E-03
  0.43036401062831E-04 -0.18702018542729E-04  0.12568268292719E-02
 -0.17431544727407E-04  0.91677613784519E-04  0.11155364104529E-02
  0.12805318930550E-04  0.10867542199256E-04  0.12498816786580E-02
  0.77492320954456E-05  0.53238706265491E-05  0.12619509442593E-02
  0.10085234851310E-03 -0.15613896644611E-04  0.10349180992060E-02
  0.82245530160260E-04  0.29096298398089E-05  0.98161252456889E-03
 -0.10808401458896E-04  0.51916965731037E-04  0.11824070834637E-02
  0.53373013029958E-04  0.21282437707767E-04  0.94429928950583E-03
  0.61275839216377E-05  0.36636095723860E-04  0.11990876144880E-02
 -0.28435278587017E-04  0.44767499300519E-04  0.11788908939423E-02
 -0.41843019834110E-04  0.53818529642288E-04  0.11809945192066E-02
 -0.98751128316140E-04 -0.25466154359471E-04  0.11450369200704E-02
 -0.47373230847899E-04  0.56730533402572E-04  0.11964410774417E-02
  0.25738614506781E-04  0.64879517171347E-05  0.12395946458160E-02
 -0.43752138831374E-04  0.49545921049378E-04  0.12191751861849E-02
 -0.31226108111285E-04  0.35432587996663E-04  0.12413994815681E-02
  0.23824335358156E-04  0.19322670311775E-05  0.12500573076205E-02
 -0.12962190442250E-04  0.19696266800280E-04  0.12561775016002E-02
  0.18755343126988E-04  0.41820964855373E-05  0.12528084642230E-02
  0.26883692786031E-04 -0.68653126769068E-05  0.12614321731338E-02
 -0.28869223066066E-04  0.82961432341972E-04  0.10287314556375E-02
 -0.26314984484530E-04  0.63662583544931E-04  0.11774489130324E-02
 -0.12257351782043E-04  0.99567587306318E-04  0.10741639114697E-02
  0.15065294405675E-04  0.19168447360301E-04  0.12266786703758E-02
  0.11043207216447E-03 -0.54743666728622E-04  0.10951305219620E-02
  0.13186292928994E-04  0.32105246557973E-04  0.12149647231394E-02
  0.91031260824651E-04 -0.49325089056028E-04  0.10360821670917E-02
  0.62224719870686E-04 -0.39848772924806E-04  0.98261316320358E-03
  0.11200851803410E-04  0.45741246795193E-04  0.12019236329127E-02
 -0.97269038602764E-05  0.71318514646937E-04  0.11780074306024E-02
  0.99044104891583E-05  0.61337650725550E-04  0.11869391551911E-02
 -0.24161471813543E-04  0.81420130695724E-04  0.11811825546006E-02
 -0.30947663492256E-04  0.85273722931362E-04  0.11975299317862E-02
  0.87415714513659E-05  0.77618000401297E-04  0.11685882312214E-02
 -0.27785805522905E-04  0.78367957170445E-04  0.12204335314491E-02
  0.82400156463844E-05  0.93793457247542E-04  0.11454030428215E-02
 -0.14715480633971E-04  0.64547073540682E-04  0.12422520309632E-02
  0.47235792610336E-05  0.49774067124758E-04  0.12562883197348E-02
  0.11875727245339E-03 -0.54425728100450E-04  0.11477683762808E-02
 -0.37026128490176E-04  0.70507478166269E-04  0.11869357623737E-02
  0.11682064101393E-03 -0.50043846211920E-04  0.11892537128877E-02
  0.10729496896256E-03 -0.41743518396663E-04  0.12192272510275E-02
 -0.38516587764864E-04  0.69069928745938E-04  0.12074603235185E-02
 -0.11464597265726E-04  0.31259746189424E-04  0.11903862400956E-02
 -0.30571137189929E-04  0.57510774041240E-04  0.12312623203208E-02
 -0.14068916960922E-04  0.42982539956764E-04  0.12502561135662E-02
  0.50227816854084E-05  0.13983143564526E-04  0.12101394369208E-02
  0.62749544426241E-05  0.27689816342291E-04  0.12605529967496E-02
  0.16991223035899E-04 -0.19588627053759E-05  0.12301730762098E-02
  0.26987156329394E-04  0.15213980961791E-04  0.12634493374509E-02
  0.45607424136450E-04  0.36478213819634E-05  0.12622850492196E-02
  0.21374258236960E-04 -0.97904199876543E-05  0.12432628298752E-02
  0.62335177729648E-04 -0.78743432324251E-05  0.12584210836256E-02
  0.20233367330339E-04 -0.95867702252074E-05  0.12473701669810E-02
  0.78478975270078E-04 -0.20182422940266E-04  0.12514836663250E-02
  0.93717449271576E-04 -0.31685116954852E-04  0.12391590632827E-02
  0.18842916063269E-04 -0.29453748784967E-05  0.12440349545799E-02
  0.17236426912467E-04  0.74166322651668E-05  0.12365696738240E-02
  0.25961520321240E-04  0.36140011204353E-04  0.12618617998825E-02
  0.10870111857767E-03 -0.32268807707908E-04  0.10914570922823E-02
  0.10620784805143E-03 -0.46404486937597E-04  0.11408917413999E-02
  0.72404087630193E-04  0.70502667720311E-04  0.10072391140897E-02
 -0.33546362021780E-04  0.40490963929543E-04  0.12316442530812E-02
 -0.44635104620994E-04  0.15977957461064E-04  0.11776632157147E-02
 -0.59971769177126E-04  0.24799741534432E-04  0.11817516295807E-02
 -0.48681609608170E-04  0.46043216125959E-04  0.12146024018517E-02
 -0.65692297932569E-04  0.26729962855965E-04  0.11980472004416E-02
 -0.61163956524453E-04  0.52028782706127E-04  0.11881530436407E-02
 -0.61507597081949E-04  0.19455017678755E-04  0.12201496280348E-02
 -0.48665379234474E-04  0.49269002891260E-05  0.12404555258109E-02
 -0.68596578919893E-04  0.57791639558271E-04  0.11499973854759E-02
 -0.31202111557552E-04 -0.12185959844427E-04  0.12519260293314E-02
 -0.68211314399480E-04  0.62368490473704E-04  0.11006602431176E-02
 -0.12598249669711E-04 -0.26632796837775E-04  0.12527652887272E-02
  0.32738962189589E-05 -0.39687329322913E-04  0.12458984457971E-02
 -0.58692944136263E-04  0.63387272387525E-04  0.10443805207834E-02
 -0.17663303060044E-04  0.35042968262154E-04  0.12425083811691E-02
  0.17293210781865E-04 -0.50353873201525E-04  0.12353700928962E-02
  0.93900404150513E-04  0.48642904436446E-04  0.10378956174956E-02
 -0.17699974149342E-05  0.30379561332217E-04  0.12497756447914E-02
  0.24898121563335E-04  0.59822043906760E-04  0.11984007483079E-02
 -0.17151512745447E-04 -0.47879359143446E-04  0.12380261237761E-02
 -0.37242800815141E-05 -0.57608987850209E-04  0.12264761947795E-02
  0.37666223817871E-04  0.42203193167188E-04  0.12199235784190E-02
  0.10439214795987E-04 -0.62440430317614E-04  0.12138153310758E-02
  0.41618151878627E-04  0.28961565421990E-04  0.12392266070471E-02
  0.25649133142304E-04 -0.63837952214266E-04  0.12018657424453E-02
  0.42283415382711E-04 -0.61290434728008E-04  0.11907771888946E-02
  0.35537961379630E-04  0.22844740075431E-04  0.12511336733337E-02
  0.60113711670666E-04 -0.54944650227792E-04  0.11805902798476E-02
  0.24834832452438E-04  0.23060742310894E-04  0.12554098188163E-02
  0.78437063690542E-04 -0.42571990284002E-04  0.11683382505196E-02
  0.93665475815741E-04 -0.25957838780493E-04  0.11486134724977E-02
  0.12260779076998E-04  0.25991962629115E-04  0.12542295809938E-02
  0.10331975491306E-03 -0.26404973275815E-05  0.11177217332024E-02
  0.10475131148400E-03  0.24006455579088E-04  0.10780329001633E-02
 -0.41162290809788E-04  0.81861543358726E-04  0.10797195153571E-02
 -0.39800478038960E-04  0.58852342680713E-04  0.98957568942927E-03
  0.46202911405712E-04 -0.62183821150500E-04  0.12103665382214E-02
 -0.31096459149285E-04  0.11851124457174E-04  0.12493613210608E-02
 -0.55580118524100E-05  0.30147979770638E-04  0.12463527573202E-02
 -0.11979598341197E-04 -0.37087909465391E-05  0.12580659227710E-02
 -0.17553659795917E-04  0.38654109509938E-04  0.12373695689748E-02
  0.72968475075401E-05 -0.17145212359435E-04  0.12579435781439E-02
  0.23502520136613E-04 -0.29945286462780E-04  0.12524880273072E-02
 -0.28995016545273E-04  0.47593839808791E-04  0.12234319908457E-02
  0.38068582353923E-04 -0.40771496277434E-04  0.12434845843403E-02
 -0.38468054271419E-04  0.57449436000937E-04  0.12018694176326E-02
  0.52167166887868E-04 -0.50877039697057E-04  0.12322251101638E-02
  0.67098254921402E-04 -0.57138297653672E-04  0.12188586774780E-02
 -0.44758956957405E-04  0.66792880111350E-04  0.11704424202759E-02
  0.81620357957306E-04 -0.58314085542685E-04  0.12022437053955E-02
 -0.45639999695781E-04  0.75267423792223E-04  0.11287763290657E-02
  0.95991724152998E-04 -0.54604667333293E-04  0.11777643451741E-02
 -0.46749894833728E-04  0.27975823234079E-04  0.12312930270963E-02
  0.31215323393036E-04 -0.57939136018069E-04  0.12234123531746E-02
  0.58418092383951E-05  0.22611415316253E-04  0.12521744342422E-02
  0.16280484740301E-04  0.16807880557256E-04  0.12553028190243E-02
 -0.12533011918577E-04  0.49590806611157E-04  0.94878902188159E-03
  0.62170111626846E-04 -0.61885065443814E-04  0.11969889993943E-02
  0.74800481748392E-05  0.57115854179870E-04  0.11888692801745E-02
  0.78849396698945E-04 -0.55812542573574E-04  0.11813284962585E-02
  0.94198715214420E-04 -0.44328487890250E-04  0.11580777968339E-02
  0.22896612522006E-04  0.40122720978316E-04  0.12091357805612E-02
  0.10400353573773E-03 -0.28577242766102E-04  0.11227691026265E-02
  0.32269329044826E-04  0.24016223727401E-04  0.12309267864164E-02
  0.10604900453292E-03 -0.72363219185529E-05  0.10768829661344E-02
  0.97815014377415E-04  0.15175467917402E-04  0.10271936410106E-02
  0.31922171424540E-04  0.15248646724888E-04  0.12466928610153E-02
  0.77926553192974E-04  0.36955556440060E-04  0.98448411435253E-03
  0.25053861016722E-04  0.13428576552428E-04  0.12542778874256E-02
 -0.45040048939945E-04  0.35544441607393E-04  0.11789023175998E-02
 -0.54887908906443E-04  0.41822174739636E-04  0.11882601306885E-02
 -0.55471079726025E-04  0.39734432320698E-04  0.12082612222748E-02
  0.20039649404450E-04  0.37244800391161E-04  0.93231953990676E-03
