{
  "uid_a": "WSe2-1cfbe6183886",
  "uid_b": "MoS2-b3b4685fb6e1",
  "cell_a_original": [
    [
      3.3190066244679373,
      0.0,
      0.0
    ],
    [
      -1.6595033122339686,
      2.874344052118072,
      0.0
    ],
    [
      0.0,
      -0.0,
      1.0
    ]
  ],
  "cell_b_original": [
    [
      3.1840664646845926,
      0.0,
      0.0
    ],
    [
      -1.5920332323422963,
      2.757482445754964,
      0.0
    ],
    [
      0.0,
      0.0,
      1.0
    ]
  ],
  "coeffs_a": [
    [
      -26,
      -14
    ],
    [
      15,
      -11
    ]
  ],
  "coeffs_b": [
    [
      -27,
      -15
    ],
    [
      16,
      -11
    ]
  ],
  "twist_angle": 1.089704807620626,
  "stacking": null,
  "supercell_a": [
    [
      -63.06112586489081,
      -40.240816729653005,
      0.0
    ],
    [
      68.03963580159271,
      -31.617784573298792,
      0.0
    ],
    [
      0.0,
      0.0,
      1.0
    ]
  ],
  "supercell_b": [
    [
      -62.08929606134955,
      -41.36223668632446,
      0.0
    ],
    [
      68.45742899071874,
      -30.332306903304605,
      0.0
    ],
    [
      0.0,
      0.0,
      1.0
    ]
  ],
  "final_supercell": [
    [
      74.70045266412397,
      -9.352148147972616e-15,
      0.0
    ],
    [
      -40.24895715319605,
      63.22212562680504,
      0.0
    ],
    [
      0.0,
      0.0,
      1.0
    ]
  ],
  "strain_a": [
    [
      -0.001456165444248203,
      -0.0002736792005070312
    ],
    [
      -0.0002736792005070312,
      -0.00046680860511139066
    ]
  ],
  "strain_b": [
    [
      0.0013075157641555535,
      0.0002852888111021014
    ],
    [
      0.0002852888111021014,
      0.0003596201751294714
    ]
  ],
  "maxstrain": 0.1526825015245497
}