{
  "uid_a": "WSe2-1cfbe6183886",
  "uid_b": "MoS2-b3b4685fb6e1",
  "cell_a_original": [
    [
      3.3190066244679373,
      0.0,
      0.0
    ],
    [
      -1.6595033122339686,
      2.874344052118072,
      0.0
    ],
    [
      0.0,
      -0.0,
      1.0
    ]
  ],
  "cell_b_original": [
    [
      3.1840664646845926,
      0.0,
      0.0
    ],
    [
      -1.5920332323422963,
      2.757482445754964,
      0.0
    ],
    [
      0.0,
      0.0,
      1.0
    ]
  ],
  "coeffs_a": [
    [
      -14,
      10
    ],
    [
      -12,
      -26
    ]
  ],
  "coeffs_b": [
    [
      -15,
      10
    ],
    [
      -12,
      -27
    ]
  ],
  "twist_angle": 1.0500325965637007,
  "stacking": null,
  "supercell_a": [
    [
      -63.061125864890805,
      28.74344052118072,
      0.0
    ],
    [
      3.3190066244679355,
      -74.73294535506987,
      0.0
    ],
    [
      0.0,
      0.0,
      1.0
    ]
  ],
  "supercell_b": [
    [
      -63.68132929369185,
      27.57482445754964,
      0.0
    ],
    [
      4.776099697026889,
      -74.45202603538402,
      0.0
    ],
    [
      0.0,
      0.0,
      1.0
    ]
  ],
  "final_supercell": [
    [
      69.3474172097658,
      1.5503129285336876e-14,
      0.0
    ],
    [
      -33.9901908030397,
      66.52187193494709,
      0.0
    ],
    [
      0.0,
      0.0,
      1.0
    ]
  ],
  "strain_a": [
    [
      0.000532776794839096,
      -0.0005963075891634314
    ],
    [
      -0.0005963075891634314,
      -0.0014449185640383888
    ]
  ],
  "strain_b": [
    [
      -0.0006007380425410158,
      0.0005490474610299794
    ],
    [
      0.0005490474610299794,
      0.0013878106737490459
    ]
  ],
  "maxstrain": 0.16108013613886196
}