{
  "uid_a": "WSe2-1cfbe6183886",
  "uid_b": "MoS2-b3b4685fb6e1",
  "cell_a_original": [
    [
      3.3190066244679373,
      0.0,
      0.0
    ],
    [
      -1.6595033122339686,
      2.874344052118072,
      0.0
    ],
    [
      0.0,
      -0.0,
      1.0
    ]
  ],
  "cell_b_original": [
    [
      3.1840664646845926,
      0.0,
      0.0
    ],
    [
      -1.5920332323422963,
      2.757482445754964,
      0.0
    ],
    [
      0.0,
      0.0,
      1.0
    ]
  ],
  "coeffs_a": [
    [
      -14,
      13
    ],
    [
      -11,
      -26
    ]
  ],
  "coeffs_b": [
    [
      -15,
      13
    ],
    [
      -11,
      -27
    ]
  ],
  "twist_angle": 1.1297115858239832,
  "stacking": null,
  "supercell_a": [
    [
      -68.03963580159271,
      37.36647267753494,
      0.0
    ],
    [
      6.638013248935874,
      -74.73294535506987,
      0.0
    ],
    [
      0.0,
      0.0,
      1.0
    ]
  ],
  "supercell_b": [
    [
      -68.45742899071874,
      35.84727179481453,
      0.0
    ],
    [
      7.96016616171148,
      -74.45202603538402,
      0.0
    ],
    [
      0.0,
      0.0,
      1.0
    ]
  ],
  "final_supercell": [
    [
      77.44113277825534,
      7.601535985894325e-15,
      0.0
    ],
    [
      -41.68604790750159,
      62.281434773534826,
      0.0
    ],
    [
      0.0,
      0.0,
      1.0
    ]
  ],
  "strain_a": [
    [
      -0.001870438960981824,
      0.000842126630615662
    ],
    [
      0.000842126630615662,
      -0.0009433062607182574
    ]
  ],
  "strain_b": [
    [
      0.0017009682404798276,
      -0.0008003951213658453
    ],
    [
      -0.0008003951213658453,
      0.0007326492366264148
    ]
  ],
  "maxstrain": 0.23681587404527676
}