{
  "uid_a": "WSe2-1cfbe6183886",
  "uid_b": "MoS2-b3b4685fb6e1",
  "cell_a_original": [
    [
      3.3190066244679373,
      0.0,
      0.0
    ],
    [
      -1.6595033122339686,
      2.874344052118072,
      0.0
    ],
    [
      0.0,
      -0.0,
      1.0
    ]
  ],
  "cell_b_original": [
    [
      3.1840664646845926,
      0.0,
      0.0
    ],
    [
      -1.5920332323422963,
      2.757482445754964,
      0.0
    ],
    [
      0.0,
      0.0,
      1.0
    ]
  ],
  "coeffs_a": [
    [
      27,
      15
    ],
    [
      -15,
      10
    ]
  ],
  "coeffs_b": [
    [
      28,
      16
    ],
    [
      -16,
      10
    ]
  ],
  "twist_angle": 1.0918201798225609,
  "stacking": null,
  "supercell_a": [
    [
      64.72062917712478,
      43.11516078177108,
      0.0
    ],
    [
      -66.38013248935874,
      28.74344052118072,
      0.0
    ],
    [
      0.0,
      0.0,
      1.0
    ]
  ],
  "supercell_b": [
    [
      63.68132929369186,
      44.119719132079425,
      0.0
    ],
    [
      -66.86539575837645,
      27.57482445754964,
      0.0
    ],
    [
      0.0,
      0.0,
      1.0
    ]
  ],
  "final_supercell": [
    [
      77.61299656164064,
      -3.7883578119624945e-15,
      0.0
    ],
    [
      -39.28131761764967,
      60.731707744713766,
      0.0
    ],
    [
      0.0,
      0.0,
      1.0
    ]
  ],
  "strain_a": [
    [
      -0.0009431042977789961,
      -0.0011337236918563336
    ],
    [
      -0.0011337236918563336,
      -0.0008995739997410823
    ]
  ],
  "strain_b": [
    [
      0.0007753024927756591,
      0.0011072614044194832
    ],
    [
      0.0011072614044194832,
      0.0008178252364806626
    ]
  ],
  "maxstrain": 0.20552717442824417
}