{
  "uid_a": "WSe2-1cfbe6183886",
  "uid_b": "MoS2-b3b4685fb6e1",
  "cell_a_original": [
    [
      3.3190066244679373,
      0.0,
      0.0
    ],
    [
      -1.6595033122339686,
      2.874344052118072,
      0.0
    ],
    [
      0.0,
      -0.0,
      1.0
    ]
  ],
  "cell_b_original": [
    [
      3.1840664646845926,
      0.0,
      0.0
    ],
    [
      -1.5920332323422963,
      2.757482445754964,
      0.0
    ],
    [
      0.0,
      0.0,
      1.0
    ]
  ],
  "coeffs_a": [
    [
      -14,
      13
    ],
    [
      -11,
      -25
    ]
  ],
  "coeffs_b": [
    [
      -15,
      13
    ],
    [
      -11,
      -26
    ]
  ],
  "twist_angle": 1.1939247674665183,
  "stacking": null,
  "supercell_a": [
    [
      -68.03963580159271,
      37.36647267753494,
      0.0
    ],
    [
      4.978509936701905,
      -71.8586013029518,
      0.0
    ],
    [
      0.0,
      0.0,
      1.0
    ]
  ],
  "supercell_b": [
    [
      -68.45742899071874,
      35.84727179481453,
      0.0
    ],
    [
      6.3681329293691835,
      -71.69454358962906,
      0.0
    ],
    [
      0.0,
      0.0,
      1.0
    ]
  ],
  "final_supercell": [
    [
      77.44140094522697,
      8.879194475824838e-15,
      0.0
    ],
    [
      -38.92367026412657,
      60.569393388745546,
      0.0
    ],
    [
      0.0,
      0.0,
      1.0
    ]
  ],
  "strain_a": [
    [
      -0.002315731059317816,
      0.0005911541865772424
    ],
    [
      0.0005911541865772424,
      -0.00036600870660086215
    ]
  ],
  "strain_b": [
    [
      0.002133619643711171,
      -0.0005351343770980099
    ],
    [
      -0.0005351343770980099,
      0.00018409053404044862
    ]
  ],
  "maxstrain": 0.2480965311192798
}