 -0.90517183017113E-04  0.11503397143245E-04 -0.12751596729595E-02
 -0.13075799580107E-03 -0.30296847656520E-04 -0.14289649482402E-02
  0.79268270883435E-05 -0.94142886809185E-05 -0.15764231384443E-02
  0.33477075797409E-04  0.59872817137312E-04 -0.15332421097006E-02
 -0.87064414128601E-04 -0.47791149593145E-04 -0.14531642718637E-02
 -0.12741185041873E-03 -0.27203639686320E-04 -0.14423160435945E-02
  0.21945213332156E-04  0.56137582220787E-04 -0.15179816722398E-02
  0.44398370819297E-04 -0.42838370806974E-04 -0.15056950580409E-02
  0.30849927235072E-05  0.55330188469858E-05 -0.15801669042483E-02
  0.84323370081829E-05  0.49323744362763E-04 -0.15011107735483E-02
 -0.12027062026074E-03 -0.19625721359334E-04 -0.14563400133004E-02
 -0.33021460173868E-04  0.86471872178095E-04 -0.14519704372879E-02
 -0.77614810202028E-05  0.43189973815175E-04 -0.14848652210081E-02
 -0.88125746617830E-04 -0.44626299081806E-04 -0.14421427689141E-02
 -0.11019838606605E-03 -0.83335891755576E-05 -0.14640446740809E-02
 -0.23330789097988E-04  0.35380281688658E-04 -0.14705314837991E-02
 -0.21692678466579E-05  0.18724157493658E-04 -0.15799689338058E-02
 -0.41403960563305E-05 -0.59077055577484E-04 -0.14617208023809E-02
 -0.39990345048911E-04  0.27554813114500E-04 -0.14588225161932E-02
 -0.10035887103493E-03  0.37446603574234E-05 -0.14629289613148E-02
 -0.12587845957863E-04  0.60001378897287E-05 -0.15204340861061E-02
 -0.56401247407197E-04  0.20336659820168E-04 -0.14498106693010E-02
 -0.81290105042218E-05  0.26600625345107E-04 -0.15741603967547E-02
 -0.89885086874320E-04  0.17464954913381E-04 -0.14559083934179E-02
  0.35421642353988E-04  0.87037305657094E-04 -0.14354824852690E-02
 -0.86637893549288E-04 -0.36728030702650E-04 -0.14434811270180E-02
  0.48546493266833E-04  0.77143300262252E-04 -0.14422018680957E-02
 -0.79081882639008E-04  0.31053574855631E-04 -0.14477829882360E-02
 -0.18062990677045E-04  0.24964248688544E-04 -0.15590472280069E-02
  0.60041817281506E-04  0.65138777835391E-04 -0.14482072282006E-02
  0.41053313985916E-04  0.59134989784391E-04 -0.15436691267190E-02
 -0.77400248237177E-05 -0.61449310262298E-04 -0.14461890834022E-02
  0.46725318516275E-04  0.53172512700846E-04 -0.15444523640090E-02
 -0.13230525660472E-03 -0.27616792935998E-04 -0.14235998617899E-02
 -0.25932317444244E-04  0.27554336917842E-04 -0.15330235049146E-02
 -0.79875177148435E-05 -0.41025119227219E-04 -0.14496453228081E-02
  0.49664055733683E-04 -0.29212043717955E-04 -0.15040612317283E-02
  0.57708495297205E-05 -0.59611371670172E-04 -0.14745969791697E-02
 -0.51539915530330E-04  0.34776101602798E-04 -0.15422180743701E-02
  0.43856313826047E-04 -0.48048259510659E-04 -0.14957171263129E-02
 -0.69640190449588E-04 -0.13791702142219E-04 -0.14970517843527E-02
  0.37779445261954E-04 -0.61218391813788E-04 -0.14793532432468E-02
 -0.74806096731644E-04  0.34002513531279E-04 -0.15372010629379E-02
  0.98802763827778E-05 -0.55986051429934E-04 -0.15107442569174E-02
  0.32749718838559E-04 -0.68048769050060E-04 -0.14601661353730E-02
 -0.19784157592046E-04 -0.13781741785088E-04 -0.14857512349520E-02
 -0.94716102373605E-04  0.24569609382727E-04 -0.15159520447065E-02
  0.29644254212759E-04 -0.67383079747919E-04 -0.14451261476247E-02
  0.21417760697234E-05 -0.49614714194479E-04 -0.14808773941421E-02
 -0.77440986670791E-04 -0.30219844149480E-04 -0.14875349001905E-02
  0.29012673187822E-04 -0.57590335314600E-04 -0.14404773754490E-02
 -0.11058270687694E-03  0.96890408096679E-05 -0.14839780359395E-02
 -0.88256854142973E-05 -0.55391828414445E-04 -0.14409195142494E-02
  0.30568481514400E-04 -0.39889314410535E-04 -0.14498078766310E-02
 -0.21078484390831E-04  0.10096148768639E-03 -0.14478376808795E-02
 -0.12291588305236E-03 -0.64926637973244E-05 -0.14525130065043E-02
  0.34144953143167E-04 -0.15255036991579E-04 -0.14729480490775E-02
  0.11496344274022E-04 -0.37639706435041E-04 -0.15561360873540E-02
 -0.83695262396720E-04 -0.43189187426932E-04 -0.14708493572761E-02
  0.40746442443898E-04  0.10565820147459E-04 -0.15039004514441E-02
 -0.13089950556745E-03 -0.18676259453692E-04 -0.14309398583590E-02
 -0.93316605600525E-04 -0.22553538625878E-07 -0.12666522185656E-02
  0.45473900275276E-04  0.35521449118326E-04 -0.15308583511337E-02
  0.10439574737512E-04 -0.24690683837465E-04 -0.15687164130397E-02
  0.11766657729225E-04 -0.48627181913614E-04 -0.15372976966598E-02
 -0.64349959962157E-04  0.43103640554177E-04 -0.14419192663332E-02
  0.65085888200259E-04  0.51453145830081E-04 -0.14564880501290E-02
 -0.82909634464151E-04 -0.22723731781964E-04 -0.14597352481229E-02
 -0.49273865698033E-04 -0.55964509717459E-04 -0.14493703795139E-02
  0.27053655811537E-04 -0.28625721072871E-04 -0.15247574489332E-02
  0.55817311308278E-04  0.35768494157025E-04 -0.15059467737074E-02
 -0.29466715558751E-04  0.41367232217666E-04 -0.15140050468264E-02
 -0.43018800526314E-04  0.22959307186142E-04 -0.15695751134570E-02
  0.54994222115186E-04  0.57969919572812E-04 -0.15217368179347E-02
 -0.46268466527957E-04 -0.50571917836413E-04 -0.14659803682414E-02
 -0.57224214718306E-04  0.43748756662442E-04 -0.15185261883443E-02
  0.48911719271828E-04  0.71607810154000E-04 -0.15229688354335E-02
  0.17096631658840E-04  0.57627359460658E-05 -0.15106365549531E-02
  0.37848193248332E-04  0.77078385950690E-04 -0.15135047668479E-02
 -0.82719933693964E-04  0.38377141599774E-04 -0.15063587502868E-02
 -0.39571714307150E-04 -0.40019615493306E-04 -0.14847563374935E-02
  0.24204113637257E-04  0.76182162309624E-04 -0.14988536091562E-02
  0.54282171126203E-04  0.66562893070637E-05 -0.14796190331596E-02
 -0.30969073823642E-04  0.17066931245066E-04 -0.15753249485949E-02
  0.88363618216740E-05  0.70623904747203E-04 -0.14828079182452E-02
 -0.64876878216879E-04  0.34848093374927E-04 -0.14741558868864E-02
 -0.31940744214522E-04 -0.24852372630056E-04 -0.14993578961820E-02
 -0.67535220532170E-05  0.64300787117804E-04 -0.14676953285908E-02
 -0.12000111105615E-03  0.90780365973655E-05 -0.14454469306546E-02
  0.62884157782261E-05  0.30690854593762E-04 -0.15691726984382E-02
 -0.22512764787653E-04  0.56431231244145E-04 -0.14554773385107E-02
 -0.18792742892732E-04  0.30866946896233E-05 -0.15733738999361E-02
 -0.13006532480648E-03 -0.56208680173031E-05 -0.14177787836889E-02
 -0.39390716153925E-04  0.47715171897541E-04 -0.14468522052326E-02
 -0.26868772770013E-04 -0.49245827755702E-05 -0.15068710774410E-02
 -0.45477620473318E-05 -0.65446846529889E-05 -0.15261221901834E-02
  0.53559200354958E-04  0.59715669853216E-04 -0.14396582788351E-02
 -0.13516002042018E-03 -0.17551022747397E-04 -0.14027582818686E-02
 -0.10424461941896E-03  0.24400092496107E-04 -0.14787778049028E-02
  0.54829025802501E-04 -0.93858292401564E-05 -0.15035558631050E-02
 -0.29493387763792E-05  0.33590743156788E-04 -0.14987430363322E-02
  0.48146191718896E-04 -0.22594915817023E-04 -0.14535668258878E-02
 -0.27821619309110E-04  0.12658269426986E-04 -0.15324939436549E-02
  0.69295792943063E-04  0.32453471884358E-04 -0.14675918814513E-02
 -0.50227445130054E-04  0.55904246267231E-04 -0.14395550998391E-02
 -0.44224521364547E-04  0.70993589359334E-04 -0.14574993244156E-02
  0.73054945760516E-04  0.12135442616767E-04 -0.14797176187360E-02
  0.10133480157522E-03 -0.47765024876917E-04 -0.14413178180538E-02
  0.73512507647948E-04 -0.72504979436725E-05 -0.14905964831117E-02
 -0.37292302594982E-04 -0.57559514426907E-05 -0.14983747588293E-02
 -0.77202498585040E-04 -0.60490564413006E-05 -0.14888465211179E-02
  0.69924482638180E-04 -0.27579632229828E-04 -0.14971801839115E-02
  0.92727228206936E-04 -0.32612700269285E-04 -0.14411224371688E-02
 -0.16976127983494E-04 -0.41684803454441E-04 -0.14871377279854E-02
  0.64265008322601E-04 -0.46753869238323E-04 -0.14958081284498E-02
 -0.43776163099261E-04 -0.26218630458892E-04 -0.14669764253779E-02
  0.11575003785482E-04 -0.15959637049019E-04 -0.15071806102570E-02
  0.78442395339495E-04 -0.17841409810764E-04 -0.14430497272912E-02
  0.68832126188848E-05 -0.35211698212347E-04 -0.14971655232029E-02
 -0.67819850557645E-04  0.99587257840749E-05 -0.15233743918075E-02
  0.50964919541142E-04 -0.70436147703225E-04 -0.14665689070569E-02
  0.62383252000557E-04 -0.27625165318159E-05 -0.14495750335415E-02
 -0.48127816783758E-04 -0.42186261402775E-04 -0.14469169149519E-02
  0.46319039860235E-04 -0.71548667060850E-04 -0.14478583884948E-02
 -0.38736640928279E-05  0.23206653984724E-04 -0.15506118230872E-02
  0.42568992465478E-04  0.10917871345268E-04 -0.14624302343638E-02
  0.43379517025992E-04 -0.64163843475004E-04 -0.14365410236953E-02
 -0.55197852394392E-04  0.54056269845975E-04 -0.14648779752911E-02
 -0.49731765412425E-04 -0.52332013323218E-04 -0.14415084133145E-02
  0.43360622418896E-04 -0.47142769594632E-04 -0.14379006337402E-02
  0.20242308862231E-04  0.22994498551979E-04 -0.14796895565762E-02
 -0.55360616664852E-04  0.21299598258861E-04 -0.15524740767840E-02
  0.57597289895891E-04 -0.60330186207253E-04 -0.14846998224498E-02
 -0.81581667529800E-05  0.11266930232153E-03 -0.14451773653664E-02
  0.69581617654820E-06 -0.59177737813779E-04 -0.14281227849722E-02
  0.57763546822878E-04  0.12808439309327E-04 -0.14972633693190E-02
  0.47929152628714E-04  0.88011109560272E-04 -0.14742812825354E-02
  0.23182432654174E-04  0.22663460670346E-04 -0.15641885188099E-02
 -0.96141026509678E-04  0.12196033095419E-04 -0.15128260478363E-02
  0.47288593713830E-04  0.72995499687562E-04 -0.14846291948584E-02
  0.11781014659503E-04  0.64929534631344E-04 -0.15041321746384E-02
  0.45347513090849E-04  0.52376579707891E-04 -0.14943667979656E-02
 -0.10820190437259E-03 -0.31407899526992E-05 -0.14792355693566E-02
  0.33512278465583E-04 -0.28449663681738E-04 -0.12082933412831E-02
  0.42413644255452E-04  0.31795522520633E-04 -0.15024262124820E-02
  0.92220604741478E-04 -0.75368947286014E-04 -0.14196289865217E-02
 -0.11568133435176E-03 -0.18873780139951E-04 -0.14514086335934E-02
  0.38374771960903E-04  0.10323801156565E-04 -0.15077436068005E-02
  0.17350735730514E-04  0.85232695234510E-04 -0.14974332207573E-02
  0.25080112378502E-04  0.31474405011761E-04 -0.15704709020209E-02
  0.64084099436142E-05  0.44416593900156E-04 -0.15083393355063E-02
  0.33365425250005E-04 -0.12560824644733E-04 -0.15084848130828E-02
  0.15855207276325E-04  0.13230109138493E-03 -0.14378304336245E-02
  0.28298088097473E-04 -0.32588414345710E-04 -0.15025940396245E-02
  0.22691184630325E-04  0.10264908518104E-03 -0.14877222363652E-02
 -0.12381528401906E-03 -0.36303499201437E-04 -0.14361422062267E-02
  0.22871253071663E-04 -0.49084076892101E-04 -0.14892898872874E-02
 -0.30552184222252E-04 -0.55661825158532E-04 -0.14426836367289E-02
  0.17956657519712E-04 -0.61186811663592E-04 -0.14706375423745E-02
 -0.12044163060827E-03 -0.34688076470233E-04 -0.14475926021020E-02
  0.27652729907406E-04  0.11684949007283E-03 -0.14737278475263E-02
  0.14511220683516E-04 -0.65773681047336E-04 -0.14525893350194E-02
  0.39964362668757E-05  0.12517659777467E-03 -0.14468299876034E-02
 -0.11531456047563E-03 -0.29156826237193E-04 -0.14637665570586E-02
  0.10420771535344E-04 -0.62112503517383E-04 -0.14419612581663E-02
  0.24560233062781E-04  0.36008498843804E-04 -0.15706549266214E-02
 -0.12170234261274E-03 -0.31608192416293E-04 -0.14364741870947E-02
  0.30815462840627E-04  0.12692360755565E-03 -0.14534741342762E-02
 -0.80615095409207E-04  0.24364454686976E-04 -0.15411954859263E-02
  0.47247325045209E-04 -0.48332817992982E-04 -0.12485107413724E-02
 -0.20865345611518E-04 -0.51451762840290E-04 -0.14728106213882E-02
  0.63656298194640E-04 -0.40274526208548E-04 -0.14735774126267E-02
 -0.17485885005659E-04 -0.13659172068710E-04 -0.15076836479370E-02
  0.76559321658319E-04 -0.78483782909159E-04 -0.13973911875289E-02
  0.77112578138985E-05  0.33964246423252E-05 -0.15414228432049E-02
 -0.31288132819501E-04 -0.18554448937344E-04 -0.14856841667848E-02
  0.44872692958640E-04 -0.26538285941804E-04 -0.14902738823188E-02
 -0.16695117357913E-04 -0.38241354071783E-04 -0.14909727418556E-02
 -0.44312671347121E-04 -0.22647375617694E-04 -0.14603035306685E-02
  0.24779440544913E-04 -0.12999798123937E-04 -0.15096853183020E-02
 -0.54513557893944E-04 -0.25651826862042E-04 -0.14308310788998E-02
  0.71689929664233E-04 -0.73824835462563E-04 -0.13500975008828E-02
 -0.10005286395242E-04 -0.20388397288400E-04 -0.15037339548893E-02
 -0.63386087704931E-04 -0.24740567923875E-04 -0.13975806496169E-02
  0.43338588572896E-04  0.10042377182541E-03 -0.14619681853713E-02
  0.23323939250128E-05  0.89615856392241E-06 -0.15298626751847E-02
  0.13072327676243E-05  0.80415769269091E-04 -0.12712554250313E-02
  0.17280881915119E-04  0.12783192734303E-04 -0.15540779346590E-02
 -0.20753492312954E-04  0.13548427910453E-04 -0.15470133939012E-02
  0.12964216224245E-04  0.96692304126850E-04 -0.13267863972929E-02
 -0.39309259753217E-05 -0.18865672032871E-06 -0.15094699704620E-02
  0.60000804912515E-04 -0.63960742209625E-04 -0.12983277215658E-02
  0.23892319883197E-04  0.10770823099648E-03 -0.13780774616456E-02
 -0.42311500166374E-04  0.24173461014237E-04 -0.15568573991911E-02
  0.89105644404137E-04 -0.65236554368547E-04 -0.14423484558844E-02
  0.33082759058301E-04  0.11267861072677E-03 -0.14176921163918E-02
  0.63211190082675E-06  0.21789018038593E-04 -0.15103462000384E-02
 -0.62011192822429E-04  0.28854862767666E-04 -0.15562132588648E-02
  0.39163755234981E-04  0.11074685231811E-03 -0.14443895478221E-02
  0.76594343300274E-04 -0.75204091051606E-04 -0.14359744452197E-02
 -0.25957786477251E-04 -0.57388256369703E-04 -0.14545466518089E-02
  0.63503892205271E-04  0.45765490968849E-04 -0.14422378388149E-02
  0.99053993112931E-05 -0.50552088172458E-04 -0.14438511795135E-02
  0.89557770194745E-04 -0.78415495018283E-04 -0.13875713075713E-02
 -0.38550179955395E-04  0.64119738662731E-04 -0.14774773813106E-02
 -0.54074208001645E-04 -0.17359185784627E-05 -0.14580413481607E-02
  0.10020722044898E-03 -0.62859465728013E-04 -0.14334831443497E-02
 -0.66732510941729E-04 -0.53456782034318E-05 -0.14414377107243E-02
 -0.30576435935905E-04 -0.19708488192532E-04 -0.12207997112382E-02
  0.17600011873961E-05 -0.13136360855234E-05 -0.15062967718695E-02
  0.70315367323577E-05  0.93608679766131E-04 -0.13627950152786E-02
  0.92797589217088E-04 -0.51472768419755E-04 -0.14425388269284E-02
 -0.47354155674095E-04  0.45495671021155E-04 -0.14849507614113E-02
  0.20762873678440E-04  0.10119554092285E-03 -0.14026799112117E-02
 -0.22613874974539E-04 -0.32708272720576E-04 -0.12635311314948E-02
  0.80168327920178E-04 -0.36441141269168E-04 -0.14500838412492E-02
  0.34483385696342E-04  0.10021357449186E-03 -0.14291320133257E-02
  0.69576386955875E-04 -0.64156747355485E-04 -0.13021709272288E-02
  0.10077638502074E-03 -0.73232468218753E-04 -0.14172498110637E-02
 -0.26474140684731E-04 -0.33526527075097E-04 -0.14576070996738E-02
  0.63224737943856E-04 -0.22826169275383E-04 -0.14601635881690E-02
 -0.14933180472809E-04 -0.44098066999824E-04 -0.13164711065528E-02
  0.50956622354566E-04  0.85641643509376E-04 -0.14558784805218E-02
 -0.55600454519530E-04  0.26819264836352E-04 -0.14922053012952E-02
  0.44059038291415E-04 -0.89013802039980E-05 -0.14752057775656E-02
  0.55950854327940E-04  0.70094444941188E-04 -0.14659507506740E-02
 -0.43428667718938E-05 -0.21923925123738E-04 -0.14729965683200E-02
 -0.73113895513713E-05 -0.52779394487317E-04 -0.13736266468980E-02
  0.59727827278375E-04  0.52416781406187E-04 -0.14765895267896E-02
  0.22989645820845E-04  0.42534750964061E-05 -0.14944868376638E-02
  0.58521428405166E-04 -0.55715570147130E-04 -0.14863835118650E-02
  0.59422295489142E-04  0.34847908225800E-04 -0.14876066386863E-02
 -0.62876454599187E-04  0.56450224955853E-05 -0.14975196163518E-02
 -0.51861867960765E-06  0.17183122108058E-04 -0.15153282352357E-02
  0.45384123371192E-04  0.94759758364560E-04 -0.14448506896016E-02
 -0.10662864081342E-03 -0.17950848812465E-04 -0.14763408903067E-02
 -0.39525360362437E-04  0.45591733703743E-05 -0.14739790679341E-02
 -0.21598940114399E-04  0.11476648558812E-04 -0.14898313350836E-02
  0.14208368240886E-04 -0.32293674738863E-04 -0.14607309565628E-02
 -0.83589769896436E-05  0.11364078891635E-03 -0.14547510157890E-02
 -0.97458108269493E-04 -0.37936191675552E-05 -0.14797877405160E-02
  0.19682171927912E-04 -0.84967828610683E-05 -0.14901239421934E-02
  0.33485626207494E-04  0.13028056404782E-03 -0.14235146052310E-02
  0.70864602710043E-04 -0.67537055279149E-04 -0.14644488015427E-02
  0.25456513011154E-04  0.16359294038947E-04 -0.15235393406072E-02
 -0.88827034126972E-04  0.11457880054277E-04 -0.14742803982609E-02
  0.20267606804879E-04  0.32531508667500E-04 -0.15613034033308E-02
  0.31355751072119E-04  0.33805478879882E-04 -0.15491331409842E-02
  0.32351586950734E-04  0.12601163517517E-03 -0.13825004790767E-02
 -0.78476969084368E-04  0.26459192650499E-04 -0.14646194909336E-02
  0.36245791678637E-04  0.43512901809848E-04 -0.15603226734458E-02
 -0.20874102108309E-04  0.98894827773602E-04 -0.14624412851745E-02
  0.21272099842858E-04  0.70921647390933E-04 -0.12303172522145E-02
 -0.56825663648902E-04 -0.26767414189934E-04 -0.14940989131506E-02
 -0.68069025889757E-04  0.43103562136640E-04 -0.14547222952709E-02
 -0.30864916685527E-04 -0.48260109424932E-04 -0.14428710003734E-02
  0.29245201034470E-04  0.40707144048615E-04 -0.15503510124673E-02
  0.30053972723659E-04  0.11483329502662E-03 -0.13321947913000E-02
 -0.55397160887056E-04  0.57468153276949E-04 -0.14474208888779E-02
  0.19295899202113E-04  0.34348222139229E-04 -0.15371091051826E-02
  0.81294587878634E-04 -0.74862185511168E-04 -0.13468707623421E-02
 -0.31492548099019E-04  0.83069235794592E-04 -0.14699267498193E-02
  0.80031916452129E-05  0.25334978619894E-04 -0.15217174674828E-02
 -0.44000473887796E-04  0.72851776214461E-04 -0.14431813165656E-02
  0.25901273229047E-04  0.95232611044723E-04 -0.12787050345990E-02
 -0.56371575526318E-05  0.18041318618852E-04 -0.15057729023926E-02
  0.11369663146902E-04  0.19107983859485E-04 -0.15390116243262E-02
 -0.30058975007728E-04  0.85859329466887E-04 -0.14421814631812E-02
  0.34921898722387E-04  0.44706616400875E-04 -0.15592894354361E-02
 -0.21124105821854E-04  0.16963214710541E-04 -0.15081844936568E-02
  0.22217645116599E-04  0.27300115154446E-04 -0.15096327003284E-02
  0.74449746332968E-04  0.28781101017079E-04 -0.14488871859315E-02
  0.78617625845452E-05  0.12273686935235E-03 -0.14432890682811E-02
 -0.15603576127738E-04  0.39666343256957E-04 -0.11824408866467E-02
 -0.22241204861157E-04  0.20864918811833E-04 -0.15766073766927E-02
  0.10533020059950E-03 -0.60858492817442E-04 -0.14381598540361E-02
 -0.48112332044375E-04  0.22684697482305E-04 -0.15680432690992E-02
 -0.96150378075519E-05  0.59860270238075E-04 -0.12203789052995E-02
  0.10091245386102E-03 -0.70898028238646E-04 -0.14270092726388E-02
 -0.11403041452197E-03 -0.19492990569746E-05 -0.13205730038253E-02
 -0.41888923117389E-05  0.10859745580818E-03 -0.14716986443317E-02
  0.93673716497032E-04 -0.76151181402225E-04 -0.14054433405187E-02
 -0.36526400279289E-04 -0.56562917079966E-05 -0.11922685562592E-02
 -0.32942330538805E-04  0.24557647938472E-04 -0.15656368951087E-02
  0.84600544775108E-04 -0.72835038793591E-04 -0.13766466082945E-02
 -0.11449779944928E-03 -0.99657974588845E-05 -0.13196145652819E-02
 -0.10789014043947E-03  0.11593640147990E-04 -0.13362804754452E-02
 -0.39086169522554E-04  0.93652084230252E-05 -0.11817095638237E-02
 -0.48777925045969E-04 -0.28797149537659E-04 -0.13120264843482E-02
  0.64951904105810E-04 -0.44041886728297E-04 -0.13215029335065E-02
 -0.39081952746662E-04  0.25876690495255E-04 -0.11909928163879E-02
 -0.11018535061580E-03 -0.13105870114432E-04 -0.13317633957731E-02
  0.58530263180230E-04 -0.17453177638293E-04 -0.13085791744196E-02
 -0.43032173357877E-04  0.18549801872402E-04 -0.15430673676948E-02
 -0.33572053818841E-04  0.43609986047142E-04 -0.12190387018313E-02
  0.54091518142226E-04  0.14940251977305E-04 -0.13112328023129E-02
 -0.13826173265042E-04  0.92236976175212E-04 -0.14808357008795E-02
 -0.10442103490676E-03 -0.14005894718836E-04 -0.13527908775492E-02
  0.52340500536258E-04  0.49498244624966E-04 -0.13282407971594E-02
 -0.22389142552978E-04  0.63457830423216E-04 -0.12618670363829E-02
 -0.98621152298212E-04 -0.15424875321930E-04 -0.14693449049203E-02
  0.50399874945989E-04  0.82256996788286E-04 -0.13546305972449E-02
  0.73623277500274E-04 -0.62644843176309E-04 -0.13462877360063E-02
 -0.52960948575623E-04  0.38665939245099E-05 -0.15107499119080E-02
 -0.10438126534317E-03 -0.29171503300145E-04 -0.14467123839372E-02
 -0.16115860968725E-04  0.20332063994457E-04 -0.11628907089909E-02
  0.96619182526118E-04 -0.70221892377135E-04 -0.14436084154443E-02
  0.23250938656085E-04 -0.50050662130723E-04 -0.15435696478023E-02
 -0.13502858188142E-03 -0.22584117532283E-04 -0.14016311673910E-02
  0.87877591147774E-04 -0.74795924144281E-04 -0.14244455387511E-02
 -0.10584016311784E-03 -0.39185080488775E-04 -0.14392108718915E-02
  0.78333740261936E-04 -0.72750614459914E-04 -0.13995686159050E-02
  0.19317495188938E-04  0.59510346717510E-04 -0.14523308493845E-02
  0.14806131152568E-04 -0.36886617237947E-04 -0.15594778242856E-02
  0.69782590057634E-04 -0.62129073289323E-04 -0.13760356198450E-02
  0.26069483744190E-04  0.13759570784037E-03 -0.14274198209553E-02
 -0.36805717366273E-05  0.65393773391988E-04 -0.14577240803760E-02
  0.64426192699526E-04 -0.41176974430365E-04 -0.13607579778658E-02
  0.10741469584798E-04  0.77564154713103E-04 -0.12418692769206E-02
  0.54483423675994E-05 -0.20838311567504E-04 -0.15705372318981E-02
  0.22717805085319E-04  0.12612317987339E-03 -0.14416495610626E-02
  0.61446963893176E-04 -0.12522897449485E-04 -0.13585819330836E-02
  0.59973455831490E-04  0.22506495380433E-04 -0.13699233491011E-02
  0.16380339837036E-04  0.13347073440368E-03 -0.14465329904763E-02
 -0.57336957063806E-04  0.58267843968644E-04 -0.14341449857548E-02
  0.59300792262971E-04  0.56228459267368E-04 -0.13900959993388E-02
 -0.42347198521747E-05 -0.45703017333987E-05 -0.15771254440599E-02
  0.84328164275948E-05 -0.19408819172822E-04 -0.15546740316432E-02
  0.56124560346289E-04  0.88061720039268E-04 -0.14115250670437E-02
 -0.79318798873495E-04  0.44316782870127E-04 -0.14015164159672E-02
  0.49924368156849E-05  0.54635501626128E-04 -0.11966449796922E-02
  0.47139244690453E-04  0.11154567614921E-03 -0.14283357686898E-02
 -0.13067995972739E-04  0.93862156278212E-05 -0.15795809388980E-02
 -0.96889964054067E-04  0.27100423426704E-04 -0.13653238416372E-02
  0.35780282349226E-04  0.12333292411035E-03 -0.14378604448445E-02
  0.57740474837133E-05  0.12248235357811E-03 -0.14606275116945E-02
 -0.30506263486589E-04  0.65719888594585E-04 -0.14536393643096E-02
  0.33612764174575E-04  0.13483584210933E-03 -0.14015372765347E-02
 -0.88839133986556E-05  0.79741736598301E-04 -0.13129244777201E-02
 -0.97432236364163E-04 -0.13739051729452E-04 -0.13776647024360E-02
 -0.35271175842047E-04  0.32468303362698E-04 -0.15004612087414E-02
 -0.68943112544446E-04 -0.51825263370607E-04 -0.14454392233877E-02
  0.56123955259283E-04 -0.47182176837195E-04 -0.12600790213883E-02
  0.51190724688065E-06  0.87254577343127E-04 -0.13989927785638E-02
 -0.26265830442038E-04  0.73744225785633E-04 -0.14104833448132E-02
  0.44707814789625E-04 -0.25224339893235E-04 -0.12281190013598E-02
 -0.62816154974825E-04  0.25050673167027E-04 -0.15583228059495E-02
  0.20505181343669E-04  0.90540515839719E-04 -0.14228765430658E-02
  0.36241080320041E-04  0.89554357170342E-06 -0.12125491668216E-02
 -0.24458840998617E-04 -0.42856794131803E-04 -0.14510516103688E-02
 -0.48514980957792E-04  0.61644276374462E-04 -0.13765773490743E-02
  0.32034636958602E-04  0.29770501235938E-04 -0.12162912475151E-02
 -0.71417321299437E-04 -0.22253951886230E-04 -0.13614041688644E-02
 -0.66685125404029E-04 -0.50059013116910E-04 -0.14598439145002E-02
  0.38899784957577E-04  0.12208654582660E-03 -0.13683639869426E-02
  0.32645271047724E-04  0.60094837907391E-04 -0.12392039309389E-02
 -0.79428411910822E-04 -0.18975949134429E-04 -0.13258689665951E-02
  0.33436014355577E-04  0.88190130135779E-04 -0.12775767771202E-02
 -0.67723043397258E-04  0.45427271342136E-04 -0.13360708822442E-02
 -0.84683021159051E-05 -0.35816513930159E-04 -0.15161970498678E-02
  0.24902726416851E-04 -0.54251646395336E-05 -0.11835411609875E-02
 -0.86280309819614E-04 -0.14685417543564E-04 -0.12954259845311E-02
 -0.62079233509178E-04 -0.42459187230479E-04 -0.14783875768950E-02
  0.19305880227615E-04  0.19115692675032E-04 -0.11786629676157E-02
 -0.80539699651051E-04  0.28462340900326E-04 -0.12995584501190E-02
 -0.90999921513261E-04 -0.83370834541855E-05 -0.12744677718185E-02
  0.19120431418916E-04  0.45431926063319E-04 -0.11950580253458E-02
 -0.77144455298758E-04  0.16332878054210E-04 -0.15351013028643E-02
 -0.48856434062659E-04 -0.72677753662984E-05 -0.15026065756766E-02
  0.27281581252809E-05  0.32090617038442E-04 -0.11679882990565E-02
 -0.41424349617143E-04  0.12089919476310E-04 -0.15036653303157E-02
  0.46495310083854E-04  0.10791718380272E-03 -0.13829388022746E-02
 -0.19181339659304E-04  0.77955318107478E-04 -0.13615099854841E-02
  0.42154678572483E-04  0.10045691766335E-03 -0.13308358348992E-02
 -0.40999146132710E-04 -0.36721910903600E-04 -0.13598711148409E-02
  0.40027288426161E-04  0.12576906104548E-03 -0.14075203402494E-02
 -0.55774576519737E-04 -0.20580121957098E-04 -0.12700137175470E-02
 -0.21058618535855E-04  0.74209972686747E-04 -0.14886376662195E-02
  0.28917303376382E-04  0.13461138606496E-03 -0.14254951133560E-02
 -0.89302346175703E-04 -0.12213246086337E-04 -0.14019039341266E-02
 -0.61784053643310E-04 -0.11402195778141E-04 -0.12382982718298E-02
  0.94695794465834E-04 -0.76656577420517E-04 -0.13912398241007E-02
 -0.61030096663490E-04 -0.14903990176018E-04 -0.14771959847395E-02
  0.11068355666722E-05 -0.28960851560916E-04 -0.15383990611173E-02
  0.84800922646332E-04 -0.73328109998459E-04 -0.13570223116821E-02
 -0.65981548131447E-04  0.87894039170428E-07 -0.12209364052320E-02
 -0.80373373907856E-04 -0.99976834366574E-05 -0.14233271655569E-02
  0.73477312083295E-04 -0.63687774015714E-04 -0.13194514078107E-02
 -0.31875518403968E-05  0.79551251790093E-04 -0.14310159686638E-02
 -0.66086299121718E-04  0.12696748092174E-04 -0.12209337758067E-02
 -0.66243630868579E-04 -0.32031173359598E-04 -0.14523937806056E-02
  0.39180868163803E-04  0.68790048540639E-04 -0.14396903846733E-02
  0.53590127694735E-04 -0.22620590474034E-04 -0.12631386647755E-02
 -0.60894993711351E-04  0.27684059712325E-04 -0.12388691490927E-02
 -0.29860162279421E-04  0.54095256465823E-04 -0.14951942723066E-02
  0.47092839482246E-04  0.72963231710421E-05 -0.12567449115431E-02
 -0.33828577583185E-04 -0.41551502414210E-04 -0.14078508221497E-02
 -0.49563155909386E-04  0.45460031193067E-04 -0.12723451321685E-02
  0.42589918585866E-04  0.40321039635281E-04 -0.12680530871660E-02
  0.19191985657697E-04  0.76297951347560E-04 -0.14388946464735E-02
 -0.68434364003898E-04 -0.45684364043446E-04 -0.14418184901163E-02
  0.42229241002287E-04  0.72422109027859E-04 -0.12949400416409E-02
 -0.35798212161224E-04  0.62825078923375E-04 -0.13161965646687E-02
 -0.88903008894857E-04  0.15038944433420E-05 -0.15021375906988E-02
  0.63226263853855E-04 -0.46202703682538E-04 -0.12859128603005E-02
  0.56981990715940E-04  0.37772749937018E-04 -0.14396167677497E-02
  0.39185810796008E-04  0.50304713685661E-04 -0.14447044589464E-02
  0.19370283123907E-04  0.97796888764601E-04 -0.12967147520448E-02
  0.62747744365651E-04  0.32371554151952E-04 -0.14711590592901E-02
  0.34588373548602E-04  0.87728483418228E-04 -0.14896227858778E-02
  0.20450849200351E-04  0.12700321002572E-03 -0.14612680966654E-02
  0.62513041740022E-04  0.62848236938197E-04 -0.14898322565219E-02
  0.88613016974580E-04 -0.12744377539184E-04 -0.14411843393077E-02
  0.50620133282813E-04 -0.65594289292834E-04 -0.14940064218717E-02
  0.52857598166634E-04  0.82701490068488E-04 -0.14964034620293E-02
  0.75785087081851E-04  0.29774414587387E-05 -0.14393357223486E-02
  0.40866403798389E-04  0.92168184278292E-04 -0.14913705697116E-02
  0.26690749615477E-04  0.13443125894577E-03 -0.14394219580453E-02
 -0.89590197828998E-04 -0.18017892006981E-04 -0.14888146189026E-02
  0.28202402233525E-04  0.94950206521305E-04 -0.14800524421226E-02
  0.58686787000207E-04  0.17695040739640E-04 -0.14428683218346E-02
  0.55285107764352E-04 -0.74343343962656E-04 -0.14621269140168E-02
 -0.55871774494753E-04  0.38592944241932E-04 -0.14422015716534E-02
  0.11831590908412E-04  0.93019528893130E-04 -0.14673836509754E-02
  0.41187003652814E-04  0.30465596737411E-04 -0.14520644196849E-02
 -0.45390808626921E-05  0.86140480138902E-04 -0.14558734928302E-02
  0.36102746588399E-04  0.10393207448903E-03 -0.14782214644036E-02
  0.15536649557396E-04  0.18854481984790E-04 -0.15774234616420E-02
 -0.20691312922526E-04  0.77013174952873E-04 -0.14468695629035E-02
  0.20736291134756E-04  0.41768152607083E-04 -0.14658912238596E-02
  0.35497997117363E-04  0.12670816060944E-03 -0.13694943235973E-02
 -0.35227927392554E-04  0.67213042271324E-04 -0.14412817586496E-02
  0.56417454745893E-04 -0.77185139185952E-04 -0.14198863745893E-02
 -0.48687489540978E-05  0.50125614413487E-04 -0.14798692485444E-02
  0.71004489739472E-04  0.24682817979125E-04 -0.14390600444769E-02
  0.10327687282672E-03 -0.59786836942752E-04 -0.14525547844653E-02
  0.34861783263337E-04  0.11008110179960E-03 -0.13238833088238E-02
  0.80945878933691E-04  0.81557794870692E-05 -0.14435683819366E-02
  0.31744301032652E-04  0.13456162372119E-03 -0.14089117566854E-02
 -0.30872904235197E-04  0.55170457118207E-04 -0.14879112341017E-02
  0.60274228152149E-04  0.72651666248430E-06 -0.14471320176285E-02
 -0.70345307302230E-04  0.28430397324751E-04 -0.14413919257671E-02
 -0.33150219710281E-05 -0.12071780583619E-04 -0.15656540745830E-02
 -0.73217677505201E-04  0.17995351806320E-04 -0.14836394225185E-02
  0.81414319249089E-04  0.12425183576740E-04 -0.14591750460341E-02
 -0.13097099036223E-03 -0.23372391358386E-04 -0.14116058585685E-02
 -0.13973877576374E-04  0.38053117538314E-04 -0.15060808627255E-02
  0.84227676570005E-04 -0.68768305330502E-05 -0.14712782235542E-02
  0.27069189914854E-04  0.50366311182542E-04 -0.15051753198132E-02
 -0.12402571693863E-03 -0.19593487530623E-04 -0.14265824642897E-02
  0.86602669772946E-04 -0.27158887926343E-04 -0.14819034474980E-02
  0.12663372360115E-04 -0.26850457586967E-04 -0.15534223018660E-02
 -0.92515766183232E-05  0.59548394799607E-04 -0.15020202219675E-02
  0.84093501000315E-04 -0.44944800914207E-04 -0.14868231607273E-02
 -0.11713375252128E-03 -0.13597635597749E-04 -0.14394659067890E-02
  0.76697248316996E-05 -0.14448119291922E-04 -0.15428213158059E-02
  0.12623332260670E-04  0.11481072703283E-03 -0.14767266461270E-02
  0.77049624503307E-04 -0.59757809330552E-04 -0.14820602797175E-02
 -0.10897907410013E-03 -0.45817776119458E-05 -0.14455917926988E-02
  0.68591426245508E-04 -0.70975100411141E-04 -0.14674143075690E-02
 -0.21410221898026E-05  0.80631620951307E-04 -0.14961747834835E-02
  0.26806236682735E-04 -0.41469680902075E-04 -0.15373868526651E-02
  0.61624486763848E-04 -0.75036683132997E-04 -0.14477075630590E-02
 -0.97233869270795E-04  0.80700015655841E-05 -0.14456687368678E-02
  0.32245630567601E-04  0.70715460383323E-04 -0.14983502720437E-02
  0.57146988154065E-04 -0.70222297549638E-04 -0.14306510466854E-02
  0.50786860623235E-05  0.98540306427760E-04 -0.14879911847710E-02
 -0.84524690298213E-04  0.17435094268091E-04 -0.14432923184243E-02
  0.54456667119399E-04 -0.56041878193150E-04 -0.14229530612466E-02
 -0.80612123978100E-04  0.49170417847234E-07 -0.14900625921621E-02
  0.39128346191986E-04 -0.55069464774576E-04 -0.15178414429442E-02
  0.56629117328392E-04 -0.31055292835517E-04 -0.14286548150142E-02
  0.12397596910300E-04  0.28490855388833E-04 -0.15767052001890E-02
  0.37462690396621E-04  0.11546700258982E-03 -0.14619907853351E-02
 -0.12436509096809E-04  0.36860843377384E-06 -0.15573415988739E-02
  0.52280994427549E-04 -0.72852451364904E-04 -0.13678186020969E-02
 -0.12608544460218E-03 -0.16986378351073E-04 -0.13697438905592E-02
  0.90248130245962E-04 -0.96690912554776E-05 -0.14521219738241E-02
  0.64503642806321E-04  0.28805531561469E-04 -0.14249074052459E-02
  0.19725293301459E-04 -0.60694966392535E-04 -0.13377948867051E-02
  0.20287674994464E-04 -0.30390239088022E-04 -0.12072675199751E-02
  0.62560196146071E-04  0.62436005561149E-04 -0.14454297170060E-02
 -0.12194668279977E-03 -0.15987643518529E-04 -0.13841412170209E-02
  0.56346673321480E-04  0.88589704604024E-04 -0.14596086599015E-02
  0.26910737651864E-04 -0.68631150191844E-04 -0.13964969501968E-02
 -0.11608395344182E-03 -0.13182805616195E-04 -0.14024154166117E-02
  0.45952216449384E-04  0.10511154055931E-03 -0.14640368595822E-02
 -0.30513432516395E-04  0.13388175073786E-04 -0.15665808239275E-02
  0.93675709604421E-05 -0.11900910054367E-04 -0.11741977716490E-02
  0.31704619618257E-04  0.11286281468300E-03 -0.14608156977518E-02
  0.32630660795374E-04  0.12137028461766E-03 -0.14008044951774E-02
 -0.10772321519677E-03 -0.86138246577667E-05 -0.14185216329257E-02
  0.15314547334889E-04  0.11140455440636E-03 -0.14547227734532E-02
  0.26431460629689E-04  0.11290323659040E-03 -0.13524877262121E-02
 -0.96723304049706E-04 -0.23533247371267E-05 -0.14295783043520E-02
  0.72441932623723E-06  0.10548968627851E-03 -0.14485804648244E-02
 -0.10670373756285E-03 -0.43362086023088E-04 -0.14455882985489E-02
  0.32009798635521E-04 -0.69200119587276E-04 -0.14905927921897E-02
 -0.15135447118883E-04  0.97040331535523E-04 -0.14441203827211E-02
 -0.86532735879907E-04  0.39461012789986E-05 -0.14368739120468E-02
  0.43182599389539E-05  0.94269252836859E-05 -0.11601424289472E-02
  0.96750133278372E-04 -0.28787710476521E-04 -0.14466307801134E-02
  0.11913019494121E-04 -0.81231297257490E-05 -0.15661328206404E-02
 -0.73394531571641E-04  0.13036350363523E-04 -0.14429416666601E-02
  0.10201263230480E-03 -0.45153428898927E-04 -0.14520778941820E-02
  0.29181725602429E-04 -0.60684460267388E-04 -0.15213782255143E-02
  0.31383611655454E-04 -0.71191761724606E-04 -0.14488827956880E-02
  0.62843077617184E-04 -0.62616078127818E-05 -0.14065340018573E-02
  0.77924668269502E-04 -0.53663331675765E-04 -0.14586038814915E-02
 -0.12900871138566E-03 -0.13098583664458E-04 -0.13647068817229E-02
  0.93066621070932E-04 -0.60303223247056E-04 -0.14700777444719E-02
 -0.69479361649412E-05 -0.15542528579411E-04 -0.11872286103907E-02
 -0.10534563513318E-03  0.27038114305107E-04 -0.14273868475017E-02
  0.85051924957669E-04 -0.71542662476070E-04 -0.14593041853306E-02
  0.44162573616978E-04 -0.63645822936863E-04 -0.13105238479264E-02
 -0.10355159789817E-03 -0.39242002866465E-04 -0.14611799034899E-02
  0.96157848180653E-04 -0.44438374903251E-04 -0.14700257819018E-02
  0.35425880319471E-04  0.12145629731669E-03 -0.14373667691986E-02
  0.77029935370019E-04 -0.75202306416902E-04 -0.14399826249755E-02
 -0.97997428938169E-04 -0.31132127504029E-04 -0.14780310934896E-02
 -0.12029056784723E-03  0.93072681231917E-05 -0.13950980788720E-02
  0.11362731323153E-05 -0.32598257997586E-04 -0.12265973543743E-02
  0.68806703785284E-04 -0.72001370129496E-04 -0.14187012149457E-02
  0.14812492711942E-04  0.60300289205407E-05 -0.15736387472825E-02
 -0.13636236466436E-04  0.18259387582150E-05 -0.11649309220778E-02
 -0.12701652950771E-03 -0.42985955948475E-05 -0.13729481436847E-02
  0.62507885736141E-04 -0.60669689482061E-04 -0.14028296843853E-02
  0.33213347873839E-04 -0.48240343353542E-04 -0.12547526571352E-02
  0.11294070562851E-04 -0.46815402613027E-04 -0.12786405095587E-02
  0.61416799797137E-04 -0.36488778677610E-04 -0.13979123024841E-02
  0.96375407310412E-04 -0.27213886912078E-04 -0.14621535717234E-02
 -0.58555719232244E-04  0.52547257373324E-04 -0.14826297141024E-02
 -0.85101873711407E-04  0.41843489200000E-04 -0.14604215870712E-02
 -0.25146548713709E-05 -0.80589115908597E-04 -0.98355807819001E-03
 -0.79307984371337E-04 -0.53718338648372E-05 -0.34211511607720E-04
 -0.59232790768202E-04 -0.20420672327498E-05  0.61810530224422E-05
 -0.22837894726268E-04 -0.30671327020274E-04 -0.99271764911229E-03
  0.41489356552374E-05  0.95928722779181E-05  0.77173535489244E-04
 -0.95574258023451E-05 -0.75461992875803E-04 -0.98666198441648E-03
 -0.21870468530199E-04 -0.43673125084485E-04 -0.99181548934262E-03
  0.18266621309940E-04  0.22096777842415E-04  0.54672526774219E-04
 -0.22726304291698E-04  0.82212996770140E-05 -0.99456739741607E-03
 -0.39420190949802E-04  0.44979806752319E-06  0.40351403733624E-04
 -0.22695326023206E-04  0.19531245977983E-04 -0.99377084588122E-03
 -0.22226788468940E-04 -0.47702815127269E-05 -0.99450619998985E-03
 -0.19013667756737E-04 -0.56065360872769E-04 -0.99054787907545E-03
 -0.22455231330146E-04 -0.17983517805606E-04 -0.99362835100866E-03
 -0.15160799711017E-04 -0.67053716396919E-04 -0.98885640872769E-03
 -0.96630380779790E-04 -0.10596638765041E-04 -0.77741693462766E-04
 -0.10685661666587E-03 -0.17696468265377E-04 -0.12375121389516E-03
 -0.80203977281707E-05  0.43087523167377E-05  0.78171491644212E-04
 -0.21884981863121E-04  0.20017878520133E-05  0.65095571089999E-04
 -0.16374026938715E-04  0.32641293455457E-04 -0.98905320795337E-03
  0.40043226547128E-05 -0.80339529220107E-04 -0.98020199056660E-03
 -0.55077546971524E-04 -0.11261957557552E-03 -0.31670282143875E-03
  0.34300993293604E-05 -0.58050189771857E-04 -0.97442981727335E-03
 -0.79123902265546E-04 -0.13051396666840E-03 -0.33250372873266E-03
  0.23063868230694E-05 -0.69555302663457E-04 -0.97690515002073E-03
 -0.95262770213133E-04 -0.10993098844263E-03 -0.28988473911704E-03
 -0.41442292164692E-06 -0.76636312928690E-04 -0.97978044450409E-03
 -0.99441451772918E-04 -0.71737627641354E-04 -0.20905334374855E-03
 -0.40641533344688E-05 -0.79303549709676E-04 -0.98324150769260E-03
 -0.92057781043919E-04 -0.40917911948126E-04 -0.12756673292750E-03
 -0.83860727697061E-05 -0.77317623832697E-04 -0.98632128631279E-03
 -0.77543818111939E-04 -0.23376345797946E-04 -0.60939223395773E-04
 -0.11799109966122E-04 -0.71312888129080E-04 -0.98914534199745E-03
 -0.60734446596106E-04 -0.13672388432183E-04 -0.96082402889176E-05
 -0.14271604784199E-04 -0.61811335387084E-04 -0.99104609724224E-03
 -0.44210340144238E-04 -0.84456574651082E-05  0.29412695218764E-04
 -0.15114724092293E-04 -0.50948250305931E-04 -0.99260571315387E-03
 -0.29553423889448E-04 -0.53631997635717E-05  0.57835903831714E-04
 -0.14578803860626E-04 -0.38704635741981E-04 -0.99350305044679E-03
 -0.17339102338133E-04 -0.31136544745153E-05  0.76756543989123E-04
 -0.13459082909002E-04 -0.25816280688344E-04 -0.99402629187290E-03
 -0.69924619247363E-05 -0.12063929472325E-05  0.87390723822781E-04
  0.28870514266691E-05 -0.42686233774791E-04 -0.97344633152746E-03
 -0.31155459386571E-04 -0.70158164509968E-04 -0.27578125272354E-03
  0.15724897992168E-05 -0.23864830397846E-04 -0.97305255844926E-03
 -0.14184005151998E-04 -0.34247953859057E-04 -0.25347248508940E-03
 -0.37747825576061E-06 -0.27958516025196E-05  0.27555292709616E-05
 -0.98219841206513E-05 -0.14268409587881E-04 -0.98535005483773E-03
 -0.83980068155463E-06 -0.22136638427554E-06 -0.89132597042386E-06
 -0.95332401522775E-05 -0.71459878967191E-05 -0.98553521992716E-03
 -0.20315923504871E-05  0.23070443301523E-05 -0.11267971337161E-04
 -0.69540243684405E-05  0.32493906441434E-06 -0.98544898124271E-03
 -0.39425405383622E-05  0.68313145727350E-05 -0.27776606549837E-04
 -0.23126167259644E-05  0.88923293595200E-05 -0.98541322313966E-03
 -0.73705050147122E-05  0.13608589145132E-04 -0.51310947170271E-04
  0.30359140246782E-05  0.17644319245025E-04 -0.98566377513557E-03
 -0.12709469577331E-04 -0.13059120511781E-04 -0.99454172809280E-03
 -0.10917901738956E-04  0.22982062387827E-04 -0.82236254402666E-04
 -0.13701951463588E-04  0.34512520649197E-04 -0.12067304311350E-03
  0.16756225437049E-04  0.35148860427867E-04 -0.98596687413229E-03
 -0.12261186677196E-04  0.46157100110286E-04 -0.16509433675334E-03
  0.24396870336737E-04  0.42729621908981E-04 -0.98520156843955E-03
 -0.27286226558485E-05  0.56765470153013E-04 -0.21347118177472E-03
  0.31515923709720E-04  0.48532497088822E-04 -0.98343658738688E-03
  0.18921050408696E-04  0.61111823831450E-04 -0.26194552398294E-03
  0.37505271685606E-04  0.50412116579773E-04 -0.98132917307388E-03
 -0.68236196165589E-05 -0.12804101907033E-04 -0.25006040577186E-03
  0.13468694545046E-06 -0.38329252934042E-05 -0.97305819505574E-03
  0.97987339571422E-05  0.26489846245353E-04 -0.98598883285748E-03
 -0.10570030321351E-03 -0.32912824501600E-04 -0.17455848412208E-03
  0.25529849387718E-05  0.16796617282992E-05  0.88404569643094E-04
  0.13189983874575E-04  0.97707534862173E-05  0.75922663124727E-04
 -0.11998285139400E-04  0.14831173203101E-04 -0.55364058792588E-04
 -0.35628560398846E-05  0.98792326028000E-06 -0.98506833882844E-03
 -0.16368606189009E-04  0.22429875000824E-04 -0.80637913124511E-04
  0.39897965795100E-05  0.86963156914037E-05 -0.98571538859535E-03
 -0.20217911175767E-04  0.31284116959615E-04 -0.10941280753045E-03
  0.12556299906809E-04  0.17353857850873E-04 -0.98626203614406E-03
 -0.22193538850126E-04  0.37979429250485E-04 -0.13857355837289E-03
  0.21299047411018E-04  0.25110788805036E-04 -0.98659767810176E-03
 -0.20094507816922E-04  0.40300457416523E-04 -0.16511531304189E-03
  0.30502660631856E-04  0.32772741503639E-04 -0.98634528076851E-03
 -0.12008936617396E-04  0.35479668779761E-04 -0.18785015934766E-03
  0.39128414868397E-04  0.39728563623281E-04 -0.98542013805665E-03
  0.13293734655096E-05 -0.54665693760863E-04 -0.26567550072203E-03
  0.20466572178014E-04 -0.35899615524760E-04 -0.97240302382490E-03
 -0.15168890302793E-04 -0.93997290332628E-04 -0.29886355110920E-03
  0.18595420253600E-04 -0.53782288304940E-04 -0.97309007576346E-03
 -0.38767220380180E-04 -0.11538462840223E-03 -0.31963417204485E-03
  0.15252646422485E-04 -0.67292501314316E-04 -0.97496921319752E-03
 -0.66286281644935E-04 -0.97711862645993E-04 -0.29270936380197E-03
  0.10418940426129E-04 -0.76012285412996E-04 -0.97747347146301E-03
 -0.91563096038131E-04 -0.61123150946006E-04 -0.23368520366805E-03
 -0.97350138439122E-05 -0.79081818811299E-05 -0.98510470713314E-03
 -0.80825093890410E-05  0.82378871332320E-05 -0.34177740011353E-04
 -0.15170310964409E-04 -0.15727452796663E-04 -0.98521235134579E-03
 -0.57963460451315E-05  0.33910225188631E-05 -0.17833912667862E-04
 -0.11813001722312E-04  0.11434616110701E-04 -0.99422745398894E-03
  0.27953170075492E-04  0.27297247114937E-04  0.39520332296539E-04
 -0.11689946963274E-04  0.21572460088113E-04 -0.99322219214255E-03
  0.48138989181202E-04  0.55766044018914E-04 -0.27164572064514E-04
 -0.13361450518358E-04  0.28781425933037E-04 -0.99163313559829E-03
  0.64514707239926E-04  0.78403313222717E-04 -0.99927236452513E-04
  0.61306396122464E-04  0.70917013815013E-04 -0.14359797163633E-03
 -0.19205729757137E-04  0.31677904251186E-04 -0.98649536141137E-03
  0.36964973383436E-04  0.32166204651794E-04 -0.16021107762912E-03
 -0.22001653869653E-04  0.26220083821725E-04 -0.98449699160445E-03
 -0.12370053792327E-04 -0.98138949301832E-06 -0.99475011374005E-03
  0.59610004616724E-05 -0.15276681204757E-04 -0.16619275197577E-03
 -0.14143163044148E-04 -0.42797865355484E-04 -0.15435188498239E-03
 -0.23218054142591E-04  0.62786738041199E-05 -0.98338218953403E-03
 -0.16357867463997E-04 -0.39753981541871E-04 -0.10966342696277E-03
 -0.22572799577065E-04 -0.44308334296525E-05 -0.98371472632448E-03
 -0.88510128536770E-05 -0.21318351023827E-04 -0.51748514873930E-04
 -0.20333813950566E-04 -0.14643109895268E-04 -0.98417085326733E-03
 -0.42680901239294E-05 -0.67629462983109E-05 -0.16949116458220E-04
 -0.18846014340839E-04 -0.20294445093657E-04 -0.98463095234308E-03
 -0.42081538056941E-05 -0.12696413837130E-06 -0.94588848344523E-05
 -0.18015643723014E-04 -0.20228479162322E-04 -0.98506799118957E-03
 -0.23233139387374E-04  0.16803178289460E-04 -0.98351932847765E-03
  0.36939248917211E-04  0.46749249461825E-04  0.37962057901371E-06
 -0.73881519495755E-05 -0.18364276992479E-04 -0.98561528017476E-03
  0.56272181475508E-04  0.74871450306601E-04 -0.74192492172687E-04
 -0.44481667570882E-04 -0.29645447671688E-04 -0.98383304861991E-03
 -0.41197226534403E-04  0.20897450055792E-04 -0.14288542515023E-03
 -0.35145836392650E-04 -0.36454916037618E-04 -0.98538365255487E-03
 -0.38737876907584E-04  0.18698334276691E-04 -0.15296750083533E-03
 -0.24801493368780E-04 -0.38360725440293E-04 -0.98622624688016E-03
 -0.32189238716470E-04  0.83262740980114E-05 -0.16251675974480E-03
 -0.13437867126825E-04 -0.35850272434693E-04 -0.98622810634391E-03
 -0.22300625230371E-04 -0.77904970266168E-05 -0.16671122855711E-03
 -0.24650957942436E-05 -0.31708898129796E-04 -0.98591175221551E-03
 -0.96170485330342E-05 -0.27868066563708E-04 -0.16645250312549E-03
  0.87693029879844E-05 -0.26574470958629E-04 -0.98626919657015E-03
 -0.19775996916101E-04  0.18968221981465E-05 -0.16563228194571E-03
 -0.66887710905815E-05 -0.45655800920092E-04 -0.98339182418981E-03
 -0.54601757585353E-04  0.74108052257247E-05 -0.16021602024869E-03
 -0.42399581421069E-04  0.95144217139325E-05 -0.14456349407124E-03
 -0.17640664108435E-04 -0.37471694844442E-04 -0.98373335194533E-03
 -0.27738502155408E-04 -0.28611467492005E-04 -0.98472511006909E-03
 -0.10442949020873E-03  0.17946570593831E-04 -0.13912649388089E-03
 -0.36429908810897E-04 -0.17702488388455E-04 -0.98657556316419E-03
 -0.10841025612916E-03  0.21572598126319E-04 -0.11511330497582E-03
 -0.43744529689764E-04 -0.52578068876890E-05 -0.98853492734434E-03
 -0.94079662756757E-04  0.24179803333055E-04 -0.81342091603140E-04
 -0.48875012838297E-04  0.83352636613603E-05 -0.98967831451253E-03
 -0.66455676593528E-04  0.28303584006125E-04 -0.51049896314136E-04
 -0.52499494686957E-04  0.20470108058308E-04 -0.98957826226592E-03
 -0.33245227827113E-04  0.42852903832781E-04 -0.48423514497466E-04
 -0.55218863490937E-04  0.29991522796235E-04 -0.98859867025863E-03
 -0.15269596053348E-05  0.72141099570296E-04 -0.90491270537905E-04
 -0.59158502597054E-04  0.36062304321165E-04 -0.98676580209393E-03
  0.21275131369140E-04  0.99165713003265E-04 -0.15359992719225E-03
 -0.85033299357887E-04  0.12793225158591E-04 -0.15263368590192E-03
 -0.53663940940066E-04 -0.18498952295428E-04 -0.98279665936783E-03
 -0.47320945910892E-04 -0.15084017727529E-04 -0.16985690384360E-03
 -0.61610465864540E-04 -0.48622240338936E-05 -0.98200251842202E-03
 -0.11452433161500E-04 -0.54766469249402E-05 -0.17081279779599E-03
  0.68924518721282E-05 -0.64257067179531E-04 -0.98315640637917E-03
 -0.45723822143388E-04 -0.95517690090869E-06 -0.16165225241900E-03
 -0.49813258239793E-05 -0.57934495734012E-04 -0.98417304891471E-03
 -0.76695377145319E-04  0.34602416603588E-05 -0.15459973495989E-03
 -0.15519025866531E-04 -0.49599411044925E-04 -0.98469035453734E-03
 -0.98885378913960E-04  0.78002259691508E-05 -0.14341205721382E-03
 -0.24947473905464E-04 -0.40323714891564E-04 -0.98561296569900E-03
 -0.10815742751383E-03  0.12344486151250E-04 -0.12272543444479E-03
 -0.32857534493132E-04 -0.28989514855318E-04 -0.98699160174293E-03
 -0.10116343532899E-03  0.15418595617593E-04 -0.88172234196157E-04
 -0.39137493747946E-04 -0.15613913495387E-04 -0.98901432869445E-03
 -0.79771304280494E-04  0.16335789667550E-04 -0.44600442950174E-04
 -0.44146840155782E-04 -0.17136032733379E-05 -0.99082492155436E-03
 -0.49986327730792E-04  0.18295777562521E-04 -0.61624326612569E-05
 -0.47720015901111E-04  0.11771113476156E-04 -0.99175952567543E-03
 -0.20149747466243E-04  0.26691086801565E-04  0.85436968892766E-05
 -0.49226779747011E-04 -0.35493904227637E-04 -0.20023356216407E-03
 -0.65919023202473E-04  0.97583118545349E-05 -0.98118964859237E-03
 -0.32546455277399E-04 -0.24988835417806E-04 -0.20502565569696E-03
 -0.65657490033811E-04  0.23425542840466E-04 -0.98125364384519E-03
  0.16426121310792E-05  0.19408112338968E-04 -0.19022157547510E-03
 -0.63010700257632E-04  0.33026230494030E-04 -0.98264561736869E-03
 -0.63043450679121E-04  0.38025164318579E-04 -0.98397551094526E-03
  0.32906857503082E-04  0.69223741640694E-04 -0.17345089239888E-03
  0.43573842655214E-04  0.92988202214070E-04 -0.14224525230539E-03
 -0.55867888932653E-04  0.37172113450554E-04 -0.98798762768796E-03
  0.31892985422580E-04  0.79212824023131E-04 -0.81349492403355E-04
 -0.52345734606510E-04  0.31550268115733E-04 -0.99031862875574E-03
  0.75088380364131E-05  0.48179138831482E-04 -0.17723489554564E-04
 -0.50090576262131E-04  0.23234745346307E-04 -0.99162055073960E-03
 -0.59821442914473E-04  0.37992822378130E-04 -0.98505269300819E-03
  0.11749197574024E-04 -0.15324342985890E-04 -0.98571916763240E-03
  0.22082636273039E-04  0.94408762808121E-04 -0.19500941088422E-03
 -0.28050852176464E-05  0.52120247794597E-04 -0.21506598550132E-03
 -0.54777876793799E-04  0.41200408918010E-04 -0.27862635415294E-03
 -0.68956271584598E-04  0.17527734457480E-04 -0.97697677259922E-03
 -0.90994129793946E-04  0.50604581180298E-06 -0.30868977593194E-03
 -0.67126787591937E-04  0.31417843960697E-05 -0.97673042783716E-03
 -0.10898636076876E-03 -0.15025127585611E-04 -0.32035756301497E-03
 -0.61868978119045E-04 -0.12991074627762E-04 -0.97788389581616E-03
 -0.99485641153555E-04 -0.96654122281855E-05 -0.29193291651576E-03
 -0.53303045592112E-04 -0.27797451212225E-04 -0.97984565753825E-03
 -0.73149696916789E-04 -0.65314928516185E-05 -0.24212437130404E-03
 -0.42766221318880E-04 -0.39441180889394E-04 -0.98205152391945E-03
 -0.45315737159242E-04 -0.20082272526637E-04 -0.20154696259444E-03
 -0.32331117994083E-04 -0.47469188477319E-04 -0.98396126185552E-03
 -0.21006398943020E-04 -0.44719176861400E-04 -0.17762466785621E-03
 -0.20797331733596E-04 -0.51341394871939E-04 -0.98579670912511E-03
 -0.67878162843130E-04  0.29136617916110E-04 -0.97799852758127E-03
 -0.75293624576692E-04  0.25343359193440E-04 -0.15743102841522E-03
 -0.98885182735685E-04  0.32569593082243E-04 -0.15450010872635E-03
 -0.46633141198033E-04  0.17571688158986E-04 -0.98618123873725E-03
 -0.10707654835383E-03  0.44183064713741E-04 -0.15958463705091E-03
 -0.50541643903155E-04  0.25563247047381E-04 -0.98567558413193E-03
 -0.98009578819227E-04  0.67742948386817E-04 -0.18572116627810E-03
 -0.52742531107411E-04  0.32421664158655E-04 -0.98422451340632E-03
 -0.77800531447671E-04  0.10367774937209E-03 -0.23917990653373E-03
 -0.56128662986963E-04  0.37417981641155E-04 -0.98183076371401E-03
 -0.58394394727043E-04  0.12899091856616E-03 -0.29061902953350E-03
 -0.59685974736339E-04  0.37586499186189E-04 -0.97895556640357E-03
 -0.54172608621641E-04  0.11891393504007E-03 -0.30985946287708E-03
 -0.62817575302639E-04  0.32044250260568E-04 -0.97643578157612E-03
 -0.68674156979863E-04  0.78753548075026E-04 -0.31262715583435E-03
 -0.64364108670421E-04  0.21689131496597E-04 -0.97510728342084E-03
 -0.39462498013437E-04  0.79689249466980E-05 -0.98566335653973E-03
 -0.22036170472153E-04  0.89630503670358E-04 -0.25912000455479E-03
 -0.65054898208703E-04  0.36527568218517E-04 -0.97973969560237E-03
 -0.11073387491914E-04  0.11572275909659E-03 -0.23828805301780E-03
 -0.68866951634556E-04  0.26270769866267E-04 -0.97942392245353E-03
 -0.40822164938529E-04  0.12641775448140E-05 -0.23815122091575E-03
 -0.69062358803033E-04  0.13497461663494E-04 -0.97897834908324E-03
 -0.70860915300614E-04 -0.25124088538607E-04 -0.25787225953342E-03
 -0.66657397178543E-04 -0.10521733774607E-05 -0.97933689734941E-03
 -0.77984196159616E-04 -0.17790477649986E-04 -0.24795597738633E-03
 -0.60229653176415E-04 -0.15815058012073E-04 -0.98076864981457E-03
 -0.67916240745277E-04  0.39513744065725E-05 -0.21487442169551E-03
 -0.50871023945078E-04 -0.29127645445118E-04 -0.98221638184683E-03
 -0.54031577080596E-04  0.13523217283571E-04 -0.18790400670572E-03
 -0.39595806025724E-04 -0.38863072429861E-04 -0.98396242269191E-03
 -0.40594159553927E-04  0.49368748820443E-05 -0.17453098205569E-03
 -0.28262911410435E-04 -0.43578104908111E-04 -0.98562188346405E-03
 -0.26756536249119E-04 -0.14393058495184E-04 -0.16836665545726E-03
 -0.17262602872044E-04 -0.43978228387670E-04 -0.98642386593028E-03
 -0.11314310249515E-04 -0.38890790152648E-04 -0.16419171106016E-03
 -0.55979379148976E-05 -0.42123419826670E-04 -0.98671423782107E-03
 -0.61037143157667E-04  0.37976902632600E-04 -0.98260049332092E-03
 -0.25254565762137E-04  0.10260894850854E-03 -0.19050290611807E-03
 -0.57297757301915E-04  0.34232572930923E-04 -0.98534807049331E-03
 -0.54740714542808E-04  0.69329850454977E-04 -0.13525673840434E-03
 -0.54445265192786E-04  0.27165565475459E-04 -0.98706582605080E-03
 -0.84829097758240E-04  0.44655877290748E-04 -0.11187274229306E-03
 -0.66390118312055E-04  0.35079853614323E-04 -0.98116038810924E-03
 -0.51441732097818E-04  0.17477114087524E-04 -0.98794465537531E-03
 -0.46671691841468E-04  0.60272446497429E-05 -0.98764240416302E-03
 -0.10818927952154E-03  0.27270644266968E-04 -0.13662352545519E-03
 -0.39526350479115E-04 -0.52345037393445E-05 -0.98611887892177E-03
 -0.94197541747699E-04  0.22155106091246E-04 -0.14969307648671E-03
 -0.29397002211964E-04 -0.15106898957702E-04 -0.98441523799831E-03
 -0.66059239543030E-04  0.16685110520864E-04 -0.15837693541920E-03
 -0.10479307817593E-03  0.33104361114844E-04 -0.11991303511646E-03
 -0.23999232097512E-04  0.28551250088550E-04 -0.99212064507586E-03
 -0.20104371329529E-04  0.20457007211085E-05 -0.16837080178122E-03
 -0.29454353854181E-04  0.15696286317091E-04 -0.16417816130878E-03
 -0.38394053436573E-04 -0.56323090913657E-04 -0.24351848942443E-03
  0.16179260384718E-04 -0.77739283337754E-04 -0.97803323841500E-03
 -0.69746876657434E-04 -0.27226521412402E-04 -0.19394423163205E-03
  0.71718121043004E-05 -0.79640624358158E-04 -0.98129468487895E-03
 -0.94445986063220E-04 -0.13658585748724E-04 -0.16096092363978E-03
 -0.31954528644430E-05 -0.77257636417309E-04 -0.98431783141611E-03
 -0.10633192604785E-03 -0.72128912896254E-05 -0.13394243712958E-03
 -0.11243748165450E-04 -0.69614279380013E-04 -0.98627960662678E-03
 -0.10609998798428E-03 -0.33738455309640E-05 -0.10428858010809E-03
 -0.18073537998061E-04 -0.59881834794218E-04 -0.98767122928498E-03
 -0.94797165411868E-04 -0.15455355286822E-06 -0.67420817688836E-04
 -0.23905159909997E-04 -0.48215682523166E-04 -0.98917477318674E-03
 -0.74649393475985E-04  0.29362550117889E-05 -0.24556370129793E-04
 -0.28271017699146E-04 -0.35016394958204E-04 -0.99095015676104E-03
  0.24150469115302E-04 -0.71476391771062E-04 -0.97562273719896E-03
 -0.50594962163731E-04  0.52475585049097E-05  0.17202669782963E-04
 -0.28772566215878E-04  0.73571198801162E-05  0.48362497563409E-04
 -0.31982618511266E-04 -0.86440237197405E-05 -0.99326354209617E-03
 -0.10223657450234E-04  0.10291828113443E-04  0.63631458400453E-04
 -0.32268917702823E-04  0.42477325908536E-05 -0.99405575080460E-03
  0.65223808725345E-05  0.18746943455774E-04  0.58376217276401E-04
 -0.32222878418258E-04  0.17092042067596E-04 -0.99396363008208E-03
  0.24519058785449E-04  0.38205057825260E-04  0.22296628331843E-04
 -0.33816643602896E-04  0.27385825008280E-04 -0.99275224769460E-03
  0.45081141643954E-04  0.67381418672238E-04 -0.45627229372100E-04
 -0.36790100457976E-04  0.34465334544801E-04 -0.99089718382933E-03
  0.57171759992480E-04  0.84526525047782E-04 -0.11347276468682E-03
 -0.40676259493372E-04  0.36770413473398E-04 -0.98798988980781E-03
  0.49108819425136E-04  0.68467626640423E-04 -0.15101246568748E-03
 -0.43637368225467E-04  0.33979888225620E-04 -0.98540878832410E-03
 -0.30785140247452E-04 -0.21695944098304E-04 -0.99237596544718E-03
 -0.79288480641750E-05 -0.92969952042525E-04 -0.30016748689125E-03
  0.30271282643607E-04 -0.61014266040899E-04 -0.97349329702303E-03
  0.13891098365703E-04 -0.10759164448613E-03 -0.32519735892524E-03
 -0.26814891706645E-04  0.34083270512407E-04 -0.98991691994619E-03
  0.60944060055021E-04  0.80642336245295E-04 -0.13134210920394E-03
 -0.30502078221688E-04  0.34772448166663E-04 -0.98738727319861E-03
  0.43697859970810E-04  0.51043179751591E-04 -0.15692662619839E-03
 -0.33335546774319E-04  0.29806036354528E-04 -0.98523873859776E-03
  0.13364599582153E-04  0.26815092697779E-05 -0.16729714927110E-03
 -0.34456920368492E-04  0.21463528253190E-04 -0.98406427437444E-03
 -0.12553947069701E-04 -0.35602471072029E-04 -0.16495280630699E-03
 -0.34815619115898E-04  0.11217259221413E-04 -0.98384206600837E-03
 -0.20203893457470E-04 -0.43340844107712E-04 -0.13192128565055E-03
 -0.33911241227175E-04 -0.41468974742569E-06 -0.98401129511165E-03
 -0.13283500619063E-04 -0.25354030096020E-04 -0.74708911998147E-04
 -0.31562074669125E-04 -0.11330235772434E-04 -0.98383672729896E-03
 -0.78915781282929E-05 -0.64464676028703E-05 -0.33619966998343E-04
 -0.28857386604357E-04 -0.20446839501620E-04 -0.98391019377465E-03
 -0.85530496621769E-05  0.33069231432764E-05 -0.26567019229186E-04
 -0.25250963360248E-04 -0.24957167334909E-04 -0.98480437394925E-03
  0.32907006871984E-04  0.21639000829402E-04 -0.98658643649418E-03
 -0.17002679355863E-04  0.23187945157364E-04 -0.16622366576722E-03
  0.23377258724472E-04  0.15116103174356E-04 -0.98628363463085E-03
 -0.23497858071019E-04  0.31211926798676E-04 -0.15469331142381E-03
  0.13881752847739E-04  0.80153981395577E-05 -0.98579435688148E-03
 -0.25702321494987E-04  0.32890633164361E-04 -0.13849709514261E-03
  0.21627289803308E-04  0.23834930131567E-04 -0.16638088353890E-03
  0.41170111302096E-05 -0.26566250240247E-06 -0.98572045016863E-03
 -0.54691540434570E-05 -0.84360082241910E-05 -0.98543652375100E-03
 -0.22485366048284E-04  0.23854124298540E-04 -0.94089446619280E-04
 -0.13269103273342E-04 -0.16138964583372E-04 -0.98532483240731E-03
 -0.17585602186102E-04  0.17292392673357E-04 -0.67871036289977E-04
 -0.19861215463360E-04 -0.22764955205177E-04 -0.98518368260274E-03
 -0.12332520812490E-04  0.99413395293873E-05 -0.42630312237322E-04
 -0.25200828682066E-04  0.29367882478953E-04 -0.11769008421168E-03
 -0.12717004042208E-06 -0.21377710475631E-04 -0.98543945203957E-03
 -0.46216148923788E-04  0.26488277111059E-04 -0.98414194018337E-03
 -0.46818517927512E-04  0.15176177812498E-04 -0.98404180376851E-03
 -0.37499566852469E-04  0.12245348346762E-04  0.25485344427111E-04
 -0.40497105512123E-04  0.15219888855821E-05 -0.99282756338655E-03
 -0.13740118959766E-04  0.17025331239017E-04  0.42420672853639E-04
 -0.41969893691399E-04  0.13977432206253E-04 -0.99338741891284E-03
  0.80352463298753E-05  0.30733225345878E-04  0.29244386663191E-04
 -0.42836706967167E-04  0.24737899067856E-04 -0.99274580252731E-03
  0.30477425807686E-04  0.57512263546509E-04 -0.22636351004167E-04
 -0.44932732288060E-04  0.32917235423127E-04 -0.99112159367887E-03
  0.48839580645549E-04  0.83829273018127E-04 -0.93803501937013E-04
 -0.48860301437143E-04  0.37589474047099E-04 -0.98848800634785E-03
  0.50093724364991E-04  0.82562506108448E-04 -0.14402695053230E-03
 -0.53261294874866E-04  0.37061935309018E-04 -0.98561671940709E-03
  0.29294761164623E-04  0.44975414281700E-04 -0.16645944593866E-03
 -0.56556513227369E-04  0.29918802135454E-04 -0.98358353067762E-03
 -0.37670677575057E-04 -0.11825241701740E-04 -0.99145607350087E-03
 -0.24826028473086E-05 -0.54940959890559E-05 -0.17936558791363E-03
 -0.27480940647919E-04 -0.38116239157832E-04 -0.17965602369489E-03
 -0.56234629672160E-04  0.62796592507057E-05 -0.98295699472482E-03
 -0.32684341816512E-04 -0.36082332725893E-04 -0.14940857681282E-03
 -0.52448549501330E-04 -0.77705269311244E-05 -0.98357382982432E-03
 -0.26613910748235E-04 -0.12111551154304E-04 -0.10605128172419E-03
 -0.45592699001539E-04 -0.20706246194104E-04 -0.98410499527269E-03
 -0.26002361876526E-04  0.81302780348171E-05 -0.90286684283520E-04
 -0.38160873237078E-04 -0.30383969863809E-04 -0.98469768927364E-03
 -0.30229277059007E-04  0.19891047518981E-04 -0.10460803960815E-03
 -0.29877941161575E-04 -0.33256104951260E-04 -0.98549540384173E-03
 -0.34160884219673E-04  0.24649889587903E-04 -0.12953548709832E-03
 -0.21040935300979E-04 -0.31404837361019E-04 -0.98591812637828E-03
 -0.33804822752375E-04  0.22923032767851E-04 -0.15106956139153E-03
 -0.10733843033604E-04 -0.27432974583923E-04 -0.98587909456611E-03
 -0.57288369302101E-04  0.19345535379912E-04 -0.98280276961126E-03
 -0.64286571794340E-04  0.10316010786891E-04 -0.11661661638040E-04
 -0.33557918809497E-04 -0.25537395742120E-04 -0.98994429017463E-03
 -0.89098224790934E-04  0.86380843117465E-05 -0.57084946383708E-04
 -0.23810044222380E-04 -0.43726172534734E-04 -0.15599724860708E-03
 -0.45099990391548E-04  0.28195492633834E-05 -0.98413539664356E-03
 -0.20785883847324E-04 -0.31587678662480E-04 -0.10778717575301E-03
 -0.41802064916128E-04 -0.96461553182223E-05 -0.98387001573100E-03
 -0.14254045465391E-04 -0.89066643869334E-05 -0.61670767414492E-04
 -0.37180545196241E-04 -0.20984868630751E-04 -0.98399463878123E-03
 -0.15352369956370E-04  0.62728500073243E-05 -0.51186611278112E-04
 -0.31946640938461E-04 -0.27985964774305E-04 -0.98494716295416E-03
 -0.20927945614482E-04  0.15955881620355E-04 -0.70988650892463E-04
 -0.25452013028041E-04 -0.28438779890541E-04 -0.98524593359091E-03
 -0.26642367185808E-04  0.23511200539506E-04 -0.10152001869451E-03
 -0.17053568636634E-04 -0.24163082908688E-04 -0.98539606029153E-03
 -0.29985487621857E-04  0.27852154720606E-04 -0.12917423941258E-03
 -0.30668973711718E-04  0.28700449079251E-04 -0.14880100548362E-03
  0.25160775288247E-05 -0.10563308286360E-04 -0.98561739198950E-03
 -0.26653897275957E-04  0.23651891179336E-04 -0.15986377767919E-03
  0.13141959752614E-04 -0.32625042409592E-05 -0.98577997773154E-03
 -0.28230914916209E-04 -0.38979945944892E-04 -0.98809200766683E-03
 -0.10481156548482E-03  0.58353671326363E-05 -0.98405351456660E-04
 -0.21506028434538E-04 -0.50964070788541E-04 -0.98654476256973E-03
 -0.10686949191020E-03  0.24485491339081E-05 -0.12772791458499E-03
 -0.13782753481642E-04 -0.61071389563807E-04 -0.98564518787945E-03
 -0.95521628404738E-04 -0.12437051740638E-05 -0.14566125323848E-03
 -0.87745420434274E-05 -0.23389733470258E-04 -0.17263196654047E-03
 -0.39975892890183E-05 -0.68689183867670E-04 -0.98439459819132E-03
  0.76539136740335E-05 -0.74445149880713E-04 -0.98251592967813E-03
 -0.40514551926007E-04 -0.11998829703384E-04 -0.17629069888007E-03
  0.19746748962429E-04 -0.74877340927654E-04 -0.97969240235487E-03
 -0.54274825013960E-05 -0.27969777441777E-04 -0.20851550590535E-03
  0.23762782718093E-04  0.37961700383723E-05 -0.98589944066694E-03
 -0.18552901389738E-04  0.12271572611460E-04 -0.16440730091180E-03
 -0.72065520258976E-04 -0.49680038216911E-05 -0.15901514163388E-03
 -0.95021407086523E-05 -0.18176981121579E-04 -0.98527938300379E-03
 -0.59459645349158E-04 -0.56049616924294E-04 -0.24479358441328E-03
 -0.91810952067910E-05 -0.15585842124944E-04 -0.98480340058545E-03
  0.12667893186553E-04 -0.47138321359166E-04 -0.16855697161591E-03
  0.57820908434179E-04 -0.15345447538885E-05 -0.98277875804216E-03
  0.41439525642229E-04 -0.11742465038336E-04 -0.17548196214182E-03
  0.59064078305419E-04  0.80434165812606E-05 -0.98363976947261E-03
  0.77617070461407E-04  0.34220551383513E-04 -0.17336220307035E-03
  0.59541093040893E-04  0.15440047110926E-04 -0.98495991795591E-03
  0.10004485878139E-03  0.57672553085059E-04 -0.16474981978099E-03
  0.61050237212920E-04  0.19267510076505E-04 -0.98677408705961E-03
  0.94798753267877E-04  0.39843811785878E-04 -0.12844711053311E-03
  0.61989263372572E-04  0.19999290502098E-04 -0.98844008158188E-03
  0.71208330042854E-04 -0.55566927701613E-05 -0.76905031285747E-04
  0.62599404507845E-04  0.19522132491310E-04 -0.98987901667831E-03
  0.56030340220043E-04 -0.47505313137260E-04 -0.53770133650023E-04
  0.61332263757569E-04  0.15791055979972E-04 -0.99074278867334E-03
  0.53886869465542E-04 -0.76618092261158E-04 -0.65958533192814E-04
  0.56017669210063E-04 -0.11438545413650E-04 -0.98271582845404E-03
  0.57466545896489E-04  0.10179995348104E-04 -0.99086802956630E-03
  0.14389410476175E-05 -0.50803476484938E-04 -0.13223635067411E-03
  0.25440370757894E-05 -0.33077562956404E-04 -0.78407399000238E-04
 -0.21738210528664E-04  0.32650443802203E-05 -0.98396839479273E-03
  0.11873562474224E-04  0.14431173245104E-04 -0.16574436078941E-03
 -0.11691734486601E-04 -0.55512624755512E-05 -0.98384808783975E-03
  0.33530351209076E-04  0.78825422606978E-05 -0.15992419620668E-03
 -0.24278017875287E-05 -0.12668910944794E-04 -0.98396276001032E-03
  0.43184657622553E-04  0.28078216441175E-05 -0.14293534025643E-03
  0.77764620915307E-05 -0.19018744218850E-04 -0.98415316957686E-03
  0.42390142753884E-04 -0.15265849589855E-05 -0.11385894187880E-03
  0.18172522315575E-04 -0.24935774625902E-04 -0.98454010756189E-03
  0.32734776393830E-04 -0.53498137958529E-05 -0.78149893389477E-04
  0.28101412528228E-04 -0.28268005466929E-04 -0.98426578958373E-03
  0.18936027193024E-04 -0.86808094303503E-05 -0.49691721701350E-04
  0.39202424675364E-04 -0.28286703999623E-04 -0.98355039737467E-03
  0.84483200761707E-05 -0.16257612284019E-04 -0.45986549917671E-04
  0.47972336127639E-04 -0.25310943762580E-04 -0.98320453612436E-03
  0.53436539409465E-04 -0.19194101802929E-04 -0.98320462156994E-03
  0.53859191849204E-04 -0.94005047062940E-04 -0.92830179272522E-04
  0.52598964699072E-04  0.48462078730269E-05 -0.98991519948139E-03
  0.50977355739168E-04 -0.10049036960890E-03 -0.11872569266671E-03
  0.34289640517295E-04 -0.38409319034829E-04 -0.98339346420096E-03
  0.28121009961809E-04 -0.12591914602709E-04 -0.86560929371949E-04
  0.44474491346291E-04 -0.35637069290411E-04 -0.98217810745284E-03
  0.16673749255331E-04 -0.25942818886341E-04 -0.93032058833131E-04
  0.52528364917117E-04 -0.29671883078452E-04 -0.98150050407342E-03
  0.10258857336096E-04 -0.48218740596416E-04 -0.13484918304924E-03
  0.58134320400765E-04 -0.21692251962608E-04 -0.98075445466496E-03
  0.13933613482280E-04 -0.60265206146476E-04 -0.18011154247357E-03
  0.61812875562545E-04 -0.11834944872242E-04 -0.98033046682586E-03
  0.35594022852757E-04 -0.40565805947448E-04 -0.19795951806059E-03
  0.63441830313080E-04 -0.99435002476682E-06 -0.98075194371667E-03
  0.72657225824744E-04  0.32146437184673E-05 -0.19993699602145E-03
  0.64024592745545E-04  0.89881541277175E-05 -0.98216427788659E-03
  0.10821763720903E-03  0.38050615891923E-04 -0.20556321671240E-03
  0.64513730896770E-04  0.16459368006070E-04 -0.98399137280482E-03
  0.40444054366926E-04 -0.68380966928329E-05 -0.10822023778661E-03
  0.22386434731165E-04 -0.36275442130961E-04 -0.98412149084202E-03
  0.46651588256814E-04 -0.35905975669532E-05 -0.13599514812417E-03
  0.11348904073057E-04 -0.32279127565468E-04 -0.98399407702356E-03
  0.47041890259740E-04 -0.83091630164770E-06 -0.98880370068947E-03
  0.44123604058852E-04 -0.97564639900623E-04 -0.13793932497401E-03
  0.39614234603111E-04 -0.71761091946304E-05 -0.98775714720349E-03
  0.33223030390427E-04 -0.86731532124846E-04 -0.15077915550888E-03
  0.30358327679152E-04 -0.13815652038285E-04 -0.98699943969686E-03
  0.19576091388715E-04 -0.69490763053580E-04 -0.15893546456552E-03
  0.19729932109704E-04 -0.20273129220449E-04 -0.98630219304364E-03
 -0.17963075257811E-04  0.20985412284406E-04 -0.16491119730761E-03
  0.46657946492351E-05 -0.48866916377237E-04 -0.16409136497439E-03
 -0.43729048913190E-04  0.18698273254929E-04 -0.16214543706837E-03
 -0.21094751621995E-04 -0.11106726421633E-04 -0.98382717506937E-03
 -0.97736707023021E-05  0.13016550775876E-04 -0.16601002696320E-03
 -0.10344246200741E-04 -0.19052517821995E-04 -0.98319828981403E-03
  0.20602017196225E-04  0.74291123824030E-05 -0.16573360828066E-03
  0.44036723870761E-06 -0.26595667218225E-04 -0.98331784492368E-03
  0.40405424909233E-04  0.84621297709940E-06 -0.15658427399600E-03
 -0.30850189811080E-04 -0.24107847847347E-05 -0.98456467464675E-03
 -0.31335063418407E-04  0.11785227855596E-04 -0.98506262439611E-03
 -0.49871096475897E-04  0.27510078528250E-04 -0.16505503484227E-03
 -0.37935452839252E-04  0.19648393591886E-04 -0.98535759018753E-03
 -0.32643772829688E-04  0.32091876005002E-04 -0.98416089137838E-03
 -0.18129715620618E-04  0.32619684405922E-04 -0.17771017947705E-03
 -0.27914490316695E-04  0.24595341979632E-04 -0.98480324981965E-03
  0.90179942249121E-05  0.22507802230612E-04 -0.16781905625828E-03
 -0.21657107978116E-04  0.16135048682701E-04 -0.98511749896692E-03
  0.28353672543468E-04  0.14602123372301E-04 -0.16007364019923E-03
 -0.14374789132825E-04  0.87102017109508E-05 -0.98494942590973E-03
  0.39178617845836E-04  0.88642338731610E-05 -0.14726580396347E-03
 -0.47602342125176E-05  0.60545373999265E-06 -0.98474145286667E-03
  0.42246806359837E-04  0.37606909104142E-05 -0.12347174064527E-03
  0.37463317561368E-05 -0.74204297646259E-05 -0.98452706369916E-03
  0.35827649416320E-04 -0.13563665065548E-05 -0.89014187959781E-04
  0.12218826118436E-04 -0.13213924165034E-04 -0.98449726725320E-03
  0.24425157358232E-04 -0.46023550609251E-05 -0.52697693490484E-04
  0.22679131719570E-04 -0.18310416331890E-04 -0.98475352029495E-03
 -0.45959088087651E-04  0.49362558480340E-04 -0.20121247021426E-03
 -0.34789629595046E-04  0.36312915440731E-04 -0.98297925160976E-03
 -0.65620911132518E-04  0.81488889381743E-04 -0.24894038208610E-03
 -0.35598462172799E-04  0.39648474774216E-04 -0.98096288526818E-03
  0.38733885197554E-04 -0.73141362498396E-05 -0.99266893090934E-03
  0.29404505506597E-04 -0.65012875636088E-04 -0.69698427306001E-05
  0.35278649359673E-04 -0.15429938035540E-04 -0.99227850388587E-03
  0.33518484385569E-04 -0.82902202222257E-04 -0.43956846382838E-04
  0.30796911470432E-04 -0.22616209102058E-04 -0.99150407857810E-03
  0.36373254862024E-04 -0.97697860170457E-04 -0.80033240232146E-04
  0.25537535828934E-04 -0.30729550925132E-04 -0.99063355711574E-03
  0.13646145933214E-04 -0.74126909430220E-05 -0.25257043554804E-04
  0.36967139023298E-04 -0.10851188037962E-03 -0.10950298779215E-03
  0.33222160585669E-04 -0.11209994308505E-03 -0.13076209480661E-03
  0.10655534562113E-04 -0.43830322660946E-04 -0.98879205506519E-03
  0.26042759921915E-04 -0.10683987591961E-03 -0.14501645063180E-03
  0.15178516881722E-05 -0.48012141035227E-04 -0.98779934105907E-03
  0.14807498406217E-04 -0.92656700134233E-04 -0.15547743348583E-03
 -0.86625709784706E-05 -0.51387231283736E-04 -0.98701846432383E-03
 -0.25166499647572E-06 -0.71304129194840E-04 -0.16435846869029E-03
  0.18487739803125E-04 -0.38116558587798E-04 -0.98959781898804E-03
  0.12105788147192E-03  0.35399709263944E-04 -0.19888727408058E-03
  0.33014510561483E-04 -0.22057176205802E-04 -0.98472168897000E-03
  0.40774442597592E-04 -0.21702646616149E-04 -0.98454871726349E-03
  0.39056289657968E-04 -0.62611140757149E-04 -0.17225938633341E-04
  0.48980651098346E-04  0.12936584250423E-05 -0.99217877935305E-03
  0.42829113284917E-04 -0.82439336848961E-04 -0.50445988898432E-04
  0.45484738362628E-04 -0.54782003012908E-05 -0.99102161473692E-03
  0.45255123735042E-04 -0.97258737687488E-04 -0.86011812442839E-04
  0.40366396764769E-04 -0.12112720246085E-04 -0.98977133811790E-03
  0.43843157681386E-04 -0.10477022063918E-03 -0.11615580486854E-03
  0.33445738709929E-04 -0.19469082614459E-04 -0.98914527002952E-03
  0.38436895071576E-04 -0.10464425164887E-03 -0.13694723898949E-03
  0.25072352118998E-04 -0.26332616076769E-04 -0.98847031978444E-03
  0.29191289236867E-04 -0.96287098219195E-04 -0.14959247256612E-03
  0.15900796496690E-04 -0.32658109272149E-04 -0.98734985892524E-03
  0.17592263643173E-04 -0.81859067826986E-04 -0.15693480001306E-03
  0.54742597263767E-05 -0.38271617572371E-04 -0.98695392088642E-03
  0.37827058702810E-05 -0.62627494506427E-04 -0.16097559120530E-03
  0.51795239918513E-04  0.81309550566541E-05 -0.99247038943828E-03
  0.38420817874794E-04 -0.38695407548619E-04  0.15924755088699E-06
  0.54327140553309E-04  0.13335490491210E-04 -0.99169058765029E-03
  0.49253209775620E-04 -0.51930918656439E-05 -0.15710534291717E-04
 -0.61137712281708E-07 -0.22276214217542E-04 -0.41073642839003E-04
  0.45348920859876E-04 -0.18070435941184E-04 -0.98451931330784E-03
 -0.30253614526113E-05 -0.40150185878340E-04 -0.92614733946242E-04
  0.46943749127361E-04 -0.11617522697257E-04 -0.98424617549360E-03
  0.59587508720272E-06 -0.49356623207272E-04 -0.14331430453828E-03
  0.48278804590225E-04 -0.23985033973876E-05 -0.98389765255467E-03
  0.19506274689252E-04 -0.30331803758504E-04 -0.16465226603542E-03
  0.56112983996508E-05 -0.11950122769273E-04 -0.18110624634065E-04
  0.49954908000116E-04  0.77732405500425E-05 -0.98412761408475E-03
  0.51596762657308E-04  0.16066755799496E-04 -0.98537962198517E-03
  0.82366377175663E-04  0.54204225339812E-04 -0.15703912002964E-03
  0.52579184992346E-04  0.20189342102506E-04 -0.98750741082070E-03
  0.90547791187787E-04  0.64244279813942E-04 -0.13002226723077E-03
  0.54641242074071E-04  0.20634586946753E-04 -0.98937353596939E-03
  0.72850360894350E-04  0.37095344554650E-04 -0.71864206438206E-04
  0.56068472790792E-04  0.17718639490538E-04 -0.99059234370951E-03
  0.52065396051330E-04  0.12960285866892E-04 -0.16433554566877E-03
  0.26254659032795E-04 -0.47005505060712E-04  0.23988615069647E-04
  0.66027065944657E-04  0.21505952707522E-04 -0.98567479518284E-03
  0.67584416090510E-04  0.23365943827318E-04 -0.98710952975408E-03
  0.55987915207972E-04 -0.22962458558953E-04 -0.97362357977590E-03
  0.10251105632128E-03 -0.71203286548834E-04 -0.32317525614362E-03
  0.57715208160237E-04 -0.62149500601427E-05 -0.97437389772725E-03
  0.12706387254617E-03 -0.39658866180679E-04 -0.31796629970532E-03
  0.59534625421708E-04  0.10471765181297E-04 -0.97492201911110E-03
  0.14618342984899E-03 -0.19459852704969E-04 -0.33052347008082E-03
  0.60436609372065E-04  0.24822617804088E-04 -0.97612853090850E-03
  0.14887220603551E-03 -0.11701353925151E-04 -0.33500507632116E-03
  0.59674805014725E-04  0.35398130537843E-04 -0.97792077651979E-03
  0.12437406204232E-03 -0.10754839282022E-04 -0.31219212247129E-03
  0.57343339802703E-04  0.42400550558633E-04 -0.97974907562699E-03
  0.80675482828071E-04 -0.52605320415353E-05 -0.27166855250858E-03
  0.53276507010423E-04  0.45167889700580E-04 -0.98165608510600E-03
  0.37162728732487E-04  0.81351923422927E-05 -0.23494028516782E-03
  0.47065155203359E-04  0.43792757911571E-04 -0.98391350938581E-03
  0.80723050394977E-04 -0.10021098564724E-03 -0.33948418983622E-03
  0.60533472755899E-05  0.23389068249516E-04 -0.20894139678883E-03
  0.53730382967174E-04 -0.38923785049645E-04 -0.97368617799840E-03
  0.48976125083704E-04 -0.51808126223856E-04 -0.97507145543944E-03
  0.11061726991589E-03 -0.48700666934455E-04 -0.25630021768370E-03
  0.63932818517619E-04  0.37492771183324E-04 -0.98298148615441E-03
  0.68269981639434E-04 -0.51870443255462E-04 -0.21292468595363E-03
  0.59010903060862E-04  0.37058787352947E-04 -0.98479330942766E-03
  0.34979561955671E-04 -0.36641211514285E-04 -0.18981510597894E-03
  0.52059870007192E-04  0.33015037724982E-04 -0.98595656041499E-03
  0.11853023982579E-04 -0.13929672180989E-04 -0.17978550036219E-03
  0.42745370105838E-04  0.27145329779977E-04 -0.98649536119328E-03
 -0.52036567653019E-05  0.72301391736977E-05 -0.17367267880495E-03
  0.19515636082031E-04 -0.68251574375760E-04 -0.98175855851964E-03
  0.20792629653543E-04 -0.14400138829937E-04 -0.18749290802303E-03
  0.31635667149886E-04 -0.67182151977965E-04 -0.97974211045171E-03
  0.45672501139397E-04 -0.34595575281320E-04 -0.22060899993298E-03
  0.41420706363066E-04 -0.61219313339423E-04 -0.97733329663824E-03
  0.59798048436529E-04 -0.69912707360531E-04 -0.27682658451005E-03
  0.67997364422645E-04 -0.10066449017411E-03 -0.32841803607896E-03
  0.29790295613652E-04 -0.71132006186396E-04 -0.97719329250388E-03
  0.25299171347621E-04 -0.60726581190173E-04 -0.26403369520116E-03
  0.37500027858932E-04 -0.63482073191537E-04 -0.97478649091543E-03
  0.36894071017452E-04 -0.50512813003099E-04 -0.27260908376050E-03
  0.35991898631686E-04 -0.73204690988099E-05 -0.97339600632994E-03
  0.42841107857127E-04 -0.26163731717254E-04 -0.26052533134692E-03
  0.36008018265761E-04  0.11987044720621E-04 -0.97364844533874E-03
  0.50481501608035E-04 -0.87099671560114E-05 -0.26566591389280E-03
  0.35131732065960E-04  0.28774254536501E-04 -0.97443956191712E-03
  0.61895641753345E-04  0.15510980926232E-04 -0.28672937916619E-03
  0.33350919887562E-04  0.41240089014510E-04 -0.97562242817590E-03
  0.68726127646577E-04  0.50471350457683E-04 -0.32151920187036E-03
  0.20319270214188E-04 -0.16004615285769E-04 -0.97278436006606E-03
  0.97236377383031E-05 -0.27086710231477E-04 -0.25186837630464E-03
  0.19213772079799E-04  0.41209541703337E-05 -0.97347401024921E-03
  0.13352860748552E-04 -0.10638509940271E-04 -0.25130262722937E-03
  0.17958851542544E-04  0.22248633122223E-04 -0.97417669628370E-03
  0.18048572935633E-04  0.97786462469070E-05 -0.25969431623847E-03
  0.35220551915274E-04 -0.27341194257570E-04 -0.97287429585552E-03
  0.28362100247899E-04 -0.84858809553654E-04 -0.30379787219279E-03
  0.33901668507574E-04 -0.45589590951591E-04 -0.97255635026344E-03
  0.53352669011149E-04  0.53896186247539E-04 -0.30103568967887E-03
  0.45558792903460E-04 -0.97510214820380E-04 -0.32324213442133E-03
  0.42886615676718E-04 -0.51156831159509E-04 -0.97331765831198E-03
  0.58720401048220E-04 -0.10668434653507E-03 -0.34293464282543E-03
  0.46542589300376E-04 -0.35066656182675E-04 -0.97266473079717E-03
  0.71394530725236E-04 -0.82585556217216E-04 -0.32019914889837E-03
  0.48319506667607E-04 -0.16910688823485E-04 -0.97321170428192E-03
  0.83559412027575E-04 -0.50105543964134E-04 -0.29505264535693E-03
  0.66576074139944E-04  0.34260293983587E-04 -0.98106121987162E-03
  0.49516098556373E-04  0.17117586780279E-05 -0.97353200879852E-03
  0.49373080809960E-04  0.19347085156807E-04 -0.97435755091973E-03
  0.10586154744431E-03 -0.62327329588915E-05 -0.30537754231105E-03
  0.48828806415618E-04  0.33744124295160E-04 -0.97574029772742E-03
  0.10771409262106E-03  0.14086979323195E-04 -0.31941110830606E-03
  0.47111175361462E-04  0.43633390563006E-04 -0.97740821914306E-03
  0.89208955662894E-04  0.35745748661735E-04 -0.32067129073470E-03
  0.42844293969476E-04  0.48774669936717E-04 -0.97918996602687E-03
  0.95099451176251E-04 -0.25733347923874E-04 -0.29226871217820E-03
  0.14970384315594E-03 -0.28410155744718E-04 -0.30535514106009E-03
  0.66954983355625E-04  0.27473190765905E-04 -0.97978579812094E-03
  0.16528801872783E-03 -0.10722697850784E-04 -0.32671845516319E-03
  0.30794432388592E-04 -0.31867756914545E-06 -0.16512761405275E-03
  0.14766803204707E-04 -0.44861072261052E-04 -0.98373303508945E-03
  0.46337784532603E-04 -0.54364375762764E-05 -0.15557474479275E-03
  0.26891543688926E-04 -0.48610721050558E-04 -0.98344029123033E-03
  0.47591517375331E-04 -0.10952346661124E-04 -0.14144871491001E-03
  0.38552589942111E-04 -0.47634918671830E-04 -0.98210233398984E-03
  0.40208654653112E-04 -0.22049859855731E-04 -0.13838853510690E-03
  0.48601968336511E-04 -0.42785113353994E-04 -0.98044588329819E-03
  0.31839859675700E-04 -0.44822846382669E-04 -0.16539383820715E-03
  0.55561481294992E-04 -0.35312000542640E-04 -0.97923333516754E-03
  0.28874120602144E-04 -0.69286802160648E-04 -0.21096425099715E-03
  0.60374856857903E-04 -0.24986834818327E-04 -0.97823757934656E-03
  0.41294318677477E-04 -0.69031802904954E-04 -0.23848594163199E-03
  0.63191318655331E-04 -0.12335636996349E-04 -0.97792283449489E-03
  0.72976284086071E-04 -0.36517055289446E-04 -0.24296740552639E-03
  0.26485760098792E-05 -0.39130823815789E-04 -0.98334431580453E-03
  0.23416117469103E-05  0.48827739950138E-05 -0.16704824584836E-03
 -0.88460994682467E-05 -0.32943219354535E-04 -0.98311845339281E-03
 -0.31810984216008E-04  0.10318329254793E-04 -0.16434873048786E-03
  0.83454446688101E-04 -0.52898028307791E-04 -0.12894524398686E-03
  0.66805981640387E-04  0.23235714153005E-04 -0.98846395528486E-03
  0.69262218951164E-04 -0.84537916223529E-04 -0.12162659990590E-03
  0.63209401812666E-04  0.19974066545419E-04 -0.98915668749776E-03
  0.60417023517766E-04 -0.95785637081138E-04 -0.13123672135913E-03
  0.58024378065804E-04  0.15091848157691E-04 -0.98865292067846E-03
  0.50623431846710E-04 -0.92220255317511E-04 -0.14280453995561E-03
  0.64934465860292E-04  0.92173822096804E-08 -0.97884198230485E-03
  0.51019052370081E-04  0.93419060015582E-05 -0.98797809334470E-03
  0.42402030835697E-04  0.42337413962062E-05 -0.98701318092366E-03
  0.21633636213034E-04 -0.59001458206163E-04 -0.15747113410300E-03
  0.33296799356194E-04 -0.13985549663192E-05 -0.98629341242734E-03
  0.64249671693736E-05 -0.36803481850683E-04 -0.16284464885538E-03
  0.22937913055957E-04 -0.81329564365246E-05 -0.98581873642480E-03
 -0.79869965863875E-05 -0.15855994999761E-04 -0.16729074867373E-03
 -0.19200996213707E-04 -0.24931755195386E-04 -0.98337735103676E-03
  0.37304683430256E-04 -0.79025295797176E-04 -0.15110374515298E-03
  0.10616673725141E-03 -0.41889489341404E-05 -0.16371225153803E-03
  0.11468559113076E-03  0.19609473928815E-05 -0.25262631100007E-03
  0.14467774826506E-03  0.16600140066710E-04 -0.26942513535761E-03
  0.30224766983823E-04 -0.59059972115397E-04 -0.98170188574355E-03
  0.51017962039911E-04 -0.18757650297423E-04 -0.17961633196721E-03
  0.42179934682320E-04 -0.55910357712807E-04 -0.97981747802029E-03
  0.54637472385855E-04 -0.41261257354854E-04 -0.20579503876375E-03
  0.50236373399495E-04 -0.49143204930877E-04 -0.97806373420502E-03
  0.52898569253290E-04 -0.73799913331237E-04 -0.25464930672037E-03
  0.56350131200442E-04 -0.38697480946573E-04 -0.97641948970056E-03
  0.58352652611890E-04 -0.91300457947674E-04 -0.29283637997033E-03
  0.60142288666925E-04 -0.25471618759450E-04 -0.97546232979368E-03
  0.79990193647161E-04 -0.75215389114787E-04 -0.29851266423035E-03
  0.62411076618878E-04 -0.10988432844084E-04 -0.97587083962895E-03
  0.11558815502741E-03 -0.40149307593630E-04 -0.29746023596886E-03
  0.64435364035042E-04  0.39551600139928E-05 -0.97668613957233E-03
  0.14982026236336E-03 -0.13212904893696E-04 -0.31395467467781E-03
  0.66252663688836E-04  0.16836445218588E-04 -0.97825789202717E-03
  0.37983125097396E-04 -0.84580036387840E-05 -0.17170988145328E-03
  0.17369322885434E-04 -0.57753608392922E-04 -0.98329608439872E-03
  0.12877960934785E-04 -0.30774344907769E-05 -0.16900199227244E-03
  0.47537704740957E-05 -0.52691136872999E-04 -0.98364978220593E-03
  0.68179164875737E-04  0.20503439219084E-04 -0.98229866268682E-03
  0.14527294990322E-03 -0.51689702622844E-05 -0.26095038976507E-03
  0.68610442921796E-04  0.26355409251257E-04 -0.98372697311211E-03
  0.11916314799413E-03 -0.46326871203855E-04 -0.22256619156698E-03
  0.68742240582944E-04  0.29959598732610E-04 -0.98492294022111E-03
  0.88459874627623E-04 -0.76666560030595E-04 -0.18587630461454E-03
  0.66337488055347E-04  0.29306016134013E-04 -0.98630575807284E-03
  0.66704071183560E-04  0.11960749737845E-04 -0.98033864568099E-03
  0.64284535790886E-04 -0.83423741758795E-04 -0.16873311972013E-03
  0.43460219019996E-04 -0.71582635203226E-04 -0.16359530818913E-03
  0.52154356143184E-04  0.20849847600635E-04 -0.98724995211482E-03
  0.24537493818839E-04 -0.49407845897518E-04 -0.16294005644429E-03
  0.43818786792137E-04  0.16100920184489E-04 -0.98677369718284E-03
  0.79841046983034E-05 -0.25555596379766E-04 -0.16379346075825E-03
  0.34116228800108E-04  0.10028347909622E-04 -0.98614213628292E-03
 -0.66777675574674E-05 -0.46908968653355E-05 -0.16518667305745E-03
  0.60284170855080E-04  0.25416289403022E-04 -0.98723891579508E-03
 -0.21982205015664E-05 -0.73543970046866E-05 -0.46627294103564E-05
  0.41815250683744E-04  0.82439411894245E-06 -0.99313074002925E-03
  0.44189288451918E-04  0.91086253952177E-05 -0.99321967620520E-03
  0.70383763277168E-05 -0.16936089403260E-04 -0.99422753120647E-03
  0.13031935000534E-05 -0.14440334693768E-04  0.88299580560544E-04
  0.55610632493263E-05 -0.27912998496685E-04 -0.99388476126962E-03
 -0.14725065824602E-05 -0.19273911152336E-04  0.80083239586121E-04
 -0.42188637402072E-05 -0.25737560078943E-04  0.64252112812266E-04
  0.46858171707642E-08 -0.49422805469545E-04 -0.99357225565443E-03
 -0.64508330872898E-05 -0.35606772407225E-04  0.39518149010158E-04
 -0.24622794580257E-05 -0.58427022208682E-04 -0.99276729075330E-03
 -0.81312286892795E-05 -0.50237749377867E-04  0.17676244298110E-05
 -0.47347566308747E-05 -0.65503828805263E-04 -0.99130195965991E-03
 -0.10577395245127E-04 -0.71427070799247E-04 -0.51667741351754E-04
 -0.76553993169655E-05 -0.69420851063304E-04 -0.98873835733868E-03
 -0.17677697497555E-04 -0.98220889208319E-04 -0.12089189438687E-03
 -0.98866200951622E-05 -0.69747779979336E-04 -0.98573112640177E-03
 -0.31490472642113E-04 -0.12534131124790E-03 -0.20073081509386E-03
  0.61631902044181E-05 -0.94875367685514E-05  0.89437414962351E-04
 -0.12939261524894E-04 -0.67156777584870E-04 -0.98240430837025E-03
  0.87912433395478E-05 -0.54567010831330E-05 -0.99457077379825E-03
  0.10217409509881E-04  0.63395534789638E-05 -0.99434798607907E-03
 -0.12556574198656E-04 -0.46386278214369E-04 -0.12640187593010E-03
  0.20268562346656E-05  0.55909868022801E-05 -0.98400618926797E-03
 -0.32886515436847E-05 -0.39791826002636E-04 -0.16062400864203E-03
  0.27252940153822E-05  0.15613404161975E-04 -0.98390474705478E-03
  0.22439810887272E-04 -0.49910006511664E-05 -0.16491497846160E-03
  0.34472718157937E-05  0.24418262421327E-04 -0.98474740854439E-03
  0.53412794603965E-04  0.42502426259283E-04 -0.15602561252191E-03
  0.48563267208122E-05  0.29683698182192E-04 -0.98660401387877E-03
  0.72317267132852E-04  0.73945454148439E-04 -0.13387648661520E-03
  0.80146409588301E-05  0.29608228432810E-04 -0.98927446131003E-03
  0.68071640834387E-04  0.70545178371536E-04 -0.80418967283391E-04
  0.11178997676119E-04  0.25202878633089E-04 -0.99161042259196E-03
  0.46858316390512E-04  0.42036340699193E-04 -0.48430521835534E-05
  0.11912632785708E-04  0.16938551313613E-04 -0.99344492684960E-03
  0.26461201508561E-04  0.14058542570639E-04  0.53587976956371E-04
  0.13560144926115E-04 -0.14513022460598E-05  0.80788244488156E-04
 -0.53183410793447E-04 -0.14270991672086E-03 -0.27355900349964E-03
 -0.18068492557501E-04 -0.59770941972320E-04 -0.97909744988643E-03
 -0.76868902801272E-04 -0.13615581323396E-03 -0.31665950041937E-03
 -0.48773848635081E-05  0.22603627613985E-04 -0.98572600684270E-03
  0.10834165590536E-04 -0.78654461554075E-06 -0.29131457317775E-04
 -0.16549841845746E-05  0.13869755723123E-04 -0.98588984310834E-03
  0.65958652481517E-05 -0.32067234347180E-05 -0.98711553841123E-05
  0.21293560269251E-05  0.39424401896388E-05 -0.98628294648143E-03
  0.40883750043326E-05 -0.44296060580857E-05  0.21606824059547E-05
  0.55349125798478E-05 -0.53479803945561E-05 -0.98655130144609E-03
  0.24045722488487E-05 -0.48653064035990E-05  0.82630404597050E-05
  0.93031476569799E-05 -0.13005423429204E-04 -0.98617129653823E-03
  0.15238820844636E-05 -0.64401638919714E-05  0.65988600047385E-05
  0.12486013345302E-04 -0.16588701353369E-04 -0.98526409577206E-03
 -0.60584645395433E-06 -0.11901811172789E-04 -0.90960788040510E-05
  0.13988001184979E-04 -0.14320185612834E-04 -0.98447642303985E-03
 -0.50103681489675E-05 -0.25252495258881E-04 -0.48365969904945E-04
  0.14564705189344E-04 -0.79267085592888E-05 -0.98390475894629E-03
  0.17358869897374E-04  0.45866660506003E-05 -0.57271629270588E-04
 -0.58195578454509E-05  0.30864756457013E-04 -0.98566484219241E-03
  0.23861909453101E-04  0.13870780478809E-04 -0.96859073667049E-04
 -0.52935323760368E-05  0.38555858133055E-04 -0.98504650625151E-03
 -0.23642204115778E-04 -0.47939364194949E-04 -0.97650120308712E-03
 -0.88054281097892E-04 -0.10573708401796E-03 -0.32108348428907E-03
 -0.29537626492124E-04 -0.33136493687926E-04 -0.97482782887611E-03
 -0.80555241845459E-04 -0.64977370211870E-04 -0.30310770875193E-03
  0.16696402626267E-04  0.36620577791878E-04 -0.97487627856180E-03
  0.27565963429302E-04  0.46197244538169E-04 -0.29005366711523E-03
  0.14469806604860E-04  0.45832895874888E-04 -0.97600475795697E-03
  0.19805316953079E-05 -0.41475391797472E-05 -0.98430021472603E-03
  0.37809747461642E-04  0.87777022907810E-04 -0.33492838246900E-03
  0.43355898934451E-04  0.10490088035898E-03 -0.34781348582370E-03
  0.73028407876724E-05  0.52026528975525E-04 -0.98080406285462E-03
  0.42112305701373E-04  0.87220526648639E-04 -0.30257202861182E-03
  0.27733344002258E-05  0.49248433341472E-04 -0.98275999270995E-03
  0.36932222865455E-04  0.55263644871840E-04 -0.22477813373917E-03
 -0.21493664443127E-05  0.44618965058410E-04 -0.98387935720312E-03
  0.30215535810713E-04  0.29455594902687E-04 -0.15174340639642E-03
  0.11278847666757E-04  0.51209338489911E-04 -0.97815806155528E-03
 -0.83749937424232E-05 -0.30898498920003E-04 -0.68466793796354E-04
  0.29597226053064E-05 -0.11485916367957E-04 -0.98430490541302E-03
 -0.26361180535152E-05 -0.14012785259555E-04 -0.20070771071756E-04
  0.90356869118318E-05 -0.61776963151869E-07  0.87469416194894E-04
 -0.18624844266014E-05 -0.89998107928931E-05 -0.99445830665446E-03
  0.13922629457625E-05 -0.52834393676389E-05  0.93202006347250E-04
 -0.32734005086101E-05 -0.21519310291448E-04 -0.99419063280498E-03
 -0.56760639255893E-05 -0.83355913973047E-05  0.90363620535230E-04
 -0.49892383341983E-05 -0.33141821862023E-04 -0.99422671558579E-03
 -0.12441659643504E-04 -0.10600201160485E-04  0.80621206985828E-04
 -0.66083011875914E-05 -0.44677796147210E-04 -0.99369395770190E-03
 -0.19591660295516E-04 -0.14166737985205E-04  0.62035302625449E-04
 -0.81217374840633E-05 -0.56068155810527E-04 -0.99274224833214E-03
 -0.28101797605419E-04 -0.21192701882298E-04  0.33167220188633E-04
 -0.94294960778999E-05 -0.65431109786775E-04 -0.99123073445394E-03
 -0.37999865674718E-04 -0.32653449813756E-04 -0.96447070190703E-05
 -0.96159876808134E-05 -0.71570780733987E-04 -0.98914952287759E-03
 -0.49687452870593E-04 -0.52166815010883E-04 -0.72637623774282E-04
 -0.15751933263041E-05  0.30491927942367E-05 -0.99463171690004E-03
  0.19916047792177E-04  0.11272894164343E-04  0.66799948433197E-04
 -0.53667291329869E-06  0.14116724754871E-04 -0.99411375394054E-03
  0.37228903335290E-04  0.34144547580319E-04  0.18713691723400E-04
 -0.62156246954658E-05 -0.17610511288363E-04 -0.34286669129469E-04
 -0.94501149158265E-05 -0.85048550787548E-05 -0.98431052684260E-03
 -0.12308917162754E-04 -0.35732702951121E-04 -0.89458310697560E-04
 -0.10316468868058E-04  0.31172680854029E-06 -0.98389860425143E-03
 -0.13597449205552E-04 -0.46504499596906E-04 -0.14221573457790E-03
 -0.11262867349390E-04  0.11423359494389E-04 -0.98339158669693E-03
  0.41533648263878E-06 -0.29299871767040E-04 -0.16458174204213E-03
 -0.86665744769106E-05 -0.75072752298465E-04 -0.98645457055178E-03
 -0.10573684925618E-04  0.22026633339739E-04 -0.98375825176483E-03
 -0.85462280207027E-05  0.29350800603418E-04 -0.98545375756072E-03
  0.58331794597936E-04  0.58680843232977E-04 -0.15057422743425E-03
 -0.56493201414574E-05  0.32159231588556E-04 -0.98787178275827E-03
  0.69859475030305E-04  0.78559495505869E-04 -0.11908029108563E-03
 -0.21978955587080E-05  0.29218105630633E-04 -0.99064486132995E-03
  0.58772373647918E-04  0.63970213095922E-04 -0.54777251658049E-04
 -0.27879220924869E-06  0.23112744187771E-04 -0.99265755195787E-03
  0.29418339305614E-04  0.13712809789650E-04 -0.16250456600859E-03
 -0.90608246728062E-05 -0.42539033732100E-04 -0.10639842890002E-03
 -0.63354526379744E-04 -0.83960521732807E-04 -0.15884055190306E-03
 -0.76816147052761E-04 -0.12082881425846E-03 -0.25559823095314E-03
  0.32732018356714E-05  0.34786425032398E-04 -0.98525586982133E-03
  0.30571100492223E-05  0.14638012291116E-04 -0.72228427970623E-04
  0.73028953329175E-07  0.26280438561363E-04 -0.98564489116501E-03
  0.21637489303845E-05  0.63853266183247E-05 -0.39384878893171E-04
 -0.19897325976705E-05  0.17082688315232E-04 -0.98598004491372E-03
  0.18181237626879E-05  0.16174021317930E-05 -0.17299863856040E-04
 -0.33346780475194E-05  0.80216824852456E-05 -0.98589907732377E-03
  0.17795693231827E-05 -0.79542774502438E-06 -0.33397325532467E-05
 -0.30100142202073E-05 -0.88335417042222E-06 -0.98610966119050E-03
  0.18406219956015E-05 -0.23326669655698E-05  0.52736708409224E-05
 -0.20042558571018E-05 -0.94519790837300E-05 -0.98621330458285E-03
  0.11772942202396E-05 -0.39383041580628E-05  0.85484451187645E-05
 -0.62052270508980E-07 -0.14814525472967E-04 -0.98572991336276E-03
 -0.13986442433819E-06 -0.64134187438357E-05  0.31059186808697E-05
  0.24333489065986E-05 -0.15273155358867E-04 -0.98473688688660E-03
  0.53302561847049E-05  0.28590542152318E-04 -0.11952651683583E-03
  0.81422524956849E-05  0.42321318389637E-04 -0.98486264083813E-03
  0.10550454080093E-04  0.49697650939627E-04 -0.18433831645303E-03
  0.13808064525198E-04  0.48344887312684E-04 -0.98376475457670E-03
 -0.72387257586616E-05 -0.69418139698246E-04 -0.97926615478229E-03
 -0.84717331583006E-04 -0.14386377290136E-03 -0.32513943331004E-03
 -0.92788880494021E-05 -0.60053036346212E-04 -0.97628154103343E-03
 -0.82131080768344E-04 -0.13308759684572E-03 -0.33633562320338E-03
 -0.12239986202497E-04 -0.45927402752549E-04 -0.97470478222631E-03
 -0.65739197527122E-04 -0.92178273029826E-04 -0.30300408490054E-03
 -0.15663912735833E-04 -0.29171448123698E-04 -0.97398087428081E-03
 -0.76409473878944E-05 -0.74308440323243E-04 -0.98290086446557E-03
 -0.43307200878790E-04 -0.48941863044274E-04 -0.26904349774151E-03
 -0.27719130715092E-04 -0.17699643406001E-04 -0.25529613894774E-03
  0.30264972199880E-04  0.49587949899969E-04 -0.97732906296046E-03
  0.61363689882975E-04  0.82685173094396E-04 -0.34492247320793E-03
  0.25867793043995E-04  0.52642221315266E-04 -0.97948657155578E-03
  0.42540204992122E-04  0.90956726868011E-04 -0.32442753765833E-03
  0.20046319336448E-04  0.51950889185447E-04 -0.98183568416096E-03
  0.22833695109394E-04  0.74862803553787E-04 -0.26063030246508E-03
 -0.18726496250072E-04 -0.10962497996344E-04 -0.97330883092392E-03
  0.26067393586007E-04 -0.28371984149142E-04  0.39085867052925E-04
  0.15034134382830E-04 -0.58750004097910E-07 -0.98357513823935E-03
  0.15014020164243E-04  0.91735863836986E-05 -0.98369113033051E-03
  0.11269573658284E-04 -0.47474523081544E-04 -0.99087945052154E-03
  0.29473400915812E-04 -0.11043545562918E-03 -0.10086414811355E-03
  0.53299242509950E-05 -0.53505205377767E-04 -0.99001526300653E-03
  0.27060048886667E-04 -0.11764998544306E-03 -0.12938333830252E-03
 -0.36862398998542E-05 -0.57681735890473E-04 -0.98847404898738E-03
  0.17168489971056E-04 -0.11449112400172E-03 -0.15374853012970E-03
 -0.12551789477123E-04 -0.57969640241687E-04 -0.98657773529429E-03
  0.10857893863396E-05 -0.10046511335344E-03 -0.17609978454188E-03
 -0.22537041723561E-04 -0.55628041561856E-04 -0.98405142375884E-03
 -0.24456286386963E-04 -0.79543410096508E-04 -0.20385487782849E-03
 -0.21507728105448E-04  0.42154791054751E-04 -0.97591604527403E-03
 -0.34795389771769E-04  0.11345720570466E-03 -0.31799641233810E-03
 -0.22625633186745E-04  0.44825648746296E-04 -0.97873945874467E-03
 -0.26766544855997E-04  0.10309941158513E-03 -0.29650254192364E-03
 -0.22889940603778E-04  0.44090941830508E-04 -0.98098771095403E-03
  0.27928131544745E-04 -0.96673256886166E-04 -0.67867789168563E-04
 -0.78698232490329E-05  0.69484997902593E-04 -0.24652087632460E-03
  0.15714165125361E-04 -0.40667325228286E-04 -0.99196999002179E-03
  0.19985021520777E-04 -0.33171803111601E-04 -0.99265636092060E-03
  0.82193207551979E-04  0.72937911306268E-04 -0.12648904643747E-03
  0.32795898817438E-04  0.25106294411308E-04 -0.99064596861718E-03
  0.69666731543615E-04  0.58210504406295E-04 -0.65458243901637E-04
  0.35665031968631E-04  0.20711811612537E-04 -0.99210283913158E-03
  0.44244080175788E-04  0.23887768082550E-04  0.82755146502510E-05
  0.34767927228238E-04  0.13492540565430E-04 -0.99316265002214E-03
  0.25012366815845E-04 -0.35317706834197E-05  0.53289582115898E-04
  0.32415106977218E-04  0.43957739993373E-05 -0.99392788628102E-03
  0.16769630825316E-04 -0.20056986740097E-04  0.64796848467346E-04
  0.30103229112696E-04 -0.55269002957176E-05 -0.99405472706713E-03
  0.15044998905948E-04 -0.32776467095262E-04  0.55171069058817E-04
  0.27290410039218E-04 -0.15095811394338E-04 -0.99333173485496E-03
  0.16612585008545E-04 -0.46411023369148E-04  0.31863866400967E-04
  0.24240088217411E-04 -0.24523038024384E-04 -0.99301910365044E-03
  0.20397585383144E-04 -0.62461447670285E-04  0.15450559297249E-05
  0.24378524693819E-04 -0.79974497444742E-04 -0.32869025449350E-04
 -0.23305270319109E-04  0.40845278394806E-04 -0.98308551155895E-03
  0.13682932685930E-04  0.40969186957719E-04 -0.20271151478050E-03
 -0.22634003779529E-04  0.35624403290837E-04 -0.98466718340157E-03
 -0.49313498570108E-05 -0.45512567922897E-04 -0.11551410953508E-03
  0.37472100460107E-04 -0.34100224623782E-05 -0.98392561279499E-03
  0.41028115255943E-05 -0.43225979757042E-04 -0.15460723870488E-03
  0.38242852701666E-04  0.63292166444921E-05 -0.98390513706791E-03
  0.28435779867763E-04 -0.12250089324497E-04 -0.16389870722799E-03
  0.39586553728825E-04  0.15711418479038E-04 -0.98505572948005E-03
  0.61223579235053E-04  0.34214500205211E-04 -0.15857047319941E-03
  0.41658633756764E-04  0.22342751662486E-04 -0.98683804403017E-03
  0.84292913611435E-04  0.67543681242812E-04 -0.14320492166172E-03
  0.44213054789425E-04  0.23307584339368E-04 -0.98926304237940E-03
  0.81465444241959E-04  0.63906006490059E-04 -0.98307272945772E-04
  0.45966496238739E-04  0.20250250692064E-04 -0.99124072658288E-03
  0.56612122021465E-04  0.30315396129024E-04 -0.27489690996812E-04
  0.45856561732663E-04  0.15676553100177E-04 -0.99262092329903E-03
  0.34324603021816E-04 -0.46074792853311E-05  0.25599895337168E-04
  0.36873867411885E-04 -0.11655613689988E-04 -0.98462164646829E-03
 -0.37208706869872E-05 -0.29415071177037E-04 -0.58907721677612E-04
  0.35183957372993E-04 -0.17371854274178E-04 -0.98508960052651E-03
  0.28934833672469E-06 -0.15115118521447E-04 -0.17188831782354E-04
  0.29688170475788E-04  0.25015002922452E-04 -0.17387322180280E-03
 -0.19249279660054E-04  0.29264674339929E-04 -0.98538073442056E-03
  0.38607306073704E-04  0.16384499569156E-04 -0.15133106784434E-03
 -0.13587002913199E-04  0.20888716091095E-04 -0.98554309746115E-03
  0.41001463918338E-04  0.91202241975115E-05 -0.12752373257716E-03
 -0.84804585250841E-05  0.12035199006079E-04 -0.98540038336321E-03
  0.35889768175993E-04  0.29423729245797E-05 -0.97891020168588E-04
  0.30004185751697E-04  0.25408895560286E-04 -0.98834871842764E-03
 -0.14245244457070E-05  0.48005061137932E-05 -0.98503432515185E-03
  0.76418943488925E-05 -0.28509997453936E-05 -0.98498591314887E-03
  0.17888788623641E-04 -0.48508640931836E-05 -0.31397800235608E-04
  0.16426458854146E-04 -0.10026457377284E-04 -0.98521877559832E-03
  0.96949915702814E-05 -0.71373132919321E-05 -0.94952729036956E-05
  0.24678525414922E-04 -0.15834838731121E-04 -0.98545431107935E-03
  0.38976162069000E-05 -0.90679288764633E-05 -0.28054621592510E-05
  0.31566699764907E-04 -0.19104104657878E-04 -0.98540735485775E-03
  0.27126207465629E-04 -0.11221718011796E-05 -0.63765825582106E-04
  0.68730197311189E-04  0.51135948552279E-04 -0.15325709099356E-03
  0.28801484797376E-04  0.20876301155941E-04 -0.98562517940852E-03
  0.38391195168524E-04  0.65526813867193E-05 -0.16324094557531E-03
  0.77145097501564E-05 -0.41940503763313E-04  0.41211896151246E-04
  0.98073847142299E-05 -0.41662920002057E-04 -0.99332635428749E-03
  0.10462733151346E-04 -0.56496997862939E-04  0.13170524251108E-04
  0.63396877461434E-05 -0.50132504610038E-04 -0.99271062392853E-03
  0.13190015301583E-04 -0.74549754623764E-04 -0.23516702520783E-04
  0.25995288311251E-05 -0.57140808526190E-04 -0.99184236309544E-03
  0.14988265025993E-04 -0.94454004621432E-04 -0.67807541904421E-04
 -0.18821360589396E-05 -0.61873698607567E-04 -0.99037840971290E-03
  0.13313505857324E-04 -0.11221863071525E-03 -0.11617386819010E-03
 -0.76904206922054E-05 -0.64814992612234E-04 -0.98794788706131E-03
  0.40999728601140E-05 -0.12437492306637E-03 -0.16452676816164E-03
 -0.14605066308130E-04 -0.63316988639542E-04 -0.98468958967606E-03
 -0.16203115962617E-04 -0.12583746061968E-03 -0.21189728305773E-03
 -0.22280231578220E-04 -0.57897839416861E-04 -0.98181092130848E-03
 -0.47447672057938E-04 -0.11442285011970E-03 -0.25775180629038E-03
  0.12628034586062E-04 -0.31999570246858E-04 -0.99340089998593E-03
  0.65337845269717E-05 -0.31100745184613E-04  0.62172538630168E-04
  0.15671090189400E-04 -0.22592127032197E-04 -0.99361788894760E-03
  0.75157270564752E-05 -0.22596124007644E-04  0.75725114212974E-04
  0.15041958800446E-04 -0.21733687966015E-04 -0.16572978981354E-03
  0.15370399096318E-04  0.18814952275598E-04 -0.98458392604210E-03
  0.46170079371280E-04  0.24420481924320E-04 -0.16033124172596E-03
  0.16743108350747E-04  0.25464679338998E-04 -0.98637402839828E-03
  0.72404113721080E-04  0.64454862958864E-04 -0.14519213883854E-03
  0.19287309244581E-04  0.27606507641112E-04 -0.98871353798307E-03
  0.77060071924307E-04  0.73488323535801E-04 -0.10499771689717E-03
 -0.30625483957740E-04 -0.48947344991916E-04 -0.97912239003126E-03
  0.22002713845002E-04  0.25302436302894E-04 -0.99071032482865E-03
  0.23261126252300E-04  0.19474858983904E-04 -0.99247508459018E-03
  0.33516376199709E-04  0.18088335421021E-04  0.35183198859374E-04
  0.22486626785675E-04  0.10761805177819E-04 -0.99388011533913E-03
  0.18194859945845E-04 -0.23749449164249E-05  0.70755073177707E-04
  0.21049077707416E-04 -0.75111589765666E-06 -0.99440907340841E-03
  0.10939406278838E-04 -0.13991733561403E-04  0.80353093936603E-04
  0.18665166862720E-04 -0.12320080448653E-04 -0.99423422358160E-03
  0.57910262628634E-04  0.49883718032022E-04 -0.33225167362611E-04
 -0.47112071343361E-05 -0.46423072446483E-04 -0.15188492517844E-03
 -0.81754058690915E-04 -0.91961033248008E-04 -0.29732540402993E-03
 -0.52726967220101E-05  0.40704941626277E-04 -0.26887077183057E-03
  0.93665376975291E-05 -0.21972036104617E-05 -0.98585776732677E-03
  0.60295067527383E-05 -0.59503234858690E-05 -0.77141346375390E-06
  0.15677503763189E-04 -0.10764224629477E-04 -0.98613584422664E-03
  0.32413327757052E-05 -0.68984259883206E-05  0.55641195696036E-05
  0.20749866669267E-04 -0.16397583357098E-04 -0.98584124264187E-03
  0.91761374387149E-06 -0.10065787953791E-04 -0.18328382578631E-05
  0.24280920246806E-04 -0.17013239953410E-04 -0.98505498194818E-03
 -0.22361109244943E-05 -0.19837461231256E-04 -0.30635169749970E-04
  0.25808906285629E-04 -0.12958021029836E-04 -0.98445732120686E-03
 -0.61864785505577E-05 -0.36961048695924E-04 -0.82900741368923E-04
  0.26019320372197E-04 -0.56021024348883E-05 -0.98395727448892E-03
 -0.57549384874047E-05 -0.47972428633035E-04 -0.13623420061031E-03
  0.26740993211754E-04  0.38881893423990E-05 -0.98339138798783E-03
  0.90700138048508E-05 -0.33537072173547E-04 -0.16256214046813E-03
  0.27975813251327E-04  0.13407888926062E-04 -0.98366188841204E-03
  0.11657427737612E-04 -0.51236045372563E-05 -0.16823545922086E-04
  0.25602715374221E-05  0.63284217974007E-05 -0.98566407412966E-03
  0.19346285844795E-04 -0.22257421309443E-05 -0.41204174857755E-04
 -0.41202009068592E-05  0.14907960319529E-04 -0.98549758077026E-03
 -0.31310590394948E-05  0.40814541281958E-04 -0.97534913149586E-03
 -0.18079207360932E-05  0.84585626987041E-04 -0.30589131694092E-03
 -0.53189709928074E-05  0.47136982872486E-04 -0.97693928758852E-03
  0.90397466345246E-05  0.10905509595113E-03 -0.33014376371562E-03
 -0.73414985593833E-05  0.49109179954964E-04 -0.97953535850435E-03
  0.23855562443636E-04  0.94443998639014E-04 -0.30630373157150E-03
 -0.98802683038308E-05  0.47883276568324E-04 -0.98182553987564E-03
 -0.12878162710936E-05  0.30282997401269E-04 -0.97408984043088E-03
  0.35651705691679E-04  0.61229810181812E-04 -0.24857770561623E-03
  0.41115068659507E-04  0.34789675166039E-04 -0.19017424673295E-03
 -0.12663238677520E-04  0.38560750932353E-04 -0.98537426745149E-03
  0.40863649395638E-04  0.18936220000485E-04 -0.14359915630564E-03
 -0.12498987705634E-04  0.30860260355593E-04 -0.98574357963230E-03
  0.34902511138375E-04  0.94205474719685E-05 -0.10593928899149E-03
 -0.97319853589364E-05  0.23352334136556E-04 -0.98532676950423E-03
  0.27313174004377E-04  0.31782421541249E-05 -0.71848976381995E-04
 -0.12072886909510E-04  0.44367453317428E-04 -0.98371825090494E-03
  0.26865763435764E-05 -0.38788221848881E-04 -0.99364199757170E-03
 -0.56501304260504E-05  0.72578768950850E-05 -0.25241752416776E-03
 -0.63251912663414E-04  0.75051608107604E-05 -0.97486013720209E-03
 -0.46015139282782E-04 -0.20996895963178E-04 -0.97501809786895E-03
 -0.10336781671830E-03 -0.63801419746911E-04 -0.32330790429757E-03
 -0.38770492470946E-04 -0.36384165827747E-04 -0.97696051217041E-03
 -0.72060860123958E-04  0.11649722915723E-03 -0.30563186359899E-03
 -0.37283275357916E-04  0.41041624694573E-04 -0.97794737875517E-03
 -0.67093108792155E-04  0.12299091462725E-03 -0.32930590469349E-03
 -0.38736473894428E-04  0.37714705116956E-04 -0.97491055423636E-03
 -0.58242328093882E-04  0.93311092787543E-04 -0.31033513243054E-03
 -0.39489661737272E-04  0.29601590992255E-04 -0.97328436761521E-03
 -0.51154920025750E-04  0.49572073836138E-04 -0.28367610124063E-03
 -0.39161155200302E-04  0.17255185812622E-04 -0.97300202413912E-03
 -0.51717737430370E-04  0.10589457450365E-04 -0.27510869566972E-03
 -0.63367020659235E-04 -0.25715510239472E-04 -0.28367891939130E-03
 -0.34435818287407E-04 -0.16233140965496E-04 -0.97403728676187E-03
 -0.33485570189887E-04  0.85581539076620E-04 -0.29747824405898E-03
 -0.21281423650493E-04  0.35074178677455E-04 -0.97408905002826E-03
 -0.27395656451788E-04  0.42537834983754E-04 -0.26736300003838E-03
 -0.21133119564876E-04  0.23427502540323E-04 -0.97335602614749E-03
 -0.23415223947896E-04  0.86115845149233E-05 -0.25457944454014E-03
 -0.20750753362279E-04  0.74955666757685E-05 -0.97311879177421E-03
 -0.93844807169255E-04  0.31895011828393E-04 -0.32780757849718E-03
 -0.10356808890237E-03 -0.31212485662315E-04 -0.32873692059258E-03
 -0.51027077239120E-04 -0.40952727931346E-05 -0.97377557344221E-03
 -0.37859926750296E-04  0.13989140377279E-05 -0.97324603458457E-03
 -0.53464715004729E-04  0.12340683579544E-04 -0.97330906897105E-03
 -0.11614226585255E-03 -0.41278113748858E-05 -0.34718208096995E-03
 -0.90103754985646E-04  0.67117481898920E-05 -0.31829182140760E-03
 -0.59189396110069E-04 -0.87355617183425E-05 -0.97543386038115E-03
 -0.11905854163553E-03 -0.24540209236101E-04 -0.34001390039742E-03
 -0.52247135635617E-04 -0.24711494985171E-04 -0.97713898441018E-03
 -0.96454034672637E-04 -0.37950378626564E-04 -0.29791165948259E-03
 -0.68210741402853E-06  0.14798752440220E-04 -0.97330426711202E-03
 -0.32888792944399E-04 -0.48828491942111E-04 -0.98173609819029E-03
 -0.77519640183250E-04  0.38505009202868E-04 -0.17394358774593E-03
 -0.41996278962661E-04  0.27667906299999E-04 -0.98434068582227E-03
 -0.42924639841973E-04 -0.38408349037388E-04 -0.97939251714284E-03
 -0.45284172713413E-04  0.33661460697046E-04 -0.98298872821312E-03
 -0.96092833545934E-04  0.95649030080099E-04 -0.25775038200269E-03
 -0.48054308259746E-04  0.37215246846635E-04 -0.98104177764597E-03
 -0.85673828293142E-04  0.12819843368458E-03 -0.31573929399310E-03
 -0.50512969523270E-04  0.38273763006229E-04 -0.97828587916792E-03
 -0.75029672410484E-04  0.12940762506169E-03 -0.33644561019941E-03
 -0.52815710346237E-04  0.34684483381040E-04 -0.97536592635371E-03
 -0.72066120016580E-04  0.96001783883123E-04 -0.32282074294466E-03
 -0.94815429753159E-04  0.60062576344570E-04 -0.20193666630860E-03
 -0.77119601571502E-04  0.50145021423559E-04 -0.31161296799318E-03
 -0.54032518858885E-04  0.25574039777349E-04 -0.97380379172638E-03
  0.69335529788408E-04 -0.19830935459061E-04  0.13354017826869E-02
  0.39188171696345E-05 -0.46492371638653E-05  0.15853497335355E-03
 -0.53206988864722E-05 -0.32126631549526E-04  0.13409942664796E-02
  0.34759045685102E-05 -0.14953036792615E-05  0.14858157669231E-03
 -0.34285575685331E-05 -0.20752668956759E-04  0.13459032445334E-02
  0.23499988756572E-05  0.44337934023719E-05  0.14152046581385E-03
  0.30650902805088E-05  0.12860315087668E-05  0.14408476179787E-03
 -0.23909714733282E-05 -0.85210115912482E-05  0.13494643674015E-02
 -0.13397980941939E-05  0.36136660577162E-05  0.13516916230216E-02
 -0.77684851521437E-05 -0.41972576735558E-04  0.13343868667303E-02
  0.73913700891402E-04 -0.29548609510921E-04  0.13297140900215E-02
  0.27317101551998E-04 -0.26747006176861E-04  0.18540251878279E-03
  0.36593056116280E-05 -0.10476384373472E-04  0.17621454581506E-03
  0.64694684877292E-04 -0.85781834087548E-05  0.20372766698044E-03
  0.23547392522444E-06 -0.21963479056491E-04  0.20531212832941E-03
  0.45429925860327E-04 -0.14406705453260E-04  0.18408214771364E-03
 -0.13330099258975E-04 -0.56753971783598E-04  0.13145609797795E-02
 -0.79184937648849E-05 -0.43548448923051E-04  0.25274660018272E-03
  0.63844167483481E-04 -0.74686191839068E-05  0.13378189186163E-02
 -0.15545469667898E-04 -0.59347358717331E-04  0.13010161541005E-02
 -0.22296441667740E-04 -0.78681922335975E-04  0.32188618232691E-03
 -0.17022480676679E-04 -0.57676636020505E-04  0.12855228347308E-02
 -0.40070706125688E-04 -0.12070858285569E-03  0.39881700841652E-03
 -0.19543774320073E-04 -0.50458482753108E-04  0.12689753688207E-02
 -0.55036721627781E-04 -0.14323856131487E-03  0.44170139929321E-03
  0.58772093967321E-04  0.58886326775005E-05  0.13366840292485E-02
  0.70566638735987E-06  0.85251208864619E-05  0.14136458257552E-03
 -0.10887385258867E-04 -0.50564181317778E-04  0.13257093002246E-02
 -0.76805418645305E-07  0.13652652619133E-04  0.13524851817524E-02
 -0.40486385486441E-05 -0.30892868996196E-04  0.13372395642153E-02
 -0.24477971042635E-05  0.14552197105473E-04  0.14574506921148E-03
 -0.88835737750362E-05  0.80531378105984E-05  0.15471650334577E-03
  0.80189775824390E-04 -0.16637851055626E-04  0.13147382503055E-02
 -0.54616954536940E-05 -0.12429417812316E-04  0.13505947537692E-02
 -0.14140268108749E-04 -0.78948703509155E-05  0.16144541485959E-03
 -0.40454770974147E-05 -0.22838938994278E-04  0.13443818236531E-02
 -0.26164119427867E-04 -0.28046606060230E-04  0.18343472648591E-03
  0.15738483321049E-04 -0.31056275113533E-04  0.35037554911888E-03
 -0.20618068297513E-04 -0.39193600495985E-04  0.12538998617106E-02
 -0.45403214200720E-04 -0.51933723965746E-04  0.23123133503221E-03
  0.80140514385808E-04 -0.27436506202063E-04  0.13146380388878E-02
 -0.51158516114097E-05 -0.33050290018152E-04  0.13311858651089E-02
 -0.62178640473237E-04 -0.68276826272838E-04  0.29395107375718E-03
 -0.52250303446020E-05 -0.28237886539050E-04  0.13271035536648E-02
 -0.60609972619444E-04 -0.53662883825028E-04  0.33723197953866E-03
 -0.17347435008238E-05 -0.68156349225467E-04  0.33112936388135E-03
 -0.43643226798783E-05 -0.18937214171626E-04  0.13265435136920E-02
 -0.40817699405759E-04 -0.10707982555052E-04  0.34470055951130E-03
  0.78885049341456E-04 -0.34187433667277E-04  0.13180382338291E-02
 -0.33872609007471E-05 -0.69268703234656E-05  0.13295465560016E-02
 -0.20620098292000E-04  0.27726786192426E-04  0.31846988890397E-03
 -0.14348263186954E-05  0.50897815628347E-05  0.13350273296383E-02
 -0.12295634477759E-04  0.38925308762597E-04  0.26337581967841E-03
 -0.23833582791191E-05 -0.68902903283885E-04  0.27718627587302E-03
  0.70357611864080E-06  0.14709244155897E-04  0.13415928946348E-02
 -0.10588852998037E-04  0.31526911791466E-04  0.20168932098865E-03
  0.76739812428458E-04 -0.35100448911809E-04  0.13234522963985E-02
  0.16444170191273E-05  0.19848523866986E-04  0.13473698108527E-02
 -0.73106428738955E-05  0.22075931637466E-04  0.16188038438825E-03
  0.12043100452678E-05  0.19502619819833E-04  0.13511497422584E-02
  0.10228342976930E-04 -0.47006837449840E-04  0.21738857214212E-03
 -0.59488930062605E-04 -0.12109064144370E-03  0.41880690254818E-03
  0.14065298695119E-04  0.52093823262464E-04  0.17963742937126E-03
  0.83947884821268E-04  0.30345222817216E-04  0.34609293899465E-03
  0.52171067362680E-05  0.69883350164452E-05  0.13555714862612E-02
 -0.71457846477462E-06  0.74054027201592E-05  0.15311881731424E-03
  0.10943908058397E-04  0.72972825018124E-04  0.13217696716161E-02
  0.83109197393576E-05 -0.61158031822435E-05  0.13533189943436E-02
 -0.61255504263543E-05 -0.54099302512895E-05  0.15818895147788E-03
  0.10959792233323E-04 -0.18006565833457E-04  0.13479553714080E-02
 -0.16563609816558E-04 -0.22609175819692E-04  0.17447776189690E-03
  0.27370952445314E-04  0.15909547701133E-04  0.34592094967597E-03
  0.12385884927131E-04 -0.28163458536123E-04  0.13404116119522E-02
 -0.33633182505883E-04 -0.44882783132779E-04  0.21305729482792E-03
 -0.12897615572567E-05  0.81461388475036E-04  0.13190222677222E-02
  0.12178796212913E-04 -0.33464512689931E-04  0.13334687007631E-02
 -0.51654891220158E-04 -0.65664100820400E-04  0.27322183187193E-03
  0.11997402718813E-04 -0.31541922647346E-04  0.13283538078490E-02
 -0.57004708991570E-04 -0.63930366324197E-04  0.32598769601370E-03
  0.17128665597024E-04  0.24146957375707E-04  0.33039222820595E-03
  0.12987147199104E-04 -0.24258198253941E-04  0.13262972474507E-02
 -0.42586031893834E-04 -0.28987220230911E-04  0.34607014872892E-03
 -0.27616864593066E-04  0.43673452270775E-05  0.13243280311830E-02
  0.14044658845814E-04 -0.13512126395156E-04  0.13278031969889E-02
 -0.21178749872591E-04  0.14755582804939E-04  0.33149820434028E-03
  0.15253113230460E-04 -0.13261227818528E-05  0.13321486638810E-02
 -0.97830287411590E-05  0.35987619593552E-04  0.28478244944138E-03
  0.29706647596438E-04  0.15790195719356E-04  0.31145421738510E-03
  0.16652678599831E-04  0.92340120252925E-05  0.13384324106413E-02
 -0.81840654640149E-05  0.33293005886430E-04  0.22158444862886E-03
 -0.12982984455072E-04  0.13591416504019E-04  0.13268660205188E-02
  0.16698803977220E-04  0.16282775849303E-04  0.13450200409972E-02
 -0.62017844546956E-05  0.24259292748729E-04  0.17280729712963E-03
  0.60830176303829E-04  0.96707402247676E-05  0.34529359453117E-03
  0.23976904946030E-04  0.15269017566087E-04  0.12424516863119E-02
  0.25334094899230E-05  0.17608740033983E-04  0.15227741733776E-03
  0.49280789291852E-05  0.25791533587466E-04  0.15353399358688E-03
  0.83355769368167E-04 -0.60487725882760E-05  0.23689318583202E-03
  0.20359860300625E-04  0.37673377810881E-04  0.12486180277338E-02
  0.91993478094123E-04  0.95797498465732E-04  0.38788142627993E-03
  0.52925694463111E-04  0.20435676036988E-04  0.13339220892530E-02
  0.17491395973587E-04  0.58870581547060E-04  0.12600973683412E-02
  0.91540067331664E-04  0.15281232479850E-03  0.43322606209275E-03
  0.13015607349645E-04  0.76701852358796E-04  0.12741475723616E-02
  0.77027131854645E-04  0.17392770032244E-03  0.43482525907177E-03
  0.97653119131983E-04 -0.42165553841342E-05  0.27587281507550E-03
  0.82543080007655E-05  0.88451446837507E-04  0.12879940730690E-02
  0.57250701839683E-04  0.15492902305605E-03  0.38270967306538E-03
  0.45266946171615E-04  0.34829596437390E-04  0.13308138769493E-02
  0.29387590325381E-05  0.93223879959797E-04  0.13010598588844E-02
  0.39140910847749E-04  0.11980703726523E-03  0.30902925154450E-03
 -0.54731360964853E-06  0.91198677417471E-04  0.13132842027819E-02
  0.26800851966007E-04  0.89015685635769E-04  0.24651997115577E-03
  0.10001415221163E-03 -0.91663169967653E-06  0.31016648382642E-03
 -0.23128519703726E-05  0.85047039764147E-04  0.13244344890937E-02
  0.19205895913498E-04  0.67295244292663E-04  0.20502008202758E-03
  0.34798706342961E-04  0.48651579764440E-04  0.13279446800360E-02
 -0.28453448038295E-05  0.75542014502260E-04  0.13340706135912E-02
 -0.75372820679704E-05 -0.48357924917752E-06  0.13536080577715E-02
 -0.25708799056130E-05  0.63923343041835E-04  0.13419905904289E-02
  0.10141123888315E-04  0.41503033435823E-04  0.16488706391084E-03
  0.87527264425972E-04  0.40102989442007E-05  0.33350296100712E-03
 -0.18437190901539E-05  0.50280358151266E-04  0.13481494224061E-02
  0.72715121591354E-05  0.33363074202621E-04  0.15707189663971E-03
  0.23273860217952E-04  0.61469967680846E-04  0.13249825350758E-02
 -0.36433578012936E-06  0.35870102167780E-04  0.13525360207800E-02
  0.20048101762969E-05  0.21214457339050E-04  0.13552024359459E-02
  0.35711381559343E-04  0.13634922324864E-04  0.33100288646866E-03
  0.12260467874667E-04  0.86762525302798E-04  0.12973747369212E-02
 -0.93885626566854E-05  0.12629838249322E-04  0.13539089225451E-02
  0.10456477880995E-03 -0.13147724003827E-04  0.29960842745200E-03
 -0.21342750472401E-04 -0.85706502068219E-05  0.13499430831105E-02
 -0.16132699273472E-04  0.90395701524183E-05  0.15783737301089E-03
  0.53148833558807E-04  0.19200186641729E-04  0.13279310028144E-02
 -0.20018067753177E-04 -0.18752241936567E-04  0.13464377235098E-02
 -0.22485106764543E-04 -0.10164194133395E-04  0.16669313284278E-03
 -0.19472034585020E-04 -0.27588724960188E-04  0.13400002080070E-02
 -0.37611976926369E-04 -0.33483054664387E-04  0.19628093067105E-03
  0.97781982079966E-04 -0.10452003997220E-04  0.32835820409341E-03
 -0.20456010812361E-04 -0.33041321751469E-04  0.13334674114991E-02
 -0.59115121536313E-04 -0.57921068187434E-04  0.25322130564433E-03
  0.41612948330194E-04  0.33064259791302E-04  0.13263114626654E-02
 -0.21630915504974E-04 -0.31487525680161E-04  0.13284665698965E-02
 -0.14845830756400E-04  0.24795068129866E-04  0.15950027531697E-03
 -0.71375585332354E-04 -0.65578092209883E-04  0.31377115399277E-03
 -0.61155939601303E-04 -0.37893792776069E-04  0.34461185526693E-03
  0.74941569782926E-04 -0.68853768380328E-05  0.34462293853385E-03
 -0.20768051233259E-04 -0.11970865970254E-04  0.13273158133519E-02
 -0.38073313346628E-04  0.76993369404617E-05  0.33855755227777E-03
  0.28451541667794E-04  0.45761210910901E-04  0.13247168842188E-02
 -0.19154454914022E-04  0.13143147493741E-05  0.13315457647379E-02
 -0.20899770102936E-04  0.36537554731452E-04  0.29890946651097E-03
 -0.16191725789507E-04  0.13365849463778E-04  0.13375961621218E-02
 -0.14994146637105E-04  0.37843477123592E-04  0.23722965349961E-03
  0.43200725183470E-04 -0.23658912738861E-05  0.34784947456736E-03
 -0.13357294682425E-04  0.21785775376082E-04  0.13436876507246E-02
 -0.11829371908447E-04  0.27536516201859E-04  0.18163328406435E-03
  0.15511007728640E-04  0.57404760030424E-04  0.13234610945371E-02
 -0.21736674106391E-04 -0.23580490424136E-04  0.13260748774303E-02
 -0.22516116051397E-04  0.30507710842829E-05  0.13502883778480E-02
 -0.15459178982125E-04  0.38862288798823E-04  0.16653202625733E-03
 -0.22879263923846E-04  0.15871356767606E-04  0.13485584477476E-02
  0.37251338804891E-04 -0.41228159421080E-04  0.21520045672084E-03
  0.27284838543071E-04 -0.50059788625128E-04  0.12744618886838E-02
  0.50948750321229E-04 -0.13927860874691E-03  0.43296811524138E-03
  0.77490759525037E-04 -0.26786425397300E-04  0.13256106919539E-02
  0.39340427584185E-04  0.63021788260198E-04  0.12869491109762E-02
  0.88491767567129E-04  0.94619599483237E-04  0.39915710935560E-03
  0.60831705608427E-04  0.63466810435007E-05  0.13322396478642E-02
  0.25653517005073E-04  0.74818524433798E-04  0.12972990820793E-02
  0.47159252557560E-04  0.11320257811499E-03  0.37001744270793E-03
  0.56005772955607E-04 -0.25601812840692E-04  0.20652780140621E-03
  0.12893159320836E-04  0.80543426374634E-04  0.13068508543009E-02
  0.17625921400296E-04  0.12104649474318E-03  0.33919781650411E-03
  0.73112039337504E-04 -0.17340133863429E-04  0.13297594336359E-02
  0.15759650786368E-05  0.80341927302479E-04  0.13148937883776E-02
 -0.10774330137697E-05  0.11861384128090E-03  0.30590271240041E-03
 -0.78862360093907E-05  0.74893960914762E-04  0.13215891651401E-02
 -0.11221264286068E-04  0.10854317472997E-03  0.27182985890251E-03
  0.76735188188660E-04 -0.18284222125721E-04  0.22665342844245E-03
 -0.14592290759905E-04  0.65830197502036E-04  0.13277850050355E-02
 -0.16252724581894E-04  0.94827464291701E-04  0.23988478441074E-03
  0.68130047887794E-04 -0.63795905003185E-05  0.13307999752088E-02
 -0.18862256694268E-04  0.54583283500570E-04  0.13338796651883E-02
 -0.17967809929829E-04  0.80533414630425E-04  0.21329759839835E-03
 -0.21222635517066E-04  0.42222442515011E-04  0.13397484160395E-02
 -0.17603237297583E-04  0.66688433138443E-04  0.19286003634980E-03
  0.95197242398782E-04 -0.14967380387435E-04  0.26239095124708E-03
 -0.22638815683894E-04  0.29150885655728E-04  0.13448323740285E-02
 -0.16496373244633E-04  0.52955441102413E-04  0.17769879519376E-03
  0.61639143723511E-04  0.61282616343611E-05  0.13297375478480E-02
 -0.12386573585875E-04  0.24652633923429E-04  0.13482926727833E-02
 -0.71159924284819E-05  0.17893322694504E-04  0.15150844783811E-03
 -0.11234908601647E-04  0.21710675336761E-04  0.13509264236133E-02
 -0.32033921304140E-05  0.10536720226658E-04  0.14172833559255E-03
  0.37528834041112E-04  0.42676159699928E-04  0.12619243825812E-02
  0.13414805831626E-03  0.95585839391696E-04  0.43454412627759E-03
  0.52705007390303E-04  0.35070938806532E-04  0.13291670725362E-02
  0.31126988557363E-04  0.62579972785116E-04  0.12730314894018E-02
  0.10189200237385E-03  0.13448541908494E-03  0.43342417677539E-03
  0.22432566991761E-04  0.77627915344266E-04  0.12853543206638E-02
  0.63048123881534E-04  0.14860173512911E-03  0.40085036216414E-03
  0.31869464963602E-04  0.20432977828894E-04  0.19831627533267E-03
  0.14809598756921E-04  0.18254970908663E-04  0.13497910100410E-02
  0.32207647660322E-04  0.13999420131132E-03  0.34744720761956E-03
  0.65948033415775E-04  0.25779586926554E-04  0.13266583267721E-02
  0.30719803268170E-05  0.88262533462614E-04  0.13085215610661E-02
  0.13970170326917E-04  0.11974514184118E-03  0.29185427004038E-03
 -0.34728939737660E-05  0.84148986363277E-04  0.13185598170846E-02
  0.38937766749343E-05  0.98172982535803E-04  0.24472556425397E-03
  0.32821935557154E-04  0.27361772483723E-04  0.22085418747332E-03
 -0.78432708202622E-05  0.76092809971791E-04  0.13273692997742E-02
 -0.15461016290239E-05  0.79431925233026E-04  0.20949456442811E-03
  0.74899281332664E-04  0.12911630058962E-04  0.13219937585278E-02
 -0.10235468275806E-04  0.65517559850197E-04  0.13352955933257E-02
 -0.41833764707045E-05  0.64475335324614E-04  0.18580513799130E-03
 -0.11438314746403E-04  0.53224421540335E-04  0.13422908922977E-02
 -0.53044565800230E-05  0.52717178949865E-04  0.17097723818142E-03
  0.39888212728350E-04  0.31871953406743E-04  0.27830409734044E-03
 -0.11750229436875E-04  0.39777336327589E-04  0.13479192102638E-02
 -0.58252697657882E-05  0.42031864081028E-04  0.16241056497496E-03
  0.78975215624899E-04 -0.22199304704613E-05  0.13176096877111E-02
 -0.11053237928651E-04  0.26255440054596E-04  0.13518706421108E-02
 -0.63988287592997E-05  0.31934542672265E-04  0.15738058192362E-03
  0.36923197420181E-04  0.16318172002437E-04  0.21414158263812E-03
 -0.69138077776555E-05  0.20863816379358E-04  0.15463846024716E-03
  0.65461720144860E-05 -0.10986594063690E-03  0.38464267773334E-03
 -0.49529145907979E-05 -0.14689775912538E-03  0.43552254646587E-03
  0.23232830563358E-04  0.35224160943942E-04  0.33423891979652E-03
 -0.89987045046885E-05  0.13604193547605E-04  0.13511843075084E-02
 -0.18643510033052E-05  0.45342905034279E-05  0.14186535839739E-03
 -0.91969770403140E-05  0.28764208932878E-04  0.13242807983332E-02
 -0.58674883313662E-05  0.29033980245597E-05  0.13496508985452E-02
 -0.21151711817873E-05 -0.41228643407852E-06  0.14660354234083E-03
 -0.28395770978766E-05 -0.88822576846129E-05  0.13465688086516E-02
 -0.27481687625091E-05 -0.48641725932502E-05  0.15550763350123E-03
  0.35143059784549E-04  0.22780146571435E-04  0.31404511440287E-03
 -0.32751533198325E-06 -0.20804733673264E-04  0.13423440474241E-02
 -0.37158336265935E-05 -0.87930838394458E-05  0.16951611857867E-03
  0.62151469000247E-05  0.35276747813903E-04  0.13262956363928E-02
  0.19316227858105E-05 -0.32270864323069E-04  0.13367240653817E-02
 -0.45306738248579E-05 -0.14364157385190E-04  0.18964494379165E-03
  0.38388444243120E-05 -0.41959717649349E-04  0.13295572824916E-02
 -0.66641230166503E-05 -0.22889512530331E-04  0.21832948533322E-03
  0.41514261191315E-04  0.15747951654602E-04  0.28432485212840E-03
  0.50149720617174E-05 -0.50294486092092E-04  0.13203609506775E-02
 -0.10378275376784E-04 -0.37494487731807E-04  0.25655944707067E-03
  0.22138776953466E-04  0.39357531720778E-04  0.13282573414060E-02
  0.54308753396763E-05 -0.56115857066756E-04  0.13085112908115E-02
 -0.15891960743398E-04 -0.61549425345260E-04  0.30844158086015E-03
  0.55664321598354E-05 -0.58445464756967E-04  0.12939497358058E-02
 -0.19411504106938E-04 -0.97332921538032E-04  0.37216201460490E-03
  0.41602756487360E-04  0.14354861919743E-04  0.24824357718338E-03
  0.47228820400937E-05 -0.55239743494336E-04  0.12779806273772E-02
 -0.16076197891626E-04 -0.13551904286185E-03  0.42733283625645E-03
  0.37815005545526E-04  0.39433163996807E-04  0.13294721779430E-02
  0.35746902969049E-05 -0.46483946308076E-04  0.12618782692391E-02
  0.21371736114336E-05 -0.33581297189222E-04  0.12480304398984E-02
 -0.12939755471768E-05  0.17205337530513E-04  0.15004909421611E-03
 -0.31702093784496E-04 -0.56126117934551E-04  0.13080679572504E-02
  0.11508583457250E-04  0.14956032927074E-04  0.13519726492530E-02
  0.44138594867697E-04 -0.35475525618982E-04  0.13315218058400E-02
 -0.41563791140317E-04 -0.69994039371131E-04  0.29081050935516E-03
  0.43855593776229E-04  0.32756630517717E-04  0.34712499580087E-03
  0.45506852150034E-04 -0.32853673599803E-04  0.13267027946215E-02
 -0.39709970417339E-04 -0.59380532892001E-04  0.33707040975658E-03
 -0.37854999027630E-05  0.92319659401645E-04  0.13151445255486E-02
  0.47014694617381E-04 -0.24778305068727E-04  0.13249708011359E-02
 -0.21378280143085E-04 -0.18684806272347E-04  0.34716966876454E-03
  0.47948257181968E-04 -0.13276727568733E-04  0.13270250838240E-02
 -0.26606238968789E-05  0.20902079093266E-04  0.32034030652749E-03
  0.64665601700865E-05  0.47611176489838E-04  0.35307354490508E-03
  0.48352792261104E-04 -0.38078005303925E-06  0.13315250173999E-02
  0.20881644083747E-05  0.33353982250844E-04  0.26116399009717E-03
 -0.27563683215462E-04 -0.52514290738310E-04  0.22846979058381E-03
 -0.15230579147903E-04  0.93976862095146E-04  0.13088116167228E-02
  0.15478458650402E-06  0.26964447252418E-04  0.19588322051126E-03
  0.44144833373393E-04  0.18688647249599E-04  0.13428673249024E-02
  0.35604556133942E-05  0.19883872702275E-04  0.15863542494310E-03
 -0.33688108582091E-04  0.71113167223111E-04  0.36124529436375E-03
  0.36842492309201E-04  0.21432801745241E-04  0.13457278630358E-02
  0.10644916238659E-04  0.15602232367494E-04  0.14926975597199E-03
 -0.25831620690099E-04  0.90189819667635E-04  0.13001517672035E-02
  0.27636430629744E-04  0.18757995160792E-04  0.13460911063474E-02
  0.17526022280370E-04  0.13147975396407E-04  0.15518683915078E-03
  0.17059837237132E-04  0.12017847008988E-04  0.13445351176899E-02
  0.22197683151370E-04  0.11618157978784E-04  0.16879632502704E-03
  0.10921294927505E-04  0.86421392714602E-05  0.32077603748832E-03
  0.54775851998301E-05  0.29526304048644E-05  0.13416892502761E-02
  0.47821611403226E-04  0.10764162688917E-04  0.13374557432624E-02
  0.42765217592714E-04 -0.30711430289287E-04  0.13379160437017E-02
  0.67225431856671E-05  0.85431992293615E-04  0.13201573076524E-02
 -0.10131858683315E-04 -0.29956535948721E-04  0.18258530988848E-03
  0.45078188232578E-04  0.11860662137108E-03  0.39050335756463E-03
 -0.43472895121738E-05  0.97977616863113E-04  0.13024683739838E-02
  0.62053772460515E-04  0.83284299828183E-04  0.34134924490114E-03
  0.85408091202916E-04  0.39533162585969E-05  0.24939484943215E-03
  0.52019346210565E-06  0.96800339907875E-04  0.13135742719287E-02
  0.67598717198620E-04  0.58246157629446E-04  0.29540595703330E-03
  0.34717602097700E-04  0.48635834522194E-04  0.13336329224756E-02
  0.48678934491480E-05  0.90911147708728E-04  0.13227085620001E-02
  0.66093907252173E-04  0.41479144547471E-04  0.25593274516201E-03
  0.85838903349136E-05  0.80948727158880E-04  0.13308031039081E-02
  0.59598748068059E-04  0.30040981967196E-04  0.22370695209374E-03
  0.93795600079881E-04  0.88610317224996E-05  0.28459260398832E-03
  0.12418953906914E-04  0.67846635282948E-04  0.13380770591553E-02
  0.50690307068759E-04  0.22033211750818E-04  0.19746505505756E-03
  0.26557857760244E-04  0.62598652907351E-04  0.13293094936957E-02
  0.16734754183852E-04  0.53082373035948E-04  0.13441914346961E-02
  0.41145390644138E-04  0.16860265078760E-04  0.17792834926185E-03
  0.21378865231169E-04  0.37389693391881E-04  0.13492310893322E-02
  0.31915181961743E-04  0.12347751715272E-04  0.16467201243597E-03
  0.89911149352386E-04  0.15375280217092E-04  0.31358711990948E-03
  0.26156499620105E-04  0.21603182143258E-04  0.13524650761912E-02
  0.22996598325547E-04  0.71434586896126E-05  0.15716197761270E-03
  0.16728200456890E-04  0.74777934909754E-04  0.13247995086141E-02
  0.30921730598514E-04  0.65172250229789E-05  0.13531523793813E-02
  0.14167081510923E-04 -0.58376897464320E-06  0.15531431497594E-03
  0.35744593669231E-04 -0.79060310656816E-05  0.13508210429950E-02
  0.38757459551874E-05 -0.12404928957507E-04  0.16125119248313E-03
  0.72886431953867E-04  0.23041977505356E-04  0.33426915056456E-03
  0.40083022344330E-04 -0.20633824685348E-04  0.13451209853775E-02
  0.24795554440945E-04  0.10093588972454E-04  0.18607012343948E-03
 -0.42831888825422E-04 -0.20057303169936E-04  0.13232119778477E-02
 -0.66651819358446E-05 -0.68575366799157E-05  0.13380270080347E-02
  0.25875749493409E-04  0.72845933349242E-05  0.20532455415492E-03
  0.56401291940741E-04  0.87941488153599E-05  0.19432521540475E-03
  0.29882188084332E-04  0.11809456830025E-04  0.19031718665202E-03
  0.34024679140553E-04  0.27795663873083E-04  0.13463127472165E-02
  0.43162519212559E-04  0.57997181552846E-05  0.17420935867705E-03
  0.25064931176567E-04  0.21672362848043E-04  0.13399129746063E-02
  0.39509933748377E-04  0.12003338650178E-04  0.13491662150582E-02
  0.30216681870514E-04  0.66849358464167E-06  0.16278550144111E-03
  0.44954458466799E-04 -0.24150630402534E-05  0.13490389875617E-02
  0.17564497719670E-04 -0.86906192607829E-05  0.16051218879823E-03
  0.23327055908361E-04  0.13809141577260E-04  0.16620190041027E-03
  0.50024933413528E-04 -0.15651084658516E-04  0.13452881109194E-02
  0.43961404909577E-05 -0.22767567503606E-04  0.17158967966051E-03
  0.37481611916345E-04  0.25207963602119E-04  0.13415846820530E-02
  0.54210833712604E-04 -0.27615513150538E-04  0.13388170927889E-02
 -0.11742524112615E-04 -0.43148013274390E-04  0.20610456560868E-03
  0.56763266243742E-04 -0.35381322444563E-04  0.13321787481264E-02
 -0.27923741522344E-04 -0.65346054682143E-04  0.26546455771594E-03
  0.14704317095770E-04  0.16545551817201E-04  0.15442402790926E-03
  0.58688268613989E-04 -0.35808299458266E-04  0.13267509524906E-02
 -0.33066554202588E-04 -0.68789211566638E-04  0.32264056029942E-03
  0.48678614236974E-04  0.23954245393179E-04  0.13411357510214E-02
  0.60748694240729E-04 -0.29633888925938E-04  0.13235766855637E-02
 -0.19612862449535E-04 -0.38133977378350E-04  0.34829443804325E-03
  0.61717906655988E-04 -0.19378090812969E-04  0.13238941124902E-02
  0.17153060168856E-05  0.65596953637675E-05  0.33540706333174E-03
  0.77911628414794E-05  0.21334939996237E-04  0.16742350258070E-03
  0.61787717427606E-04 -0.62868067427987E-05  0.13270919681279E-02
  0.11018584437550E-04  0.30523973543772E-04  0.28472416443427E-03
  0.57010047750171E-04  0.17103517410902E-04  0.13377706299047E-02
  0.28499861356561E-04  0.44430580743333E-04  0.13415893241214E-02
 -0.10138256842352E-04  0.93293660382054E-04  0.12887706929827E-02
  0.69440731526629E-04  0.12399186669839E-04  0.22217452123936E-03
  0.11777940634819E-04  0.15275176056519E-04  0.13370773577518E-02
 -0.19086308923086E-04 -0.17003470868926E-04  0.13337988454107E-02
  0.24905175753865E-04  0.23084073325553E-05  0.22951299858612E-03
  0.21871455457992E-04  0.53895380271066E-05  0.29941613528433E-03
 -0.31191767420630E-04 -0.26253231343332E-04  0.13287992175670E-02
  0.22183861388138E-04 -0.37662896072199E-05  0.25791423039145E-03
 -0.30552526937191E-04 -0.11325304240106E-04  0.13265947880342E-02
 -0.42011115382140E-04 -0.34237911881264E-04  0.13234904051973E-02
  0.15884933253607E-04 -0.91387628370210E-05  0.28858981885869E-03
 -0.50829540031000E-04 -0.40479353647919E-04  0.13176924806542E-02
  0.40359903072652E-05 -0.12372790414709E-04  0.31776217848458E-03
  0.29297676153836E-04  0.54088313398724E-05  0.27441133581785E-03
 -0.29170071629937E-04  0.75391715820405E-04  0.12737408301198E-02
 -0.51847464126027E-04  0.14559941449140E-03  0.43044733662091E-03
 -0.16538069706875E-04 -0.22220550241531E-05  0.13302357103894E-02
 -0.22294458075845E-04  0.88719916925890E-04  0.12866223902357E-02
 -0.15104051701850E-04  0.11163053268158E-03  0.39900437729254E-03
 -0.13755311537394E-04  0.96135332570392E-04  0.12994263324005E-02
  0.24363866581771E-04  0.78282121186059E-04  0.36861783184644E-03
  0.33033873775521E-04  0.74322642505308E-05  0.24698115124940E-03
 -0.48340646702620E-05  0.97964017323997E-04  0.13098815242713E-02
  0.55828605749971E-04  0.54427916630854E-04  0.34310540766886E-03
 -0.22413077100397E-05  0.69800043718748E-05  0.13338578186575E-02
  0.30426712108299E-05  0.93732595741044E-04  0.13177355301912E-02
  0.74672699481942E-04  0.38711930393883E-04  0.31573771574687E-03
  0.10619520715361E-04  0.84916566196630E-04  0.13243908411444E-02
  0.82109508907486E-04  0.27439720342649E-04  0.28572593231083E-03
  0.33033116248715E-04  0.98936300515985E-05  0.21825203344051E-03
  0.17067909827147E-04  0.73463235381403E-04  0.13303777166447E-02
  0.78893817279872E-04  0.18686948590284E-04  0.25402881060945E-03
  0.23333152977955E-04  0.59930816809533E-04  0.13361438521598E-02
  0.37431559150497E-04  0.11162366028256E-04  0.28553478142020E-03
  0.41061545877774E-04  0.33330875089689E-04  0.13380559091225E-02
 -0.14353806058878E-04  0.82774348066429E-04  0.12741474502583E-02
  0.58152653938945E-04  0.24949281262447E-04  0.13350397911100E-02
 -0.16682543783437E-06  0.52992387023071E-04  0.12506941738856E-02
  0.42015598546902E-04  0.14178632207909E-03  0.40074674870161E-03
 -0.10595764608349E-05  0.72721467506113E-04  0.12645866972603E-02
  0.56200632270716E-04  0.17527516011592E-03  0.44134117451661E-03
  0.16377305698663E-04  0.23856190665135E-04  0.18715025200525E-03
 -0.13369135235804E-05  0.87054646301448E-04  0.12797581824405E-02
  0.63445226167842E-04  0.16043704306861E-03  0.41860772959424E-03
  0.67203867641018E-04  0.15040339406201E-04  0.13309414238074E-02
 -0.90128052433489E-06  0.94518877104086E-04  0.12942513988298E-02
  0.61519901560295E-04  0.12115216617468E-03  0.35456449839913E-03
 -0.43525864952907E-06  0.96328089378635E-04  0.13073729461750E-02
  0.53904801431861E-04  0.85574939693988E-04  0.28785066272729E-03
  0.27667846841695E-04  0.75941912275478E-04  0.33385471252123E-03
  0.20562980910264E-04  0.30663296217998E-04  0.24375209041012E-03
  0.46031173962771E-04  0.61075762317756E-04  0.23699859590164E-03
  0.71500538015117E-04  0.21806692552772E-05  0.13257480912314E-02
  0.19768624431821E-05  0.84356000575105E-04  0.13292300132816E-02
  0.38886195300569E-04  0.44945546734932E-04  0.20261253156113E-03
  0.40291537873253E-05  0.73086938207033E-04  0.13377444451155E-02
  0.32115847143427E-04  0.34301964516048E-04  0.18020823850624E-03
  0.21609300032308E-04  0.24335092353190E-04  0.30876675337115E-03
  0.62835647296199E-05  0.59696798717650E-04  0.13448164707433E-02
  0.25314859262063E-04  0.26799653443868E-04  0.16623262846701E-03
  0.73033506285445E-04 -0.11751593597337E-04  0.13215904060811E-02
  0.90288132051104E-05  0.45248408389866E-04  0.13501651729214E-02
  0.19552459911778E-04  0.20970052293537E-04  0.15803601998654E-03
  0.12511605303773E-04  0.29863763927630E-04  0.13539040520974E-02
  0.56499040425216E-06  0.92548145213391E-04  0.13191024450158E-02
  0.11071914188930E-05  0.29558285368750E-04  0.12409941595206E-02
  0.20441721678315E-04  0.18426777463467E-04  0.16933942976131E-03
  0.18960322602212E-04  0.14256100047095E-04  0.30008133848496E-03
  0.33950570196213E-05  0.11911423177292E-04  0.14349690801329E-03
  0.24224890922528E-05  0.21392638736749E-04  0.13298418826491E-02
  0.72815299686296E-05  0.70891994723310E-05  0.13517728570643E-02
  0.64158692501089E-05  0.82408197032543E-05  0.14337656976096E-03
  0.24285666263222E-05 -0.40043906256087E-05  0.13499918655775E-02
  0.88466631516225E-05  0.59803416470997E-05  0.14475998854235E-03
  0.39405973455449E-04  0.10217480842782E-04  0.25217299312099E-03
 -0.31215152933861E-05 -0.16316576200885E-04  0.13467941126144E-02
  0.10595474034213E-04  0.40237903161312E-05  0.14822025960089E-03
  0.17613595368439E-04  0.27849160417330E-04  0.13326673824458E-02
 -0.91339859485628E-05 -0.28144048514096E-04  0.13423768294798E-02
  0.11893207972653E-04  0.18184043292054E-05  0.15607363763321E-03
 -0.15652609868965E-04 -0.38653476181442E-04  0.13366706215673E-02
  0.11994231209201E-04 -0.22968021280047E-05  0.17039525211869E-03
  0.36240404733205E-04  0.12008249209743E-04  0.21608946964854E-03
 -0.21522125427430E-04 -0.47223671087668E-04  0.13293519187094E-02
  0.10401700510711E-04 -0.11381170514933E-04  0.19490300007890E-03
  0.32279944845753E-04  0.31045333571214E-04  0.13350438927390E-02
 -0.27080631686703E-04 -0.53057011877325E-04  0.13198087522052E-02
  0.53532281988451E-05 -0.28392273217474E-04  0.23344298511743E-03
  0.29269801361701E-04 -0.10653909162611E-03  0.39893758343316E-03
 -0.56998217367219E-05 -0.55934886351710E-04  0.28866142224776E-03
  0.28816230099827E-04  0.14934632614857E-04  0.18380458694690E-03
 -0.35427925994345E-04 -0.55789884400730E-04  0.12943000833231E-02
 -0.27024981996579E-04 -0.90066595315890E-04  0.35690676246424E-03
  0.45901295326244E-04  0.30388974068758E-04  0.13361679924666E-02
 -0.38482832293516E-04 -0.51665172368239E-04  0.12792013345409E-02
 -0.59342841154254E-04 -0.11455498162701E-03  0.41694065640981E-03
  0.11960771340048E-05  0.58259171424384E-05  0.12369142855159E-02
  0.14710249854818E-04  0.14796736381315E-04  0.15369771207168E-03
  0.66233856907887E-05 -0.11012723887789E-04  0.34479458629612E-03
  0.16281125562287E-04  0.14486060797037E-04  0.13553886807998E-02
  0.96151447420893E-05  0.74363298496492E-05  0.15262353662735E-03
  0.17066368892677E-04  0.12416964845917E-04  0.13499319017573E-02
  0.11608394546623E-04  0.11352504695352E-04  0.14817520830321E-03
  0.91331532790956E-05  0.30964693047586E-05  0.13482737822287E-02
  0.14818214295644E-04  0.97598902953313E-05  0.15301808648047E-03
  0.21675538276079E-04 -0.16602501991467E-04  0.16928225256312E-03
  0.38589108131372E-06 -0.79115437734109E-05  0.13452623052612E-02
  0.17133927257634E-04  0.81192818971366E-05  0.16114962514573E-03
  0.58007507994766E-04 -0.11155337977348E-04  0.13430276287771E-02
 -0.93351218431226E-05 -0.19097949453983E-04  0.13411429498145E-02
  0.18947004777245E-04  0.57198677815910E-05  0.17273484212844E-03
 -0.19180878615156E-04 -0.30079633186405E-04  0.13361789227983E-02
  0.19476881337071E-04  0.85182480232803E-06  0.19123026262920E-03
  0.37474844815688E-04 -0.60009744856757E-05  0.17095491132684E-03
 -0.28795379503410E-04 -0.38913434407416E-04  0.13300926313872E-02
  0.18016329942021E-04 -0.69199727121753E-05  0.21835340203055E-03
  0.52106851841157E-04  0.23106511610636E-05  0.13442026592785E-02
 -0.36503365505889E-04 -0.46060265268366E-04  0.13227750014721E-02
  0.13912435415146E-04 -0.19209526425750E-04  0.25348456750788E-03
 -0.43172699143280E-04 -0.49950288400880E-04  0.13140355943399E-02
  0.39845781142503E-05 -0.35113942067704E-04  0.29499305208990E-03
  0.53685289663153E-04 -0.98704506560377E-06  0.18660268704882E-03
 -0.48391656908574E-04 -0.51172720973815E-04  0.13036681424789E-02
 -0.14747899290974E-04 -0.52297443161722E-04  0.33874697561861E-03
  0.46759795839166E-04  0.17325968345511E-04  0.13420163941049E-02
 -0.18778477621664E-04  0.43805057238599E-04  0.12475421270520E-02
 -0.26928393864508E-04  0.12248987834509E-03  0.38094746254203E-03
 -0.17558327395412E-04  0.66248451526867E-04  0.12597862103364E-02
 -0.81929266928335E-05  0.16232371895946E-03  0.43044108932504E-03
  0.70188478673172E-04  0.14020146950547E-05  0.21396637068913E-03
  0.63188019517667E-04 -0.23288531449622E-04  0.13381959186289E-02
  0.19431544470848E-04  0.15428492504338E-03  0.43022318496762E-03
  0.69035929729392E-05  0.14274306623486E-04  0.14636565502835E-03
  0.55367306194642E-05 -0.33821957916877E-04  0.18900550014968E-03
  0.73094117094349E-04 -0.24607617591626E-04  0.13198117251512E-02
  0.20415619056524E-04 -0.18470705062500E-07  0.13543129808368E-02
  0.27130114119356E-05 -0.26599025949118E-05  0.15559643617920E-03
  0.24531080932011E-04 -0.13176249658028E-04  0.13502466083651E-02
 -0.71569896239283E-05 -0.17333365291449E-04  0.16701948871335E-03
 -0.13782683513170E-04 -0.54951523517556E-04  0.34229040642376E-03
  0.27623693299731E-04 -0.24416791678123E-04  0.13432440189888E-02
 -0.22269751829843E-04 -0.37471033497332E-04  0.19692496854968E-03
  0.71426490416791E-04 -0.33158190370731E-04  0.13214827320825E-02
  0.28585350857304E-04 -0.32348609196916E-04  0.13358621169183E-02
 -0.40440779060594E-04 -0.59926678173712E-04  0.25145726120785E-03
  0.28798229027680E-04 -0.34001178598852E-04  0.13299509757793E-02
 -0.51038962382030E-04 -0.69101143766738E-04  0.31102048340292E-03
 -0.20524352964444E-04 -0.71502681747595E-04  0.30127840988570E-03
  0.30055193298034E-04 -0.28907079457013E-04  0.13263223097329E-02
 -0.42622467571011E-04 -0.45241610637718E-04  0.34388781303272E-03
  0.69067050549066E-04 -0.36394244899464E-04  0.13257969414666E-02
  0.31439723719475E-04 -0.19149265866242E-04  0.13262911497097E-02
 -0.21605383015977E-04 -0.75757219808406E-06  0.34068722402360E-03
  0.32180783894551E-04 -0.68507497134135E-05  0.13296677900961E-02
 -0.66510376483293E-05  0.30163148316382E-04  0.30341764381596E-03
 -0.10639257845812E-04 -0.56780386762129E-04  0.23832405838772E-03
  0.32899628362841E-04  0.48308417080848E-05  0.13351235729390E-02
 -0.40113559974864E-05  0.34072660995751E-04  0.24127233216388E-03
  0.66759502509150E-04 -0.32737193418803E-04  0.13316174617399E-02
  0.32853356573726E-04  0.13743463075219E-04  0.13415332567934E-02
 -0.39254849883214E-05  0.25797750370157E-04  0.18332377669532E-03
  0.29739939148098E-04  0.18523790083598E-04  0.13466979311513E-02
  0.69068013171226E-06  0.18853292707970E-04  0.15355347949244E-03
  0.24040258601163E-04  0.17996994988613E-04  0.13494860430888E-02
  0.27981577912299E-04 -0.53581257187291E-04  0.12894595335890E-02
  0.78809003479458E-05  0.28900679203337E-04  0.21565633041358E-03
  0.10833783521695E-04 -0.74123449143552E-04  0.35714442535955E-03
  0.13705001977780E-03  0.36195086031716E-04  0.39367724274589E-03
 -0.50824740881572E-04  0.64473405374649E-04  0.13240595421154E-02
 -0.34771689446327E-04  0.29665450917022E-04  0.21535371360440E-03
  0.66992820269071E-04  0.28564944893189E-04  0.12861755349086E-02
 -0.37500057664421E-04  0.68221980772510E-04  0.13273814539227E-02
 -0.29969685066779E-04  0.15108597911480E-04  0.22305875487917E-03
 -0.22977167790727E-04  0.65950327044216E-04  0.13280661433477E-02
 -0.27214467395509E-04  0.55031570060948E-05  0.25728886119328E-03
  0.14875072032193E-03  0.26258011035110E-04  0.41125861727632E-03
 -0.85389489580749E-05  0.59760617835017E-04  0.13272538774030E-02
 -0.20301322503606E-04 -0.17164400888458E-05  0.29577868477278E-03
  0.72971304644591E-04  0.88536324712895E-05  0.12808491300798E-02
  0.53781633909705E-05  0.50586778284275E-04  0.13259314285925E-02
 -0.42550709255506E-04  0.50661772209929E-04  0.24972357070422E-03
 -0.29537535439726E-05 -0.70620659100917E-05  0.32571253776526E-03
  0.24366064261766E-04 -0.11508261865030E-04  0.34352184158517E-03
  0.13121362437851E-03 -0.11575336221715E-04  0.41391039861654E-03
 -0.23378736363271E-04  0.20225026114328E-04  0.13230400909004E-02
  0.72608429107122E-05  0.50438789658451E-04  0.34565039949609E-03
  0.75782068155840E-04 -0.84583174569601E-05  0.12793304052069E-02
 -0.36671999252725E-04  0.10755948031454E-04  0.13226096491579E-02
 -0.10774852540990E-04  0.65532865687462E-04  0.34852625458173E-03
 -0.48433727619624E-04  0.11947399852464E-05  0.13228023338070E-02
 -0.28030289702294E-04  0.76896388969691E-04  0.34297005681882E-03
  0.10090071945982E-03 -0.69317177660123E-04  0.40784888694493E-03
 -0.57738009459780E-04 -0.82644834111298E-05  0.13231409981704E-02
 -0.41667667393358E-04  0.81417427651953E-04  0.32819488766329E-03
  0.76898402646910E-04 -0.21078748785993E-04  0.12827692984285E-02
  0.18610049912221E-04  0.40064079842183E-04  0.13249743282250E-02
 -0.64225097590312E-04 -0.17365875521657E-04  0.13236911916070E-02
 -0.62326621381428E-04  0.55134668228766E-04  0.13181413498808E-02
 -0.70411626752274E-04  0.39937837508847E-04  0.13111509610282E-02
  0.10596766674040E-03 -0.77134561018987E-04  0.34899657843356E-03
 -0.52207301419110E-04 -0.13748729472701E-04  0.13211799653532E-02
 -0.17021608041371E-04  0.47204305880980E-04  0.34695939285631E-03
  0.65025813230709E-04 -0.41191796536299E-04  0.13025162163090E-02
 -0.61986645549384E-04 -0.21745287578662E-04  0.13198620467359E-02
 -0.35411910953428E-04  0.57225964991752E-04  0.34311769133861E-03
 -0.68771357930018E-04 -0.28691285949050E-04  0.13183723242135E-02
 -0.51486288982186E-04  0.60339483860649E-04  0.33041171667351E-03
  0.93173762962476E-04 -0.57299650015211E-04  0.34387636626769E-03
 -0.72546932925959E-04 -0.32660570537268E-04  0.13161773959417E-02
 -0.64977123556728E-04  0.53170273738132E-04  0.30999290590642E-03
  0.61155881374338E-04 -0.36216834254825E-04  0.13107707499932E-02
 -0.73304216630737E-04 -0.34078210099545E-04  0.13123281032701E-02
 -0.54251023101704E-04  0.64712156909451E-04  0.30962391736030E-03
 -0.77724241738134E-04  0.34771607768450E-04  0.28983248676869E-03
 -0.95195436896593E-04  0.85965665490912E-05  0.28753598088489E-03
  0.71608398620009E-04  0.58579036863766E-04  0.35893426517399E-03
 -0.74849095871238E-04 -0.27442746168517E-04  0.13018548116533E-02
 -0.11700726213450E-03 -0.19483383199415E-04  0.31442575738912E-03
  0.42361673846096E-04  0.59887270180200E-04  0.13013659756977E-02
 -0.76513666698551E-04 -0.15546129922865E-04  0.12994238354713E-02
 -0.12732635732982E-03 -0.28101042502917E-04  0.35072614454411E-03
 -0.76554252178932E-04  0.14744803064301E-05  0.13001001521475E-02
 -0.11023146285031E-03  0.19953594762636E-05  0.36729932299201E-03
  0.10591578606427E-03  0.42366335775840E-04  0.37125151071706E-03
 -0.74614655620185E-04  0.20927115292860E-04  0.13044179677871E-02
 -0.77978875171040E-04  0.47499980673207E-04  0.35459088586596E-03
  0.56520956883732E-04  0.45797778044775E-04  0.12935615796177E-02
 -0.73563215072925E-04 -0.32693801713371E-04  0.13066427594782E-02
 -0.50717585135725E-04  0.76577515324624E-04  0.30389222740461E-03
 -0.68284353855771E-04 -0.25258365513021E-04  0.13237507921542E-02
 -0.55257618272119E-04  0.61732409276931E-04  0.27263044342927E-03
 -0.53219760323327E-05  0.44012111881029E-04  0.13316771456349E-02
 -0.20714121409900E-04 -0.90572167918734E-05  0.27086530313417E-03
  0.67055669371398E-04 -0.23553814105546E-04  0.13188493722439E-02
  0.82030217359538E-05  0.33187012428820E-04  0.13288658276368E-02
  0.21234940753109E-04  0.21961953560728E-04  0.13264950372207E-02
  0.82844076206592E-05 -0.18470452281072E-04  0.33179600077522E-03
  0.91532502113130E-04 -0.34086611909597E-04  0.33511225985979E-03
  0.34587026285154E-04  0.98254122848632E-05  0.13243991727363E-02
  0.36283695805570E-04 -0.23563051045753E-04  0.34431848880918E-03
  0.58788576785441E-04 -0.13610556044913E-04  0.13212462509376E-02
 -0.57019488171158E-05  0.43167434780315E-04  0.13225302980167E-02
  0.10974972549947E-04  0.62311454058749E-04  0.34454060422778E-03
 -0.19223051494237E-04  0.35820648277169E-04  0.13229056327814E-02
  0.10332540827092E-03 -0.40230735079894E-04  0.31635468386681E-03
 -0.60047010218009E-05  0.79107931548303E-04  0.34607148926498E-03
 -0.31715298557854E-04  0.26628185848620E-04  0.13237744293441E-02
 -0.21479023129536E-04  0.91325142711314E-04  0.33954287940894E-03
  0.47579555143803E-04 -0.21534114759746E-05  0.13229208304003E-02
 -0.42435068903389E-04  0.16353149344077E-04  0.13251610398489E-02
 -0.33507796902663E-04  0.96688369227373E-04  0.32446479278888E-03
 -0.50641633172396E-04  0.54177372831826E-05  0.13268503699944E-02
 -0.41196841194362E-04  0.93106650502033E-04  0.30097207625659E-03
  0.39418299293694E-04  0.51195773415664E-04  0.33624739906774E-03
 -0.56080289146104E-04 -0.57729702526899E-05  0.13287593834737E-02
 -0.44186757152312E-04  0.80679183544606E-04  0.27053115418673E-03
  0.26912473269149E-04  0.60167577456812E-04  0.13167037402612E-02
 -0.59678950208613E-04 -0.16137855238920E-04  0.13304580044108E-02
 -0.44213829786710E-04  0.61567033936537E-04  0.23759248388011E-03
  0.66560983911781E-04 -0.28716384672550E-04  0.34519459202325E-03
 -0.20596170823203E-04 -0.28786193667087E-05  0.22915801493109E-03
 -0.19031604946653E-04  0.52410415549872E-04  0.13341510670098E-02
 -0.19157565511258E-04  0.54884549651434E-05  0.19388112641533E-03
  0.81956214297568E-04 -0.10367246886129E-03  0.38610830128605E-03
 -0.69819919973007E-04 -0.30641681638496E-04  0.13225913506450E-02
 -0.59084712441694E-04  0.38924454428675E-04  0.24357218832999E-03
  0.76882187536554E-04 -0.30652152403249E-04  0.12902788756127E-02
 -0.69203746026624E-04 -0.33365362278624E-04  0.13192116031974E-02
 -0.67281443538912E-04  0.10812770484846E-04  0.23180544837085E-03
 -0.69517639005323E-04 -0.32346341663049E-04  0.13146342280298E-02
 -0.85166564189477E-04 -0.19589081786581E-04  0.25397107690026E-03
  0.81759853978769E-04 -0.95811627083153E-04  0.34247141193078E-03
 -0.70705606063263E-04 -0.25478915899893E-04  0.13114723624669E-02
 -0.10359790918329E-03 -0.40913685276793E-04  0.30365606888396E-03
  0.76685289304663E-04 -0.35983368661851E-04  0.12989495956574E-02
 -0.71610865707495E-04 -0.11609802420706E-04  0.13103147979155E-02
 -0.10159023524120E-03 -0.29286579828680E-04  0.34320066967195E-03
 -0.70688963552836E-04  0.58859066312093E-05  0.13121432199611E-02
 -0.76017590647223E-04  0.13389659040478E-04  0.34894765350406E-03
  0.91603841313952E-04 -0.70006666871873E-04  0.30433558148508E-03
 -0.68864612359920E-04  0.23896276962781E-04  0.13167750655958E-02
 -0.49639680450480E-04  0.47061240039441E-04  0.31647358789382E-03
  0.75471636380191E-04 -0.35642466858850E-04  0.13072461540070E-02
 -0.63501877146889E-04  0.40078917711238E-04  0.13231249028732E-02
 -0.35129666335740E-04  0.47725901559298E-04  0.25455513843152E-03
 -0.55189373276792E-04  0.51237883314082E-04  0.13293923183840E-02
 -0.27223390759497E-04  0.31280001973525E-04  0.19800260784563E-03
  0.10168807570295E-03 -0.50691057475371E-04  0.29910549692747E-03
 -0.44947719473889E-04  0.57215158712181E-04  0.13335251194026E-02
 -0.20917978275828E-04  0.16407616162745E-04  0.17861346440510E-03
  0.72690435820114E-04 -0.30970527386226E-04  0.13143161633504E-02
 -0.32712631552514E-04  0.57205493326428E-04  0.13349652426721E-02
  0.91471865547146E-06  0.35385094967744E-04  0.34234204397109E-03
 -0.40905339811823E-04 -0.48333646205542E-05  0.13224798626379E-02
  0.10416162439761E-04  0.28944072261105E-05  0.33896473325514E-03
  0.23844109050060E-05  0.67434365504789E-04  0.13225233853610E-02
 -0.14330554257507E-03 -0.48568344558566E-04  0.43867482386691E-03
  0.13614331371260E-03 -0.16424203466258E-04  0.40210825817469E-03
 -0.58435729251778E-04 -0.20165460797802E-04  0.12594616120260E-02
 -0.16918501819568E-03 -0.21070253127136E-04  0.43611313875132E-03
  0.45973521289363E-04  0.31297723198463E-06  0.12518769681191E-02
 -0.58851270584051E-04 -0.70254295031749E-06  0.12567225377051E-02
 -0.16477784944223E-03  0.22215749529452E-04  0.42365189323413E-03
 -0.56510587614306E-04  0.21026298251812E-04  0.12601659329272E-02
 -0.14124411143400E-03  0.82052740916381E-04  0.42564849902835E-03
  0.12286488003796E-03 -0.82379205265653E-04  0.41563038590233E-03
 -0.52509941346000E-04  0.43581955054682E-04  0.12684967486824E-02
 -0.11733762043390E-03  0.13135900916831E-03  0.43739118708212E-03
  0.47361116866728E-04 -0.17955365936461E-04  0.12555000029081E-02
 -0.57582315980803E-04 -0.35078121262558E-04  0.12670264760428E-02
 -0.45550281112560E-04  0.65136282804076E-04  0.12788793932773E-02
 -0.36768061781540E-04  0.80911297456825E-04  0.12895998291233E-02
 -0.70294017703598E-04  0.10501887501179E-03  0.38773302489985E-03
  0.11454054096518E-03 -0.13177144484688E-03  0.43797350859116E-03
 -0.57516981174117E-04 -0.44444045365768E-04  0.13112318203024E-02
 -0.15535924877665E-04 -0.13494017294077E-04  0.34273763140703E-03
  0.47869508513560E-04 -0.32982675292690E-04  0.12643545622116E-02
 -0.62368360005115E-04 -0.45089444231925E-04  0.13030522948988E-02
 -0.43979162277002E-04 -0.12108159110077E-04  0.36312027065620E-03
 -0.65310343837532E-04 -0.42488611854267E-04  0.12930132631413E-02
 -0.83223261985506E-04 -0.99674583858754E-05  0.38188987490015E-03
  0.10665141707884E-03 -0.13754876092923E-03  0.43221855967933E-03
 -0.66686708405951E-04 -0.36716443510245E-04  0.12829385075023E-02
 -0.12964341225555E-03 -0.99166727884214E-05  0.40513286910149E-03
 -0.96051780443861E-04  0.13622776372463E-03  0.42484683184433E-03
 -0.94818130157572E-04 -0.64090072889525E-04  0.41864631557147E-03
 -0.55448627339044E-04 -0.44729184658642E-04  0.12781239475803E-02
  0.42184002255551E-04  0.21167122657310E-04  0.12542346454864E-02
  0.14290795693608E-05 -0.16403564217752E-04  0.12392780398465E-02
  0.14215856045055E-04 -0.46055183313918E-04  0.32185962851108E-03
  0.76721306056099E-04 -0.32504613416782E-04  0.34505422281910E-03
 -0.21284510671205E-04 -0.23068025650565E-04  0.12428652204193E-02
 -0.53501566462156E-04 -0.62392320101882E-04  0.35629010598636E-03
  0.25049558415870E-04 -0.72243168715717E-05  0.12425154450843E-02
 -0.21016879346647E-04 -0.33803373976295E-05  0.12380769344875E-02
 -0.43759261318477E-04 -0.78435321222131E-06  0.31440785828314E-03
 -0.20955800651804E-04  0.19823426986718E-04  0.12397856612284E-02
 -0.37235760845487E-04  0.58845937901948E-04  0.32585352279406E-03
  0.73952152735114E-04 -0.97110120875583E-04  0.38596235443152E-03
 -0.41533437160167E-04 -0.43672636233856E-04  0.12646831024257E-02
 -0.95498988486718E-04 -0.10901809692434E-03  0.43906953009763E-03
  0.25545359717122E-04 -0.26036719886586E-04  0.12486363507764E-02
 -0.42400162496698E-04 -0.30447790879574E-04  0.12527326804348E-02
 -0.11674252370558E-03 -0.70105882495263E-04  0.41652603665341E-03
 -0.41941565788706E-04 -0.12110549286252E-04  0.12460326588079E-02
 -0.11648140335392E-03 -0.15326095773921E-04  0.37963733686172E-03
  0.67210175631665E-04 -0.14101305614194E-03  0.42962946826058E-03
 -0.40976042676683E-04  0.91809513830974E-05  0.12453678303049E-02
 -0.10546168485388E-03  0.43554548732676E-04  0.36924272026996E-03
  0.26021152119176E-04 -0.40443067603541E-04  0.12601625973807E-02
 -0.38714292376283E-04  0.32759782999383E-04  0.12510692872733E-02
 -0.93091832692003E-04  0.10716280259778E-03  0.39797232117669E-03
 -0.34552561753564E-04  0.55529951043331E-04  0.12615201917658E-02
 -0.77232904512749E-04  0.14933644298601E-03  0.43252228562296E-03
  0.14467322192904E-03  0.43766209464459E-04  0.41499697673582E-03
 -0.52766424432716E-04 -0.49348501931728E-04  0.12910637044828E-02
 -0.47726753073758E-04 -0.64310420930861E-04  0.38205003985173E-03
  0.48225384438150E-04 -0.43462262511592E-04  0.12763359039190E-02
 -0.61022980028909E-04 -0.24429657209106E-04  0.13311852849795E-02
 -0.68727921038509E-04 -0.26046132645047E-04  0.12755255642910E-02
 -0.70272192572415E-04 -0.10699416630240E-04  0.12717665302201E-02
  0.14309519518513E-03 -0.51214223655874E-04  0.43246824499049E-03
 -0.73474298997552E-04 -0.29959433389993E-04  0.12918878063166E-02
 -0.13420930939703E-03  0.18866886533145E-05  0.36261415885041E-03
  0.64498153370078E-04 -0.11734342945284E-04  0.12662513600378E-02
 -0.75716906432002E-04 -0.19182788907445E-04  0.12872342987342E-02
 -0.15719006730094E-03 -0.14774961370620E-04  0.38686011181073E-03
 -0.76164949744005E-04 -0.32738116854787E-05  0.12859849773066E-02
 -0.15094062760405E-03 -0.14043646694596E-05  0.39825503942465E-03
  0.12049746860461E-03 -0.10787505991627E-03  0.43320835685624E-03
 -0.75748768707429E-04  0.15715718151803E-04  0.12888876304306E-02
 -0.11937446122943E-03  0.45272906334709E-04  0.39438406181865E-03
  0.65207352467014E-04 -0.25167507571258E-04  0.12725765161030E-02
 -0.72160223528099E-04  0.36593412904823E-04  0.12958101077889E-02
 -0.10258041965802E-03  0.21161870496525E-04  0.34670922400475E-03
 -0.85773075189523E-04  0.83320908959581E-04  0.37133848241298E-03
 -0.66770393252876E-04  0.81168442177590E-04  0.32256255492326E-03
  0.11118213484959E-03 -0.12669691557257E-03  0.41720983360522E-03
 -0.53573242623442E-04  0.69145080964224E-04  0.13116681604027E-02
 -0.55986186981606E-04  0.56259245772631E-04  0.27638356034910E-03
  0.65410706752091E-04 -0.35993892357490E-04  0.12824702207997E-02
 -0.40205553520952E-04  0.76576675721811E-04  0.13176374902715E-02
 -0.45841924299780E-04  0.34000594796438E-04  0.26724563474404E-03
 -0.25859020557682E-04  0.77762837020049E-04  0.13207721726675E-02
 -0.33612411762804E-04  0.19409097102424E-04  0.28889116806118E-03
  0.10981503349667E-03 -0.10571925315578E-03  0.37861064204839E-03
 -0.11578573603096E-04  0.74482305632402E-04  0.13221017124046E-02
 -0.15998949895633E-04  0.99966296651280E-05  0.31774965852415E-03
  0.65755972767766E-04 -0.41740097346859E-04  0.12927984467831E-02
 -0.65244246487792E-04  0.55620605375335E-04  0.13039148392214E-02
 -0.72429687293216E-04 -0.35700362216024E-04  0.12990180003266E-02
 -0.73507995018116E-04  0.30751701508830E-04  0.34626491327294E-03
 -0.71303212972885E-04 -0.38261802291752E-04  0.13064122833138E-02
 -0.18216871613325E-03 -0.15292876488805E-05  0.43378079584600E-03
  0.91646671475292E-04 -0.11003504819968E-03  0.39977471058291E-03
 -0.70291502707821E-04  0.85839687653751E-05  0.12724301843940E-02
 -0.16089826800894E-03  0.39835083669800E-04  0.42837793832152E-03
  0.49055063654389E-04 -0.48162095171755E-04  0.12888863996250E-02
 -0.67695997117559E-04  0.29759335707852E-04  0.12782636102044E-02
 -0.12581724922798E-03  0.93512557235226E-04  0.42250762600138E-03
 -0.62307122157206E-04  0.51870728456624E-04  0.12870747104040E-02
 -0.99066752994131E-04  0.11620004128627E-03  0.40097314945749E-03
  0.13355310800663E-03  0.70568349785166E-04  0.42576025741529E-03
 -0.52259500884486E-04  0.69645452891293E-04  0.12965539161841E-02
 -0.81657969422603E-04  0.95960310294805E-04  0.35698159922670E-03
  0.50323710273596E-04  0.46193482909081E-04  0.12774576999465E-02
 -0.39758381631425E-04  0.81032550752182E-04  0.13049835547085E-02
 -0.62896184311708E-04  0.64056158398664E-04  0.32457273364263E-03
 -0.26878476782359E-04  0.86334949337408E-04  0.13116391002083E-02
 -0.37700792641214E-04  0.40539219997847E-04  0.32415795558743E-03
  0.16452721387118E-03  0.44833280592420E-04  0.43983682482576E-03
 -0.14012842191062E-04  0.86711028493372E-04  0.13160290603619E-02
 -0.70307141396638E-05  0.25852335865799E-04  0.33699325372027E-03
  0.57525063952820E-04  0.26025533413918E-04  0.12698098473722E-02
 -0.53758246581726E-04 -0.27987231347572E-04  0.13197059196526E-02
 -0.49568028746274E-05  0.15540470598662E-04  0.33720271107532E-03
 -0.62214699756779E-04 -0.34434162686539E-04  0.13162767984472E-02
 -0.24296889664248E-04  0.24133309260737E-04  0.34740654821676E-03
  0.16533019655297E-03  0.74845584604867E-05  0.43677430162685E-03
 -0.68315137518084E-04 -0.37963536518787E-04  0.13120437400430E-02
 -0.47910205120270E-04  0.30700809095675E-04  0.34987656358767E-03
  0.61919024286132E-04  0.56210256673632E-05  0.12655188200449E-02
 -0.17025538036520E-03 -0.12043737313616E-04  0.42768912714116E-03
 -0.44136644375748E-04  0.37856536327767E-04  0.20973408895918E-03
 -0.11847336535131E-04 -0.13806242992908E-04  0.30777187982331E-03
 -0.61131864826591E-04 -0.30297861722439E-04  0.13293088459247E-02
 -0.33189067358732E-04  0.35509884269247E-04  0.30367041112156E-03
  0.66778887588398E-04 -0.89061865482001E-05  0.13249954312480E-02
  0.68000587042381E-04  0.29494584024364E-04  0.32031572274648E-03
 -0.59346717163252E-04 -0.17953838301203E-04  0.34514558461372E-03
 -0.44579971347887E-04  0.24421928539951E-04  0.13326685360566E-02
 -0.22450232082960E-04  0.38456433726804E-04  0.24075645218314E-03
 -0.36823221051247E-04 -0.16417141807229E-04  0.13253167912701E-02
 -0.40211401120257E-04  0.33754322590295E-04  0.13386571509610E-02
 -0.16938346364311E-04  0.27527576956082E-04  0.18142066995804E-03
  0.10302028360298E-03 -0.23195503331723E-04  0.31940026213227E-03
 -0.35107471938392E-04  0.37884495254568E-04  0.13436716568012E-02
 -0.11464240467207E-04  0.16154772250612E-04  0.15151949177778E-03
  0.57919299591853E-04  0.24347625916230E-05  0.13249126599151E-02
 -0.28641717257138E-04  0.37000111489178E-04  0.13459353225003E-02
 -0.77435218581461E-05  0.63598912663225E-05  0.14815886277802E-03
 -0.76935370058642E-04 -0.56404437294246E-04  0.32888757381542E-03
  0.57801840438676E-04  0.34800758821015E-04  0.32119278730386E-03
 -0.20296141466087E-04  0.30933592797026E-04  0.13453650292810E-02
 -0.37401928701361E-04 -0.27793222553022E-04  0.13257532010899E-02
 -0.70146263974162E-05 -0.13572238518698E-05  0.16046421517073E-03
  0.86106781799340E-04 -0.20083448996831E-04  0.33985546039226E-03
 -0.10527485085831E-04  0.21135609232258E-04  0.13426438004287E-02
  0.78272795100424E-04  0.11202807624914E-04  0.13107131591652E-02
 -0.35106350069277E-04 -0.20820237703890E-05  0.13279501414794E-02
 -0.99019370507701E-05 -0.74029424796224E-05  0.18490895386157E-03
 -0.47775723389466E-04  0.10954473733362E-04  0.13273894221270E-02
 -0.55317554288002E-04  0.37435326201987E-05  0.33965041332628E-03
 -0.16656504630589E-04  0.32986719950613E-04  0.20820965163512E-03
 -0.49440646194854E-04 -0.16296592546617E-04  0.13387433256916E-02
 -0.32350005001806E-04  0.34119893043313E-04  0.18546857944992E-03
  0.71215187373805E-04 -0.43133329149439E-04  0.24481290181556E-03
 -0.49136300313488E-04 -0.24593516104904E-04  0.13376839412021E-02
  0.57484145216555E-04  0.39258889088696E-04  0.13201580415832E-02
  0.77711636354121E-04 -0.26761579578835E-04  0.13195746648545E-02
 -0.29373690524104E-04  0.23412881170566E-04  0.13386491707463E-02
 -0.48640472374810E-04 -0.30633852503892E-04  0.13334514430570E-02
 -0.46844268563824E-04 -0.14866937218294E-04  0.19214905765277E-03
 -0.22037087347699E-04  0.39634071592779E-04  0.27289175863505E-03
 -0.32476675517284E-04  0.12208799631980E-04  0.13327934099197E-02
 -0.49361170483303E-04 -0.33698934161233E-04  0.13282554313282E-02
 -0.67079583604461E-04 -0.42739732708528E-04  0.23771388544607E-03
  0.89687591498661E-04 -0.31528388720816E-04  0.25817895786066E-03
 -0.50983741774877E-04 -0.30519752529938E-04  0.13243757040761E-02
 -0.83941936403482E-04 -0.58106592126513E-04  0.29935796689507E-03
  0.73341088638876E-04 -0.18965248885176E-04  0.13234877483443E-02
  0.81635445498769E-04 -0.51295832576118E-05  0.13070130227354E-02
 -0.50969222800893E-04 -0.19905562266678E-04  0.13227935093964E-02
 -0.78806413892861E-04 -0.39568071352517E-04  0.33856135352002E-03
 -0.35701467253569E-04  0.23849585732380E-04  0.32507251430419E-03
 -0.49797453738473E-04 -0.48512215333224E-05  0.13237985822448E-02
  0.10305300117835E-03 -0.26192113271731E-04  0.28892523901928E-03
  0.46071680378724E-04  0.15675841205102E-04  0.13245204990480E-02
 -0.22406762262404E-06  0.99367999265962E-05  0.13389184161864E-02
 -0.72339725829318E-04 -0.61026226770813E-04  0.27703824246270E-03
  0.12413906526949E-04  0.71643039635733E-04  0.13138971158371E-02
  0.14079525314514E-04  0.98223362062757E-04  0.34363589728548E-03
  0.25249255335134E-04  0.50317231875483E-04  0.13231615515450E-02
 -0.51464769194269E-06  0.69790162875054E-04  0.13187520963274E-02
 -0.53970375014305E-05  0.10948405212448E-03  0.32841619132836E-03
 -0.35599514515598E-04 -0.16953477035946E-04  0.13447310891590E-02
  0.54159638213406E-04  0.23649850201946E-04  0.24605302330674E-03
 -0.12109205099213E-04  0.63979756473107E-04  0.13229685671219E-02
 -0.18837579633178E-04  0.11230516129029E-03  0.30675146530771E-03
  0.47910916028932E-04  0.21096778335160E-04  0.28387303959050E-03
 -0.22182574478493E-04  0.29164610543536E-04  0.16885110554985E-03
 -0.21135633957564E-04  0.54677229264974E-04  0.13271119965050E-02
 -0.25947531336650E-04  0.10694729848465E-03  0.28082222837833E-03
  0.41792420415909E-04  0.47634409349278E-04  0.13225205686123E-02
 -0.27323401701601E-04  0.43182002687874E-04  0.13312302373816E-02
 -0.36056332633878E-04 -0.67728804662005E-05  0.13452061757144E-02
 -0.28401098613955E-04  0.96049657627072E-04  0.25310913213930E-03
 -0.23310407914172E-04  0.46872937505803E-04  0.18216604713905E-03
 -0.31429930449355E-04  0.30703786772057E-04  0.13355145356214E-02
 -0.27732514611107E-04  0.81267377145150E-04  0.22600424515512E-03
  0.50801807501553E-04  0.19237473280741E-04  0.25537438037085E-03
 -0.34149066516208E-04  0.17850956089289E-04  0.13397590296615E-02
 -0.25522995090688E-04  0.64476507916334E-04  0.20177860561983E-03
  0.40734627430039E-04  0.29422608517546E-04  0.31347629158925E-03
  0.40440808172880E-04  0.79723261835085E-04  0.35257337679734E-03
 -0.24757931715487E-04  0.98224200046139E-05  0.16488948330344E-03
  0.70666071652801E-04  0.26574599841565E-04  0.13157941902764E-02
 -0.14141946034698E-04 -0.12738441480312E-04  0.21818817225818E-03
 -0.36307230193192E-04 -0.33498575005563E-04  0.13290376607782E-02
  0.10308867296389E-04 -0.20608370486441E-05  0.13347165494830E-02
 -0.16325365146944E-04 -0.18664916026852E-04  0.25277456437806E-03
  0.57415664202318E-04 -0.16532388248435E-04  0.34830167443860E-03
  0.62778829060655E-04  0.31647615593622E-04  0.27305646256044E-03
  0.19947187368180E-04 -0.13309023320756E-04  0.13298889147592E-02
 -0.12545548625639E-04 -0.25444462786661E-04  0.28441873429357E-03
 -0.51925524696408E-04 -0.38590345101965E-04  0.21492207616028E-03
  0.32646790913559E-04  0.28218034741916E-04  0.13244880846251E-02
  0.29380162664842E-04 -0.24150962051980E-04  0.13246413265501E-02
  0.54110701413509E-04 -0.37837806120208E-05  0.35246252581152E-03
 -0.85245445431548E-06 -0.33398400678940E-04  0.31153880337492E-03
  0.18242544452737E-04 -0.43084150208107E-04  0.33360845686833E-03
 -0.34680965543904E-04 -0.32004425233320E-04  0.13344740371395E-02
  0.27329657455173E-04  0.44168064239758E-04  0.33398556023386E-03
 -0.33809010120906E-04 -0.12546785207673E-04  0.17675729450073E-03
  0.43807621949907E-04 -0.41768053781954E-04  0.13111143703981E-02
  0.42857156446001E-04 -0.57490025380579E-04  0.35172523728698E-03
  0.91088725972602E-05  0.48471185721502E-04  0.13228479341159E-02
  0.47577779937286E-04 -0.46723352682298E-04  0.13009922296897E-02
  0.68448301379760E-04 -0.79274354327968E-04  0.37047137348149E-03
 -0.34720495605302E-04 -0.25527016126078E-04  0.13406621053545E-02
  0.27265518360756E-04  0.68551886490184E-04  0.13083256016324E-02
  0.37357155005426E-04 -0.33733666852578E-04  0.13186403951664E-02
 -0.32862890508290E-04  0.55225238275401E-04  0.20605466036267E-03
 -0.35497850611640E-04  0.11166291892573E-04  0.17780805922577E-03
  0.80279051221199E-04 -0.32219941981715E-04  0.13135148877803E-02
  0.82366427834235E-04 -0.33870991196429E-04  0.13131272054924E-02
 -0.11583344502680E-04 -0.17682892626709E-04  0.22011490635569E-03
 -0.24147612893939E-04  0.35492759528262E-04  0.21141794949094E-03
  0.76549325830482E-05 -0.18418877921138E-04  0.13364344095304E-02
 -0.46050331603973E-04  0.45466864643937E-04  0.13376912325987E-02
 -0.17911761689526E-04  0.21571508376767E-04  0.16761890198016E-03
  0.10598018746352E-03  0.33751705500516E-04  0.34278705942302E-03
  0.17295499326665E-04 -0.76719119527845E-04  0.31929068954810E-03
 -0.37155718363510E-04  0.47769724068903E-04  0.13409522820141E-02
 -0.94682332212899E-05 -0.11851164386376E-04  0.19088414657779E-03
 -0.12687536078525E-04  0.99118718247524E-05  0.15777600685587E-03
 -0.53207801972590E-04  0.37557127281956E-04  0.13320849618102E-02
  0.77598513232354E-04  0.10581982141540E-04  0.12965407166942E-02
 -0.11848152616081E-04  0.77619376780334E-06  0.17411620057596E-03
 -0.14871835039256E-04  0.37373904628134E-04  0.13388154125232E-02
 -0.14651661220445E-04 -0.67490620777268E-05  0.20609454477027E-03
  0.92106438509947E-06 -0.65573050935250E-05  0.13413258789137E-02
 -0.48333749102568E-04 -0.58823139352495E-05  0.13371436538714E-02
 -0.21412083053936E-05  0.27138850744554E-04  0.13354984517189E-02
 -0.17932100740792E-04 -0.12377311748969E-04  0.24489449782066E-03
  0.81166659554800E-04 -0.66365677791785E-05  0.12933985216839E-02
 -0.67378959155938E-05 -0.66971592338232E-05  0.16804268053969E-03
  0.10051657711639E-04  0.15446202048495E-04  0.13317630302344E-02
 -0.16001363591707E-04 -0.17535168630702E-04  0.28268910225600E-03
 -0.27073379165252E-04  0.44752956867903E-04  0.13409567844258E-02
 -0.57978046010905E-05  0.54501327563711E-05  0.13454199938862E-02
  0.13873384518173E-04 -0.29038845707803E-04  0.13307501648464E-02
 -0.32227066112184E-04  0.43661781675656E-04  0.27759840429464E-03
  0.27049085715276E-04 -0.52266754934549E-04  0.13030725678913E-02
 -0.48990664197313E-04  0.11367279300143E-04  0.19802640383409E-03
  0.80377093411817E-04 -0.33091420152453E-04  0.13195138474647E-02
  0.43474149337205E-04  0.54382207251049E-04  0.13135086220537E-02
 -0.20701394960485E-05 -0.50757774980122E-04  0.31839201520099E-03
 -0.60641145180528E-04 -0.33556408096774E-04  0.13250734075857E-02
 -0.62862834785746E-04 -0.16938226995414E-04  0.21521364741576E-03
  0.24371661701604E-04 -0.46748521720720E-04  0.13146553313607E-02
 -0.61398240347070E-04 -0.32011661915784E-04  0.13209733368119E-02
 -0.83909758626960E-04 -0.43928342426674E-04  0.26601218722827E-03
  0.22422884199476E-04 -0.64350966075988E-04  0.26018189069477E-03
  0.70779667061553E-04  0.27899420161393E-04  0.13020014536215E-02
 -0.96866515510348E-05 -0.35692341914805E-04  0.28246853528561E-03
 -0.62619593796245E-04 -0.22819292468169E-04  0.13185531445296E-02
 -0.93250833512796E-04 -0.48860588956681E-04  0.32065329700728E-03
  0.58889581213319E-04  0.42974666117380E-04  0.13084196741758E-02
 -0.62202734554358E-04 -0.78476549177626E-05  0.13183620313819E-02
 -0.77680594883450E-04 -0.16960653260237E-04  0.34445742045769E-03
  0.19935391712751E-04 -0.38766000095843E-04  0.13236766846791E-02
 -0.61118815786339E-04  0.89085933942481E-05  0.13208323012548E-02
 -0.50667096154886E-04  0.25793093543830E-04  0.32913519701183E-03
  0.91682780387093E-04  0.28319726995860E-04  0.31445690586323E-03
 -0.58555040668664E-04  0.24946782919607E-04  0.13258281028975E-02
 -0.12854563877055E-04 -0.25282575911976E-04  0.25075627664795E-03
  0.74165387178549E-04  0.26543711263701E-04  0.30844182742026E-03
  0.21937535244530E-04  0.35621380745887E-05  0.13282657171105E-02
  0.10120421037127E-03  0.17601261899023E-04  0.36920447065449E-03
  0.83685219979468E-04 -0.28515999548477E-04  0.13078042299519E-02
  0.82709030151970E-04 -0.28741840518499E-04  0.12993801415018E-02
 -0.44831114266155E-05  0.50523129385089E-05  0.14305749887407E-03
 -0.29732799512400E-05  0.57285049034473E-04  0.13211084206324E-02
 -0.18598185808029E-04  0.25331708126702E-04  0.13491848855090E-02
 -0.51917815182860E-06  0.89917900713448E-04  0.34299750256784E-03
 -0.15742257320740E-04  0.50604874431192E-04  0.13232452427690E-02
 -0.16500720913680E-04  0.10229450986170E-03  0.33351691734548E-03
  0.45080258945356E-04 -0.84789982803638E-04  0.31852216027506E-03
 -0.26508458988547E-04  0.41502199884634E-04  0.13255233200713E-02
 -0.72098387670078E-05  0.12888354214082E-04  0.14440831543796E-03
 -0.23583037688341E-04  0.29819828963188E-04  0.13478534947686E-02
 -0.27807977923125E-04  0.10666628116216E-03  0.31666293843888E-03
  0.81392046579163E-04 -0.33457756652068E-04  0.13064712114545E-02
 -0.35130526331663E-04  0.30570474488134E-04  0.13280057331080E-02
 -0.33787798016100E-04  0.10302111161929E-03  0.29311134919245E-03
  0.83350472362391E-04 -0.19053398007706E-04  0.13056220558970E-02
 -0.41340950101316E-04  0.18661939770665E-04  0.13308902464209E-02
 -0.11697342230369E-04  0.22107491551901E-04  0.16268245976145E-03
 -0.35439280854012E-04  0.91529118473776E-04  0.26470977705632E-03
 -0.26508329137554E-04  0.29186404929032E-04  0.13442054734554E-02
  0.54794471962766E-04 -0.64147325014149E-04  0.26662095126813E-03
 -0.45667744208997E-04  0.63002080912613E-05  0.13341565856221E-02
 -0.34627775561495E-04  0.74905506634145E-04  0.23398540605672E-03
  0.18963973909351E-04  0.71307382350217E-04  0.34393889617393E-03
  0.11140044264509E-04  0.60964404927739E-04  0.13188451780501E-02
 -0.35694669950303E-04  0.50012964445326E-05  0.13432335163813E-02
  0.29993142553029E-04 -0.52920143482389E-04  0.35426857626741E-03
  0.51579031166273E-04 -0.76924297223933E-04  0.36291445704740E-03
  0.83102515129409E-04 -0.19579625753734E-04  0.12942907507780E-02
  0.70748962254882E-04 -0.45112397014366E-04  0.34606798887022E-03
  0.54279434052980E-04 -0.28563766153265E-04  0.13168359107701E-02
 -0.53360624829534E-05 -0.22907090363091E-04  0.31290026564702E-03
  0.76005357484037E-04 -0.30836390655884E-04  0.37787118831007E-03
 -0.48678426378280E-05 -0.11724051655815E-05  0.15188054043054E-03
  0.42348191526954E-04 -0.36309505336117E-04  0.34310122657506E-03
  0.15473566481010E-04 -0.29247103783028E-04  0.33234229842479E-03
  0.44575379018856E-04 -0.18707799384537E-04  0.13211973230923E-02
 -0.12544942497562E-04  0.16739693673880E-04  0.13481867402147E-02
  0.33832282200973E-04 -0.77356458541238E-05  0.13248713847925E-02
  0.10513072237415E-03 -0.37144658710276E-04  0.11481853909980E-02
 -0.77651520710122E-04 -0.17654401097325E-04  0.11759959939908E-02
  0.47205340560025E-04 -0.70743317288921E-04  0.99181614525229E-03
  0.11715412144301E-03  0.28106392469353E-04  0.11524551003597E-02
  0.10967329677785E-03  0.21367687492600E-04  0.11671263813948E-02
  0.40806329648820E-04 -0.97314601587547E-04  0.11884330444644E-02
  0.46192045888568E-04 -0.65270564477220E-04  0.11738189557588E-02
  0.56752263266114E-04 -0.66720001455854E-04  0.12059758993500E-02
 -0.42684940761307E-04 -0.37953481165684E-04  0.11821308524925E-02
 -0.10554567635128E-03  0.60490969183585E-04  0.11540707374670E-02
  0.57226335717716E-04 -0.12676839453769E-04  0.95324111652320E-03
  0.12209296589590E-03  0.72185018736984E-05  0.11295910734561E-02
  0.14012723586869E-04 -0.10835369352792E-03  0.10797778815693E-02
  0.78698691726348E-04  0.25306518606898E-04  0.12297451519038E-02
  0.72320720260682E-04  0.13102002080305E-05  0.12339991192628E-02
  0.32902537609918E-04 -0.93732100867807E-04  0.10336115125915E-02
 -0.61876784772041E-04 -0.28288217887376E-04  0.11769481405108E-02
 -0.19170313627089E-04 -0.47874585555761E-04  0.11894914993151E-02
  0.29014129060741E-04 -0.10769911339836E-03  0.11826108146583E-02
  0.67270644125124E-04 -0.23225453374029E-04  0.12283998739987E-02
 -0.92137385864923E-04 -0.68945142424524E-05  0.11793338470713E-02
  0.12220273983392E-03  0.23149241524432E-04  0.11376995430373E-02
  0.62298750775669E-04 -0.46194645479956E-04  0.12175958567741E-02
  0.11564940346193E-03 -0.14814492618077E-04  0.11336971355596E-02
  0.56141247145532E-04 -0.42482721862329E-04  0.96304705211058E-03
  0.22001149911356E-04 -0.57560991153565E-04  0.95040748699404E-03
  0.88552624407677E-04 -0.55083994705611E-04  0.11674328173931E-02
  0.14420801022535E-04 -0.11431250281421E-03  0.11782702048002E-02
  0.80138434982989E-05 -0.57456077291138E-04  0.11952981176272E-02
  0.14690692697378E-04 -0.87290937420333E-04  0.98981961906838E-03
  0.53550652380841E-04  0.14081039754109E-04  0.96418934408007E-03
  0.49755023076391E-04 -0.83576298916801E-04  0.11961911140833E-02
  0.16962591306147E-04 -0.99782607740806E-04  0.11182202932318E-02
 -0.10337763080869E-03  0.50952134247276E-04  0.11683916866985E-02
  0.11637801075340E-03 -0.16071783385948E-04  0.10917124336663E-02
  0.46081495675472E-04 -0.86435059247325E-04  0.11283592528927E-02
  0.48088395856911E-05 -0.42908463153060E-04  0.12084340414486E-02
  0.89345036609914E-04  0.86367301156493E-05  0.12196404035197E-02
  0.72883649434576E-04 -0.77641753951059E-04  0.11006364826753E-02
  0.10820291529111E-03 -0.39414186615178E-04  0.11038192154276E-02
  0.30056401087675E-04 -0.52250823518032E-04  0.12134733353851E-02
  0.96758079111294E-04  0.29834458436108E-04  0.12130081967215E-02
  0.82314530243549E-04 -0.14783934522525E-04  0.12161485503666E-02
  0.91254559350077E-04 -0.60290936819404E-04  0.10719451693962E-02
  0.94559217930138E-04 -0.59678657914221E-04  0.11248731701992E-02
  0.54485097004166E-04 -0.55477528578355E-04  0.12105839495208E-02
  0.10145321512965E-03 -0.36727459308730E-04  0.10503072969178E-02
  0.10968011755132E-03  0.40959276031924E-04  0.11808079513887E-02
  0.72214791385033E-04 -0.72554161337633E-04  0.11478610072487E-02
  0.76394901806872E-04 -0.50107688133154E-04  0.11981796137660E-02
  0.10869892402164E-03  0.27418077358254E-04  0.11704597583229E-02
  0.10488727147269E-03 -0.12475047875875E-04  0.10425770429067E-02
  0.10504129927297E-03  0.42459950513888E-04  0.11976828450955E-02
  0.14454759485592E-04 -0.87399789828039E-04  0.11510201818786E-02
 -0.19587542403678E-04 -0.31756979151588E-04  0.11989889422976E-02
  0.74636062011393E-04 -0.36496930772204E-04  0.12066588823932E-02
  0.88517571780483E-04  0.83370885873995E-05  0.11559154226469E-02
 -0.10350255668338E-03  0.22741305157168E-04  0.11809892165993E-02
 -0.90970669442433E-04  0.11195554442960E-04  0.11772079222006E-02
  0.98918662485159E-04  0.18920265536127E-04  0.11421213521806E-02
  0.76878382392805E-04 -0.33909886529283E-05  0.11651300651347E-02
  0.31025969165028E-04 -0.92404382635353E-04  0.11749894150050E-02
 -0.77221350191446E-04 -0.10598102577576E-06  0.11769602740049E-02
  0.10768313770621E-03  0.24006139167055E-04  0.11236326362915E-02
  0.43941041873260E-04 -0.82861751117294E-04  0.11783819866083E-02
 -0.55878781119519E-04 -0.67097960518431E-04  0.11768423864326E-02
 -0.60325987920096E-04 -0.10514739972491E-04  0.11810396842656E-02
  0.55601887980690E-04 -0.70401728102792E-04  0.11852850855174E-02
 -0.37463251242041E-04 -0.75226773805797E-04  0.11724478882620E-02
  0.64353926715663E-04 -0.64891504976616E-04  0.11849474139722E-02
  0.11450319548699E-03  0.19331985267659E-04  0.11052949822699E-02
  0.65625221264097E-04 -0.55069361129865E-04  0.11951711242095E-02
 -0.41978720362005E-04 -0.21192781424680E-04  0.11890074194009E-02
 -0.13624350877939E-04 -0.82317237618863E-04  0.11652552598499E-02
  0.11796075385064E-03  0.48991025002129E-05  0.10927159002337E-02
  0.42364571712860E-04 -0.76613992268223E-04  0.11667317666174E-02
  0.70788963236298E-04  0.33774438817145E-04  0.10440998245854E-02
  0.10340972675719E-03  0.71979021581797E-05  0.11721956316120E-02
  0.10277557915038E-03  0.84447949591587E-05  0.10503488566100E-02
 -0.38541096075110E-04 -0.41209139420385E-05  0.11969197129479E-02
  0.64493929604654E-04 -0.77178415525063E-04  0.10457515144800E-02
  0.64040350687213E-04 -0.35873231726431E-04  0.11757085808837E-02
  0.94329439885628E-04 -0.45448782331212E-05  0.12003826999460E-02
 -0.56711077590776E-04  0.60683023064100E-05  0.11877789678838E-02
  0.78331973126719E-04 -0.54016630243442E-04  0.10144907814671E-02
  0.78107676891130E-04 -0.23186500145575E-04  0.11782392180413E-02
 -0.71931504917308E-04  0.16979924994458E-04  0.11809470567808E-02
  0.10264889479896E-03  0.15850497329572E-04  0.11985550133414E-02
  0.84659474765194E-04 -0.23760889506672E-04  0.11949851816632E-02
 -0.85562854331521E-04  0.27832279721990E-04  0.11772682938192E-02
  0.90017217936490E-04 -0.87589099799465E-05  0.11794851445077E-02
  0.83231783952040E-04 -0.11215728397408E-05  0.99569009598922E-03
  0.73427427574860E-04 -0.40235062131684E-04  0.11865185990212E-02
 -0.96514989012084E-04  0.39407911422344E-04  0.11744413454302E-02
  0.78365375217971E-04  0.19978020250707E-04  0.10133425360279E-02
  0.60641577215667E-04 -0.53911938192984E-04  0.11786644352698E-02
  0.10064676617603E-03  0.73304228852802E-05  0.11766582254644E-02
  0.83868056374368E-04 -0.26958890379123E-04  0.99634676375001E-03
 -0.75840986268233E-04 -0.37101450591638E-04  0.11775779239421E-02
 -0.19227718227789E-04 -0.16021995834057E-04  0.12078038260534E-02
  0.43526685372071E-04 -0.92753218270281E-04  0.10827672685517E-02
  0.94275030878531E-04 -0.14773994368589E-04  0.11845530226086E-02
  0.97007965379336E-04  0.22902172914620E-04  0.10700526294070E-02
  0.10735594886126E-03 -0.13542957450455E-04  0.11640413056681E-02
  0.11628913297368E-04 -0.72082856401003E-04  0.11767701000565E-02
  0.80022699528997E-04 -0.33795402969213E-04  0.12022636231284E-02
  0.88055174653001E-04  0.28263000146596E-04  0.10958708770288E-02
  0.11573581232015E-03  0.84545400533717E-05  0.11557867366832E-02
 -0.17060036211766E-04 -0.64452684940266E-04  0.11786091748536E-02
  0.62187801459022E-04 -0.44980113173279E-04  0.12185418164134E-02
  0.78368434156809E-04  0.24903105763606E-04  0.11223233576882E-02
  0.11960924791165E-03  0.27263611103922E-04  0.11596265081328E-02
  0.42592679564225E-04 -0.46511378275340E-04  0.12270542406414E-02
 -0.41180935001944E-04 -0.55580058560280E-04  0.11769960690840E-02
 -0.10105999046627E-04 -0.10037562949204E-03  0.11469326152358E-02
  0.22715377216625E-04 -0.39800686918061E-04  0.12262434249519E-02
  0.11759687077846E-03  0.36429477490915E-04  0.11727262105609E-02
 -0.60010273554103E-04 -0.46729451110543E-04  0.11757452027298E-02
  0.18156750075526E-05 -0.28730845130017E-04  0.12185799096709E-02
  0.11062758075055E-03  0.31445721008150E-04  0.11878243984579E-02
  0.94899981661545E-04 -0.34806698672052E-04  0.11803082078996E-02
  0.37372229709739E-04 -0.64681071524494E-04  0.11947186527066E-02
 -0.35140717963547E-05 -0.81743066437738E-04  0.12464856764644E-02
  0.94488385186715E-04  0.49202949206356E-04  0.11959543877185E-02
  0.48244476254560E-04 -0.25474043386112E-04  0.11782676593231E-02
  0.32283777615425E-04 -0.33799523097726E-04  0.11844400856683E-02
  0.15011945406413E-04 -0.40685889186766E-04  0.11914231925280E-02
 -0.21811569740466E-05 -0.45539694169990E-04  0.11999709801768E-02
 -0.17735734031734E-04 -0.48114884664461E-04  0.12100283079732E-02
 -0.30610264668682E-04 -0.49027631070565E-04  0.12198314917341E-02
 -0.40250818067675E-04 -0.47958234421937E-04  0.12277525500434E-02
 -0.45813428312030E-04 -0.44893013043288E-04  0.12320923534085E-02
 -0.46795570287064E-04 -0.38168505727615E-04  0.12298906800146E-02
 -0.41953819611986E-04 -0.24690954028913E-04  0.12192521202175E-02
 -0.32457982271997E-04 -0.35171817030852E-05  0.12024912997302E-02
 -0.24171060460627E-04  0.20563237530623E-04  0.11862733480477E-02
 -0.20402613115394E-04  0.42049436606250E-04  0.11772733553865E-02
 -0.20610610496883E-04  0.56490289813378E-04  0.11799302197086E-02
 -0.24184749538904E-04  0.62608656832130E-04  0.11937509584279E-02
 -0.30780691792989E-04  0.59027693092912E-04  0.12141666593042E-02
 -0.39866366316792E-04  0.44005050599072E-04  0.12345782131248E-02
 -0.47545161344826E-04  0.23277653915117E-04  0.12490297719736E-02
 -0.52895791588912E-04  0.15347638084832E-05  0.12544075269417E-02
  0.63261485913877E-04 -0.15213825415973E-04  0.11720933442088E-02
 -0.58118663446255E-04 -0.19140559406341E-04  0.12515133237732E-02
 -0.32168212867231E-04 -0.95126182944469E-04  0.11664660011118E-02
 -0.63718383057027E-04 -0.77975793285139E-04  0.11882092878665E-02
 -0.19523639780353E-04 -0.67058131613419E-04  0.11980597321197E-02
 -0.34212069944458E-04 -0.65201540127654E-04  0.12078808689303E-02
 -0.45983091939752E-04 -0.60675233020630E-04  0.12163674529021E-02
 -0.54013197303917E-04 -0.53343181376697E-04  0.12206884186997E-02
 -0.56645572324303E-04 -0.41184978514556E-04  0.12174767535020E-02
 -0.53029796455256E-04 -0.21869336628084E-04  0.12054183436659E-02
 -0.45450889764947E-04  0.25519842104198E-05  0.11891303822782E-02
 -0.40225058826732E-04  0.27293556692433E-04  0.11763836408685E-02
 -0.38619541794438E-04  0.46737979645446E-04  0.11735708678567E-02
 -0.39889864242828E-04  0.58647622825017E-04  0.11825202965160E-02
 -0.44457148700985E-04  0.61569245701994E-04  0.12008365271713E-02
 -0.52168466557181E-04  0.53562833892820E-04  0.12222634763376E-02
 -0.61366985043446E-04  0.36161254544367E-04  0.12399604840801E-02
 -0.68938381047082E-04  0.15449442451961E-04  0.12483798188143E-02
 -0.75176417309783E-04 -0.42599125025060E-05  0.12463108947327E-02
 -0.80675817159979E-04 -0.22459341705485E-04  0.12369647031317E-02
 -0.82174063080734E-04 -0.38507069009522E-04  0.12242294782245E-02
 -0.80620221811051E-04 -0.53289963263230E-04  0.12104616380765E-02
 -0.73853780817769E-04 -0.66604774975543E-04  0.11982819741594E-02
 -0.49991391941679E-04 -0.87529052010575E-04  0.11787688165436E-02
 -0.29535212418065E-05 -0.65918116872892E-04  0.11888740096661E-02
 -0.61454782828064E-04 -0.37648050521839E-04  0.12432968570826E-02
 -0.64020658215325E-04 -0.70854366837648E-04  0.12199830843789E-02
 -0.18819197726348E-04  0.50796881895505E-04  0.12264442408641E-02
 -0.27369038434630E-04  0.31364796682305E-04  0.12443409349217E-02
 -0.33135120603818E-04  0.90913277943630E-05  0.12547654186168E-02
 -0.36631126247480E-04 -0.12941624852822E-04  0.12576027233007E-02
 -0.39071766729274E-04 -0.33011074259712E-04  0.12548422268620E-02
 -0.41623566922184E-04 -0.52155207485753E-04  0.12479558155775E-02
 -0.43759497060713E-04 -0.70423615288780E-04  0.12384644318609E-02
 -0.45158864633813E-04 -0.87454016653232E-04  0.12275880986270E-02
 -0.44764442910064E-04 -0.10305162868348E-03  0.12150073639530E-02
 -0.40463706548949E-04 -0.11509380759254E-03  0.11985583641545E-02
 -0.32726815702401E-04 -0.12420102756812E-03  0.11745810034633E-02
 -0.21508706673613E-04 -0.12707477682350E-03  0.11393110571132E-02
 -0.80813757323940E-05 -0.12355925345609E-03  0.10932382784654E-02
  0.42523269865470E-05 -0.11013608957613E-03  0.10407754080289E-02
  0.60702979463876E-04  0.38811937258995E-04  0.10806097406213E-02
  0.51540497301947E-04  0.36448386895276E-04  0.11165139818763E-02
  0.41945705565143E-04  0.30407703456408E-04  0.11480518309007E-02
  0.32124103442028E-04  0.23476721549136E-04  0.11737103272002E-02
  0.21763875740206E-04  0.16371326562824E-04  0.11938831341380E-02
 -0.98951841762199E-05  0.61981416438620E-04  0.12053580891275E-02
 -0.63977619989677E-04 -0.55266992048532E-04  0.12318746337561E-02
 -0.42653109291812E-05  0.61295808761635E-04  0.11873701339458E-02
 -0.39710745135308E-05  0.33707047095271E-04  0.11814363585291E-02
 -0.60437254888444E-04 -0.85219617029605E-04  0.12079354090678E-02
 -0.53527098828219E-04 -0.97811502265313E-04  0.11951329349079E-02
 -0.41933277935213E-04 -0.10721777493742E-03  0.11790640224887E-02
 -0.26770813912606E-04 -0.11330871345859E-03  0.11560914255453E-02
 -0.64387342374253E-05 -0.11405458515963E-03  0.11226250938868E-02
  0.68176193967256E-04  0.16958744894545E-04  0.11452616289069E-02
  0.56201108089336E-04  0.76545955200532E-05  0.11637060271018E-02
  0.43140187558888E-04 -0.11979125371089E-05  0.11787061075244E-02
  0.29341577145623E-04 -0.90691104639175E-05  0.11913564501493E-02
  0.15021954395774E-04 -0.16220264972306E-04  0.12024948387714E-02
  0.62367462206904E-06 -0.22577063847684E-04  0.12130380450894E-02
 -0.12740282480761E-04 -0.28076646209290E-04  0.12226735646104E-02
 -0.23710454234923E-04 -0.32948606787276E-04  0.12309569754551E-02
 -0.31625379156669E-04 -0.36517304135687E-04  0.12374058761864E-02
 -0.35986258885681E-04 -0.37931764575054E-04  0.12409071929306E-02
 -0.36164486076994E-04 -0.35968578949506E-04  0.12390921662892E-02
 -0.31256465805629E-04 -0.27599807453095E-04  0.12294358555808E-02
 -0.20763455345057E-04 -0.10986849112685E-04  0.12127420467201E-02
 -0.99507662577002E-05  0.11034384224524E-04  0.11945646476233E-02
 -0.23230538476396E-05  0.51456113198868E-04  0.11785360248983E-02
  0.14554448765120E-04 -0.61755528583811E-04  0.11812614240973E-02
  0.32082051078395E-04 -0.55167552431859E-04  0.11765162451322E-02
  0.48342507413995E-04 -0.46642936399725E-04  0.11748673781120E-02
 -0.85482764872299E-04 -0.51027024328702E-04  0.10894475756931E-02
 -0.86727079322397E-04 -0.17213007534506E-04  0.10760722446812E-02
 -0.86856628751587E-04  0.14425028225832E-04  0.10767170335031E-02
 -0.89012913055043E-04  0.39807526527390E-04  0.10929872309990E-02
 -0.94172174988550E-04  0.54969243599156E-04  0.11197012246959E-02
 -0.10215945354115E-03  0.60491611227112E-04  0.11485124123722E-02
 -0.11148211244580E-03  0.56014544609412E-04  0.11714152775359E-02
 -0.11535530813756E-03  0.46480402018021E-04  0.11830992218529E-02
 -0.11228944588443E-03  0.34569363799572E-04  0.11845086048440E-02
 -0.27764009202271E-05 -0.11708460321344E-03  0.11751491980047E-02
 -0.21823869875584E-04 -0.11574313689286E-03  0.11728197017154E-02
 -0.41762298381800E-04 -0.10958900638686E-03  0.11701212843078E-02
 -0.60615203806554E-04 -0.97698742299194E-04  0.11642277161619E-02
 -0.76149105503047E-04 -0.78412350135348E-04  0.11523077138380E-02
 -0.84544268955885E-04 -0.51427485161361E-04  0.11355089189916E-02
 -0.85422189686719E-04 -0.20179048040844E-04  0.11209760684177E-02
 -0.83665699161537E-04  0.10041501093217E-04  0.11157218064987E-02
 -0.83120628209026E-04  0.35093591770041E-04  0.11231008825481E-02
 -0.85934490441293E-04  0.51898508826084E-04  0.11424325114243E-02
 -0.78516454515593E-04 -0.81564244603133E-04  0.11110406281717E-02
 -0.91319722287931E-04  0.58607971014037E-04  0.11674040907085E-02
 -0.63581767985425E-04 -0.10535424071137E-03  0.11338237736047E-02
 -0.25961937342638E-04 -0.12813948405112E-03  0.11648620420860E-02
 -0.92937209974218E-05 -0.39850210464273E-04  0.93306151792887E-03
 -0.37451121558264E-04 -0.55246365356912E-04  0.96153226681075E-03
 -0.41262368359119E-04 -0.19303494211821E-04  0.94500860134316E-03
 -0.43655847268304E-04  0.14771184356191E-04  0.95173117992583E-03
 -0.53004279889594E-04 -0.10009215870955E-03  0.10442850936440E-02
 -0.58289530535219E-04 -0.68135054654451E-04  0.10076017618238E-02
 -0.62820823639193E-04 -0.33129731045209E-04  0.98520520758727E-03
 -0.66581715647248E-04  0.25936254528013E-05  0.98254763405641E-03
 -0.71071585184969E-04  0.32368946886499E-04  0.10010630544245E-02
 -0.76887031387197E-04  0.54806503901065E-04  0.10357817779609E-02
 -0.46890974255982E-04 -0.12618819924336E-03  0.11247856092766E-02
 -0.62458615979389E-04 -0.10584334017939E-03  0.10924173981725E-02
 -0.72725813798115E-04 -0.77204684848797E-04  0.10605189089958E-02
 -0.77721633617670E-04 -0.43481807050914E-04  0.10366412201053E-02
 -0.79900056331450E-04 -0.85025945637869E-05  0.10273974405571E-02
 -0.83379698048416E-04  0.22951749367445E-04  0.10361618662455E-02
 -0.88096678747665E-04  0.46421653974156E-04  0.10615531941138E-02
 -0.95117956145951E-04  0.60247095872811E-04  0.10956059520731E-02
 -0.10160565815975E-03  0.64968695384000E-04  0.11286853426733E-02
 -0.45079892531389E-04 -0.12042161511835E-03  0.11519162069521E-02
 -0.10147980226096E-03  0.54304538148222E-04  0.11897630740169E-02
 -0.11139111552701E-03  0.43094952094671E-04  0.12024048415576E-02
 -0.11660260136596E-03  0.29779084571355E-04  0.12033095704305E-02
 -0.18929015297796E-04 -0.85108868441323E-04  0.11882992235448E-02
 -0.35876630906348E-04 -0.81212061257552E-04  0.11966083214610E-02
 -0.50882541001186E-04 -0.73398836660140E-04  0.12033030165188E-02
 -0.61807283055377E-04 -0.61643225271429E-04  0.12049601296428E-02
 -0.66925560258147E-04 -0.44137394941252E-04  0.11984779180663E-02
 -0.65152129434102E-04 -0.20306807838398E-04  0.11849400635732E-02
 -0.60365174337368E-04  0.66408398207357E-05  0.11715320233176E-02
 -0.57063603976035E-04  0.31093585658177E-04  0.11646482128441E-02
 -0.56774108630714E-04  0.48731657946578E-04  0.11685886033320E-02
 -0.58936368018491E-04  0.58748885851922E-04  0.11839063560803E-02
 -0.64552631766251E-04  0.58430146262965E-04  0.12053785500310E-02
 -0.73393634696879E-04  0.47181385285356E-04  0.12254693733508E-02
 -0.83248217600375E-04  0.29254825410444E-04  0.12372358842123E-02
 -0.91324266919823E-04  0.10960830473882E-04  0.12376829316307E-02
 -0.96351149167535E-04 -0.53477223192154E-05  0.12288053545077E-02
 -0.97651849295090E-04 -0.20666829627473E-04  0.12153388372634E-02
 -0.92744783220241E-04 -0.33950555588877E-04  0.12012276297919E-02
 -0.83687197369477E-04 -0.46087555759032E-04  0.11896406463687E-02
 -0.71224907211591E-04 -0.57219828531245E-04  0.11820059607198E-02
 -0.13296185579961E-05 -0.84640583904454E-04  0.11809881439845E-02
  0.15423542068525E-04 -0.80704258356705E-04  0.11755943413070E-02
  0.31428658864061E-04 -0.74150132769321E-04  0.11729606479409E-02
 -0.89456504558677E-04 -0.26221015951370E-04  0.11835273259131E-02
 -0.11360874060078E-03  0.17032750471181E-04  0.11962835866692E-02
 -0.10426139414823E-03  0.53221807538961E-05  0.11868222987944E-02
  0.16339427828979E-04 -0.98990141584266E-04  0.11748660413320E-02
 -0.62355788505499E-06 -0.10207993703493E-03  0.11771075269880E-02
 -0.19148313007919E-04 -0.10152544097110E-03  0.11805893001825E-02
 -0.38220461047685E-04 -0.95948059881459E-04  0.11843157406469E-02
 -0.55743957590796E-04 -0.85993967228155E-04  0.11862019368722E-02
 -0.69757174764335E-04 -0.70478625926273E-04  0.11824798453963E-02
 -0.76966850919171E-04 -0.48137701239125E-04  0.11716978028395E-02
  0.11757434994265E-04  0.88284188428509E-05  0.12098750836176E-02
 -0.77013984373123E-04 -0.20086023481397E-04  0.11576311961357E-02
 -0.72172385148868E-04  0.32781906570206E-04  0.11474418586786E-02
 -0.73154750736763E-04  0.49580858250801E-04  0.11592388900173E-02
 -0.76347659056769E-04  0.58082890435957E-04  0.11798865048609E-02
 -0.83892303439741E-04  0.55201517740864E-04  0.12021629609564E-02
 -0.94402917386095E-04  0.43254110384799E-04  0.12186910220551E-02
 -0.10401135160549E-03  0.27482325011902E-04  0.12236016481919E-02
 -0.10941494328315E-03  0.12667892502376E-04  0.12178518420679E-02
 -0.10780676841730E-03 -0.92179794002758E-06  0.12060862181638E-02
 -0.10136408568158E-03 -0.14138679680515E-04  0.11933011709254E-02
 -0.74116303428393E-04  0.83737053986629E-05  0.11475814198177E-02
  0.16798452084805E-05  0.52552818370001E-06  0.12225187026504E-02
 -0.72885344110822E-05 -0.84699221889732E-05  0.12326731271415E-02
 -0.14958438552158E-04 -0.17505973218475E-04  0.12403698717462E-02
  0.64645228064922E-04  0.29214462070153E-04  0.11787384781891E-02
  0.65504164306174E-04  0.45588990266078E-04  0.11814912193010E-02
  0.62680346688777E-04  0.54012520893589E-04  0.11958628475153E-02
  0.55461822654543E-04  0.50908094717670E-04  0.12163720480819E-02
  0.45595373510110E-04  0.35368696824084E-04  0.12361319016244E-02
  0.39074206084845E-04  0.13177822201731E-04  0.12479815904089E-02
  0.35787555223934E-04 -0.10420593254028E-04  0.12506006754332E-02
  0.34450331459274E-04 -0.33341924728519E-04  0.12471396164805E-02
  0.33500337848400E-04 -0.55652066728946E-04  0.12408082973112E-02
  0.31737895544109E-04 -0.77157628769170E-04  0.12331175864672E-02
  0.28759073897130E-04 -0.96928603688390E-04  0.12237014762741E-02
  0.23605289893101E-04 -0.11368618622982E-03  0.12132098470375E-02
  0.15196636989098E-04 -0.12764255670226E-03  0.12015796182549E-02
  0.28841919804234E-05 -0.13664281666673E-03  0.11885231765474E-02
 -0.12553497988299E-04 -0.14050816967279E-03  0.11724044719817E-02
 -0.29885516083653E-04 -0.13735942726057E-03  0.11517606710645E-02
 -0.48751038179415E-04  0.42573088501557E-04  0.98053873027121E-03
 -0.54277411032282E-04  0.61839516748614E-04  0.10236044133333E-02
 -0.59880150886654E-04  0.72071231958062E-04  0.10708666807021E-02
  0.59768908919345E-04  0.86577286410249E-05  0.11880593998299E-02
 -0.63011209349131E-04  0.72198170096488E-04  0.11145508806626E-02
  0.49959195727429E-04 -0.11718915197180E-04  0.12055033821966E-02
  0.23718587597202E-04 -0.32939081635811E-04  0.12391735194161E-02
 -0.64056224430325E-05 -0.14251353294617E-03  0.11889190795126E-02
 -0.18798843614212E-04 -0.14623676144267E-03  0.11632884527801E-02
 -0.32362525725096E-04 -0.14096263930757E-03  0.11292176747485E-02
 -0.44603533925475E-04 -0.12521689379290E-03  0.10877152128149E-02
 -0.10424357193769E-04 -0.61098832982460E-05  0.92618358276576E-03
 -0.13675058486271E-04  0.25063657683970E-04  0.94340302550440E-03
 -0.19319051804728E-04  0.48825268500620E-04  0.98080180330605E-03
 -0.25897134446653E-04  0.64370987420499E-04  0.10292844545971E-02
 -0.32357506380757E-04  0.71470298763256E-04  0.10802728453598E-02
 -0.36729564967539E-04  0.70968746953863E-04  0.11259170032617E-02
 -0.36824578315836E-04  0.63934938155013E-04  0.11614134026243E-02
 -0.32958750127340E-04  0.54544526623519E-04  0.11876050484690E-02
 -0.26679503345952E-04  0.43855953140121E-04  0.12066520647674E-02
 -0.19674199980111E-04  0.32553400551296E-04  0.12210008251836E-02
 -0.12061074444583E-04  0.19569422411813E-04  0.12319991269262E-02
 -0.53377360955784E-05  0.51599547797525E-05  0.12402385523393E-02
  0.69806898693581E-06 -0.89272257089850E-05  0.12458791629732E-02
  0.65570520078252E-05 -0.21817783125154E-04  0.12485408439211E-02
  0.14094423604052E-04 -0.30633248449357E-04  0.12467834720465E-02
  0.36256078969064E-04 -0.26745862218164E-04  0.12245917507281E-02
 -0.63729722700101E-04  0.65968019858461E-04  0.11489396103076E-02
 -0.58693849667132E-04  0.56258858809624E-04  0.11725835442432E-02
 -0.49981877215969E-04  0.45627953039832E-04  0.11895759416701E-02
 -0.72299543479253E-05 -0.13016518119272E-03  0.11744115825078E-02
 -0.82542643810953E-04  0.67409658664742E-04  0.10768995498829E-02
 -0.86380185547609E-04  0.70219663978927E-04  0.11154033954459E-02
 -0.87088603258937E-04  0.64083755347403E-04  0.11454296214105E-02
 -0.83179917938729E-04  0.54106418666652E-04  0.11649576041410E-02
 -0.75183482551845E-04  0.43226821893419E-04  0.11769162889013E-02
 -0.62974885579351E-04  0.32753480464166E-04  0.11862452988865E-02
 -0.48498347497139E-04  0.22257011470017E-04  0.11956556552955E-02
 -0.34127361890633E-04  0.11128204837645E-04  0.12056936604610E-02
 -0.17413083757911E-04 -0.16551523780538E-05  0.12167872031688E-02
 -0.11806830755120E-05 -0.15583335045612E-04  0.12275604454806E-02
  0.15095705698151E-04 -0.28160399811091E-04  0.12353580987699E-02
  0.30456869162541E-04 -0.37386592306919E-04  0.12376095556074E-02
  0.46057572222905E-04 -0.40511950439025E-04  0.12318284332921E-02
  0.62531732880876E-04 -0.33626777640908E-04  0.12179198556172E-02
  0.77548287677949E-04 -0.17803339805641E-04  0.11997761601476E-02
  0.88384237182744E-04  0.29949292530929E-05  0.11837468777300E-02
  0.94077076671931E-04  0.23944168926598E-04  0.11760303377507E-02
  0.96409603655927E-04  0.41127408391128E-04  0.11807200525606E-02
  0.97237649803934E-05 -0.12683395719415E-03  0.11830850595994E-02
  0.23560663779669E-04 -0.11916941856696E-03  0.11921190534628E-02
  0.34432551413485E-04 -0.10742195262696E-03  0.12013766488671E-02
  0.41245172500893E-04 -0.92234020904443E-04  0.12103226444780E-02
 -0.38725666706327E-04  0.34954460787584E-04  0.12030563641807E-02
 -0.26978764756861E-04  0.23682007525028E-04  0.12147736271546E-02
 -0.15444624266179E-04  0.10376590537349E-04  0.12253557392200E-02
 -0.33408321934374E-05 -0.40158594747292E-05  0.12347390581895E-02
  0.72719748508429E-05 -0.17887271392066E-04  0.12416984321088E-02
  0.18368146014927E-04 -0.29081374938268E-04  0.12443117325051E-02
  0.30037153178322E-04 -0.35216492167578E-04  0.12408513254487E-02
  0.42863155496284E-04 -0.33605310366575E-04  0.12299225674385E-02
  0.57897420160326E-04 -0.22294805195265E-04  0.12127402705862E-02
  0.33271078219760E-05 -0.13207868039726E-03  0.12079180702245E-02
  0.70540202823088E-04 -0.34356176040011E-05  0.11944092149869E-02
  0.81087169052898E-04  0.36780018703048E-04  0.11785824882145E-02
  0.80660659236548E-04  0.49768947984010E-04  0.11886580040001E-02
  0.75949904241214E-04  0.51889956556187E-04  0.12071552564336E-02
  0.66799683758078E-04  0.40348287727930E-04  0.12273926384595E-02
  0.58631301603152E-04  0.19229978375449E-04  0.12410831940738E-02
  0.53957275869470E-04 -0.51655582979612E-05  0.12438436746287E-02
  0.51271826893686E-04 -0.29309120876110E-04  0.12382943210807E-02
  0.48920025791745E-04 -0.52343559295511E-04  0.12290724655960E-02
  0.45850883572645E-04 -0.73624763086193E-04  0.12195120581794E-02
  0.78035770290637E-04  0.17682180082004E-04  0.11811528063740E-02
  0.87171988397330E-04  0.43400352717435E-04  0.12149638270913E-02
  0.95076371676191E-05 -0.11679648538330E-03  0.12223875513500E-02
  0.14910709555489E-04 -0.79112947263831E-04  0.12425327117040E-02
 -0.17110228738707E-04 -0.12538369889149E-03  0.10653368006549E-02
 -0.12935854799512E-04 -0.10404996587674E-03  0.10103422958070E-02
 -0.10226973137873E-04 -0.74060349572012E-04  0.96311650654779E-03
  0.46836363820113E-04  0.34538146369964E-04  0.99487066950947E-03
  0.38237306921640E-04  0.47023241128640E-04  0.10375482787732E-02
  0.29100119640327E-04  0.52449516693081E-04  0.10833319316100E-02
  0.21294323270691E-04  0.51072463644507E-04  0.11257543193460E-02
  0.14659729637601E-04  0.45932075882172E-04  0.11612326165206E-02
  0.84309508776580E-05  0.38797677089494E-04  0.11896049799840E-02
  0.29966921356891E-05  0.30498258947155E-04  0.12107850794937E-02
 -0.15363706115940E-05  0.20494625483325E-04  0.12260098082183E-02
 -0.47324232297668E-05  0.92256275428060E-05  0.12364539439444E-02
 -0.79396567299108E-05 -0.24242579632319E-05  0.12441377883263E-02
 -0.10362715352694E-04 -0.14045888004356E-04  0.12493519986906E-02
 -0.11780742632285E-04 -0.23696141669324E-04  0.12513094758011E-02
 -0.11335875352335E-04 -0.29741521671036E-04  0.12491771764557E-02
 -0.68464427602898E-05 -0.30844469062792E-04  0.12422033666898E-02
  0.27281631442058E-05 -0.24462792694867E-04  0.12288108806521E-02
  0.15407342899350E-04 -0.93840337519934E-05  0.12105169224132E-02
 -0.21494091872666E-04 -0.13623521051737E-03  0.11181900449686E-02
  0.25972462455832E-04  0.11200815814830E-04  0.11922854844696E-02
 -0.24356477174851E-04 -0.13750879490910E-03  0.11616187267968E-02
 -0.26961343802962E-04 -0.11903248997945E-03  0.12152236788439E-02
 -0.20622719565127E-04 -0.25539294673493E-04  0.12453978843098E-02
 -0.24062398470141E-04 -0.31297823570429E-04  0.12472250024097E-02
 -0.23989995447279E-04 -0.33521063869312E-04  0.12449708990026E-02
 -0.19250823150050E-04 -0.30129647721202E-04  0.12369995486908E-02
 -0.92968723063354E-05 -0.18458109494883E-04  0.12219341449098E-02
  0.30208413567796E-05  0.34669465137316E-06  0.12030096975248E-02
  0.11525479878022E-04  0.22343653907193E-04  0.11862590665662E-02
  0.14705687700412E-04  0.42439374484824E-04  0.11781640621419E-02
  0.14274514210921E-04  0.56235349467737E-04  0.11824874898548E-02
  0.10338972590318E-04  0.61424819517757E-04  0.11973821718618E-02
  0.25069997367181E-05  0.55703236005531E-04  0.12181790543322E-02
 -0.67302518077334E-05  0.38882566726391E-04  0.12380612446490E-02
 -0.14192418832517E-04  0.16787909005181E-04  0.12516775159024E-02
 -0.17788610539454E-04 -0.56193163794447E-05  0.12577490214520E-02
 -0.18873843774377E-04 -0.26465334592509E-04  0.12584635363777E-02
 -0.20445705343425E-04 -0.46689804370227E-04  0.12558129213160E-02
 -0.21880727635410E-04 -0.66345432566071E-04  0.12500805229426E-02
 -0.23828988557829E-04 -0.85567071558787E-04  0.12416739582771E-02
 -0.26280130043887E-04 -0.10347479692286E-03  0.12304010383421E-02
 -0.26929030603753E-04 -0.13120955456779E-03  0.11932778787126E-02
  0.31088910510784E-04  0.32186524130669E-04  0.11801445179210E-02
  0.31807813868624E-04  0.48954982733853E-04  0.11793257381866E-02
  0.29448151383472E-04  0.58298219246407E-04  0.11904742716357E-02
 -0.82225624658810E-05  0.23687851332270E-04  0.12331879168263E-02
 -0.58710493531603E-05  0.10418990822739E-04  0.12420008487343E-02
 -0.45744626323692E-05 -0.31173276165158E-05  0.12478038522989E-02
 -0.28836454587358E-05 -0.15959929137872E-04  0.12507113704370E-02
 -0.27663690400624E-06 -0.25801802511523E-04  0.12506188134783E-02
  0.49920552699386E-05 -0.31168488260179E-04  0.12459337221902E-02
  0.14141804834566E-04 -0.29363041887401E-04  0.12348530395848E-02
  0.26608180414484E-04 -0.18443860737840E-04  0.12174477996604E-02
  0.39042961569151E-04 -0.37552599048483E-06  0.11981577987292E-02
  0.46554078413770E-04  0.20541882209039E-04  0.11832351100280E-02
  0.48919824380508E-04  0.39770139665481E-04  0.11783246350851E-02
  0.47922556716748E-04  0.53106484784409E-04  0.11855771246342E-02
  0.43198468884932E-04  0.57122034225378E-04  0.12025267459649E-02
  0.34365607524041E-04  0.49248433942907E-04  0.12238117310872E-02
  0.25114977504673E-04  0.30739873678172E-04  0.12423501819447E-02
  0.19835814992234E-04  0.82067360561321E-05  0.12529944494125E-02
  0.17458734725711E-04 -0.14498135991407E-04  0.12556385737038E-02
  0.16785767964004E-04 -0.37031778184991E-04  0.12536025012848E-02
  0.16381731080827E-04 -0.58463050189872E-04  0.12491457235817E-02
 -0.10605047819418E-04  0.35472617845449E-04  0.12205653705404E-02
 -0.11407769789453E-04  0.45768420614535E-04  0.12027464586804E-02
 -0.11398905360743E-04  0.55231672627146E-04  0.11774333142327E-02
 -0.90832618525810E-05  0.62608491227840E-04  0.11436488746785E-02
  0.23133896671716E-04  0.57921380778473E-04  0.12098477794940E-02
  0.13779439557849E-04  0.45602950895761E-04  0.12313045657971E-02
  0.54268431227419E-05  0.24602373656051E-04  0.12478199671820E-02
  0.84023156499655E-06  0.18711046834760E-05  0.12559972015293E-02
 -0.54653429424442E-06 -0.19978458542995E-04  0.12579196016839E-02
 -0.13765840479465E-05 -0.41481286607156E-04  0.12564943513955E-02
 -0.22274890186360E-05 -0.61660470874360E-04  0.12528029596470E-02
 -0.53845428401060E-05 -0.10115616211148E-03  0.12372238167868E-02
 -0.79423985111989E-05 -0.11888650323438E-03  0.12239265234180E-02
  0.12874348725229E-04 -0.98944344776874E-04  0.12337064079114E-02
 -0.12290289564823E-04 -0.13369208938898E-03  0.12054283692003E-02
 -0.23518843641011E-04 -0.14481009299528E-03  0.11442507150076E-02
 -0.29668288259175E-04 -0.13587751041258E-03  0.10985670765225E-02
 -0.32766381525746E-04 -0.11703444650188E-03  0.10466066318875E-02
 -0.34973507271253E-04 -0.89033165558966E-04  0.99778482419735E-03
  0.22983442234165E-04  0.54735673293060E-05  0.93340831445697E-03
  0.18129554874943E-04  0.31827479179878E-04  0.95878787616911E-03
  0.10556637405987E-04  0.50269301912199E-04  0.10013123184582E-02
  0.30410457248290E-05  0.61371614729579E-04  0.10516288293023E-02
 -0.48775549172532E-05  0.65595281422018E-04  0.11007897587047E-02
 -0.17356188066503E-04 -0.14305439456767E-03  0.11797171116918E-02
  0.25570027530298E-04 -0.25578189686262E-04  0.93048316670020E-03
