{
  "uid_a": "WSe2-1cfbe6183886",
  "uid_b": "MoS2-b3b4685fb6e1",
  "cell_a_original": [
    [
      3.3190066244679373,
      0.0,
      0.0
    ],
    [
      -1.6595033122339686,
      2.874344052118072,
      0.0
    ],
    [
      0.0,
      -0.0,
      1.0
    ]
  ],
  "cell_b_original": [
    [
      3.1840664646845926,
      0.0,
      0.0
    ],
    [
      -1.5920332323422963,
      2.757482445754964,
      0.0
    ],
    [
      0.0,
      0.0,
      1.0
    ]
  ],
  "coeffs_a": [
    [
      -25,
      -15
    ],
    [
      15,
      -10
    ]
  ],
  "coeffs_b": [
    [
      -26,
      -16
    ],
    [
      16,
      -10
    ]
  ],
  "twist_angle": 1.0023139153454952,
  "stacking": null,
  "supercell_a": [
    [
      -58.0826159281889,
      -43.11516078177108,
      0.0
    ],
    [
      66.38013248935874,
      -28.74344052118072,
      0.0
    ],
    [
      0.0,
      0.0,
      1.0
    ]
  ],
  "supercell_b": [
    [
      -57.313196364322664,
      -44.119719132079425,
      0.0
    ],
    [
      66.86539575837645,
      -27.57482445754964,
      0.0
    ],
    [
      0.0,
      0.0,
      1.0
    ]
  ],
  "final_supercell": [
    [
      72.33180235545235,
      -3.377838284481607e-14,
      0.0
    ],
    [
      -36.16590100396689,
      62.64117910869293,
      0.0
    ],
    [
      0.0,
      0.0,
      1.0
    ]
  ],
  "strain_a": [
    [
      -5.902511182442893e-05,
      -5.46064898399838e-09
    ],
    [
      -5.46064898399838e-09,
      -5.901891137494175e-05
    ]
  ],
  "strain_b": [
    [
      5.137982067693336e-05,
      -5.5669827542867574e-09
    ],
    [
      -5.5669827542867574e-09,
      5.138563658646511e-05
    ]
  ],
  "maxstrain": 0.00590282909372927
}