  0.27108869194866E-04 -0.11956930802679E-03 -0.13864328761290E-02
 -0.48932652926242E-05 -0.44741031959635E-04 -0.15072493131148E-02
 -0.78402245951029E-04 -0.10705138504041E-04 -0.15320005735996E-02
 -0.83823815254302E-04 -0.13437035497153E-04 -0.14434880838392E-02
 -0.83797250492642E-04  0.65436668582180E-04 -0.14427007392082E-02
 -0.64637461151052E-04 -0.11963319476407E-04 -0.15507926752906E-02
 -0.19818830844192E-04 -0.56034539677613E-04 -0.14988513206140E-02
 -0.88938683278588E-04 -0.11072857795572E-04 -0.15034445711367E-02
 -0.48458543803050E-04 -0.12993374442411E-04 -0.15633756169997E-02
 -0.30195367194672E-04 -0.11414898380443E-04 -0.15717545451398E-02
 -0.10272976201899E-03  0.62008970581436E-04 -0.14463780586919E-02
 -0.85412252471564E-04 -0.11473935357091E-04 -0.14584319502151E-02
 -0.12146546727802E-04 -0.11104720947672E-04 -0.15771744923106E-02
 -0.37990765733506E-04 -0.72430239918413E-04 -0.14621326193628E-02
  0.44715173456234E-05 -0.11049894262429E-04 -0.15788785680018E-02
 -0.30069382279394E-04 -0.66689278734085E-04 -0.14827461596519E-02
 -0.11663299112799E-03  0.54511084047166E-04 -0.14455720361294E-02
 -0.63716881359560E-04  0.64411388714194E-04 -0.14394439509327E-02
 -0.91812462269719E-04 -0.13543442785588E-04 -0.14616476618956E-02
 -0.23068148664727E-04 -0.58401912952704E-04 -0.14498793125766E-02
  0.79634591902102E-04  0.29630498529970E-04 -0.14872739427369E-02
 -0.23218022489818E-04 -0.24633427107221E-04 -0.11856310580944E-02
  0.25664771856579E-04 -0.29325898555536E-04 -0.11953180884572E-02
  0.67249488816873E-04  0.13358524179391E-04 -0.14957634453304E-02
 -0.40881639630536E-04 -0.24402090237340E-04 -0.12273013063178E-02
  0.14013813713579E-04 -0.31201821091611E-04 -0.15084640912871E-02
 -0.24068706145128E-04  0.56813271241020E-04 -0.14449798204174E-02
  0.51541252946577E-04 -0.29531232346075E-05 -0.15018795436320E-02
 -0.76160886959143E-04 -0.21559452241149E-04 -0.13458741593138E-02
 -0.44629197449753E-04  0.62795451711814E-04 -0.14399437485117E-02
  0.32472649560576E-04 -0.17165155949641E-04 -0.15062610537668E-02
 -0.87546424643941E-04 -0.18353212443794E-04 -0.14077226787699E-02
 -0.76171782146119E-04 -0.77290401007118E-05 -0.14407071187513E-02
 -0.60649432729482E-04 -0.23517375074499E-04 -0.12828985461600E-02
 -0.39478565944047E-04 -0.71023633697041E-04 -0.14452192195390E-02
  0.17862861947402E-04 -0.14995426952039E-04 -0.15743758573874E-02
 -0.81409294825819E-04 -0.64890054883014E-05 -0.14781339170398E-02
  0.98351972375563E-04  0.73689007361280E-04 -0.14557521244800E-02
 -0.68232781348712E-04 -0.45102897036338E-05 -0.12533209308308E-02
 -0.88344538122471E-04 -0.16360093177146E-05 -0.13131197527499E-02
  0.90378850032921E-04  0.64670711528414E-04 -0.14773955487368E-02
 -0.65587136620557E-04  0.42024930272672E-04 -0.13407675823228E-02
 -0.10044970645636E-03  0.66930454489174E-06 -0.13742678950649E-02
 -0.91886640422276E-04  0.36459150896774E-04 -0.13569412822581E-02
 -0.37957606913738E-04  0.30327515960863E-04 -0.15059383947724E-02
 -0.10692522547383E-03  0.55177452621871E-05 -0.14285350049734E-02
 -0.10335449560026E-03  0.21087534864633E-04 -0.14745791809200E-02
 -0.10380716547008E-03  0.55402797181021E-05 -0.14715590671386E-02
  0.65863146711014E-04  0.35010571644657E-04 -0.15000560253824E-02
  0.28802612310507E-04 -0.12438190254305E-03 -0.14012523969599E-02
 -0.92376119917772E-04  0.50028797277106E-05 -0.15026832735075E-02
  0.78663502665873E-04  0.50894309944583E-04 -0.14911387242011E-02
 -0.46793002934656E-04 -0.76429504184327E-05 -0.12023415961144E-02
 -0.56246972164099E-04  0.18228916299026E-04 -0.15047016988307E-02
  0.99459376489241E-04  0.79436081986206E-04 -0.14242527700747E-02
  0.25231367185847E-04 -0.25293730811187E-04 -0.15584179720518E-02
 -0.32567080842161E-04 -0.67355355405316E-04 -0.14396306518105E-02
 -0.12361292010951E-03  0.46470825169971E-04 -0.14342929392029E-02
  0.20121128648244E-04 -0.39184507871854E-04 -0.15289715215305E-02
  0.61781863323505E-04  0.62741512491691E-04 -0.12819410673482E-02
  0.81829823913199E-05 -0.53758608128850E-04 -0.14927449793247E-02
 -0.12171210894555E-03  0.39640537316989E-04 -0.14119912280961E-02
 -0.61490437922829E-05 -0.66701997958889E-04 -0.14611607804012E-02
  0.81940243386306E-04  0.71457552178494E-04 -0.13332101429252E-02
 -0.71603819033259E-04  0.43865154398744E-05 -0.14952722896317E-02
 -0.18151744017479E-04 -0.79724978621557E-04 -0.14437134611980E-02
  0.95186915481030E-04  0.77223047463216E-04 -0.13825854799175E-02
 -0.55518747891314E-05  0.23372596334607E-05 -0.11559199017878E-02
 -0.11025827134357E-03  0.36120771912832E-04 -0.13836538223435E-02
 -0.27002128021811E-04 -0.54001338691690E-05 -0.11680731338070E-02
 -0.39171647635639E-05  0.45914955726082E-04 -0.14541461148236E-02
 -0.85762564362668E-05 -0.42904036795196E-04 -0.14767228797783E-02
  0.91575181684271E-04  0.45658412117495E-04 -0.14763178930365E-02
  0.43299846887675E-04 -0.12355940033607E-04 -0.12284272381186E-02
  0.78447815244034E-04  0.80257775772240E-05 -0.14778317363417E-02
  0.10659224890863E-04  0.13245441188524E-04 -0.15746432872784E-02
  0.50847853683594E-04  0.78708406906240E-04 -0.14465174878121E-02
  0.14090005347017E-04  0.77306942319942E-05 -0.15608686318538E-02
  0.65873716580835E-04 -0.94703652736610E-05 -0.14870494174749E-02
 -0.86137316226547E-04  0.35789107629756E-04 -0.13866296698383E-02
 -0.10497643329945E-03  0.32107053081927E-04 -0.14032588908325E-02
  0.54627753598007E-05 -0.57914507170230E-05 -0.15333244043574E-02
  0.51224876550787E-04 -0.24217819812002E-04 -0.14950667535456E-02
 -0.81418798035739E-05 -0.22288731288293E-04 -0.14965641022855E-02
  0.63526915078574E-04  0.75767685331068E-04 -0.14345757737661E-02
  0.35848317711967E-04 -0.10996371666623E-03 -0.13709743995058E-02
 -0.25034841513856E-04 -0.35328558211987E-04 -0.14629818019894E-02
  0.34019113441577E-04 -0.39452106454414E-04 -0.15008875613801E-02
 -0.34941896722902E-04  0.85181650654083E-05 -0.15089927161858E-02
  0.71253831917913E-06  0.13117629351098E-04 -0.15780861788292E-02
  0.89380088334482E-04  0.24834352426574E-04 -0.14678185854654E-02
 -0.11058404143874E-04  0.79915277405792E-05 -0.15766092706349E-02
 -0.47660490519380E-04 -0.48571815333878E-04 -0.14631384261158E-02
  0.96144780631110E-04  0.77749044995491E-04 -0.14087388509314E-02
 -0.11461090128560E-03  0.46772533786264E-04 -0.14617623760121E-02
 -0.50074895022314E-04 -0.37067417690123E-04 -0.15003487481039E-02
  0.16095363071901E-04  0.74081231930329E-04 -0.14646854397689E-02
  0.10341817343664E-03  0.69381585827540E-04 -0.14295519181297E-02
 -0.47780796314875E-04 -0.27403578071646E-04 -0.15286495160329E-02
 -0.11908122022248E-03  0.39232207952447E-04 -0.14484801595789E-02
 -0.41532934389258E-04 -0.16004936781121E-04 -0.15485445415208E-02
  0.10342936899527E-03  0.57742504547381E-04 -0.14449009146076E-02
 -0.33351331814495E-04 -0.88037848945748E-05 -0.15621537187715E-02
  0.33075562215223E-04  0.78586187660601E-04 -0.14552663745040E-02
  0.97716420960058E-04  0.42994030201957E-04 -0.14574829468849E-02
 -0.21382891515008E-04  0.22269036922371E-05 -0.15712306089418E-02
 -0.11521239394793E-03  0.32768978664422E-04 -0.14268588568136E-02
 -0.39939119742388E-04 -0.48589556302574E-04 -0.14425681528489E-02
  0.48671050182015E-04  0.19988592167662E-04 -0.15056029351764E-02
  0.17262936878693E-04 -0.52645563878743E-04 -0.15043992364541E-02
  0.45970069808733E-04 -0.96930479219845E-04 -0.13941014842815E-02
  0.91564103288538E-04  0.77767224167429E-04 -0.13748563250919E-02
 -0.20977052490682E-04 -0.32684342525179E-05 -0.15773484637074E-02
  0.50900329098934E-04 -0.38006965021743E-05 -0.14866359169680E-02
 -0.49631404409167E-05 -0.72663471098659E-06 -0.15796653096039E-02
  0.10190149981278E-03  0.76919303555536E-04 -0.14112566113366E-02
  0.56492763664819E-04  0.78917032079997E-05 -0.12764705355609E-02
 -0.35031566133001E-04 -0.83127665903059E-05 -0.15719436848486E-02
  0.80419346458630E-05  0.10222281793013E-05 -0.15782738197335E-02
  0.10376912438791E-03  0.71045107754776E-04 -0.14395458912803E-02
  0.17874206699223E-04 -0.39177738489797E-05 -0.15694825422263E-02
  0.17225064565945E-04 -0.15064674967887E-04 -0.15470670864706E-02
  0.10010202059476E-03  0.60108021276937E-04 -0.14608986474666E-02
  0.14431000193185E-04  0.33261679963032E-04 -0.14660304901756E-02
  0.76111682125544E-05 -0.30995314302144E-04 -0.15127639439965E-02
  0.34501628097283E-04  0.17237588759798E-04 -0.14784726916640E-02
  0.66084550167932E-04  0.29829086053344E-04 -0.13301584059859E-02
 -0.25492628865021E-04 -0.85945184669157E-04 -0.14430117536121E-02
 -0.48575434525815E-04 -0.14265705393857E-04 -0.15629448371627E-02
  0.71031839252311E-04  0.65539001461631E-04 -0.14138281358808E-02
 -0.47733786038217E-04 -0.43442096921331E-04 -0.13247175167375E-02
  0.26033280675742E-05 -0.66457072279404E-04 -0.15020878542258E-02
 -0.61061373647042E-04 -0.40890844072595E-04 -0.13846840297159E-02
  0.56365286902982E-04 -0.78563604301257E-04 -0.14284553006949E-02
 -0.12611039450791E-04 -0.77407159673576E-04 -0.14920701880147E-02
 -0.70450556573246E-04 -0.35205044132415E-04 -0.14408352339991E-02
  0.72461209277488E-04  0.51958750921347E-04 -0.13787074874788E-02
 -0.72723166698740E-04 -0.29815569077644E-04 -0.14885153127872E-02
 -0.21364416388565E-04 -0.84532367246047E-04 -0.14746542920584E-02
  0.61540142361315E-04 -0.53973628989972E-04 -0.14620948471255E-02
 -0.69829013519856E-04 -0.22660834693056E-04 -0.15243687606572E-02
 -0.26041183066057E-04 -0.87801381935386E-04 -0.14552393735383E-02
 -0.61815437313775E-04 -0.18462159383801E-04 -0.15481664388088E-02
  0.60450980523843E-04 -0.27336213732554E-04 -0.14830741341126E-02
 -0.32657035912208E-04 -0.43996305603990E-04 -0.12686136822373E-02
 -0.41631622835501E-04 -0.56386826151146E-04 -0.14184011171389E-02
 -0.79477660165081E-04 -0.16521562267732E-05 -0.15245242136343E-02
  0.35622192542064E-04 -0.11473071898498E-03 -0.14151127108191E-02
 -0.95722869627894E-04  0.34324922736824E-04 -0.13281266864807E-02
 -0.55400719389366E-04  0.18567310781406E-04 -0.14930765443885E-02
 -0.55998822862359E-04 -0.37422147978161E-04 -0.14393981739793E-02
  0.11343396577189E-04 -0.13027038119076E-04 -0.11640752342478E-02
 -0.34562287449477E-04  0.67806102050199E-05 -0.15130848605794E-02
 -0.71018694522933E-04  0.34937288532647E-04 -0.13009913292431E-02
 -0.76731780285543E-04  0.27541952919659E-04 -0.14751492909171E-02
  0.15381392802088E-04  0.97839715123239E-05 -0.11679968302496E-02
  0.86020414975421E-05 -0.17303407625775E-04 -0.15491170367325E-02
  0.39517643932455E-04  0.23523252999751E-04 -0.12025845305710E-02
  0.24000751625932E-04 -0.12182361305170E-03 -0.14292101882500E-02
  0.28998904792821E-04 -0.30295489040521E-04 -0.15575257121672E-02
 -0.71561133319554E-04 -0.26323717152914E-04 -0.14396404170426E-02
  0.58745307888303E-04  0.39867502181538E-04 -0.12540376110232E-02
 -0.12033248697661E-04 -0.63505616480848E-05 -0.15330060746314E-02
  0.40525773057057E-04 -0.43411803666364E-04 -0.15548429168030E-02
 -0.62239340372588E-04 -0.40478837971509E-04 -0.14422585813616E-02
  0.31229951428707E-04 -0.21125054937719E-05 -0.11883035574895E-02
 -0.74241217438776E-04  0.19819166012286E-04 -0.12464578943144E-02
 -0.12617224035218E-03  0.49509264715141E-04 -0.14201195863973E-02
 -0.31346562669907E-04 -0.13493272533634E-04 -0.15077804549169E-02
 -0.96947682227531E-04  0.24228187404866E-04 -0.12923705740943E-02
  0.49607286166679E-04  0.15957497889054E-04 -0.12318691753075E-02
 -0.11549834625879E-03  0.29924747352156E-04 -0.13413413783674E-02
 -0.94592800702306E-04  0.35176843146587E-04 -0.14595848811594E-02
 -0.46412211813825E-04 -0.25494318270913E-04 -0.14967486300079E-02
 -0.12396088631788E-03  0.36534163716233E-04 -0.13860166555433E-02
 -0.56195523266192E-04 -0.37629051554882E-04 -0.14786837158268E-02
 -0.12166411896420E-03  0.39071454947674E-04 -0.14199824186168E-02
 -0.11400824025559E-03  0.37307008851047E-04 -0.13629343283184E-02
 -0.11151412039797E-03  0.39276986028266E-04 -0.14428276385149E-02
 -0.61694485262948E-04 -0.40432158200660E-04 -0.14578857244270E-02
 -0.12461314473936E-03  0.42963786351192E-04 -0.13956738230196E-02
  0.32633331850080E-04 -0.10992173118711E-03 -0.14486110855133E-02
  0.43568929619960E-04 -0.62005960654431E-04 -0.15366441504519E-02
  0.73433669506317E-04  0.57775764278267E-04 -0.13131529333741E-02
  0.40408959541150E-04 -0.31768502740220E-04 -0.15407409874473E-02
 -0.12640307861540E-03  0.47723404315022E-04 -0.14135535328014E-02
  0.41354136658399E-04  0.60833477133970E-04 -0.14927214142126E-02
 -0.11487011363603E-03  0.51036852098380E-04 -0.14304169770837E-02
  0.22859090378364E-04  0.49440487513995E-04 -0.14998906871465E-02
 -0.99028721515271E-04  0.50040744157737E-04 -0.14403867737484E-02
 -0.64392833093468E-04 -0.17549594643941E-04 -0.14876556133266E-02
  0.23585697414392E-04 -0.13116885389655E-04 -0.15333049970553E-02
 -0.80861418983868E-04  0.46096584004113E-04 -0.14491759955179E-02
  0.49877578156100E-05  0.37715467056758E-04 -0.15057155794478E-02
 -0.60828324081333E-04  0.37227663574630E-04 -0.14615208884616E-02
  0.22489969084620E-05  0.34644586297178E-06 -0.15177967083421E-02
 -0.15227672186355E-04  0.22952616159832E-04 -0.15093049745065E-02
 -0.38702190000769E-04  0.26423672735590E-04 -0.14783968209727E-02
 -0.53142609998496E-04 -0.42856783373426E-05 -0.15021950972715E-02
 -0.12573086154342E-03  0.42518935242822E-04 -0.13851640901349E-02
  0.55606718428012E-04  0.71026673461993E-04 -0.14839880707734E-02
 -0.11657729803195E-03  0.35637331392337E-04 -0.13466443292821E-02
  0.40617420651369E-04 -0.80464714516991E-04 -0.15057711864508E-02
 -0.74733763000314E-04 -0.25847486866211E-04 -0.14489936307908E-02
  0.83457357681927E-04  0.71015885123630E-04 -0.13705795982695E-02
  0.28887389082044E-04 -0.96906449502748E-04 -0.14725353953006E-02
  0.44246531863891E-04 -0.92426762244166E-04 -0.14794611887537E-02
  0.17262520615713E-04 -0.11172574802346E-03 -0.14478123616504E-02
  0.86231023899662E-04  0.80004397137779E-04 -0.14171630314338E-02
 -0.45483295434416E-04  0.30676461806910E-04 -0.12448231471656E-02
  0.51370569188614E-04 -0.72893068569962E-04 -0.15120663770626E-02
  0.81438586657373E-04  0.83178104104972E-04 -0.14499026097482E-02
 -0.73666363455499E-04  0.28517564620087E-04 -0.12678545377446E-02
 -0.72010018673238E-04 -0.24646803163115E-04 -0.14676447901339E-02
 -0.98447693902679E-04  0.31192448379873E-04 -0.13049215187180E-02
  0.71802819707498E-04  0.78991864957587E-04 -0.14709097576373E-02
  0.49235585070726E-04 -0.51466899294764E-04 -0.15346678606188E-02
 -0.11880570653934E-04  0.83113229579429E-06 -0.15114653113657E-02
 -0.48952336789970E-04  0.19291256287999E-04 -0.12128814452603E-02
  0.64428608859767E-04  0.35396719144142E-04 -0.12875711329216E-02
 -0.11717361569605E-03  0.56517240729205E-04 -0.14325414714355E-02
  0.97711098448949E-05 -0.74530163868854E-04 -0.14756338255521E-02
  0.52717596039925E-04 -0.31301686822846E-04 -0.15163503212626E-02
 -0.42398674614055E-05 -0.89165117880221E-04 -0.14514665939715E-02
 -0.50322594360805E-04 -0.56446017025679E-04 -0.14502698490790E-02
  0.36960864437452E-04  0.73166690531758E-04 -0.14750375112480E-02
 -0.26368181426700E-04  0.11201384579541E-04 -0.11730915738787E-02
 -0.47885468721520E-04 -0.55403367910499E-04 -0.14699007002308E-02
 -0.48221905761832E-04 -0.54800929408454E-04 -0.14391796757271E-02
  0.36816109746069E-04 -0.95490902779457E-05 -0.15123208317771E-02
 -0.73295629791445E-04  0.97584553994349E-05 -0.12409156731612E-02
  0.25901218863039E-04  0.31081814383544E-04 -0.11935797868581E-02
  0.53762396532773E-04  0.79369792237707E-04 -0.14649215717047E-02
 -0.94468810074765E-04  0.13852580248353E-04 -0.12944396709962E-02
  0.17977920137279E-04  0.99584914585014E-05 -0.14992115774235E-02
 -0.49436039942357E-04  0.80903735460737E-05 -0.11977808558001E-02
  0.23479112180965E-04 -0.60372991033004E-04 -0.15099127224109E-02
  0.56486239588265E-04 -0.55450214095689E-04 -0.15043433132293E-02
 -0.37888037901135E-04 -0.46950053471715E-04 -0.14900239436570E-02
 -0.60002249311834E-04 -0.70476317564173E-05 -0.15419348838179E-02
  0.31596768146885E-04  0.60034749894003E-05 -0.15090711009123E-02
 -0.40549100705521E-04 -0.10829314967551E-04 -0.15559470339374E-02
  0.10766466103906E-04 -0.91524112946729E-05 -0.15109161696389E-02
 -0.19968512714200E-04 -0.15486246272770E-04 -0.15671149329869E-02
  0.46471567379106E-04 -0.99889331479208E-04 -0.14429218997231E-02
  0.15964589644752E-05  0.56124471198419E-04 -0.14937109242698E-02
 -0.24566929660972E-06 -0.19596398950069E-04 -0.15742548214135E-02
 -0.91907125489901E-05 -0.21702851871216E-04 -0.15105341925083E-02
  0.17722264116030E-04 -0.23706272562975E-04 -0.15749541218767E-02
  0.54986244349364E-04 -0.78462654506352E-04 -0.14768462051522E-02
 -0.25179567862955E-04 -0.35519643736931E-04 -0.15041693057882E-02
  0.28408598563909E-04 -0.31344174144620E-04 -0.15662405294614E-02
  0.18893187333559E-04  0.65718522708215E-04 -0.14845288702811E-02
  0.29753585059420E-04 -0.46947837899853E-04 -0.15435841524181E-02
  0.49939808211671E-04  0.45074041904920E-04 -0.12359113855407E-02
 -0.17945865616175E-04  0.44721989293135E-04 -0.15014571532417E-02
 -0.11090633138169E-03  0.18465384359436E-04 -0.13503841951413E-02
  0.70350962870905E-04  0.58765651019300E-04 -0.12900812692359E-02
  0.78880317194321E-04  0.70712857382331E-04 -0.13943090715611E-02
  0.29147008663354E-04 -0.34069304795413E-04 -0.15674915880459E-02
  0.60563723848664E-04  0.55024316810852E-04 -0.14965896762256E-02
 -0.83188245674861E-04  0.58716361373957E-04 -0.14382757930111E-02
  0.36679105267259E-04 -0.48974154278298E-04 -0.15538824387691E-02
  0.45562499155385E-04  0.42366464802768E-04 -0.15033232448325E-02
  0.14826294270718E-04 -0.26425784338171E-04 -0.15680023173773E-02
  0.35372813624459E-04 -0.63895190828330E-04 -0.15262605116553E-02
 -0.10171800806187E-03  0.59493546081508E-04 -0.14364861481002E-02
  0.24605529395426E-04 -0.80954936532861E-04 -0.14919036355655E-02
  0.28620693136692E-04  0.28668403102688E-04 -0.15077140576296E-02
  0.13155011618438E-04 -0.96298199575650E-04 -0.14617405435921E-02
  0.76591399434192E-05  0.14243061621624E-04 -0.15107861074533E-02
  0.27868906510914E-05 -0.10725190478726E-03 -0.14449808859068E-02
  0.72645725975595E-04  0.55116057523922E-04 -0.13451140973848E-02
  0.75908832127277E-04  0.69262529089664E-04 -0.14858505204355E-02
 -0.63450864207185E-04  0.53732658537367E-04 -0.14425223385586E-02
 -0.55919007620216E-05 -0.18662764624704E-04 -0.15599427012785E-02
 -0.70711310054781E-06  0.23406857862037E-04 -0.14823231988351E-02
 -0.11380594579795E-03  0.24071309862398E-04 -0.14405743458086E-02
  0.66394775160321E-04  0.82035457534756E-04 -0.14512347780780E-02
  0.84912855105577E-04  0.71170308983587E-04 -0.13474852538621E-02
 -0.10446317668768E-03  0.22784383218752E-04 -0.14691097855304E-02
 -0.22499824747221E-04  0.36759413737930E-04 -0.14655580301190E-02
 -0.88472885976801E-04  0.16550442170718E-04 -0.14906432623426E-02
  0.93452382394284E-04  0.78635665937963E-04 -0.13995484073316E-02
 -0.70239653288629E-04  0.86738194484868E-05 -0.15095147551497E-02
  0.77086795825580E-04  0.78710341175419E-04 -0.14293957586204E-02
  0.92742852092650E-04  0.81226761342180E-04 -0.14398880963798E-02
 -0.48969034433205E-04 -0.85446496704876E-09 -0.15279897464146E-02
 -0.42045846708577E-04  0.46891170479815E-04 -0.14518153490991E-02
 -0.27869907557937E-04 -0.91900888523119E-05 -0.15455280951316E-02
  0.86680011330005E-04  0.77220266193765E-04 -0.14679818030653E-02
 -0.11777964933668E-03  0.22109361114149E-04 -0.14009196444471E-02
 -0.96717167421239E-05 -0.98125369835163E-04 -0.14430311440681E-02
 -0.17889895047873E-04  0.14382129363783E-04 -0.14981897778228E-02
 -0.30581798029553E-04 -0.62089248582880E-04 -0.13688100767564E-02
  0.59386564756979E-04  0.16657415242477E-04 -0.14556534322245E-02
  0.27794639711035E-04 -0.11901413635744E-03 -0.14587362104720E-02
  0.31732040448901E-04  0.62876176502111E-04 -0.14385964182662E-02
  0.58431739139154E-04  0.35075988103289E-04 -0.14708174475860E-02
  0.22671372602064E-04 -0.12483045582261E-03 -0.14470332104747E-02
  0.54329546263578E-04  0.52231799412997E-04 -0.14875801272944E-02
  0.31542606366678E-04  0.75949097423579E-04 -0.14409647681405E-02
  0.13404358994609E-04  0.69499897183855E-04 -0.14387618263370E-02
  0.19783662789032E-04 -0.13028939286175E-03 -0.14326492904776E-02
  0.48296131821298E-04  0.69133293362017E-04 -0.14362266401140E-02
  0.36534651211141E-04  0.71110874639364E-04 -0.15108478159443E-02
  0.19632757177675E-04 -0.12945296099313E-03 -0.14246366507064E-02
  0.17573266442440E-04  0.71853536363599E-04 -0.15049727207880E-02
 -0.70563374775985E-05  0.72835970285686E-04 -0.14420955081803E-02
  0.46773193311718E-04  0.64251845271572E-04 -0.15028360588336E-02
 -0.69417280434759E-05 -0.18026804694515E-04 -0.11633448530797E-02
  0.60435545177785E-04 -0.34512362103561E-05 -0.14447432769779E-02
  0.33070029553193E-04 -0.10908650589766E-03 -0.14621435132943E-02
  0.68997976185745E-04  0.63159117379811E-04 -0.14701711486789E-02
 -0.19409178083182E-04 -0.63312212650159E-04 -0.13190378196208E-02
  0.43749732369546E-04 -0.77775012188035E-04 -0.14505521307201E-02
  0.59183367917974E-04  0.74664778871040E-04 -0.14791982972598E-02
  0.60311403268526E-04  0.35446826702547E-04 -0.14354758540180E-02
  0.12004902119310E-04 -0.37301683546230E-04 -0.11829551248490E-02
  0.41061189498822E-04  0.77640510061886E-04 -0.14790138452688E-02
  0.13555237432565E-04  0.74926995453799E-04 -0.14471091526059E-02
  0.38697126512979E-04 -0.95318090014558E-04 -0.14580200373141E-02
  0.15039307452705E-04  0.74198964499919E-04 -0.14654396570776E-02
 -0.22307732784866E-05 -0.40480943578894E-04 -0.11932238247296E-02
 -0.17538549538701E-04  0.62790057142707E-04 -0.14433010249614E-02
  0.47510989928999E-04  0.51227189895653E-04 -0.14393552855010E-02
 -0.16558810171559E-04 -0.44893816637976E-04 -0.12231709020083E-02
 -0.49434038595995E-04  0.46685495245070E-04 -0.14230083235579E-02
 -0.93811576501932E-05  0.61561013352001E-04 -0.14847498089589E-02
  0.72942053229265E-04  0.49411526374365E-04 -0.14584496217237E-02
  0.75050844634646E-04  0.10124715819199E-04 -0.14406174112486E-02
 -0.38394537448874E-04  0.45598293822706E-04 -0.14582716528345E-02
  0.33981785014574E-04 -0.95788789838894E-04 -0.14764246964017E-02
  0.17976305316616E-04  0.63801654007357E-04 -0.15331777900130E-02
 -0.99926847313408E-04  0.44803336877939E-04 -0.14802242526514E-02
  0.26741983169914E-04 -0.10765772841890E-03 -0.14776326765072E-02
 -0.31153523675994E-06  0.56974557538769E-04 -0.15168590310746E-02
  0.60795353257715E-04 -0.17635534140550E-05 -0.13304607689498E-02
  0.29136022361228E-04  0.62307046393689E-04 -0.15332470034536E-02
 -0.27377048188058E-04  0.41801711752953E-04 -0.14882472399819E-02
 -0.11075846376967E-03  0.35227581078418E-04 -0.14728972447419E-02
 -0.52034223088289E-04  0.22521160110940E-04 -0.14594481399128E-02
  0.11205755450908E-04 -0.12438543348472E-03 -0.14552408920120E-02
  0.22426467805361E-04 -0.43727799707810E-04 -0.14545561926852E-02
  0.50357656722496E-04 -0.24196807053916E-04 -0.12826548898924E-02
 -0.11272875970803E-03  0.28089241772291E-04 -0.14562121279677E-02
  0.18643895807902E-04 -0.11712307555312E-03 -0.14699163862857E-02
 -0.83770371025141E-04  0.57671183191015E-04 -0.14775150711331E-02
  0.34151043667945E-04  0.52617749231935E-04 -0.15218171515704E-02
  0.42881025056816E-04 -0.82006162920593E-04 -0.14683751192069E-02
 -0.24885087103509E-04  0.74864298284254E-04 -0.14491211516110E-02
  0.72505221420924E-04 -0.11138777018408E-04 -0.14384925110803E-02
 -0.66840348369748E-04  0.28825326231103E-04 -0.14375716317159E-02
  0.40739531068260E-04 -0.35327247857934E-04 -0.14452979028149E-02
  0.66349152164244E-04 -0.28923244043848E-04 -0.14416079659068E-02
 -0.44062009541195E-04  0.70023856100078E-04 -0.14585743845132E-02
  0.42113972210135E-04 -0.14788527565963E-04 -0.14536761880507E-02
  0.66886918873194E-04  0.43315410198297E-04 -0.14096457828473E-02
  0.59040786220891E-04 -0.46651881535532E-04 -0.14486632667316E-02
  0.40431653813973E-04  0.25286754386972E-05 -0.14678317528606E-02
 -0.65089990235233E-04  0.65376367362047E-04 -0.14688974150524E-02
 -0.10242084271092E-03  0.56481547347422E-04 -0.14637764599161E-02
  0.51293442560214E-04 -0.65330599161606E-04 -0.14579337557193E-02
  0.37124110238853E-04  0.39240758712304E-04 -0.15046509627952E-02
  0.67040532162695E-04  0.21868157264580E-04 -0.13761065605535E-02
  0.60940229478415E-04  0.60134822414583E-04 -0.14280727118054E-02
 -0.69827804885428E-05 -0.65325078210631E-04 -0.12745285573068E-02
  0.49451687005055E-04 -0.61176503467800E-04 -0.14438610551868E-02
  0.76837399925393E-04  0.29811559161072E-04 -0.14479019530991E-02
 -0.12438337890116E-04  0.39890803343545E-04 -0.12407431810425E-02
  0.37529959436897E-04 -0.71345929397852E-04 -0.14408587569459E-02
  0.82775699987219E-04  0.80758447182821E-04 -0.13810038520572E-02
  0.29426001582172E-04 -0.10606287179877E-03 -0.13191415731800E-02
  0.57797516782714E-04  0.75964062536997E-04 -0.13490076147644E-02
  0.34837364864331E-04 -0.87702606176328E-04 -0.14423979164781E-02
  0.22249397261187E-04 -0.61481368249512E-04 -0.14446185777024E-02
  0.26099070894864E-04 -0.10751195812887E-03 -0.13330759013819E-02
 -0.86729022731321E-04  0.18492404866732E-04 -0.14307731292231E-02
 -0.62457565677290E-04  0.55186477838196E-04 -0.14879583028931E-02
 -0.27780254365266E-05  0.52123455111012E-04 -0.12948852401936E-02
  0.20709544075925E-04 -0.10491195224707E-03 -0.13557155559373E-02
  0.33048578641383E-04 -0.10378168169524E-03 -0.14433212992488E-02
 -0.39217180510362E-04  0.41152883462232E-04 -0.12887451540523E-02
  0.30587322047386E-04  0.64250608271915E-04 -0.13171735017480E-02
 -0.99194900174859E-04  0.13191801993274E-04 -0.14382619001818E-02
  0.20840744042614E-04  0.51089401071102E-04 -0.12574071641707E-02
 -0.80907949292114E-04  0.44186052315616E-04 -0.14924706729581E-02
 -0.48710496530951E-06  0.20259055739075E-04 -0.11715366696351E-02
  0.28817933404441E-04 -0.11958934335215E-03 -0.13704826011612E-02
  0.26850746188426E-04 -0.11482391148735E-03 -0.14044640607908E-02
  0.38665732801831E-04  0.47568336469297E-04 -0.12367107676114E-02
 -0.94848068177896E-04  0.29579493993609E-04 -0.14884488828805E-02
  0.95391486179483E-05  0.36193216029434E-04 -0.12071052093955E-02
  0.25885003112112E-04 -0.10612308746778E-03 -0.14193270210230E-02
  0.31354975922841E-04 -0.11882973857451E-03 -0.13632543580670E-02
 -0.20690150245972E-04  0.25667292486223E-04 -0.11987619625921E-02
 -0.10344536327671E-03  0.13982776438513E-04 -0.14555503371548E-02
  0.25014516265520E-04 -0.92478562718507E-04 -0.14295591394737E-02
  0.74502197564173E-04  0.74118406535062E-04 -0.13327871313855E-02
  0.39908709755520E-04 -0.52583236467637E-04 -0.14414041076456E-02
  0.49827861874705E-04  0.64079406954482E-04 -0.12910466839889E-02
  0.22846313592101E-04 -0.77727781589640E-04 -0.14368827738121E-02
  0.16237861084029E-04 -0.99662112020091E-04 -0.13815781112491E-02
  0.95495252116144E-04  0.71086181910381E-04 -0.14320918294015E-02
  0.34070327986893E-04 -0.73206700567700E-04 -0.12773710515659E-02
  0.31121789550624E-04 -0.11685186759104E-03 -0.14394715645005E-02
 -0.23650365028421E-04  0.71214754011583E-04 -0.14669391825609E-02
  0.44941467155629E-05 -0.84801994545321E-04 -0.13308440580643E-02
  0.65960900610247E-04  0.81069732813779E-04 -0.14467279098707E-02
  0.57733616791631E-04 -0.24407724394003E-04 -0.14395539180318E-02
  0.40964421940180E-04  0.79731214105038E-04 -0.14345492585546E-02
 -0.46028270399606E-05 -0.79996974634310E-04 -0.13680476683721E-02
  0.63101377436115E-04 -0.12098900759383E-04 -0.13876136672806E-02
  0.10071537215780E-04  0.71025297864588E-04 -0.14144009223698E-02
  0.15775035312038E-04 -0.63243740776644E-04 -0.12221763546264E-02
 -0.23818679050945E-04  0.59036945891324E-04 -0.13939504471929E-02
  0.54487329267163E-04 -0.41879994942370E-04 -0.14395912748098E-02
 -0.49371295548957E-05  0.74563990710478E-04 -0.14559483531525E-02
 -0.58158704140338E-04  0.45164535957845E-04 -0.13828424990937E-02
  0.63941326966421E-05 -0.65084018224673E-04 -0.12406019338911E-02
  0.67138998885000E-04  0.12183417226261E-04 -0.14196099728771E-02
  0.79141927515499E-04  0.73357370647487E-04 -0.14497885563256E-02
  0.20553561979687E-04 -0.24960424868520E-04 -0.14673935213520E-02
  0.26879130457693E-04 -0.12927771801303E-03 -0.14020457340828E-02
  0.86857214606985E-04  0.61665645376898E-04 -0.14469987327273E-02
  0.84781549063012E-04  0.80323657888201E-04 -0.14209923353142E-02
  0.11700925482218E-04 -0.90907278256579E-04 -0.14058652112446E-02
  0.64847527913147E-04  0.81495428046974E-04 -0.14027304974081E-02
 -0.43336165907029E-04  0.63788342509683E-04 -0.14784302215520E-02
  0.61587356946942E-05 -0.80128077843919E-04 -0.14268941771073E-02
  0.37969756067247E-04  0.75072654256913E-04 -0.13788002418922E-02
  0.27619472644964E-04 -0.12317004309252E-03 -0.14289958293300E-02
  0.46388666696483E-04 -0.56298197486944E-04 -0.13046957884532E-02
  0.39410353001520E-05  0.63916357560034E-04 -0.13552613325192E-02
  0.28057379327333E-04 -0.83432443834187E-04 -0.12673004214538E-02
 -0.31444673150273E-04  0.50647072635321E-04 -0.13404485847811E-02
  0.26600458837403E-04 -0.12638369358076E-03 -0.14139857680806E-02
  0.21362223457015E-04 -0.86762754291730E-04 -0.12751343821893E-02
  0.89425349483900E-04  0.43210431997439E-04 -0.14432102221470E-02
  0.58066759071742E-04 -0.37363334347214E-04 -0.13452242843598E-02
  0.12819668248398E-04 -0.87245830885556E-04 -0.12979846026555E-02
  0.92402509509900E-05 -0.12571638430383E-03 -0.14417581388412E-02
  0.40613385312104E-04  0.23188649270881E-04 -0.14855770341355E-02
 -0.89133848554196E-04  0.24823764435222E-05 -0.14388459386155E-02
 -0.20512899635829E-04 -0.10582221661162E-04 -0.15378094822108E-02
  0.49026412228349E-04 -0.45723040625308E-04 -0.14863959005856E-02
  0.45337743229250E-05 -0.11209407586866E-03 -0.14715149987633E-02
 -0.94324958161595E-04 -0.59123406250146E-07 -0.14497774510603E-02
  0.25575511212391E-05  0.14399663737079E-04 -0.15389537614952E-02
  0.61083860340397E-04 -0.47539917351584E-04 -0.14076044593050E-02
  0.12894640428781E-04 -0.10324666012885E-03 -0.14851184676389E-02
 -0.15530559605643E-04  0.24943166704185E-05 -0.15530213054337E-02
 -0.90295387318749E-06 -0.12644497357180E-05 -0.15211792856972E-02
 -0.25574181104677E-04  0.71021692943884E-04 -0.14400309832753E-02
  0.35909646705386E-04 -0.59904471931378E-04 -0.14942705018605E-02
  0.54922749855354E-05  0.27857466597510E-04 -0.15533347629343E-02
 -0.84017815244533E-05  0.14198264550136E-04 -0.15645062555356E-02
  0.24626893086290E-04 -0.92405602798674E-04 -0.14899313102031E-02
  0.53235508991979E-04 -0.70604989131512E-04 -0.13687266618837E-02
 -0.94993108797777E-06 -0.32806225870961E-04 -0.14832325013324E-02
 -0.40937623637831E-04  0.49443932930294E-04 -0.14957678397580E-02
 -0.12234884093011E-04 -0.75358059739741E-04 -0.14049109945576E-02
  0.13498624697288E-06  0.22963992533098E-04 -0.15715642664474E-02
  0.20422058564177E-04 -0.73941435716276E-04 -0.14984097259940E-02
  0.35226330216706E-04 -0.78768072909081E-04 -0.14864745756971E-02
 -0.14363539938866E-06 -0.49635272280006E-04 -0.14644617681395E-02
 -0.44781159852292E-04  0.69429495849113E-04 -0.14434831405964E-02
  0.42848425781913E-04 -0.86906394710679E-04 -0.13366326604220E-02
 -0.11902394452689E-05 -0.16646592439051E-04 -0.15021453220597E-02
 -0.58944302987553E-04  0.39490274283836E-04 -0.15006080898074E-02
  0.65442818762986E-04 -0.21637739528522E-04 -0.14399844024473E-02
 -0.65057298377582E-05  0.62779604385602E-04 -0.14403195655939E-02
  0.32517687135611E-04  0.42490522362753E-04 -0.14514890368897E-02
 -0.18420744981230E-04 -0.64966795503341E-04 -0.14390146560775E-02
  0.92096743552008E-04  0.23507700597738E-04 -0.14497859296732E-02
 -0.59075189205548E-04 -0.16808140157224E-04 -0.14451707574572E-02
 -0.89541351401722E-04  0.12330479765501E-04 -0.14866223209463E-02
 -0.76132020376275E-04  0.24728064623586E-04 -0.14982059191493E-02
 -0.41623133269173E-04 -0.46849361109485E-05 -0.14665441484191E-02
  0.97745075086676E-04  0.42553583569292E-04 -0.14437634203590E-02
  0.13416302452101E-04  0.54886463679767E-04 -0.14445847477505E-02
 -0.23151759931885E-04 -0.53315329653942E-04 -0.14696070874629E-02
  0.48762774259883E-04  0.25911094183388E-04 -0.14575091583401E-02
 -0.21364604150353E-04  0.11175000656433E-04 -0.14994683062473E-02
  0.74759219430728E-04 -0.13133387994552E-04 -0.14666589372935E-02
  0.98983384158076E-04  0.56907404401793E-04 -0.14386868402087E-02
 -0.13703435179211E-05  0.28060019678099E-04 -0.15329688437623E-02
 -0.24134234058088E-04 -0.36578639635771E-04 -0.14964038426596E-02
  0.60876238048995E-04  0.44812123435181E-05 -0.14562968785945E-02
  0.93982380280530E-05  0.38418695357855E-04 -0.15564002979633E-02
  0.61902622113147E-04 -0.29674331139925E-04 -0.14768702838611E-02
 -0.21183879929018E-05 -0.11385875260895E-03 -0.14439747733029E-02
 -0.93975104035823E-04  0.43422219701258E-05 -0.14683466125781E-02
  0.12592270966375E-04  0.41548330767034E-04 -0.15652720737486E-02
 -0.24393824859006E-04 -0.23904050008412E-04 -0.15189205212469E-02
 -0.22859875049984E-05 -0.11628300290066E-03 -0.14547191286797E-02
  0.10331059411533E-04  0.36985423254933E-04 -0.15625224308298E-02
  0.26593870051635E-05 -0.65982861507340E-04 -0.14459634814784E-02
  0.67001339615554E-05  0.27629777364840E-04 -0.15733284342994E-02
  0.83684509508870E-04  0.54489697156136E-05 -0.14573209839492E-02
  0.25734933613447E-04 -0.56123867783455E-04 -0.12232900816790E-02
 -0.10785449926340E-03  0.22950055481107E-04 -0.14355663653678E-02
 -0.84657184362297E-04  0.64989738674954E-04 -0.14581871709296E-02
  0.55643028817241E-05  0.48421562355968E-04 -0.15401278863430E-02
 -0.32596217732902E-05 -0.96175099870768E-04 -0.14832551586763E-02
 -0.21607876795890E-04  0.61819187971125E-04 -0.14865145951523E-02
  0.19709359729262E-04  0.26035800441690E-04 -0.15222155918792E-02
 -0.77654741241190E-04  0.33136425143294E-04 -0.14136237226442E-02
 -0.64756849505551E-05  0.30195933459190E-05 -0.15173031347434E-02
  0.75920097643426E-05  0.18976435502529E-04 -0.15489112234352E-02
  0.76200745499780E-04 -0.13341415364616E-04 -0.14477877699754E-02
 -0.41879591566849E-04 -0.26408628719952E-04 -0.14523658440600E-02
  0.88081854014355E-04  0.26336477930966E-04 -0.14411623170841E-02
  0.45896682126905E-04 -0.65199678776045E-04 -0.14773474707068E-02
  0.19275348191893E-04  0.49920381394863E-04 -0.15500846358723E-02
  0.83255031645438E-04  0.51470798133350E-05 -0.14424098443850E-02
 -0.12415726839831E-04 -0.10207503675168E-03 -0.14653942854745E-02
 -0.24709689983392E-04 -0.12284542306233E-04 -0.14810530646190E-02
 -0.98518052143541E-04  0.26276297895940E-04 -0.14187111679395E-02
  0.16985458103471E-04  0.54216087137997E-04 -0.15524113686001E-02
  0.19571988679902E-04  0.11034262225646E-04 -0.15029525717337E-02
  0.38289589762313E-04 -0.43791919793486E-04 -0.12442487764082E-02
 -0.14263029414463E-04  0.35314963130182E-04 -0.15130379339404E-02
  0.20497730128211E-04 -0.86031003851708E-05 -0.14839470276431E-02
 -0.20336910848493E-05  0.68584662142996E-04 -0.14756049691313E-02
 -0.58289212377060E-04  0.35948651713936E-05 -0.14533389699351E-02
 -0.73104901120971E-04  0.11398841965842E-04 -0.14417230181717E-02
  0.67290941869575E-04 -0.31442758819594E-04 -0.14563159317736E-02
 -0.36308241619798E-04  0.17853200347657E-04 -0.14799760460680E-02
  0.80128044312911E-05 -0.84999771870631E-04 -0.14951981614551E-02
  0.56854279762532E-04 -0.48994295566095E-04 -0.14668179786756E-02
  0.20991332769852E-04  0.41170557658366E-04 -0.15384214421442E-02
  0.11697467387332E-04  0.26208356047044E-04 -0.15676165855633E-02
 -0.14603234424210E-04 -0.10069829875669E-03 -0.14493307854692E-02
  0.10968492615695E-04 -0.12121353128535E-03 -0.14379059949827E-02
 -0.64948416249637E-04  0.68183712819833E-04 -0.14502364513414E-02
  0.33375680560590E-04 -0.99356892767501E-04 -0.13195896096753E-02
  0.40298325944960E-04 -0.89720341144418E-05 -0.97271271606122E-03
 -0.14187586965441E-05 -0.30962452344390E-06  0.40751802843891E-05
  0.29761337092898E-04 -0.92749891706060E-05 -0.25594323520817E-03
 -0.90600535021965E-05  0.40882523086481E-04 -0.12096565129599E-03
  0.15877333785606E-04 -0.26597677715655E-05 -0.98437937093323E-03
  0.66177214114917E-04  0.13352670044070E-05 -0.27171964439965E-03
  0.60537009526408E-04 -0.10352709790853E-04 -0.98083442878310E-03
 -0.10803812678698E-04  0.42253488428628E-04 -0.14141643815241E-03
 -0.90609014019483E-05 -0.33780622519208E-05 -0.98377272236108E-03
 -0.31573243112329E-05  0.42773572549889E-04 -0.14654944578302E-03
 -0.13669687594327E-04  0.14413200734713E-04 -0.98562996199217E-03
  0.25237515357400E-04 -0.17036657344353E-04 -0.97275549221025E-03
 -0.25475388633954E-04  0.15611846489518E-04 -0.98434731623941E-03
 -0.35524375826133E-04  0.16406477097032E-04 -0.98411537048304E-03
 -0.32471641505723E-04 -0.25224405649725E-04 -0.11720328805513E-03
 -0.68222462488074E-05  0.91661264581521E-05 -0.29561571746006E-04
 -0.65431409978633E-05  0.51151877882560E-05 -0.98415614968343E-03
 -0.28637665242269E-04  0.82786949732587E-05 -0.98430112550805E-03
 -0.13550447689584E-04  0.28306204940576E-04 -0.82065812293307E-04
  0.20847727024900E-04  0.18481875163943E-04 -0.16577148054930E-03
 -0.15861666732880E-04  0.22064046541844E-04 -0.98526744150755E-03
  0.38139376241842E-04 -0.88735496541262E-05 -0.98441964941596E-03
 -0.19798542347613E-04  0.20168556049229E-04 -0.98482475512017E-03
 -0.78713595139752E-05  0.20773865598505E-04 -0.52334280619599E-04
 -0.99782158039767E-05  0.32679028274707E-04 -0.87516341402971E-04
 -0.33055233907006E-04 -0.16139409294274E-04 -0.15808730341780E-03
  0.48167800404359E-04 -0.96274951335549E-05 -0.98392824784272E-03
 -0.88328939533254E-05  0.24894237752333E-04 -0.98482331933965E-03
 -0.16999964062399E-04 -0.15729828505157E-04 -0.56285044474904E-04
 -0.19823755610468E-04  0.24325385430948E-05 -0.98393100860491E-03
  0.74584246060339E-05  0.34680084691276E-04 -0.16060041247407E-03
 -0.16639983422945E-04  0.10725582820825E-04 -0.98411926027333E-03
 -0.12595814384536E-04  0.15873929046656E-04 -0.60576063853253E-04
  0.27958584921666E-04 -0.63929624395963E-05 -0.98419980158989E-03
 -0.12477628382193E-04  0.21403158932934E-04 -0.16349767379014E-03
 -0.56512294103341E-06  0.30022993736856E-04 -0.98566186011174E-03
 -0.19042565706625E-04  0.16632917576600E-04 -0.98475049362609E-03
  0.44406594938231E-05  0.87605084743433E-06 -0.98464727357140E-03
 -0.14102300256266E-04  0.39307301243991E-04 -0.11339713211924E-03
 -0.49251149326505E-05 -0.59075720145776E-05 -0.12707078107296E-04
  0.56497505631395E-04 -0.10455699932729E-04 -0.98259916306351E-03
  0.64132752567046E-04 -0.20088678692978E-04 -0.18771342365209E-03
 -0.11223225469531E-04 -0.88110097540218E-05 -0.33173444061049E-04
  0.14787770422063E-04 -0.11990298790752E-04 -0.98437094234146E-03
  0.99060583449724E-04 -0.26608514306353E-04 -0.22937942356626E-03
  0.63816641927429E-05  0.67470374741452E-05 -0.98442199329464E-03
 -0.94424294205322E-05  0.50309429495173E-04 -0.98648817175940E-03
 -0.63682922717810E-05  0.24518779734535E-04 -0.62298107757914E-04
  0.92563382486206E-05  0.79911846144233E-04 -0.16453285101404E-03
 -0.27701041102300E-04  0.16802920361733E-05 -0.16392042349430E-03
  0.94647799843437E-04 -0.60417290459350E-04 -0.18838547361281E-03
  0.17630225279653E-04  0.46278371508838E-05 -0.98473965028263E-03
  0.58309735430398E-04 -0.19908317033067E-04 -0.98324510363483E-03
 -0.57996708385070E-05  0.35865638145405E-04 -0.95616947901136E-04
 -0.12815676843143E-04  0.35301311716268E-04 -0.98523682588206E-03
 -0.16503142031209E-04  0.44314170860219E-04 -0.98501922813689E-03
  0.70310595895943E-04 -0.51881262673949E-04 -0.16741870602336E-03
  0.28427088793376E-04  0.16095254222593E-05 -0.98449168852905E-03
 -0.26171888682858E-05  0.42223501716989E-04 -0.12554795756923E-03
 -0.19136025730265E-04  0.25801621819533E-04 -0.16836617936761E-03
  0.63522138854652E-04 -0.21083995446433E-04 -0.98120153207005E-03
 -0.19877980576813E-04  0.31065736661947E-04 -0.98508456102616E-03
 -0.37810144936779E-04 -0.21954218036263E-04 -0.14190037306304E-03
  0.12781315834488E-03 -0.48780018619743E-04 -0.23949302640024E-03
  0.12798743000733E-03 -0.20107558398841E-04 -0.32365524170860E-03
 -0.22529530579464E-04  0.19134452512820E-04 -0.98469334372182E-03
 -0.25923582644796E-04  0.23941718017743E-04 -0.98434973270849E-03
  0.15924005900295E-03 -0.90895949031789E-05 -0.33554150732219E-03
 -0.42019578631124E-05 -0.96361510811691E-06 -0.84936129263742E-05
  0.62015431915407E-04 -0.30292974973213E-04 -0.97491298173465E-03
 -0.27010329271707E-04 -0.20082603840655E-04 -0.86614786004373E-04
  0.50013115512669E-04 -0.20052278113419E-04 -0.98447234512486E-03
 -0.14657554586960E-04  0.15200731274999E-04 -0.98477862379821E-03
  0.39754506476424E-04 -0.43779908356850E-04 -0.97331616082311E-03
  0.15794097686484E-03 -0.23105809261995E-04 -0.30518254614316E-03
 -0.24279820689815E-04  0.27908999361759E-04 -0.98530250253377E-03
  0.64839551850851E-04 -0.24868599683930E-04 -0.97814748709448E-03
 -0.45405833828046E-05  0.11158934624820E-04 -0.98455801204467E-03
  0.85382511181901E-04 -0.43989454838229E-04 -0.31214450403220E-03
 -0.45075473736944E-05  0.14352557902785E-04 -0.30576536280918E-04
 -0.33171550387451E-05  0.56672199669614E-05 -0.10329780356988E-04
  0.50683567501957E-06  0.50015915821572E-04 -0.16119376189907E-03
  0.38073189210861E-04  0.33351435131997E-06 -0.98466584234055E-03
 -0.40881438207211E-05  0.40534975116626E-04 -0.98627981449312E-03
  0.60097458460824E-04  0.21084777802367E-05 -0.97811623347367E-03
  0.53286740059212E-04 -0.37669171236461E-04 -0.97374697040310E-03
  0.15163296204678E-03 -0.51479706190816E-05 -0.32909393284014E-03
  0.10342224989925E-03  0.19120921955229E-04 -0.27836197077994E-03
 -0.32028470548570E-04  0.29514895372575E-04 -0.98468737177736E-03
  0.60096217175255E-04 -0.15614070730351E-04 -0.97439629389125E-03
 -0.20354020878870E-04 -0.11951681232330E-04 -0.63055862160665E-04
  0.13037530270918E-04  0.19767454308664E-04 -0.16537014584048E-03
  0.57643916026141E-04  0.11325895175261E-05 -0.97513016041933E-03
  0.13855548881019E-03 -0.16787905357859E-04 -0.29165533202265E-03
 -0.13644854411220E-05  0.35139938764178E-04 -0.15822151252014E-03
  0.62436905624376E-04 -0.11817425083307E-04 -0.97782590059679E-03
  0.50797504283936E-04 -0.26610311540266E-05 -0.97317216459424E-03
 -0.30564249049251E-04  0.22650024606233E-04 -0.98417768329787E-03
  0.24535196049055E-05 -0.84482919696217E-05 -0.98413454890465E-03
  0.10942409967669E-03  0.13459922490817E-04 -0.30476840113397E-03
  0.12836583844768E-03  0.20574926144470E-04 -0.31578764030087E-03
 -0.88049540241613E-05  0.45333606029853E-07 -0.30115482617484E-04
 -0.36987570611599E-04 -0.21818904277653E-04 -0.11938325821476E-03
  0.58474603177532E-04  0.17421411834183E-05 -0.98062394431096E-03
  0.49374430837312E-04 -0.29974754360919E-04 -0.16333778427086E-03
  0.30870045500686E-05  0.43036934348142E-04 -0.14736165192902E-03
  0.39326630195750E-04 -0.18461140840288E-04 -0.98480722657310E-03
  0.79016230994086E-04 -0.18237305761623E-04 -0.28702789364448E-03
 -0.24690043032732E-04  0.38992522366807E-04 -0.98443959678664E-03
  0.47542095962929E-04  0.25959551196000E-06 -0.98425275312580E-03
  0.14060170895209E-04  0.38086734647467E-04 -0.16502623829317E-03
  0.61708826822470E-04  0.20622243148806E-04 -0.22457497745764E-03
 -0.39322937768281E-04 -0.12679952510799E-04 -0.16056055468053E-03
  0.30245748045358E-04 -0.42623222983786E-05 -0.16553540813093E-03
  0.54063513618091E-04  0.41771485581176E-06 -0.98288717898732E-03
  0.27345199034891E-04 -0.16209014467518E-04 -0.98448390600884E-03
  0.31269244034917E-04  0.28606335957740E-04 -0.18729857581399E-03
 -0.29758480325862E-04  0.34355172685927E-04 -0.98505382692346E-03
  0.12327517449027E-03 -0.70098979932504E-05 -0.31538441809451E-03
  0.51855190624973E-04 -0.21053894656092E-04 -0.97288217527581E-03
  0.40472821884800E-04 -0.27960890564794E-04 -0.97253974410948E-03
  0.39308935742205E-04 -0.12442741393237E-05 -0.17107733838124E-03
  0.69828647289058E-05  0.11135326520396E-04 -0.37959162087331E-04
 -0.10659698638592E-05  0.40228391794151E-05  0.12611424532360E-05
  0.28439726544930E-04 -0.21329960056897E-05 -0.61666382643474E-04
  0.11071062154187E-04  0.11725664728489E-04 -0.98522757364770E-03
  0.38403630235454E-04 -0.27491504136101E-05 -0.92043777198045E-04
  0.15600563640493E-04  0.23531158175683E-04 -0.98522724239508E-03
  0.46141123138205E-04 -0.31594095852352E-05 -0.12206010735292E-03
  0.19744703012713E-04  0.35985126001620E-04 -0.98516355426111E-03
  0.49183965024699E-04 -0.24268759451313E-05 -0.14675601414524E-03
  0.21877994899669E-04  0.47597943884318E-04 -0.98513741340327E-03
  0.43073545327697E-04 -0.69101538480440E-07 -0.16517703014104E-03
  0.22961548924060E-04  0.59362730679096E-04 -0.98447011708768E-03
  0.26408739923815E-04  0.61995179064766E-05 -0.17845466247122E-03
  0.36884585660856E-04 -0.28822913484673E-04 -0.98512426809105E-03
 -0.74905947080051E-05 -0.77408800847894E-05 -0.16457760150330E-03
  0.25108838525246E-04 -0.33412094164924E-04 -0.98551135548496E-03
  0.65517809285104E-05 -0.29451650927065E-06 -0.98487990371844E-03
 -0.24638241462145E-04 -0.37163928034665E-04 -0.15055937364553E-03
 -0.19403879568783E-04 -0.31998979727051E-04 -0.10264609421447E-03
  0.26150463362803E-05 -0.35098824905487E-04 -0.98543830938862E-03
 -0.42257051421437E-05 -0.15294251248465E-04 -0.49394838138515E-04
 -0.45930797947049E-05 -0.34234162101983E-04 -0.98542380617097E-03
  0.81655447779717E-05 -0.63046971486308E-05 -0.29020863044918E-04
 -0.58547085473307E-05 -0.28048501001741E-04 -0.98609441999073E-03
  0.17799249774277E-04 -0.39792409900818E-05 -0.39135665616044E-04
 -0.33212534641630E-05 -0.18298398620044E-04 -0.98585972799100E-03
  0.28309058458936E-04 -0.53048085061603E-05 -0.63930860229810E-04
 -0.22578792796704E-06 -0.62915312289155E-05 -0.98565385221168E-03
  0.38490646753923E-04 -0.68486555456341E-05 -0.93856516394811E-04
  0.29553781099464E-05  0.60370551236651E-05 -0.98522440216567E-03
  0.44660860212709E-04 -0.70250509381127E-05 -0.12361394213770E-03
  0.64533724669788E-05  0.18542340742249E-04 -0.98496436373712E-03
  0.12934586011290E-04 -0.35002020766437E-04 -0.98543442335829E-03
  0.18920874005759E-04 -0.12362757913137E-05 -0.35255428667406E-04
  0.25675344939054E-05 -0.10948707507255E-04 -0.98502288736926E-03
  0.11507357486065E-04 -0.10819195812857E-05 -0.17662862472956E-04
  0.40336896215464E-05 -0.11176824589376E-04 -0.98522189302016E-03
  0.73533381654380E-05  0.88165208746553E-06 -0.22782167067530E-05
  0.88727595533364E-05 -0.38962464112153E-05 -0.98470288535309E-03
  0.10807561645028E-04  0.13255114443159E-05 -0.13385317170438E-04
  0.14457900477608E-04  0.55609692751643E-05 -0.98481577385571E-03
  0.17631740821791E-04  0.13608232614967E-05 -0.32103082397149E-04
  0.20088283762110E-04  0.15738371998055E-04 -0.98496487063274E-03
  0.27045358483232E-04  0.39486955352052E-06 -0.58710873928809E-04
  0.25381909443386E-04  0.26747324750606E-04 -0.98519377483320E-03
  0.37563815360952E-04 -0.68536994369798E-07 -0.91130314520441E-04
  0.29784867706675E-04  0.38418719505700E-04 -0.98498678660534E-03
  0.47155479081649E-04  0.13527858338214E-05 -0.12718506493851E-03
  0.32784695889026E-04  0.49145062092544E-04 -0.98409467396261E-03
  0.52842584263129E-04  0.65838373905859E-05 -0.16521266189638E-03
  0.34203361073518E-04  0.59253382930788E-04 -0.98264714232823E-03
  0.48056889994805E-04  0.18026788657331E-04 -0.20166972828455E-03
  0.32775060783071E-04  0.66869224676990E-04 -0.98066895252644E-03
 -0.12129506181577E-05 -0.20191277907289E-04 -0.98576661181515E-03
  0.64662385229762E-05 -0.23467458862149E-05 -0.10613208085565E-04
 -0.36286283214195E-05 -0.25167535147439E-04 -0.98587826294861E-03
 -0.17045345885615E-05 -0.85738829948083E-05 -0.23426693073087E-04
 -0.26901168423178E-05 -0.26392922622525E-04 -0.98562544748882E-03
 -0.14534025321352E-04 -0.23150097549053E-04 -0.69368472074059E-04
  0.45920323222258E-04 -0.64043621184271E-05 -0.14673354293889E-03
  0.53645200790214E-05 -0.26475376987795E-04 -0.98525002632569E-03
  0.15366041328020E-04 -0.24884345795021E-04 -0.98521019924775E-03
 -0.20257290615457E-04 -0.22424253235255E-04 -0.16065220373578E-03
  0.26270123737933E-04 -0.21877965647320E-04 -0.98507483099156E-03
  0.71041399593848E-05  0.22083117997235E-04 -0.16207566104748E-03
  0.36317720401774E-04 -0.16549368631641E-04 -0.98519825765725E-03
  0.29858627767870E-04  0.37035527957912E-04 -0.23461057703790E-03
 -0.25781360977230E-04 -0.35370145481046E-04 -0.12895971500481E-03
  0.48293237687515E-05 -0.45078142388976E-06  0.20719195025486E-05
  0.91348036855691E-05  0.31160393471672E-04 -0.98467166835168E-03
  0.10778911858381E-04  0.43565990905869E-04 -0.98502166588895E-03
 -0.12963226392642E-04 -0.33314122341518E-04 -0.98706098023361E-03
  0.40878020847230E-04 -0.17167093727572E-04 -0.12275942480269E-03
 -0.13361357664767E-04 -0.22062519379624E-04 -0.98684086220585E-03
  0.40421915198801E-04 -0.17655575598366E-04 -0.14438324449776E-03
 -0.13029317865539E-04 -0.91824392473948E-05 -0.98589323635048E-03
  0.30904284687147E-04 -0.16577457852847E-04 -0.15776790031679E-03
 -0.12871016589856E-04  0.38587823916001E-05 -0.98509666024960E-03
  0.12162189250181E-04 -0.14510326514289E-04 -0.16395851935189E-03
 -0.12369297175640E-04  0.18257066712934E-04 -0.98498228796584E-03
 -0.13288752073196E-04 -0.97112985378541E-05 -0.16440805795843E-03
  0.38087529468745E-04 -0.55498872995488E-04 -0.98243243513874E-03
 -0.44143060477234E-05 -0.48174665777030E-04 -0.21072829443024E-03
  0.21662091911285E-04 -0.57492617569188E-04 -0.98238547845183E-03
 -0.16898049101062E-05 -0.60992729582426E-04 -0.20043014078310E-03
  0.31816927418652E-04 -0.18004899424213E-04 -0.10145953338462E-03
  0.54452031001298E-05 -0.54515278537434E-04 -0.98349379403571E-03
 -0.76281808157531E-05 -0.47870146327703E-04 -0.98494148497176E-03
  0.36522426347159E-04 -0.30885239718217E-04 -0.14920760963078E-03
 -0.15714787142882E-04 -0.40541970283171E-04 -0.98615136754161E-03
  0.40490116598647E-04 -0.25017164372348E-04 -0.15167770062963E-03
 -0.19207766221210E-04 -0.30721274807887E-04 -0.98700710275756E-03
  0.30979954718390E-04 -0.23106486921698E-04 -0.15852482750922E-03
 -0.21431878968938E-04 -0.18111622346320E-04 -0.98652061713530E-03
  0.99594414424116E-05 -0.21010730593570E-04 -0.16188932069334E-03
 -0.22281941675754E-04 -0.40692555319328E-05 -0.98587434854134E-03
 -0.17231951876283E-04 -0.17969003624846E-04 -0.16179167044116E-03
  0.44611198879778E-04 -0.57832884885049E-04 -0.97977130447660E-03
  0.24161762492713E-04 -0.43037926796587E-04 -0.24648409234067E-03
  0.27973759198758E-04 -0.60138375456897E-04 -0.98027638088869E-03
  0.14882277826035E-04 -0.78996999184290E-04 -0.26608001301434E-03
  0.19014860316841E-04 -0.46040908622913E-04 -0.16778171431195E-03
 -0.93719009961974E-05 -0.42341986614415E-04 -0.98580927130807E-03
  0.13696508889242E-04 -0.24865783081248E-04 -0.10196415405488E-03
  0.20604039449153E-06 -0.48074790813099E-04 -0.98479687816655E-03
  0.21903298878906E-04 -0.25578860316943E-05 -0.16612781476384E-03
  0.46687972083157E-04 -0.35187521150869E-04 -0.98503169969044E-03
  0.10129908582385E-04  0.12844172502500E-04 -0.16604913364705E-03
  0.35138832457327E-04 -0.40238726578943E-04 -0.98543166167123E-03
 -0.18002707890123E-04 -0.31200392855796E-04 -0.16743631523591E-03
  0.22160071126824E-04 -0.43076070514891E-04 -0.98501908194682E-03
 -0.20912294475373E-04 -0.40751958845180E-04 -0.13868643208382E-03
  0.84681864334990E-05 -0.43823247492948E-04 -0.98480242177212E-03
 -0.67254619447534E-05 -0.25810897390535E-04 -0.86910659863379E-04
 -0.34336196547810E-05 -0.41199343655511E-04 -0.98531527516054E-03
  0.10297618122813E-04 -0.12762282875129E-04 -0.57401793443710E-04
 -0.86171975269081E-05 -0.35719741979142E-04 -0.98613448235121E-03
  0.25122852986515E-04 -0.95802228490384E-05 -0.66164468084990E-04
 -0.88013796555988E-05 -0.25876408570855E-04 -0.98677269380977E-03
  0.36390906125547E-04 -0.10884631737683E-04 -0.94118065167517E-04
 -0.69697478286539E-05 -0.13616546660246E-04 -0.98632330928852E-03
  0.43051704935647E-04 -0.12197267604241E-04 -0.12307796259460E-03
 -0.69423449799829E-05 -0.41380525270655E-04 -0.13748169702961E-03
  0.15001063855760E-04 -0.51558687340810E-04 -0.98392651679539E-03
 -0.17689138535971E-04 -0.47396972854741E-04 -0.17524437270315E-03
  0.30535435711801E-04 -0.50534625829791E-04 -0.98414792490546E-03
 -0.32700487353182E-05 -0.17842331125801E-04 -0.18084480716645E-03
  0.44522631526574E-04 -0.46680055784508E-04 -0.98436942738781E-03
  0.38284085247423E-04 -0.45989139061435E-05 -0.16117206690610E-03
 -0.83047088997995E-05 -0.42375609512347E-05 -0.16461243779808E-03
  0.16633604312426E-04 -0.69038484477064E-05 -0.16595714800206E-03
 -0.17235273301678E-05  0.25450197830061E-04 -0.98467754877756E-03
  0.34261056474679E-04 -0.10214205164823E-04 -0.16026905997794E-03
 -0.31658667033428E-05  0.11982275552381E-04 -0.98469454127427E-03
  0.42790877712369E-04 -0.11987415771696E-04 -0.14601813855215E-03
 -0.48046803603788E-05 -0.87974945378120E-06 -0.98553391920751E-03
 -0.26323491240351E-06  0.37891606192761E-04 -0.98478311436247E-03
 -0.17273853706890E-05 -0.15904858057685E-04 -0.98601921737602E-03
  0.70150096245285E-06 -0.48245012776488E-05 -0.60519304070524E-05
 -0.50499591659910E-05 -0.18351113612704E-04 -0.98556505569375E-03
 -0.10595045712855E-05 -0.28700121645056E-05  0.23160519361798E-05
 -0.49813153353443E-05  0.82842102912802E-05 -0.98551384305519E-03
  0.63216967387121E-06  0.70987497617477E-06  0.10934931737188E-04
  0.53364881544647E-05  0.87555237900490E-05 -0.98514683734390E-03
  0.84622185046574E-06  0.30982195536417E-05  0.76150805737208E-05
  0.16122320429890E-04  0.91013470426138E-05 -0.98500566285119E-03
 -0.16465373877040E-06  0.63233462172223E-05 -0.36387431220463E-05
  0.26826538710017E-04  0.10715586997046E-04 -0.98499296190184E-03
 -0.35942997481592E-06  0.11991723042249E-04 -0.19916500091500E-04
  0.36928963578301E-04  0.11215902765628E-04 -0.98441963057958E-03
  0.91632725874846E-06  0.18610340705614E-04 -0.43524495276006E-04
  0.43703150612469E-04  0.13520399678667E-04 -0.98448089891773E-03
  0.21636519169366E-05  0.27117853119323E-04 -0.74604634801137E-04
  0.49351399862984E-04  0.17517476505918E-04 -0.98340124226349E-03
 -0.12450200491863E-04  0.83188383796815E-05 -0.98573069008694E-03
  0.94559940428329E-05  0.38424942020643E-04 -0.11975622289396E-03
  0.25718549534556E-04  0.54728823138565E-04 -0.18565568497133E-03
  0.53695222450810E-04  0.29417969992492E-04 -0.97999251505066E-03
  0.53359001386917E-04  0.73578179359678E-04 -0.26703572961533E-03
  0.53012816671857E-04  0.33587377715703E-04 -0.97714728868299E-03
  0.81433191305308E-04  0.87150317190040E-04 -0.33210282845999E-03
  0.47553223388884E-04  0.33836991459146E-04 -0.97410895441770E-03
  0.82012460604267E-04  0.80576131349668E-04 -0.33996926067003E-03
  0.37877009986392E-04  0.31171587409771E-04 -0.97342011282213E-03
  0.51164027917307E-04  0.55177991931302E-04 -0.29747271936035E-03
  0.24998135231870E-04  0.24835086893745E-04 -0.97324994008859E-03
  0.17857131305294E-04  0.28734987089233E-04 -0.26008288551045E-03
  0.13664840616103E-04  0.11283953100282E-04 -0.98513014109344E-03
 -0.10594515875992E-04  0.11386282239705E-04 -0.16603575690649E-03
  0.44070765989266E-05  0.59841964558370E-05 -0.98464354779496E-03
  0.52634404812973E-04  0.23341949321295E-04 -0.98208351759478E-03
 -0.84882449457626E-05 -0.10425131924070E-04 -0.29160874400954E-04
 -0.14531088527920E-04  0.10389980169049E-04 -0.98480714199414E-03
 -0.23883277801091E-04 -0.22254014524784E-04 -0.86267370930165E-04
  0.67842782138372E-05  0.10070813638928E-04 -0.98437486388407E-03
 -0.20161877699447E-05  0.93493622870871E-05 -0.14720799964333E-04
  0.18357465856928E-04  0.88081925652914E-05 -0.98453154147753E-03
 -0.25333825585069E-05  0.17773113230730E-04 -0.38438082432203E-04
  0.28445242966044E-04  0.75111077206255E-05 -0.98476966290315E-03
 -0.27809179132989E-05  0.27330990793184E-04 -0.67364692331967E-04
  0.38607133109758E-04  0.72993885284648E-05 -0.98472655308281E-03
 -0.10935803571401E-05  0.36709021717063E-04 -0.97909411187401E-04
  0.46320811091425E-04  0.77044626650433E-05 -0.98455863131648E-03
  0.27253078906057E-05  0.44018764541878E-04 -0.12964888624821E-03
  0.52215962373346E-04  0.10183551352348E-04 -0.98337077068723E-03
  0.12848220041717E-04  0.50461264749201E-04 -0.16788412495125E-03
  0.56069693639739E-04  0.13714983818493E-04 -0.98094110905073E-03
  0.34632033918212E-04  0.55736216870230E-04 -0.21892379182050E-03
  0.57790974242949E-04  0.16363704482314E-04 -0.97867960057155E-03
  0.71256446816160E-04  0.60024082803891E-04 -0.28002826007811E-03
  0.55435246030295E-04  0.18171846134159E-04 -0.97594512063535E-03
 -0.12190677714059E-04  0.13486441916013E-04 -0.98509155621725E-03
 -0.33514702162442E-04 -0.27350780375964E-04 -0.14238071641641E-03
 -0.60598747366200E-05  0.14086870785178E-04 -0.98485153277172E-03
 -0.23672395052816E-04 -0.48618707022932E-05 -0.16504936434174E-03
  0.25847619841819E-05  0.18280316980166E-04 -0.98478731911997E-03
  0.41709280542305E-05  0.42654054150680E-04 -0.16076064257408E-03
 -0.30172894959165E-04 -0.24311956660759E-04 -0.15825475453625E-03
  0.10426035384377E-04  0.23645802323239E-04 -0.98598925523691E-03
  0.25636506918184E-04  0.39223663352126E-05 -0.97295775681339E-03
  0.57130863797329E-04  0.22576414537679E-04 -0.27380559134613E-03
  0.38964028362160E-04  0.11576081589780E-04 -0.97316366174673E-03
  0.95659490833104E-04  0.44402470888701E-04 -0.31326346637842E-03
  0.49580306591101E-04  0.16171608009474E-04 -0.97344526542216E-03
  0.10156149984977E-03  0.59611122141559E-04 -0.32247631404548E-03
  0.23369496516161E-04  0.69158719309893E-05 -0.25217456792426E-03
 -0.33434962547538E-05  0.40349764256004E-05 -0.98497264455411E-03
 -0.28665151793156E-04 -0.28599499972830E-04 -0.11447587690674E-03
 -0.90051562178392E-05  0.20441549627577E-05 -0.98502625910868E-03
 -0.53652543209905E-05 -0.92805617762913E-05 -0.20993070733121E-04
 -0.55273008654201E-05 -0.91238607663705E-05 -0.98556130528863E-03
  0.20968170200463E-05 -0.20119892020360E-05  0.48269964677316E-05
  0.31588168636777E-06 -0.69864424371291E-05 -0.98587229878883E-03
  0.34629989040141E-05  0.32863303844606E-06  0.10111260459677E-04
  0.82614918272547E-05 -0.20432743088258E-05 -0.98541965146262E-03
  0.41725061163207E-05  0.18914144115957E-05  0.71110799900109E-05
  0.16144741531486E-04  0.29690373791477E-05 -0.98500303112466E-03
  0.54784006562967E-05  0.27163021221554E-05 -0.52958677696096E-06
  0.22794297660810E-04  0.10435207687544E-04 -0.98495025290225E-03
  0.87133185010497E-05  0.37108921651072E-05 -0.13446738800268E-04
  0.29931730653247E-04  0.17890417420045E-04 -0.98442521888018E-03
  0.15462487402680E-04  0.38742629982139E-05 -0.35852607743070E-04
  0.35048250047509E-04  0.26708818653728E-04 -0.98441377898822E-03
  0.24685039238435E-04  0.50155938497307E-05 -0.69000283015178E-04
  0.39306937622194E-04  0.36677892001313E-04 -0.98400629791582E-03
  0.38024574152192E-04  0.10548443371068E-04 -0.11747557156647E-03
 -0.91302397845158E-05 -0.15104756386723E-04 -0.41597404081247E-04
 -0.10816597162795E-05 -0.17479499917285E-04 -0.98481060628059E-03
 -0.23989460726723E-04 -0.29972181779505E-04 -0.10332644719834E-03
  0.61327707732933E-05 -0.16262485125041E-04 -0.98486097750753E-03
 -0.27438253397955E-04 -0.30567340153534E-04 -0.15196778474957E-03
  0.15911448261482E-04 -0.14381814130914E-04 -0.98513813923288E-03
 -0.68992261472184E-05 -0.87408549758760E-05 -0.98464579281110E-03
 -0.87332753152613E-05  0.14457606761864E-05 -0.16536261075330E-03
  0.53844936013370E-04  0.73352665593408E-04 -0.29957283763281E-03
  0.39737960209968E-04  0.60504798632802E-04 -0.97823833820735E-03
  0.61394392552592E-04  0.44847323076083E-04 -0.24729948071192E-03
  0.43055571359193E-04  0.54053196564572E-04 -0.98066943784664E-03
  0.53460026018941E-04  0.23141883376664E-04 -0.18020013336423E-03
  0.42713143163942E-04  0.45922009272417E-04 -0.98272342144972E-03
  0.26847476509447E-04 -0.98299060552190E-05 -0.98504189283023E-03
 -0.40996734107794E-05  0.12923394506771E-04 -0.98512744735779E-03
 -0.19638400210283E-04 -0.22971158970684E-04 -0.76197970250000E-04
 -0.29579053870159E-04 -0.31800123424542E-04 -0.13684544523617E-03
 -0.14231145443172E-04 -0.16248871390873E-04 -0.50774865006162E-04
 -0.10350031073866E-04 -0.59835184130192E-06 -0.98518749306379E-03
 -0.25767310657407E-05 -0.59800940661030E-05 -0.65706892339894E-05
 -0.55372091370734E-05  0.15314231715875E-07 -0.98576595429934E-03
  0.17932185992811E-05 -0.47576080299798E-06  0.10489760577513E-04
  0.27624594225168E-05  0.18968826834334E-05 -0.98561072195179E-03
  0.23140576980446E-05  0.97715339187564E-06  0.12864615591654E-04
  0.12042267959605E-04  0.53999201178578E-05 -0.98559616310261E-03
  0.16645452788150E-05  0.29611673244846E-05  0.84832056110442E-05
  0.22589704139807E-04  0.89504711754349E-05 -0.98527514808518E-03
  0.20739707224877E-05  0.50679037610817E-05  0.48618837516961E-07
  0.31075884294520E-04  0.12454753786573E-04 -0.98471568748431E-03
  0.35332252972120E-05  0.76323079444520E-05 -0.14337371645903E-04
  0.38312770412602E-04  0.17117766679673E-04 -0.98421910106927E-03
  0.43787966715337E-04  0.22930427054930E-04 -0.98364302876576E-03
  0.14204081877375E-04  0.17052711359177E-04 -0.76819517744168E-04
  0.47088227763032E-04  0.31196154247742E-04 -0.98297599483659E-03
  0.65202681875101E-05 -0.52761784898922E-05 -0.98485953354105E-03
 -0.21691072587640E-04 -0.14229122095822E-04 -0.16507227405070E-03
  0.15852664579809E-04 -0.16517681386514E-05 -0.98458554291462E-03
  0.54250697890767E-05  0.31869338576364E-04 -0.16361780765216E-03
  0.24040771356021E-04  0.42541943104475E-05 -0.98550220678260E-03
  0.42713371146756E-04  0.90728403658121E-04 -0.32860630458482E-03
 -0.20191136560223E-05 -0.69159335057534E-05 -0.98484302341309E-03
  0.36000573462918E-04  0.48190808150603E-04 -0.97420462311844E-03
  0.44625722999249E-04  0.49260343205835E-04 -0.97595106319989E-03
  0.70014820112629E-04  0.78550861102666E-04 -0.30464052915577E-03
  0.49024598394737E-04  0.46167501944190E-04 -0.97886422470797E-03
  0.50863942260983E-04  0.52237574463443E-04 -0.22278376533402E-03
  0.49004175139545E-04  0.38941251350448E-04 -0.98140903041624E-03
  0.29201813895853E-04  0.30692987979036E-04 -0.13815803848794E-03
  0.69386264816771E-04  0.95908497626897E-04 -0.34527918708080E-03
 -0.17258380065842E-04  0.17768030776377E-05 -0.64657911654886E-04
 -0.16919513750698E-04 -0.25324049021201E-04 -0.16405887874173E-03
 -0.32533051897736E-04 -0.13818102267309E-04 -0.10469654854391E-03
 -0.17076539960108E-04 -0.18122544458314E-05  0.78403250183122E-04
 -0.17951758178966E-04  0.14016389511609E-04 -0.99420635042452E-03
 -0.25393096961776E-04 -0.56225427943375E-05  0.63109916312137E-04
 -0.27575412107408E-04  0.60578481241564E-05 -0.99359551254820E-03
 -0.36210293990211E-04 -0.82473560975376E-05  0.38952523930243E-04
 -0.35189687951823E-04 -0.18257430074706E-05 -0.99312855770012E-03
 -0.52084766964391E-04 -0.12882438960665E-04  0.53508259047310E-05
 -0.42271303489523E-04 -0.10179978836924E-04 -0.99257923220332E-03
 -0.71503533032700E-04 -0.20260920361893E-04 -0.37910632068471E-04
 -0.47124834050985E-04 -0.18195269644863E-04 -0.99165437813229E-03
 -0.92353900757289E-04 -0.29000600328111E-04 -0.88558239127881E-04
 -0.50495372154843E-04 -0.24551260451140E-04 -0.99003685032873E-03
 -0.10851564647802E-03 -0.40761073970247E-04 -0.14351738268381E-03
 -0.50879326658872E-04 -0.30705143066508E-04 -0.98773781490381E-03
 -0.11023093964556E-03 -0.57609345731188E-04 -0.19766802865639E-03
 -0.72585065183832E-05  0.20175230627293E-04 -0.99502154343873E-03
 -0.11061238163484E-04  0.36596848433121E-05  0.84942142486858E-04
  0.25201115294391E-05  0.26213788556482E-04 -0.99493070856505E-03
 -0.54655707593580E-05  0.12178138775826E-04  0.81308919719972E-04
 -0.10412236309747E-03 -0.96424405871166E-04 -0.25524222465817E-03
 -0.52204699736209E-04 -0.38555372591803E-04 -0.98268705199383E-03
 -0.94320266775164E-04 -0.11872532543332E-03 -0.30888052811377E-03
 -0.44217320511815E-04 -0.40625344898786E-04 -0.97918282236933E-03
 -0.61161918087727E-04 -0.12035857749492E-03 -0.32003190075119E-03
 -0.30305440755136E-04 -0.41781301462386E-04 -0.97677096969319E-03
  0.21235845172302E-04  0.63218222746967E-04 -0.15692443218876E-03
 -0.47536676831506E-04 -0.36251383695143E-04 -0.98528305956737E-03
  0.20407020351314E-04  0.17019355243558E-04 -0.98643735527700E-03
  0.23764631588987E-04  0.22337666468293E-04 -0.98801509656176E-03
  0.43104260304868E-04  0.95783843025688E-04 -0.82936380671467E-04
  0.22838439234526E-04  0.27495234374191E-04 -0.99065078156845E-03
  0.23847950947713E-04  0.61674523703628E-04 -0.33288696455456E-05
  0.17572774570306E-04  0.29776063600919E-04 -0.99241247727457E-03
  0.47026899206086E-05  0.29240767200462E-04  0.56881826022904E-04
  0.10796943691252E-04  0.29692869778114E-04 -0.99361731898539E-03
  0.44110632618389E-04  0.98727420938447E-04 -0.13669069835237E-03
 -0.55181601299631E-04 -0.36340101275106E-04 -0.98618087351650E-03
 -0.91795555500767E-04 -0.80664916900280E-04 -0.24644124649261E-03
  0.33236812575914E-04  0.89989887839617E-04 -0.14726312879572E-03
 -0.42276695593999E-04 -0.36371996307431E-05 -0.99130339270729E-03
 -0.10955145641865E-03 -0.20748757561832E-04 -0.10986841181374E-03
 -0.46068299992576E-04 -0.12987442197540E-04 -0.99018086882999E-03
 -0.11238781426842E-03 -0.27126553035763E-04 -0.14170664133947E-03
 -0.45609726193583E-04 -0.21880770757835E-04 -0.98844618630274E-03
 -0.10180081558547E-03 -0.35582913438006E-04 -0.16874241401256E-03
 -0.43652555296841E-04 -0.31057150557191E-04 -0.98676236617463E-03
 -0.74601056177317E-04 -0.48067149921875E-04 -0.19571604770180E-03
 -0.37794759152802E-04 -0.39264076537258E-04 -0.98448436086634E-03
  0.17972411078052E-04  0.72509676576955E-04 -0.15473018134408E-03
  0.63236409890831E-05  0.34939135384435E-04 -0.98702448016478E-03
  0.38451962442971E-04  0.10662411510469E-03 -0.13454711906728E-03
  0.99689546512056E-05  0.41189609284465E-04 -0.98876151808083E-03
  0.32373964377290E-04  0.96775785096212E-04 -0.80518463541241E-04
  0.86908827981220E-05  0.47004466286054E-04 -0.99143089277207E-03
 -0.96268670612456E-04 -0.14387509970513E-04 -0.73332985613429E-04
 -0.37523778178857E-04  0.43637752028171E-05 -0.99164851983203E-03
 -0.78123103677831E-04 -0.89240312352593E-05 -0.33096463087676E-04
 -0.31502794351147E-04  0.12520318477994E-04 -0.99247303652154E-03
  0.15714485714271E-04  0.28799939533502E-04 -0.98754138591870E-03
  0.43254281155218E-04  0.10529328718017E-03 -0.11200665688867E-03
  0.17115933953580E-04  0.34831140433037E-04 -0.98959431993915E-03
  0.28814886405179E-04  0.79321639077171E-04 -0.40969090081232E-04
  0.13615847659185E-04  0.38702535526744E-04 -0.99218847478164E-03
  0.65450166798482E-05  0.41298797299869E-04  0.30074986186224E-04
  0.68520759848895E-05  0.40272143763410E-04 -0.99355326627800E-03
 -0.40952048227217E-04 -0.41654849496790E-04 -0.98203231670947E-03
 -0.87181280917379E-05  0.17621981536475E-04  0.66106276572581E-04
 -0.18889821634256E-04  0.73853096654805E-05  0.71892194437092E-04
 -0.80192150133625E-05  0.33094033401732E-04 -0.99419400903723E-03
 -0.28994841816359E-04  0.18440568157512E-05  0.62024315886428E-04
 -0.17379737594693E-04  0.26388385491494E-04 -0.99381599509715E-03
 -0.41921675360509E-04 -0.20429103285091E-05  0.39495182743142E-04
 -0.24541993771531E-04  0.19504687438783E-04 -0.99283758793319E-03
 -0.58830800636274E-04 -0.48079129299364E-05  0.63157842376873E-05
  0.17622385447152E-06  0.38392633210583E-04 -0.99431304819923E-03
  0.97631624887134E-05  0.57939962972256E-04 -0.68455041767429E-05
 -0.90326455822692E-04 -0.69299200352406E-04 -0.17152675480152E-03
 -0.65043019741636E-04 -0.46768234033216E-04 -0.86290308697102E-04
  0.15078127557561E-04  0.32449832985424E-04  0.53088595472100E-04
  0.24120924625537E-04  0.11210004971503E-04 -0.99289559258789E-03
  0.62724177924015E-05  0.13823680517109E-04  0.84806960268310E-04
  0.16092406096714E-04  0.63274808305598E-05 -0.99404098795244E-03
  0.31519749979609E-05  0.34009107748365E-05  0.93808209533750E-04
  0.55756554086919E-05  0.35304892298490E-06 -0.99467373407683E-03
  0.15539876071520E-05 -0.45051326893491E-05  0.91793626705287E-04
 -0.64525382002193E-05 -0.57460122038418E-05 -0.99497218119199E-03
  0.15964288144700E-05 -0.11349905318387E-04  0.84198153676351E-04
 -0.18198240187449E-04 -0.12997913741889E-04 -0.99482678028460E-03
  0.13288173057775E-05 -0.17549137443915E-04  0.71424857825606E-04
 -0.29478057788489E-04 -0.19593392572415E-04 -0.99350778043912E-03
  0.42355565178037E-06 -0.26133931957371E-04  0.50788121993591E-04
 -0.40260911226026E-04 -0.26524985024344E-04 -0.99260701371599E-03
 -0.28118017056907E-05 -0.38377772907801E-04  0.17221785773894E-04
  0.31012535858492E-04  0.12164763062960E-04 -0.99163586659061E-03
  0.33285460749685E-04  0.64869475027276E-04 -0.14281917944310E-04
  0.37568475308552E-04  0.85698533991051E-05 -0.98984051909135E-03
  0.50618068788841E-04  0.93374008916779E-04 -0.93204607226585E-04
 -0.52077485726795E-04 -0.12727029305729E-03 -0.27494879465107E-03
 -0.65846650112079E-04 -0.35214684524725E-04 -0.97979304446979E-03
 -0.81411285110992E-04 -0.12586492650062E-03 -0.33016192362689E-03
 -0.60397486071906E-04 -0.30087187747432E-04 -0.97668262702184E-03
 -0.75707454469126E-04 -0.97195356524236E-04 -0.31804617639229E-03
 -0.49353532464589E-04 -0.25191350290418E-04 -0.97419081752743E-03
 -0.43773132573336E-04 -0.52587441993338E-04 -0.27512451354651E-03
 -0.49191976393247E-04 -0.33458812205284E-04 -0.99113475247614E-03
 -0.32957286997997E-04 -0.19059174519812E-04 -0.97322058108166E-03
 -0.13190548267012E-04 -0.13054484409042E-04 -0.97309313015449E-03
  0.27834019598995E-05 -0.45925004253888E-05 -0.24964684752635E-03
  0.78211279351325E-05 -0.58141223667543E-05 -0.97292612635957E-03
  0.22969105850130E-04  0.53329386461912E-04 -0.15854336426120E-03
  0.34088650863786E-04 -0.30587935939656E-05 -0.98601266890250E-03
  0.47951763185949E-04  0.90369227090408E-04 -0.14120882958302E-03
  0.38192921283491E-04  0.22919084287450E-05 -0.98779573563676E-03
 -0.16172111461364E-04 -0.20785654016646E-04 -0.25240887068973E-03
 -0.54143080806700E-04 -0.33678318713503E-04 -0.98836352213512E-03
 -0.12920895505514E-04 -0.54733563262396E-04 -0.38158767754570E-04
 -0.35846958577214E-04 -0.79109092566248E-04 -0.12325936045516E-03
  0.13948587011554E-04  0.18409434707936E-04 -0.99376293103433E-03
 -0.15057197196395E-05  0.79321885648029E-05  0.90231843227070E-04
  0.46693816997685E-05  0.13032655009613E-04 -0.99508865438888E-03
 -0.45751744595512E-05  0.94583120192590E-07  0.91661284248492E-04
 -0.68046721706631E-05  0.75108653830784E-05 -0.99522457361323E-03
 -0.74326055289552E-05 -0.60139936105900E-05  0.85905398432133E-04
 -0.18161017511610E-04  0.38179705493401E-06 -0.99462249119265E-03
 -0.11191427502700E-04 -0.94330843459861E-05  0.75288319836705E-04
 -0.28958946074780E-04 -0.67336775886145E-05 -0.99401975862142E-03
 -0.16865113413615E-04 -0.14300496406815E-04  0.56680364029624E-04
 -0.38398561796553E-04 -0.15842461163871E-04 -0.99306074054970E-03
 -0.25910274697301E-04 -0.20265955875503E-04  0.27311471846497E-04
 -0.45407575780049E-04 -0.23378166167302E-04 -0.99234572572841E-03
 -0.42148801517828E-04 -0.30934218717176E-04 -0.18902027404422E-04
 -0.51185785715475E-04 -0.29961193119021E-04 -0.99058250513303E-03
  0.45504884447605E-05  0.20732665794953E-04  0.74643541531667E-04
  0.21135560823090E-04  0.20637178198032E-04 -0.99244056308756E-03
  0.18989858403224E-04  0.45384772099493E-04  0.28840514005361E-04
  0.27272883503321E-04  0.20136815845748E-04 -0.99112298808062E-03
 -0.59906273860314E-04 -0.38781900890682E-04 -0.98616862678951E-03
 -0.67368675217489E-04 -0.10796395557725E-03 -0.22801992082836E-03
 -0.60366739680426E-04 -0.38369450734590E-04 -0.98340413128722E-03
 -0.91345644773704E-04 -0.12956527539597E-03 -0.31271406701188E-03
 -0.57109646754191E-04 -0.37092960095193E-04 -0.97933847267796E-03
 -0.85692457559304E-04 -0.12721775181219E-03 -0.33525665392260E-03
 -0.46784120202891E-04 -0.35241512441774E-04 -0.97642465506324E-03
 -0.55868894564630E-04 -0.37271742033960E-04 -0.98899354502616E-03
 -0.54472933287701E-04 -0.95206959460660E-04 -0.30441858827501E-03
 -0.20960846628046E-04 -0.54800185936498E-04 -0.26945007722747E-03
 -0.13801276454001E-04 -0.29623155430922E-04 -0.97409633627339E-03
  0.36652991261981E-04  0.80442996237647E-04 -0.15159507081029E-03
  0.29962594712863E-04  0.98264669164570E-05 -0.98694937052698E-03
  0.49972243854676E-04  0.10022201924971E-03 -0.11939784527359E-03
  0.31405294314688E-04  0.16014954121232E-04 -0.98864031870918E-03
  0.39280463754191E-04  0.81425019545768E-04 -0.49410828631845E-04
 -0.31917155408055E-04 -0.32806122994822E-04 -0.97462777111942E-03
 -0.66075930987215E-04 -0.39069056455219E-04 -0.98348411708768E-03
  0.34057884224300E-05  0.49623162520423E-04 -0.99279877829838E-03
 -0.26527849570639E-05  0.49436040718138E-04 -0.99296956053564E-03
 -0.37531189766471E-04  0.23555060604593E-06 -0.16006176888243E-03
 -0.25716053178665E-06  0.49235034723088E-04 -0.98547100672521E-03
 -0.49126499115120E-04  0.12466867837541E-03 -0.27919377023367E-03
 -0.21028168356196E-04  0.57023886519954E-04 -0.98025819561023E-03
 -0.57869688715888E-04  0.14633803964611E-03 -0.29554836741277E-03
 -0.12258367171233E-04  0.65626267674179E-04 -0.98083926255882E-03
 -0.79813970180912E-04  0.12404828169670E-03 -0.27573996023435E-03
 -0.38340745379083E-05  0.72453338940617E-04 -0.98094712485724E-03
 -0.96867567206900E-04  0.78262623105052E-04 -0.22739709065614E-03
  0.21786562567105E-05  0.77307590658722E-04 -0.98172565377422E-03
 -0.93515424880123E-04  0.39585921442540E-04 -0.18991697831725E-03
  0.71925549089494E-05  0.77456161131214E-04 -0.98273208919275E-03
 -0.69876587698147E-04  0.19456208756588E-04 -0.17311772194326E-03
  0.10601333683427E-04  0.73798095019504E-04 -0.98458066756223E-03
 -0.36472080114047E-04  0.82759269161349E-05 -0.16767475448853E-03
  0.89596165571307E-06  0.59647252853621E-04 -0.98629219058031E-03
 -0.66795852990579E-04  0.65406719791536E-05 -0.15507640610190E-03
  0.82895275320385E-06  0.67756929288877E-04 -0.98663423665846E-03
 -0.93244484983941E-04  0.13643466064380E-04 -0.14983777474417E-03
 -0.91279908319970E-04  0.47279207708859E-05 -0.14441671042942E-03
 -0.90352320339968E-05  0.51633682257264E-04 -0.98696785053478E-03
 -0.69532096780030E-04 -0.93406685335830E-06 -0.15462007755422E-03
 -0.10380759328815E-04  0.42031435273229E-04 -0.98586872099034E-03
 -0.42283087366165E-04 -0.60062345996610E-05 -0.16114537851115E-03
 -0.11183214249503E-04  0.30119505446100E-04 -0.98492276237182E-03
 -0.16485676501080E-04  0.13050617444959E-03 -0.22933760358196E-03
  0.11288803327677E-04  0.65574745641766E-04 -0.98536577969696E-03
 -0.14383391914101E-04  0.61447702966322E-04 -0.98311386740567E-03
 -0.83784349464711E-05  0.68868465564252E-04 -0.98399036661401E-03
 -0.74428920066719E-04  0.84013882960865E-04 -0.17941796377438E-03
 -0.48982821723867E-05  0.74831100593723E-04 -0.98477918819259E-03
 -0.10018900681275E-03  0.45639688556853E-04 -0.15060811052479E-03
 -0.17214908268198E-05  0.77475667374616E-04 -0.98519805312265E-03
 -0.10716001133998E-03  0.24499425082082E-04 -0.14543308023442E-03
 -0.54859027400477E-07  0.75229330402235E-04 -0.98614279790197E-03
 -0.38896791384658E-04  0.12412535991942E-03 -0.21775912256820E-03
 -0.83485559136802E-05  0.60271325855920E-04 -0.98827398956182E-03
 -0.34065183115932E-05  0.21769263411171E-05 -0.16670358325951E-03
 -0.73350886534973E-04  0.13871047434588E-03 -0.32753915981847E-03
  0.26761622973202E-04  0.70406816805221E-04 -0.97861381141881E-03
 -0.43655825962150E-04  0.72557293927447E-04 -0.28271182048322E-03
 -0.74525962426551E-05  0.42576195249287E-04 -0.97371597494405E-03
 -0.29800826873641E-04  0.92157314797500E-04 -0.29768046961593E-03
  0.88953426966845E-05  0.52438541242031E-04 -0.97415794022731E-03
 -0.73254700711049E-05  0.10336539236594E-03 -0.31698041004813E-03
  0.22189604154545E-04  0.58875836344035E-04 -0.97509285974546E-03
  0.27011893857612E-04  0.96571730963525E-04 -0.32331297752459E-03
  0.32808183821305E-04  0.61157615591538E-04 -0.97630438972134E-03
 -0.24803485490415E-04  0.29009325261294E-04 -0.25657538794566E-03
 -0.93541065713223E-05  0.25500628311954E-04 -0.97294139472072E-03
 -0.11885878600722E-04  0.44276467610900E-04 -0.26225396679053E-03
  0.88059749556223E-05  0.35616827857102E-04 -0.97340038027161E-03
  0.87905236145498E-05  0.67589582709705E-04 -0.28727795342550E-03
  0.24137981663328E-04  0.43698231996601E-04 -0.97404155937999E-03
 -0.15842205723643E-05  0.66638772901439E-04 -0.26888806309543E-03
  0.19269644229770E-04  0.69235135296315E-04 -0.97706018009753E-03
 -0.32563322185286E-04  0.10170017688495E-03 -0.30416041501007E-03
  0.81150139976502E-05  0.64440487084506E-04 -0.97571097418348E-03
 -0.16222003215160E-04  0.58632754613915E-04 -0.97753025320923E-03
 -0.77004303748711E-04  0.14456712589312E-03 -0.33317897461582E-03
 -0.44741318523959E-05  0.67212808074754E-04 -0.97736534237716E-03
 -0.79374012073508E-04  0.11447965649830E-03 -0.29995114917311E-03
  0.57143016735680E-05  0.72761835574679E-04 -0.97841593988532E-03
 -0.65398568820705E-04  0.68901091689862E-04 -0.24818517840444E-03
  0.14238222367962E-04  0.75070054199306E-04 -0.97948996800388E-03
  0.11239030837379E-04  0.55184958457900E-04 -0.98547559217569E-03
 -0.37052558633384E-04  0.34404699692316E-04 -0.20955115211731E-03
 -0.25682643675816E-05  0.15623603352630E-04 -0.19074905406226E-03
  0.22632780028708E-04  0.68478662606412E-04 -0.98345531918250E-03
 -0.74162163115236E-04  0.10096948272243E-03 -0.31278678107627E-03
 -0.20539725007113E-04  0.47329054465683E-04 -0.97514859034826E-03
 -0.63967433837577E-04  0.12209655115923E-03 -0.32455483642011E-03
 -0.57640600968576E-05  0.56636747367517E-04 -0.97509104745774E-03
 -0.54003595582592E-04  0.12465541787991E-03 -0.32618337158713E-03
  0.19814309422764E-04  0.74840987856940E-04 -0.98151269531502E-03
 -0.11525533678026E-04  0.26164300240858E-04  0.41973599322984E-04
 -0.10599506897406E-03  0.10720856922867E-04 -0.12934570165643E-03
 -0.10645676101002E-03  0.17174859572924E-04 -0.10832823676184E-03
  0.32161063866253E-04  0.10950060038765E-03 -0.11858347159407E-03
  0.22698461751710E-05  0.52902265608923E-04 -0.98985383095068E-03
  0.13206990648367E-04  0.78526879783852E-04 -0.53499650371339E-04
  0.31200323544962E-06  0.56756183892925E-04 -0.99138304916534E-03
 -0.14488794763032E-04  0.39923938868882E-04  0.56253517373508E-05
 -0.46623609512563E-05  0.58587860611506E-04 -0.99164963476300E-03
 -0.38619905567852E-04  0.18039471151559E-04  0.22217750922036E-04
 -0.84180290719727E-05  0.56316232841766E-04 -0.99202851081785E-03
 -0.59963525477452E-04  0.10741671446325E-04  0.30115459163115E-05
 -0.11954996204084E-04  0.51990359655502E-04 -0.99246945562501E-03
 -0.80746141004864E-04  0.68853816693047E-05 -0.32669618100961E-04
 -0.17156111125801E-04  0.45818815106506E-04 -0.99190186832404E-03
 -0.97963306563551E-04  0.26048844817689E-05 -0.72102276982100E-04
 -0.21496148356249E-04  0.39079029911220E-04 -0.99037915393149E-03
 -0.10903984470338E-03 -0.13747212143789E-05 -0.10642572572178E-03
  0.89464919513757E-06  0.47285206904428E-04 -0.98784597565712E-03
  0.27220530248930E-04  0.98274023905587E-04 -0.15098652343441E-03
 -0.37735119914639E-04 -0.22773862260793E-04 -0.98701201109689E-03
 -0.79536623415116E-04 -0.26158327925619E-04 -0.15948534201245E-03
 -0.27981341283819E-04  0.11770670586328E-04  0.52176666553190E-04
 -0.85140358875340E-05  0.45477383265406E-04 -0.99330821788515E-03
 -0.43380961783262E-04  0.56893290269073E-05  0.36316295701552E-04
 -0.15133728509493E-04  0.38722528823685E-04 -0.99328095383672E-03
 -0.61051077186896E-04  0.25751126917182E-05  0.62305767388938E-05
 -0.21152943177741E-04  0.33206725759152E-04 -0.99250056018612E-03
 -0.81065897119989E-04 -0.17465763179086E-05 -0.33343957481378E-04
 -0.25591704800173E-04  0.31784793893745E-04 -0.98919524875199E-03
 -0.26892162503083E-04  0.26083810707454E-04 -0.99140430064382E-03
 -0.31463298306415E-04  0.18967890765982E-04 -0.99040590231505E-03
 -0.11001017472045E-03 -0.96954707404338E-05 -0.10722940271119E-03
 -0.36447907449962E-04  0.99255964891571E-05 -0.98954969718699E-03
 -0.11102831070779E-03 -0.15198745315987E-04 -0.13152294956576E-03
 -0.38644473193638E-04 -0.16609990234203E-06 -0.98894908305432E-03
 -0.10150498754224E-03 -0.20436264261816E-04 -0.14788504742905E-03
 -0.39505125338546E-04 -0.10786438954094E-04 -0.98816717233943E-03
 -0.98340323669667E-04 -0.52193102550064E-05 -0.73453158277323E-04
 -0.63736839145970E-05  0.67964688301249E-04 -0.98864810525447E-03
 -0.10935546971873E-03 -0.59292024914527E-05 -0.13174509048098E-03
 -0.98216918019926E-04 -0.11042090227826E-04 -0.14669991780319E-03
 -0.19292409584079E-04  0.32518879304396E-04 -0.98664872293562E-03
 -0.74193300048268E-04 -0.81303270036742E-05 -0.15576096400499E-03
 -0.21569360320293E-04  0.21364997131999E-04 -0.98584589486317E-03
 -0.46025994165867E-04 -0.13017392658046E-04 -0.15996951112774E-03
 -0.22171742079965E-04  0.92306046779211E-05 -0.98563364697226E-03
  0.78745799094857E-05  0.10779528322339E-03 -0.18319726368445E-03
 -0.12867307799425E-04  0.57298145787189E-04 -0.98500226767910E-03
  0.42348952754716E-05  0.12084253731923E-03 -0.16985582072478E-03
 -0.88613200405580E-05  0.62862034354359E-04 -0.98606144654190E-03
 -0.25883716154402E-04  0.90266727830119E-04 -0.12692117335938E-03
 -0.62061616596417E-05  0.68253494539221E-04 -0.98708196792993E-03
 -0.63428379790785E-04  0.50377446060035E-04 -0.89498813779000E-04
 -0.60977622755076E-05  0.72729893031447E-04 -0.98811599555501E-03
 -0.92370766949615E-04  0.27111448170642E-04 -0.88069707474679E-04
 -0.60316528312763E-05  0.72826729649271E-04 -0.98854882331316E-03
 -0.94560298150457E-04 -0.32066807026298E-05 -0.14660413815131E-03
 -0.18653346234816E-04  0.42120793740544E-04 -0.98789338164626E-03
 -0.10676950880298E-03  0.19728799755482E-05 -0.12959307906809E-03
 -0.15335283871726E-04  0.50911017076055E-04 -0.98953262281891E-03
 -0.30281441319107E-04  0.11429281562470E-04 -0.98723114784679E-03
 -0.77734277303483E-04 -0.16646034067185E-04 -0.15428704337214E-03
 -0.31535162756475E-04 -0.60478648591134E-06 -0.98678703107328E-03
  0.25316858356930E-04  0.11406119241165E-03 -0.15228650425395E-03
 -0.46488511800367E-05  0.56412832210743E-04 -0.98783076786887E-03
  0.12655726778632E-04  0.10159832616011E-03 -0.10916826294629E-03
 -0.38642522399338E-05  0.61428638535597E-04 -0.98875275623225E-03
 -0.28573258345192E-04  0.21743114940080E-04 -0.98782400515151E-03
 -0.18897369678379E-04  0.60534990988581E-04 -0.49847878852772E-04
 -0.50698478573297E-04  0.30010416595130E-04 -0.23137924059498E-04
 -0.70212462167105E-05  0.66356329946612E-04 -0.99042763641320E-03
 -0.77359175750780E-04  0.17112535473378E-04 -0.37978601761323E-04
 -0.92416916923877E-05  0.63517419391025E-04 -0.99093233239607E-03
 -0.96794113358826E-04  0.11822634251235E-04 -0.71819539250884E-04
 -0.11933527733457E-04  0.57636320739435E-04 -0.99055111888698E-03
 -0.10693365324188E-03  0.74955720414524E-05 -0.10456253467312E-03
 -0.57181452489322E-05  0.64651048353569E-04 -0.98974851699060E-03
 -0.12628306988510E-04 -0.11087915936042E-03 -0.18234520733497E-03
 -0.62088100566804E-04 -0.40585550709491E-04 -0.98678157482647E-03
  0.11641257124272E-04 -0.90092650757573E-04 -0.97747587261199E-04
  0.48967800021766E-04 -0.30649948960096E-04 -0.98982172320195E-03
  0.68426292689653E-04 -0.75391994407489E-04 -0.81593252168372E-04
  0.35019735136127E-04 -0.33835157914396E-04 -0.98957272418142E-03
  0.11279719514442E-04 -0.58897590408988E-04 -0.98150652665367E-03
  0.20569814630908E-04 -0.34652598384187E-04 -0.98833245147729E-03
  0.65023510107542E-04 -0.86639639306246E-04 -0.13321051998142E-03
  0.50079720803636E-05 -0.34390260638334E-04 -0.98724203052131E-03
  0.53619061174886E-04 -0.74029140366964E-04 -0.14800234549947E-03
 -0.83032276715972E-05 -0.32900440082549E-04 -0.98576193660540E-03
  0.36566577019974E-04 -0.50775851787440E-04 -0.15826613446420E-03
 -0.21284435915237E-04 -0.28551712349702E-04 -0.98493515585005E-03
  0.17249384802164E-04 -0.23039098464801E-04 -0.16540972381983E-03
 -0.34851599098620E-04 -0.23487068064765E-04 -0.98442705341371E-03
 -0.80474671104891E-06  0.42537448053851E-05 -0.17015902469958E-03
 -0.47882196533473E-04 -0.16810531733368E-04 -0.98352102166359E-03
  0.62140937520660E-04 -0.48647319033283E-04 -0.54186578325972E-04
  0.59971267259802E-04 -0.29577546000013E-04 -0.98826904114507E-03
  0.61353197911995E-04 -0.13872987999309E-04 -0.49755276689577E-04
  0.66067302468180E-04 -0.32153672290976E-04 -0.98613445343590E-03
 -0.57805590963930E-04  0.14510343492937E-04 -0.98180358286491E-03
 -0.57889576989910E-04  0.12318270088477E-04 -0.19137461742254E-03
 -0.56012912555438E-04  0.24107779778650E-04 -0.98095652382772E-03
 -0.79687860958958E-04  0.19589472301692E-05 -0.24002148041345E-03
 -0.50950458465608E-04  0.32584885623014E-04 -0.98026787358849E-03
 -0.79102812479593E-04  0.21628251733954E-04 -0.26057097788669E-03
 -0.42719055938888E-04  0.40621384156085E-04 -0.97917599193855E-03
 -0.17365403173622E-04  0.26267544974917E-04 -0.17553000473527E-03
 -0.61085422387965E-04  0.71580518498020E-04 -0.26288736674052E-03
  0.55749169678235E-04  0.14855641048833E-04 -0.21839697393545E-03
  0.58270048312170E-04 -0.52296622132133E-04 -0.98003134295038E-03
  0.84699680851441E-04  0.58784264813173E-04 -0.19647185055062E-03
  0.66314970993607E-04 -0.43912449680462E-04 -0.98182055159741E-03
  0.89804441472942E-04  0.61033140800665E-04 -0.15440836106832E-03
  0.68361603891727E-04 -0.37536085157442E-04 -0.98402175497847E-03
  0.74348718997851E-04  0.28032635420882E-04 -0.89766155438599E-04
 -0.31473711826435E-04  0.48526940363566E-04 -0.97936898507322E-03
 -0.36763099739490E-04  0.30669793193700E-04 -0.15637828648351E-03
 -0.57439271002880E-04 -0.89363505051353E-05 -0.98252084438875E-03
 -0.63889659213867E-04  0.78819441023504E-06 -0.98156882079575E-03
  0.40938611359885E-04 -0.73764404939154E-05  0.67081344713687E-05
  0.52147914871235E-04 -0.27913286536165E-04 -0.99086336501357E-03
  0.45840553122795E-04 -0.37440228685244E-04 -0.61293620983197E-05
  0.39688869729793E-04 -0.31388959044738E-04 -0.99123573907702E-03
  0.54778918303094E-04 -0.63494467198774E-04 -0.40016848164044E-04
  0.25253262761584E-04 -0.34302344975912E-04 -0.99052455052940E-03
  0.61153620977492E-04 -0.82661518618691E-04 -0.79887143610801E-04
  0.10068487038056E-04 -0.36302781603407E-04 -0.98940805188310E-03
  0.62124915453605E-04 -0.91318697598806E-04 -0.11405119241906E-03
 -0.44166228888661E-05 -0.36485073214712E-04 -0.98811317095244E-03
  0.55319948075663E-04 -0.88310048815590E-04 -0.13873931579188E-03
 -0.18779125797844E-04 -0.35258630200790E-04 -0.98651084215254E-03
  0.43122639971191E-04 -0.73247513003179E-04 -0.15325367828724E-03
 -0.32533980429667E-04 -0.32583196384578E-04 -0.98558859418228E-03
  0.26854076002361E-04 -0.48608975337747E-04 -0.16155310044655E-03
  0.60796709016482E-04 -0.27308989224550E-04 -0.98907701284793E-03
  0.49092115997988E-04  0.27650000647949E-04 -0.19580929817871E-04
  0.65378393979713E-04 -0.31236813675368E-04 -0.98719505906684E-03
  0.67132921687524E-04  0.64224788296774E-04 -0.84918211910694E-04
 -0.59852107236710E-04  0.32260777666317E-04 -0.22261038142049E-03
 -0.64734255311873E-04  0.11250055785041E-04 -0.97989537255520E-03
 -0.92658851575606E-04  0.18800897476119E-04 -0.27881711591378E-03
 -0.60608228480795E-04  0.21469781660600E-04 -0.97865190260959E-03
 -0.10845047137710E-03  0.21410861870454E-04 -0.31370392032300E-03
 -0.53521080042565E-04  0.30789083439655E-04 -0.97720467579403E-03
 -0.97974361240083E-04  0.54391701510172E-04 -0.31150084071715E-03
 -0.34566795702262E-04  0.37365421852339E-04 -0.18785074065332E-03
 -0.41832477117410E-04  0.40083201556308E-04 -0.97639079215580E-03
 -0.28435025461531E-04  0.49254544051233E-04 -0.97734504399206E-03
  0.20867483155023E-04 -0.45543270487671E-07 -0.19506867566231E-03
  0.52357603364242E-04 -0.51487504069526E-04 -0.98224269052373E-03
  0.56127776471583E-04  0.54785749209425E-04 -0.17529564743618E-03
  0.62231210074240E-04 -0.44054540698756E-04 -0.98352397174665E-03
  0.74364712531748E-04  0.79949717479131E-04 -0.14512957600338E-03
  0.66505695313047E-04 -0.36866178187415E-04 -0.98556168432006E-03
 -0.80633672792433E-04  0.10234514116063E-03 -0.30986286065102E-03
 -0.46459539014373E-04 -0.28162774579491E-04 -0.98444464665163E-03
 -0.53533749103910E-04  0.43158759724133E-05 -0.98309731510089E-03
 -0.45607333991023E-04 -0.46293306740820E-05 -0.98379748713658E-03
  0.41528219681244E-04 -0.26793925309008E-04 -0.98610525212066E-03
  0.58313323373478E-04 -0.54862279262380E-04 -0.15777686707410E-03
  0.28286663479241E-04 -0.25148557203410E-04 -0.98566189043546E-03
  0.39875586440985E-04 -0.28423970641808E-04 -0.16143993260980E-03
  0.14570768107716E-04 -0.21963760693525E-04 -0.98504734961110E-03
  0.20657157083322E-04 -0.20669035318581E-05 -0.16395181478345E-03
  0.17407504426982E-05 -0.18885830618037E-04 -0.98413919678481E-03
  0.29422495433066E-05  0.21320280557509E-04 -0.16357394298369E-03
 -0.10566213716702E-04 -0.14067681939222E-04 -0.98366646115828E-03
 -0.10786108336311E-04  0.37399246008893E-04 -0.15646242776666E-03
 -0.22258404006778E-04 -0.78383874028174E-05 -0.98371492706196E-03
 -0.17958680181694E-04  0.41510640243389E-04 -0.13961620113293E-03
 -0.32297919808750E-04 -0.12148497705768E-05 -0.98419511048594E-03
 -0.20444053769337E-04  0.35962215057580E-04 -0.11744450106973E-03
 -0.40905173095642E-04  0.67614523247129E-05 -0.98424042566238E-03
  0.74731706278730E-04 -0.73191128445034E-04 -0.15362839113013E-03
  0.52726754561932E-04 -0.27495680622027E-04 -0.98587812081341E-03
  0.88498299937690E-04 -0.77636128101540E-04 -0.15429059598504E-03
  0.60720326516209E-04 -0.26961686006425E-04 -0.98458269045511E-03
 -0.38836491262173E-04  0.32907492263298E-04 -0.98400100199824E-03
 -0.46223596048198E-04 -0.17805250025568E-04 -0.15640064055458E-03
 -0.35337928325354E-04  0.39108634395755E-04 -0.98354701654414E-03
 -0.39406517910624E-04  0.51210548422110E-05 -0.18029888935570E-03
 -0.28913460557805E-04  0.44625181302453E-04 -0.98346708822686E-03
 -0.13993103530978E-04  0.56146658805120E-04 -0.18200112486631E-03
 -0.19657593529500E-04  0.50638926530675E-04 -0.98417265888664E-03
 -0.21755696912850E-04  0.23430277515073E-04 -0.10233360490677E-03
  0.10812345249678E-03 -0.27300168638098E-04 -0.31210982851630E-03
  0.13965553567558E-03  0.34924906146338E-05 -0.30895931977641E-03
  0.62250296509630E-04 -0.41298329633096E-04 -0.97662689453409E-03
  0.14928312753451E-03  0.24904664040327E-05 -0.28575257148177E-03
  0.66367089321564E-04 -0.34469042380847E-04 -0.97913809539074E-03
  0.13137057749264E-03 -0.28519528427741E-04 -0.22637358654126E-03
  0.66188402008960E-04 -0.29286444271864E-04 -0.98189830690035E-03
  0.10496807413385E-03 -0.62057549747921E-04 -0.17343695473130E-03
  0.52795130529824E-04 -0.48883783873553E-04 -0.97531295723940E-03
 -0.27007950112715E-04  0.39943833053350E-04 -0.15277658945285E-03
 -0.47009704151444E-04  0.16345900715908E-04 -0.98335040237958E-03
 -0.48525680764614E-04  0.25897802538436E-04 -0.98245066386998E-03
  0.80065900284984E-04 -0.80732398404176E-04 -0.12068355856781E-03
  0.44749420641209E-04 -0.31166429908554E-04 -0.98784154435241E-03
  0.75115107618552E-04 -0.85119761442289E-04 -0.13633462300909E-03
  0.30778067446760E-04 -0.31189557394941E-04 -0.98760310503887E-03
  0.64494180030789E-04 -0.74327931856111E-04 -0.14820700134569E-03
  0.16670917687925E-04 -0.30341724587965E-04 -0.98631899155924E-03
  0.48006748299739E-04 -0.52783501718619E-04 -0.15492683837571E-03
  0.24221543318964E-05 -0.27927571686046E-04 -0.98529224330430E-03
  0.28887305836798E-04 -0.26737768469581E-04 -0.16056725013775E-03
 -0.10630061215889E-04 -0.24790286607566E-04 -0.98435177516616E-03
  0.93096727111059E-05  0.15819804366482E-05 -0.16565511646000E-03
 -0.22436471382649E-04 -0.19060280703040E-04 -0.98401178895921E-03
 -0.79532309546508E-05  0.24322492181056E-04 -0.16670871843971E-03
 -0.34976725102631E-04 -0.12329447192241E-04 -0.98394106860659E-03
 -0.19708091251153E-04  0.37279170290843E-04 -0.16111595567991E-03
  0.56484373557452E-04 -0.29911460252640E-04 -0.98755698393267E-03
  0.82151105622002E-04 -0.59067446171316E-04 -0.11001142755774E-03
  0.63819725480477E-04 -0.30885596550600E-04 -0.98550527065782E-03
  0.91977963872777E-04 -0.22909436193342E-04 -0.12955270728338E-03
 -0.51158399981293E-04 -0.10093808567653E-04 -0.16304410758414E-03
 -0.45673823429952E-04  0.34118892649906E-04 -0.98221960528023E-03
 -0.59579628212316E-04 -0.49219720567213E-05 -0.20220790695993E-03
 -0.40334971510806E-04  0.40837717033852E-04 -0.98182581544062E-03
 -0.44362654554709E-04  0.33832862389595E-04 -0.21218476245159E-03
 -0.30866505611292E-04  0.47604271496076E-04 -0.98149180948295E-03
 -0.21870051184836E-04  0.91753689648735E-04 -0.21782708532035E-03
 -0.31623612821932E-04  0.52317856329265E-05 -0.11664157394660E-03
 -0.21884578127489E-04  0.54561764872007E-04 -0.98213148234134E-03
  0.49835825172423E-04 -0.55813775846894E-04 -0.97730414918434E-03
  0.99102816693701E-04  0.15848136468514E-04 -0.25972285161241E-03
  0.61356098857967E-04 -0.48903313001083E-04 -0.97847766613838E-03
  0.11884744702498E-03  0.38822658727440E-04 -0.23800329097252E-03
  0.67521956405271E-04 -0.40598280332095E-04 -0.98045950642022E-03
  0.11204141176585E-03  0.19396915542800E-04 -0.18676694566023E-03
  0.67735197829564E-04 -0.34655271122801E-04 -0.98275286542145E-03
  0.66642410976376E-04 -0.35036222769332E-04 -0.28174573806793E-03
  0.79400440182701E-05 -0.20662009487298E-04 -0.17049331394126E-03
 -0.58242947143278E-04 -0.21947305974888E-04 -0.98291315921244E-03
 -0.14224072548201E-04  0.56500254847212E-05 -0.18773385797450E-03
  0.15202820575991E-04  0.11364577901958E-04  0.76756289376208E-04
  0.29816905559532E-04 -0.10775820322649E-04 -0.99408086399780E-03
  0.14081575475005E-04 -0.22297527394545E-05  0.82269077279275E-04
  0.17559233100330E-04 -0.16368524820863E-04 -0.99408162519775E-03
  0.16684047092063E-04 -0.15142715332806E-04  0.71890150867787E-04
  0.55233781209082E-05 -0.22518741449808E-04 -0.99335679315634E-03
  0.21151443138822E-04 -0.29266735394926E-04  0.50134792672729E-04
 -0.69418917201012E-05 -0.28318111748599E-04 -0.99300833038288E-03
  0.27140108723408E-04 -0.46524283229233E-04  0.18559702608686E-04
 -0.19825301877385E-04 -0.33140868333838E-04 -0.99196320066863E-03
  0.33005604443380E-04 -0.65326380474912E-04 -0.19926096865391E-04
 -0.33095957459184E-04 -0.36208307997693E-04 -0.99131248888012E-03
  0.37085459607800E-04 -0.84992610527123E-04 -0.61867205330873E-04
 -0.46139096175061E-04 -0.39537734414981E-04 -0.98961955145527E-03
  0.36023951156954E-04 -0.99026871100331E-04 -0.10608449289844E-03
  0.39055789877581E-04 -0.62761259900539E-05 -0.99309287053833E-03
  0.23033080482488E-04  0.32120224418413E-04  0.45852047946398E-04
  0.45949765214602E-04 -0.61162643754281E-05 -0.99163744434749E-03
  0.41291385106255E-04  0.64165025226594E-04 -0.20123643292583E-04
 -0.24798699386867E-04 -0.68011482739567E-04 -0.24009205069809E-03
 -0.73344380637749E-04 -0.22617309673380E-04 -0.97847725500510E-03
 -0.73092326804088E-04 -0.55319270042155E-04 -0.29969154504477E-03
 -0.70198773704535E-04 -0.13618968975739E-04 -0.97610771214197E-03
 -0.94288034713588E-04 -0.37970796421046E-04 -0.32167377939317E-03
 -0.62352638975323E-04 -0.40409619862280E-05 -0.97399799057606E-03
 -0.73247911445670E-04 -0.10684817912235E-04 -0.29555917858668E-03
 -0.58635367624740E-04 -0.39639082079585E-04 -0.98729941413580E-03
 -0.47856819773993E-04  0.57732487301750E-05 -0.97223912204044E-03
 -0.29271213045321E-04  0.16121076573471E-04 -0.97253908285955E-03
  0.26200607780856E-04  0.44202548888829E-04 -0.15776473201788E-03
  0.45968757093603E-04 -0.22529476417837E-04 -0.98548908312382E-03
  0.54137724056712E-04  0.84094869922939E-04 -0.14084171171715E-03
  0.51675079727083E-04 -0.16170400404695E-04 -0.98737380010886E-03
  0.58442811819802E-04  0.89401511975989E-04 -0.95849886268191E-04
  0.51652222653601E-04 -0.10571934085754E-04 -0.98944524590616E-03
 -0.43466717557232E-04  0.14449572405885E-04 -0.26518030490728E-03
 -0.71388746005763E-04 -0.29929546246871E-04 -0.98178053415786E-03
  0.23681253673699E-04 -0.10820673595283E-03 -0.15763183698754E-03
 -0.70281116317711E-05 -0.10953176560831E-03 -0.22132180487931E-03
  0.27279897999134E-04  0.88512653665650E-06 -0.99349846253467E-03
  0.94044044584554E-05  0.69602850708327E-05  0.88791860982835E-04
  0.17323894841297E-04 -0.55736780588431E-05 -0.99441883496777E-03
  0.86924187706055E-05 -0.29945705156182E-05  0.90117515484382E-04
  0.59595631288699E-05 -0.11607837817493E-04 -0.99418780550267E-03
  0.94611258427478E-05 -0.12345834931244E-04  0.81249882878897E-04
 -0.62586307428610E-05 -0.18124982293273E-04 -0.99419269772042E-03
  0.11979610854731E-04 -0.22545292955741E-04  0.65613865649218E-04
 -0.18429857343577E-04 -0.24367038937374E-04 -0.99372704747438E-03
  0.15362159786656E-04 -0.35260658951627E-04  0.42670176252667E-04
 -0.30268010177093E-04 -0.29939480586570E-04 -0.99279359229152E-03
  0.19164698155909E-04 -0.51186279161694E-04  0.99589593359961E-05
 -0.41804813108379E-04 -0.34662581610256E-04 -0.99161047209586E-03
  0.19200557053661E-04 -0.69971349735713E-04 -0.34677467095296E-04
 -0.54025127315930E-04 -0.38841101821078E-04 -0.98972969331244E-03
  0.13874442838003E-04  0.21725468411188E-04  0.69510916178747E-04
  0.35498941335038E-04  0.39818452325277E-05 -0.99251226150680E-03
  0.27792555079269E-04  0.48176439323870E-04  0.19715889962692E-04
  0.41729812330237E-04  0.12923739170087E-05 -0.99071927637678E-03
 -0.70714487367437E-04 -0.33280508987154E-04 -0.98072361073066E-03
 -0.53539559841733E-04 -0.10533074758375E-03 -0.28970597106812E-03
 -0.69107120935644E-04 -0.26390429379850E-04 -0.97726193940608E-03
 -0.82423050797729E-04 -0.87440970602773E-04 -0.32049890878932E-03
 -0.62543017990596E-04 -0.18708491391148E-04 -0.97493495235358E-03
 -0.69573271067376E-04 -0.52568866698215E-04 -0.29688377119730E-03
 -0.50058032516114E-04 -0.10564522101263E-04 -0.97277468448273E-03
 -0.67865601827766E-04 -0.38559441782255E-04 -0.98402873733641E-03
 -0.38138541174752E-04 -0.17755938608291E-04 -0.26213360587418E-03
 -0.15709767136858E-04  0.17481965860825E-05 -0.25039173958818E-03
 -0.11306861556519E-04  0.61059373166786E-05 -0.97271742429933E-03
  0.40523670275439E-04  0.71622131057084E-04 -0.15181954412407E-03
  0.44035503173236E-04 -0.98517723095231E-05 -0.98636981983803E-03
  0.55455724520862E-04  0.94353880684673E-04 -0.12331415132222E-03
  0.45580146414595E-04 -0.34800083372552E-05 -0.98848894901834E-03
  0.47173877135255E-04  0.80624994933610E-04 -0.59034964228587E-04
 -0.32407290190911E-04 -0.21413639749286E-05 -0.97207618982197E-03
  0.14215174148511E-04 -0.82470467120418E-04 -0.18815903780845E-03
 -0.62867999438827E-04 -0.36050855402582E-04 -0.98440939959482E-03
  0.35916044785197E-04 -0.95317843414544E-04 -0.15389781522201E-03
  0.52469512313832E-04 -0.22632824893123E-04 -0.99144388420903E-03
  0.28084039423476E-04 -0.38799295128884E-05  0.44467862929036E-04
  0.42002697656255E-04 -0.25486285944309E-04 -0.99254632771550E-03
  0.32352018711531E-04 -0.27301359252542E-04  0.30964417810263E-04
  0.28436635635066E-04 -0.29838539873270E-04 -0.99235840642962E-03
  0.42092286805305E-04 -0.50391188849103E-04 -0.30013345185524E-05
  0.15507791996887E-04 -0.32941756647483E-04 -0.99148143592840E-03
  0.50087170370759E-04 -0.72337739103426E-04 -0.46842273552817E-04
 -0.41994685924149E-07 -0.35726707314358E-04 -0.99049846265680E-03
  0.54949129187216E-04 -0.89207632772311E-04 -0.88567850613219E-04
 -0.14609533893901E-04 -0.37932194685380E-04 -0.98874494947874E-03
  0.53588927396304E-04 -0.95015458628187E-04 -0.12126872995769E-03
 -0.28870934708683E-04 -0.37567595907039E-04 -0.98743910370717E-03
  0.46300507941228E-04 -0.89432601551327E-04 -0.14252309784586E-03
 -0.42993483515872E-04 -0.36305609326882E-04 -0.98610374728561E-03
  0.32933243281214E-04  0.22476207486590E-04  0.27764796141650E-04
  0.58236294460844E-04 -0.23021420478737E-04 -0.98993951977474E-03
  0.49476845661010E-04  0.56551287380880E-04 -0.29602671968931E-04
  0.62543425330973E-04 -0.27333913345089E-04 -0.98795352149611E-03
 -0.66612365904858E-04 -0.13508163023733E-04 -0.98193098405023E-03
 -0.44021174494625E-04  0.20106591118098E-04 -0.22556199544230E-03
 -0.69900083472787E-04 -0.37214073342700E-05 -0.97961475069230E-03
 -0.85688489900478E-04  0.19760354170349E-04 -0.28747747321138E-03
 -0.68394049869736E-04  0.70063754003833E-05 -0.97757073863288E-03
 -0.11688827292121E-03  0.17430983867484E-04 -0.33843668171070E-03
 -0.62206634405112E-04  0.17025877170502E-04 -0.97598173508860E-03
  0.33880015875655E-04 -0.73462876729088E-04 -0.15653401619342E-03
 -0.11496489748560E-03  0.35015586023504E-04 -0.34036186030888E-03
 -0.93253368525073E-04  0.68954672271604E-04 -0.31746693086473E-03
 -0.35958835038412E-04  0.37834112452060E-04 -0.97470504348613E-03
  0.31302402616194E-04  0.35941571482700E-04 -0.16781022738978E-03
  0.55365971944755E-04 -0.40907904048612E-04 -0.98447631615639E-03
  0.61056334987609E-04  0.78371939123372E-04 -0.14751325981194E-03
  0.61810747168920E-04 -0.33170475548912E-04 -0.98620338552161E-03
  0.66041269970010E-04  0.83460435709809E-04 -0.10240917811105E-03
 -0.50822281605458E-04  0.27064227223579E-04 -0.97452156074342E-03
 -0.56063918146798E-04 -0.32665127579097E-04 -0.98461996792137E-03
  0.15532153345378E-04 -0.50963428968576E-04 -0.17394388994690E-03
 -0.66065061873929E-04 -0.26689153031143E-04 -0.98262001034673E-03
  0.22027543301742E-04  0.16479972065104E-04  0.58011143076612E-04
  0.41586372245580E-04 -0.17080557763470E-04 -0.99329677473349E-03
  0.19718708876344E-04 -0.25602451113489E-05  0.68213277865831E-04
  0.30247368659154E-04 -0.21776595008067E-04 -0.99378081175070E-03
  0.23540086473691E-04 -0.19802854138910E-04  0.55717781655155E-04
  0.17475074515670E-04 -0.26022765954058E-04 -0.99292556663349E-03
  0.30630028615861E-04 -0.38810534889101E-04  0.26957073134959E-04
  0.49852292498411E-04 -0.14182167125718E-04 -0.99187236008443E-03
  0.39692568718707E-05 -0.30659735956857E-04 -0.99236080640797E-03
 -0.10027388921337E-04 -0.35034590860227E-04 -0.99104784587650E-03
  0.44844032299234E-04 -0.79185954845694E-04 -0.55677927844493E-04
 -0.24393587720902E-04 -0.37877844622032E-04 -0.98961227820921E-03
  0.47582054053033E-04 -0.93208098254270E-04 -0.94419993901652E-04
 -0.37787913901093E-04 -0.39116791718432E-04 -0.98866110459868E-03
  0.44832987059563E-04 -0.99074307043626E-04 -0.12548802874705E-03
 -0.51556565543808E-04 -0.38958688203233E-04 -0.98710408265588E-03
  0.38818770198000E-04 -0.59698495289481E-04 -0.12753615482157E-04
 -0.39505105148134E-04  0.25481717716964E-04 -0.98370162576345E-03
  0.35280368269081E-04  0.44909154112609E-04  0.13636104238795E-04
  0.55266906100117E-04  0.76455753385668E-04 -0.61359898400894E-04
 -0.13394961450988E-04 -0.27705605895124E-04 -0.20704426416815E-03
 -0.72029054879788E-04 -0.18090396732748E-04 -0.98023102730888E-03
 -0.57326920700605E-04 -0.13357066217920E-04 -0.26455688918090E-03
 -0.72765845252778E-04 -0.86955354346087E-05 -0.97746040482552E-03
 -0.10068414055841E-03 -0.77008042491743E-05 -0.32429575707289E-03
 -0.68087721546307E-04  0.16056597191159E-05 -0.97559082443125E-03
 -0.10955175994368E-03  0.52555823927017E-05 -0.33738512803473E-03
  0.55445078882328E-04 -0.17481132723799E-04 -0.98989149363798E-03
 -0.58250301569027E-04  0.12193532558685E-04 -0.97362431648343E-03
 -0.42885250049594E-04  0.22924791469842E-04 -0.97275002873217E-03
 -0.59591638849613E-04  0.54343819839366E-04 -0.28322008058947E-03
 -0.25033611862307E-04  0.33377750803057E-04 -0.97358983168224E-03
  0.45403612718174E-04  0.64719051230798E-04 -0.15304250140214E-03
  0.55035053402796E-04 -0.27971323661748E-04 -0.98601030917573E-03
  0.62799288182583E-04  0.89783010857408E-04 -0.12387259727462E-03
  0.57825552977096E-04 -0.21338258786429E-04 -0.98809173828437E-03
 -0.85873011739141E-04  0.30489190088886E-04 -0.30779322544095E-03
  0.70741062617039E-04 -0.87841177564544E-04 -0.11110344475084E-03
  0.84998917080637E-05  0.15804980971728E-04 -0.97277342164301E-03
 -0.45882280466636E-05 -0.52934451134308E-04 -0.98304329161623E-03
  0.26712454917321E-04 -0.11280351997574E-03 -0.33544633531768E-03
 -0.15529032291250E-04 -0.52068883897309E-04 -0.98013463323175E-03
  0.47835855957466E-06 -0.94513986501616E-04 -0.28625176561768E-03
 -0.28734306579250E-04 -0.46131392490799E-04 -0.98216312375071E-03
 -0.36454989382720E-04 -0.68089913421780E-04 -0.23290935083758E-03
  0.22276696457924E-04 -0.48306102457590E-04 -0.97390939756624E-03
  0.47816067729015E-04 -0.75013845559882E-04 -0.31963141689248E-03
  0.24999313821228E-05 -0.50547940337070E-04 -0.97541225913400E-03
  0.15432614081794E-04 -0.10419608895007E-03 -0.32839475320895E-03
 -0.14831839180867E-04 -0.49478196396842E-04 -0.97742852991131E-03
 -0.17063951200233E-04 -0.11559763669099E-03 -0.31915927194273E-03
 -0.29269680418209E-04 -0.46043374615433E-04 -0.97943817984312E-03
 -0.55480376635087E-04 -0.10488956023325E-03 -0.28881636460888E-03
  0.23996265618975E-04 -0.35167989700638E-04 -0.97277702425760E-03
  0.41996776521560E-05 -0.39406886193392E-04 -0.97417300909452E-03
  0.75662964293777E-05 -0.62984000230897E-04 -0.28511386068114E-03
 -0.14332388255632E-04 -0.41720102245135E-04 -0.97521948085551E-03
 -0.23854309958501E-04 -0.97030307182376E-04 -0.30395881771123E-03
  0.63222435426704E-05 -0.24842333707314E-04 -0.97331576548318E-03
  0.43993514998666E-05 -0.25814119047137E-04 -0.25599435162813E-03
  0.26694112914609E-04 -0.76120910368778E-04 -0.25014653970171E-03
  0.12219806906200E-05 -0.55915138295734E-04 -0.97781492674597E-03
  0.46237921335994E-04 -0.10466974635037E-03 -0.34846999186412E-03
  0.39777111104005E-04 -0.35961446055523E-04 -0.27750194270080E-03
  0.72586133481569E-04 -0.70317388047077E-04 -0.32888472078738E-03
  0.38169644877027E-04 -0.53487296287608E-04 -0.21284368086924E-03
  0.19146539242285E-04 -0.56443341283823E-04 -0.97583275140876E-03
 -0.16664956013093E-04 -0.46321363116697E-04 -0.98462849599231E-03
  0.34143768015447E-04 -0.37102268787123E-04 -0.18549638958005E-03
 -0.24645762518428E-04 -0.38209141662324E-04 -0.98596966929952E-03
 -0.28739123293722E-04 -0.26533178198893E-04 -0.98686256638413E-03
 -0.15322685491602E-05  0.13507437173363E-04 -0.25062322718874E-03
 -0.30643268810022E-04 -0.13143390559573E-04 -0.98682187564495E-03
 -0.49469466365690E-04 -0.21485955133693E-04 -0.15893180922305E-03
  0.33820685671603E-04 -0.59339831025554E-04 -0.97764614613387E-03
  0.43311057451199E-04 -0.84483714081919E-04 -0.31469301868910E-03
  0.13227906652648E-04 -0.29876622762007E-04 -0.17154859254791E-03
  0.37051916279221E-04 -0.10355656326274E-03 -0.32323170480843E-03
 -0.47242551553514E-04 -0.32582585401190E-04 -0.17194533051720E-03
  0.15701908872194E-04 -0.60194208427122E-04 -0.97881183794489E-03
 -0.34256066687569E-04 -0.33919901417150E-04 -0.98626770977403E-03
  0.37777957232752E-04 -0.54233538560366E-04 -0.97503397206392E-03
 -0.27775246063119E-04 -0.43566668051902E-04 -0.98446215085684E-03
 -0.10779291002703E-04 -0.42348379732070E-04 -0.19255579179686E-03
  0.20407620882849E-04 -0.60288311860834E-04 -0.23118630446251E-03
 -0.16490153480545E-04 -0.50818987115069E-04 -0.98242072886128E-03
  0.35000655383384E-04 -0.87043917689302E-04 -0.28576936708987E-03
 -0.12426554948815E-05 -0.56381954138230E-04 -0.98065477267005E-03
 -0.54700646064580E-04  0.25901347424683E-04  0.13146335675520E-02
 -0.43232875166784E-04  0.21890800777140E-04  0.13203188997120E-02
 -0.63671750328163E-04  0.35742634178243E-04  0.34639118783218E-03
 -0.29654879176809E-04  0.18671715396111E-04  0.13242190827534E-02
 -0.44808605919689E-04  0.14859574276526E-04  0.34497325428504E-03
 -0.82340917749253E-04  0.49681282153564E-04  0.34140484034312E-03
 -0.14512127741057E-04  0.13454920886348E-04  0.13267584278775E-02
 -0.10974174148481E-04 -0.22407468168446E-04  0.31117293377836E-03
  0.20067951292049E-05  0.83384635513559E-05  0.13292127111995E-02
  0.19328510794866E-04  0.25439756928779E-05  0.13320916803148E-02
 -0.16200273510841E-05 -0.28865262478070E-04  0.27904041701063E-03
  0.36676442387481E-04 -0.34954008122743E-05  0.13351989185693E-02
 -0.10402042379105E-03  0.52953391927939E-04  0.34148726928354E-03
  0.37734980834164E-05 -0.27270013500773E-04  0.24099815768191E-03
 -0.26141381106994E-04 -0.67999298551780E-05  0.33388980421799E-03
 -0.63806666443179E-04  0.29276127331278E-04  0.13056848402739E-02
  0.41079249307016E-04 -0.36794528134528E-04  0.32616163390108E-03
 -0.68629906145512E-04  0.30192251203787E-04  0.12944342402425E-02
  0.52213755237537E-04 -0.91696046144754E-05  0.13381470235028E-02
  0.51393205735480E-04 -0.30029363297122E-04  0.13357437592647E-02
  0.37132628050026E-04 -0.96134683737589E-05  0.20186751924916E-03
  0.41574246821273E-04 -0.40047157206647E-04  0.13287905716600E-02
  0.48406932840769E-04 -0.13031754275416E-04  0.26992897425945E-03
  0.28596658405298E-04 -0.50494779088314E-04  0.13227976835097E-02
 -0.13406979951397E-03  0.43279282621324E-04  0.36732712865185E-03
  0.14952201198642E-04 -0.61140728489665E-04  0.13197153157368E-02
 -0.42279753346281E-04  0.44910277016823E-04  0.12665850408608E-02
 -0.11255986487907E-03  0.94053415154171E-04  0.43600200172029E-03
 -0.56051451862780E-04  0.38478132052455E-04  0.12731766796591E-02
 -0.15538775463727E-03  0.47257542524628E-04  0.43527733962407E-03
 -0.65644315253867E-04  0.32689811168816E-04  0.12833735912753E-02
 -0.16160160720107E-03  0.32954799335325E-04  0.41159973157301E-03
  0.12622363938803E-04 -0.80214803286302E-04  0.34450111665203E-03
  0.66651335859565E-05 -0.20997906591656E-04  0.20221957751506E-03
 -0.74914629860268E-04  0.67480206227135E-04  0.31914877397652E-03
  0.11240469331095E-04 -0.16121088489393E-04  0.17358130876725E-03
 -0.84153184414499E-04  0.61712173552760E-04  0.29804022157890E-03
 -0.44316528096551E-04  0.35907619891607E-04  0.13213494347171E-02
  0.25172441093674E-04 -0.10981619182559E-04  0.15863941801208E-03
 -0.31008646107288E-04  0.32524733132499E-04  0.13239080382106E-02
 -0.62923262601727E-04  0.60409856410800E-04  0.33834648499478E-03
 -0.15204912120255E-04  0.27421747733017E-04  0.13247456181090E-02
 -0.56245057248892E-04  0.39346869854706E-04  0.13164562985416E-02
 -0.46144725224364E-04  0.40795524605621E-04  0.34732702805307E-03
 -0.27371492321443E-04  0.16016947656162E-04  0.34372109221102E-03
  0.19245501354217E-04  0.15681048479717E-04  0.13269972239554E-02
 -0.11126124801734E-04 -0.65505564506452E-05  0.32941179786771E-03
  0.36707288778800E-04  0.85235889543071E-05  0.13290322595297E-02
  0.73651952706921E-06 -0.21659475785787E-04  0.30473547317823E-03
  0.53443702887669E-04  0.21353187316132E-05  0.13311640286943E-02
  0.14281082343835E-05  0.21759266219517E-04  0.13255222616442E-02
 -0.96956431412985E-04  0.44746621984749E-04  0.29732288636028E-03
 -0.65034375254819E-04  0.40702241140415E-04  0.13082353177824E-02
 -0.11877041482409E-03  0.23109289522895E-04  0.33480778399170E-03
  0.66971532155098E-04 -0.21627120388427E-04  0.13386565438195E-02
  0.19639289709336E-04 -0.14288157620446E-04  0.16234385734539E-03
  0.65586588707842E-04 -0.27856587542634E-04  0.13344412563075E-02
  0.31866673864391E-04 -0.13246642368259E-04  0.17971259706762E-03
  0.57600027643396E-04 -0.37846984826339E-04  0.13281551392964E-02
  0.47742664614696E-04 -0.13128402649217E-04  0.23490137863490E-03
  0.45242963937372E-04 -0.50326511767661E-04  0.13211317911010E-02
  0.55500200283660E-04 -0.24595012850834E-04  0.30251503727783E-03
  0.31534254792194E-04 -0.62375741166135E-04  0.13159446726390E-02
  0.38180064630619E-04 -0.61935131075587E-04  0.34297906604844E-03
 -0.55557405978586E-04  0.49765633260185E-04  0.12825649728146E-02
 -0.10981544963763E-03  0.49302442263129E-04  0.41219819709179E-03
 -0.65486404191851E-04  0.43642454106675E-04  0.12905029912049E-02
 -0.13199933858616E-03  0.16706964003631E-04  0.38541830195983E-03
 -0.68717754190958E-04  0.40460143761467E-04  0.12991887539037E-02
  0.62887317991772E-04 -0.15184561109239E-04  0.13399601175041E-02
  0.55762623176046E-04 -0.24441168500119E-04  0.13414433612283E-02
 -0.65632206829300E-04  0.16029981827414E-04  0.12792187729372E-02
  0.55051473496325E-04 -0.20501489991326E-04  0.13447124974964E-02
 -0.51730901054469E-04 -0.10789570267818E-04  0.13194455489193E-02
 -0.37407914884658E-04 -0.31356094557789E-04  0.31153310490497E-03
 -0.39920946839909E-04 -0.11263031052536E-04  0.13274142479371E-02
 -0.23392320431364E-04 -0.32105417310431E-04  0.28048931421391E-03
 -0.26530201703302E-04 -0.12430068322254E-04  0.13335086477944E-02
 -0.13674594069897E-04 -0.31265191349441E-04  0.24972033240470E-03
 -0.60803552984989E-04 -0.29513325188098E-04  0.34547875422564E-03
 -0.11761630387827E-04 -0.13088703451600E-04  0.13385700001933E-02
  0.35628347197756E-05 -0.13724224493595E-04  0.13429978185458E-02
 -0.25298566020203E-05 -0.23980880142188E-04  0.19018738130169E-03
  0.18764939041569E-04 -0.14658533098512E-04  0.13463693351346E-02
  0.23547027165559E-05 -0.17903804009533E-04  0.16716289066851E-03
  0.31832848542546E-04 -0.15873749936709E-04  0.13487023286219E-02
  0.77481105263615E-05 -0.13013339699107E-04  0.15072550796475E-03
 -0.69353023484107E-05 -0.28856061962987E-04  0.21847945766732E-03
 -0.59869035785201E-04 -0.88714337958108E-05  0.13089066632223E-02
 -0.96867219336294E-04 -0.25947045694443E-04  0.38356297971995E-03
 -0.64210585924075E-04 -0.64344777423121E-05  0.12945620776083E-02
  0.36717440707259E-04 -0.63086436455815E-05  0.20663428825160E-03
  0.21742305441868E-04 -0.23349601585120E-04  0.13324126009211E-02
  0.43283627044174E-04 -0.69835401099217E-05  0.27411494165872E-03
  0.10254246219851E-04 -0.32167338995931E-04  0.13271244583465E-02
  0.31419913651671E-04 -0.29308597210427E-04  0.32755174630904E-03
 -0.22385545152060E-05 -0.40645158212283E-04  0.13244137127616E-02
  0.29592069086391E-06 -0.70937855508760E-04  0.34514941901535E-03
 -0.24515547433780E-04  0.16560761121371E-04  0.12439506730631E-02
 -0.74425280749970E-04  0.44442799111435E-04  0.35292875660293E-03
 -0.42796488419060E-04  0.73748332299349E-05  0.12514469097697E-02
 -0.13574862469793E-03  0.11274970647213E-04  0.39849930532023E-03
 -0.56215492702009E-04  0.86130916711017E-06  0.12642683095886E-02
 -0.16434806643474E-03 -0.10608156357345E-04  0.43479406634682E-03
 -0.63995600916151E-04 -0.40304590972618E-05  0.12791328001015E-02
 -0.14087322371467E-03 -0.21158400657620E-04  0.42281563170177E-03
  0.41236294688820E-04 -0.17435606257405E-04  0.13492993633425E-02
  0.14297122644812E-04 -0.94430407469122E-05  0.14242105341704E-03
  0.45002765395678E-04 -0.19918377492223E-04  0.13465759637497E-02
  0.22426942432128E-04 -0.91692779387825E-05  0.14729549128042E-03
 -0.60471765517556E-04  0.47564997826245E-05  0.34747978358329E-03
 -0.41794209674712E-04  0.52877097554188E-05  0.13225351381542E-02
 -0.40605584473757E-04 -0.10593689781514E-04  0.33242189739818E-03
 -0.28080905206366E-04  0.26243489139354E-05  0.13278317366243E-02
 -0.24773340602547E-04 -0.23389960598992E-04  0.31229643272603E-03
 -0.13544019343476E-04 -0.11323103443569E-05  0.13319574766064E-02
 -0.12436186970039E-04 -0.31272490174571E-04  0.28488969136051E-03
  0.30700124053761E-05 -0.46159481061809E-05  0.13356111092045E-02
 -0.46466658003394E-05 -0.31430532657377E-04  0.25006704370245E-03
  0.19489919424782E-04 -0.82166426264191E-05  0.13392153792701E-02
 -0.13593499491634E-06 -0.26277468023700E-04  0.21442256796995E-03
  0.35246359305692E-04 -0.12175485542844E-04  0.13424205876914E-02
  0.40636782716866E-05 -0.19281636592525E-04  0.18165645973519E-03
  0.48047649143471E-04 -0.15981740676332E-04  0.13449643930332E-02
  0.86865098210335E-05 -0.13436250769802E-04  0.15794181309923E-03
 -0.53077740262417E-04  0.78292237431897E-05  0.13155024367293E-02
  0.15751294713958E-04 -0.11206448215094E-04  0.14779557188138E-03
 -0.88186212912046E-04  0.18284984261202E-04  0.36198298458774E-03
 -0.12585445685962E-03  0.25431410223190E-04  0.38724932085950E-03
  0.43428812335373E-04 -0.22220171657229E-04  0.13413354111651E-02
  0.31476817285468E-04 -0.87678526670237E-05  0.17673866870568E-03
  0.36476483014994E-04 -0.28020293975749E-04  0.13346648860294E-02
  0.41968282584425E-04 -0.66936939725611E-05  0.23768605288705E-03
  0.25507724512706E-04 -0.37780106240596E-04  0.13280951703474E-02
  0.43340093595914E-04 -0.18165025188757E-04  0.30365627004421E-03
  0.12780298058607E-04 -0.47141761438654E-04  0.13236459955708E-02
  0.21639104033409E-04 -0.53500920260613E-04  0.34072980365198E-03
 -0.43192712683361E-04  0.27993717265709E-04  0.12567449776317E-02
 -0.13739521615370E-03  0.60084812372082E-04  0.42136776922296E-03
 -0.56891135785470E-04  0.21396528716239E-04  0.12666391292760E-02
 -0.17553974545688E-03  0.32303360222009E-04  0.44028629009104E-03
  0.81083716274272E-05 -0.26203111297038E-04  0.27042349439940E-03
 -0.16574850855332E-03  0.25847003545028E-04  0.42437882102461E-03
 -0.66864637324525E-04  0.13821696303183E-04  0.12926219636411E-02
 -0.61987206494340E-04  0.11306400977593E-04  0.13055679322425E-02
  0.66748155740678E-04 -0.49099035982603E-05  0.13333383383299E-02
 -0.64766317357851E-04  0.59923110523959E-04  0.26069480716711E-03
  0.75037878751796E-04 -0.12989102825747E-04  0.13331629224076E-02
 -0.48706750587170E-04  0.40671945503996E-04  0.13354729177839E-02
 -0.35936106268404E-04  0.29278202827420E-05  0.18675530232231E-03
 -0.33816786296494E-04  0.39630839565807E-04  0.13386586021589E-02
 -0.29094270184114E-04  0.26202643647412E-04  0.18456609926639E-03
 -0.17553081204394E-04  0.39183956425569E-04  0.13385416799883E-02
 -0.28361991129262E-04  0.46222391608089E-04  0.20095353828035E-03
 -0.49775447655304E-04 -0.21079754510171E-04  0.22005596578250E-03
 -0.50211948887684E-06  0.39895943316158E-04  0.13363529727928E-02
  0.16641718569185E-04  0.40456840095022E-04  0.13329820037441E-02
 -0.36233283125002E-04  0.77301012808979E-04  0.26632362709201E-03
  0.33796768558602E-04  0.39427246830744E-04  0.13299168767191E-02
 -0.35674796744116E-04  0.81524661287082E-04  0.30076880845999E-03
  0.50924790762050E-04  0.36693661211591E-04  0.13264870417774E-02
 -0.29346427706419E-04  0.75580077874042E-04  0.32852497807098E-03
 -0.32145460624990E-04  0.64057298378795E-04  0.23003900705062E-03
 -0.60957470895963E-04  0.41977287521602E-04  0.13287991679072E-02
 -0.65258128755451E-04 -0.41359753740127E-04  0.28143362516280E-03
 -0.67145015513874E-04  0.43300322026073E-04  0.13223369919780E-02
  0.39620550212337E-04 -0.24796477841888E-04  0.29839601613146E-03
  0.90989549503647E-04 -0.64334511983364E-05  0.13141380343165E-02
  0.59411306119057E-04 -0.30686152192918E-04  0.27841776768634E-03
  0.88638391072107E-04 -0.20328687549856E-04  0.13067411414919E-02
  0.85506794810566E-04 -0.31656052979595E-04  0.29302090093878E-03
  0.78308431178062E-04 -0.36364496793346E-04  0.12981963059926E-02
  0.11440313532954E-03 -0.33513902887670E-04  0.34628590460090E-03
  0.61375623722671E-04 -0.51299543038142E-04  0.12899754685104E-02
  0.12006760070136E-03 -0.58389199117601E-04  0.39276911504396E-03
  0.41412148643153E-04 -0.65040488826720E-04  0.12837202146624E-02
  0.92180446103096E-04 -0.11481027095018E-03  0.41136651416685E-03
 -0.57863622610509E-04  0.52902797202546E-04  0.13134610177474E-02
 -0.28872498347798E-04 -0.49331200931838E-06  0.35006048665432E-03
 -0.65448637458553E-04  0.46651896888641E-04  0.13165737472940E-02
 -0.60498050563126E-04 -0.37396413296749E-04  0.33531462121669E-03
  0.66646974591611E-04  0.32751833225648E-04  0.13235136762003E-02
  0.88283055851077E-04  0.49733879006469E-05  0.13191730095578E-02
 -0.15245915422690E-04  0.59226521630184E-04  0.34487899921588E-03
  0.54449969363090E-05  0.34043694461000E-04  0.34877296192835E-03
 -0.34432038452286E-04 -0.22314400616658E-04  0.19278570502639E-03
 -0.36439174066600E-04  0.33342520258084E-04  0.13433792025720E-02
 -0.21946303056318E-04  0.12310176692545E-05  0.16951541614330E-03
 -0.20321486258914E-04  0.33002306178151E-04  0.13453299870975E-02
 -0.16394584513561E-04  0.21275474378827E-04  0.16926792407996E-03
 -0.30358980337453E-05  0.34099842920052E-04  0.13442336662381E-02
 -0.50909441877125E-04  0.34543456075241E-04  0.13371406356603E-02
 -0.16635273066600E-04  0.38593469615698E-04  0.18214110613828E-03
 -0.20394439515596E-04  0.54873217604333E-04  0.20630319256703E-03
  0.31780520297809E-04  0.38751260205192E-04  0.13362416283689E-02
 -0.24915535275034E-04  0.68351549130986E-04  0.23848598655534E-03
  0.48682346910464E-04  0.39704663919969E-04  0.13319176995521E-02
 -0.26519409420215E-04  0.78475368134427E-04  0.27385292641953E-03
  0.64388635587991E-04  0.38622735713945E-04  0.13274189416070E-02
  0.14693480142925E-04  0.36802993910691E-04  0.13406109308366E-02
 -0.50959076240347E-04 -0.45536305433568E-04  0.24629890272366E-03
 -0.60606113287640E-04  0.36062378787218E-04  0.13297777378402E-02
 -0.58752240043857E-04 -0.57408259505204E-04  0.30976194644701E-03
  0.89547475037462E-04  0.18809890474559E-04  0.13163675311789E-02
  0.30354065424220E-04  0.73373434633975E-05  0.34202957849643E-03
  0.94348208488744E-04  0.87286992571923E-05  0.13100817060476E-02
  0.58679359755643E-04 -0.15662718123412E-04  0.33151631594521E-03
  0.93346029485326E-04 -0.31962330516085E-05  0.13019171475977E-02
  0.92436951800492E-04 -0.30791688251467E-04  0.33610169038086E-03
  0.85868486639333E-04 -0.18097771732565E-04  0.12918824490126E-02
  0.13203620755775E-03 -0.37220134030393E-04  0.37418156778224E-03
  0.71144156015970E-04 -0.34421613111066E-04  0.12816522651046E-02
  0.15668333092769E-03 -0.48292528110361E-04  0.41832449683709E-03
  0.51736096665676E-04 -0.48349142629472E-04  0.12727031637308E-02
  0.13952129659759E-03 -0.88536760695247E-04  0.43331441620484E-03
 -0.59459204396001E-04  0.42099311422332E-04  0.13192988132669E-02
 -0.39511444338310E-04 -0.36800730722527E-04  0.34558982031073E-03
 -0.63081818964814E-04  0.37740014202026E-04  0.13237330929531E-02
  0.79778630131488E-04  0.26583727006955E-04  0.13205500302332E-02
  0.20953694644434E-04 -0.10652998767480E-04  0.32497599685813E-03
  0.80147121805403E-04  0.14080466714387E-04  0.13223073185742E-02
  0.23890418756332E-05  0.11551559193838E-04  0.34281984526749E-03
 -0.57350404320794E-04  0.45334446706910E-04  0.13205231496396E-02
 -0.68624366710932E-04  0.39084830323568E-04  0.24297093839485E-03
 -0.44772857817621E-04  0.43338856968106E-04  0.13248813390663E-02
  0.30390039829495E-04 -0.16772646576432E-04  0.13394336030388E-02
 -0.31268218656746E-04  0.41342355972903E-04  0.13267399566093E-02
 -0.62518308059992E-04  0.73882966109377E-04  0.29235529527146E-03
 -0.80184020034738E-04  0.13913366846801E-04  0.26198138052704E-03
 -0.16241266544047E-04  0.38079048540691E-04  0.13267472617428E-02
  0.91672792869738E-06  0.33198079832099E-04  0.13256553086839E-02
 -0.44432251812425E-04  0.62520556676275E-04  0.33850557438056E-03
  0.18849395540439E-04  0.28065658291276E-04  0.13253362886304E-02
 -0.29002234639413E-04  0.40120007359733E-04  0.34504173272897E-03
  0.36612482861163E-04  0.21427808179478E-04  0.13254171059665E-02
 -0.13414449917784E-04  0.13662890197764E-04  0.34144723213821E-03
 -0.56244513501254E-04  0.75120689679158E-04  0.32047660993500E-03
 -0.66068854810546E-04  0.45447387790400E-04  0.13132141318076E-02
 -0.97019718456448E-04 -0.57514284050769E-05  0.31658687506380E-03
 -0.68867222545836E-04  0.46130183112969E-04  0.13061679629891E-02
  0.18968170986797E-04 -0.20850443989755E-04  0.19918564567605E-03
  0.77227051873569E-04 -0.20824067163259E-04  0.13302523994823E-02
  0.29783234530044E-04 -0.18304598035888E-04  0.18673769824693E-03
  0.72845167180452E-04 -0.31171470369388E-04  0.13250863073053E-02
  0.46294422746171E-04 -0.17288829979989E-04  0.21415172018182E-03
  0.62849518860776E-04 -0.45512959380687E-04  0.13177907615716E-02
  0.64927988191895E-04 -0.20004242829022E-04  0.27772181636763E-03
  0.48555944560964E-04 -0.58958539515494E-04  0.13111231831137E-02
  0.64267033259817E-04 -0.43804360110162E-04  0.33602787269804E-03
  0.32491897778990E-04 -0.71248927017204E-04  0.13070304374050E-02
  0.38234253428637E-04 -0.92783871504469E-04  0.35746795241507E-03
 -0.53523898873870E-04  0.56696814680239E-04  0.12938056612738E-02
 -0.60202854474697E-04  0.48491512327181E-04  0.38311591054995E-03
 -0.64072351894434E-04  0.50501713650994E-04  0.12992671367427E-02
 -0.93511530919850E-04  0.26590846866884E-05  0.36608936977314E-03
  0.53369960959316E-04  0.15544020632068E-04  0.13262381438572E-02
  0.14547298009056E-05 -0.81588310969333E-05  0.32712036454341E-03
  0.67828985717085E-04  0.82163222832377E-05  0.13272503054377E-02
  0.13383291025089E-04 -0.21537158358134E-04  0.30093909672715E-03
 -0.54500360093028E-04  0.73274117244041E-05  0.21477486622698E-03
 -0.46181762021130E-04  0.44262283851374E-04  0.13304284961098E-02
 -0.46548225882824E-04  0.31878989462760E-04  0.20779864780716E-03
 -0.31824155647043E-04  0.43051287302836E-04  0.13318677876229E-02
 -0.45418772266768E-04  0.53790826828306E-04  0.22828083810380E-03
 -0.16680080201065E-04  0.42105272816650E-04  0.13316876527071E-02
 -0.46707778757565E-04  0.71539770669823E-04  0.26035254616468E-03
  0.29763724992574E-06  0.40153228741373E-04  0.13296377713458E-02
  0.17779332876845E-04  0.37076495203741E-04  0.13276527339180E-02
 -0.41257587099372E-04  0.76818384960627E-04  0.32220288538978E-03
  0.35635538660889E-04  0.32766933077803E-04  0.13258209220551E-02
 -0.30690850381388E-04  0.60653010901023E-04  0.34029204756302E-03
  0.52615749777700E-04  0.27677540154146E-04  0.13243324335078E-02
 -0.15945722932230E-04  0.36875739815594E-04  0.34793280373694E-03
  0.68243410729967E-04  0.21907700056821E-04  0.13234857280095E-02
 -0.59293670614508E-04  0.45351575425147E-04  0.13255382364195E-02
  0.12339976935108E-04 -0.23993652674552E-04  0.23208259051538E-03
 -0.70233394338786E-04 -0.16652969283392E-04  0.25971937139370E-03
 -0.78996317157546E-04 -0.27254876240280E-04  0.32136380639353E-03
  0.78991713009128E-04 -0.31571499188753E-06  0.13270903411872E-02
  0.23656457346893E-04 -0.26771892083955E-04  0.26551997997468E-03
  0.84604488287309E-04 -0.94120264407445E-05  0.13244025043494E-02
  0.34674310130068E-04 -0.26345783672374E-04  0.23307288800879E-03
  0.84575135199753E-04 -0.20233327436745E-04  0.13197977018630E-02
  0.50424938333938E-04 -0.23965361415436E-04  0.22739373426039E-03
  0.78249868900087E-04 -0.34821193491886E-04  0.13124733128425E-02
  0.73379908193704E-04 -0.22760365769945E-04  0.26907646129204E-03
  0.64998998270747E-04 -0.50393515467308E-04  0.13049436590096E-02
  0.89693066226970E-04 -0.32988176525191E-04  0.33250395343050E-03
  0.47709529485708E-04 -0.63874842113336E-04  0.12988302344685E-02
  0.76267932353440E-04 -0.74563392195049E-04  0.37185784826871E-03
 -0.62296572598731E-04  0.53004557627104E-04  0.13070335193572E-02
 -0.58761608055764E-04 -0.24613566966367E-05  0.35787912181965E-03
 -0.68582553341892E-04  0.48041824773088E-04  0.13124575903857E-02
 -0.67783725177748E-04  0.45827154115389E-04  0.13187797360099E-02
  0.27238813504806E-04 -0.84799273021169E-05  0.16016516663705E-03
 -0.13798045955558E-03 -0.74005523890043E-04  0.43754200820802E-03
  0.18877536017361E-04 -0.78868144933531E-05  0.14249396463773E-03
  0.33966805028826E-05 -0.38384692204303E-04  0.13273127577391E-02
 -0.23794075995514E-05  0.14419183266722E-04  0.31271564418774E-03
  0.55489168237451E-05 -0.21320670606670E-04  0.13309336186184E-02
 -0.86301998170654E-05  0.19975510645814E-04  0.28452206972561E-03
  0.66311398606071E-05 -0.42432901214901E-05  0.13341773899868E-02
 -0.84950355486628E-05  0.23003902124759E-04  0.25081088796677E-03
  0.11601670509300E-04  0.60557944331015E-05  0.33343444659656E-03
  0.73492479879199E-05  0.13157184688256E-04  0.13372851598535E-02
  0.67903379508042E-05  0.28312204360210E-04  0.13403356076009E-02
 -0.24914881915696E-05  0.19872084287342E-04  0.18320824643350E-03
  0.31724798232710E-05  0.40875870280694E-04  0.13412619450209E-02
  0.31100100700080E-05  0.14465732258300E-04  0.16081842661345E-03
 -0.46161546544676E-05  0.50224072869598E-04  0.13394994509835E-02
  0.93112619227658E-05  0.90351312905565E-05  0.15694788286613E-03
 -0.55532581352644E-05  0.23133050812952E-04  0.21512656525514E-03
  0.78440488691285E-06 -0.53472769760944E-04  0.13239018476110E-02
 -0.52898475077996E-05  0.36412915975562E-05  0.33508603886892E-03
 -0.50672963633325E-04  0.49665657905023E-04  0.13191241783902E-02
  0.19991458606189E-05  0.24357802273718E-04  0.31350373658761E-03
  0.17188500133121E-04  0.78015354016794E-05  0.13305947619840E-02
 -0.58526095739473E-05  0.28196046292122E-04  0.28268361534255E-03
  0.14910209077881E-04  0.25216194771942E-04  0.13328229201511E-02
 -0.74277933583643E-05  0.28789428614587E-04  0.24528618827327E-03
  0.99667018870381E-05  0.39406771766249E-04  0.13348047712397E-02
 -0.40429602397100E-05  0.25450487486762E-04  0.20665529548882E-03
  0.21100616338040E-05  0.51377845512452E-04  0.13348321963329E-02
  0.21032411860379E-05  0.20349710448538E-04  0.17884898331463E-03
 -0.89160362129627E-05  0.59642328665167E-04  0.13324312639759E-02
  0.88266326615037E-05  0.17561201237104E-04  0.17669301400046E-03
 -0.22935216935341E-04  0.60342499941496E-04  0.13273388450107E-02
  0.16418961920857E-04  0.19809213704425E-04  0.21552640749039E-03
 -0.36885977886403E-04  0.56270470861947E-04  0.13221978688572E-02
  0.15924681412454E-04  0.23095462313076E-04  0.28296477639765E-03
 -0.15823205156204E-04  0.53206429751432E-04  0.13345747155218E-02
  0.17945343980104E-04 -0.10249270047358E-04  0.13281799101873E-02
  0.17396094159428E-04  0.83301754166231E-05  0.18506037941895E-03
  0.22620211671757E-04  0.12570976311938E-04  0.24718854667639E-03
  0.97832983283395E-05  0.47518179886703E-05  0.14731792220082E-03
 -0.78707198969018E-05  0.43053651677955E-04  0.13406334424962E-02
  0.16835386790051E-04  0.16160853090599E-05  0.16426719243566E-03
 -0.17546051690800E-04  0.40706296599076E-04  0.13337727692750E-02
  0.24666627739782E-04  0.42348836054254E-05  0.21581925919402E-03
 -0.27796929014029E-04  0.35956969928026E-04  0.13279094242694E-02
  0.35797817265020E-07  0.38725427925671E-04  0.13448373339058E-02
  0.23947536130334E-04  0.53268616731559E-05  0.28696915796583E-03
  0.32856849190604E-05 -0.17534170600683E-04  0.33710231705691E-03
 -0.23691249002697E-04 -0.80397972421277E-04  0.13063411660968E-02
 -0.21583589694155E-04 -0.44184313118910E-04  0.34775658285636E-03
 -0.26293002588360E-04 -0.74658409633005E-04  0.13156512672758E-02
 -0.26175345077428E-04 -0.20444334885189E-04  0.31204479440927E-03
 -0.25638768297382E-04 -0.65240161274811E-04  0.13233843166983E-02
 -0.38587612267423E-04  0.29119618976837E-04  0.13242658181884E-02
  0.38290573496371E-05  0.10551203583252E-04  0.15062181709973E-03
  0.35884460572325E-05  0.29387246173886E-04  0.13465003754655E-02
  0.43008939620672E-06  0.14846701796631E-04  0.16516611199944E-03
 -0.39839253916518E-04  0.44000540328429E-04  0.13237549105611E-02
  0.12378972612375E-04  0.60903781135497E-05  0.31316260565424E-03
 -0.14385218963222E-04 -0.72598051897897E-04  0.13191009359794E-02
 -0.63271896026669E-06 -0.10806205661498E-04  0.33132767001074E-03
 -0.12459859189389E-04 -0.61135683489339E-04  0.13243332452618E-02
 -0.10481941052865E-04  0.20465428707810E-05  0.30764704064535E-03
 -0.10283873910191E-04 -0.47963678284138E-04  0.13288906750490E-02
 -0.13129961558111E-04  0.10056511895794E-04  0.27951184787622E-03
 -0.70188469062545E-05 -0.31843236531965E-04  0.13335061823048E-02
 -0.10468396202398E-04  0.14932833623214E-04  0.24772204264485E-03
 -0.37301783052199E-05 -0.15720215795151E-04  0.13378860116314E-02
 -0.57981724973922E-05  0.17325013832337E-04  0.21620526833059E-03
  0.12362030020510E-06  0.79285057098467E-06  0.13416922565298E-02
 -0.16636590943300E-05  0.17659710004026E-04  0.18729038214658E-03
  0.33206060401614E-05  0.16470098355148E-04  0.13449727553607E-02
 -0.28142745400500E-04  0.49807974310923E-04  0.13281552690943E-02
  0.18749852587141E-04  0.17341595887217E-04  0.33495146064418E-03
  0.16815322515622E-04 -0.27534241753169E-04  0.13257755364338E-02
  0.20212453488172E-05  0.34646514074859E-04  0.31935126994835E-03
  0.30776626702379E-05  0.10103065379718E-03  0.37104920841146E-03
  0.14068159970862E-06  0.67725760722846E-04  0.12874447154085E-02
 -0.22128786953018E-04  0.12833004241905E-03  0.39310114866533E-03
 -0.21806080009397E-04  0.63784143556964E-04  0.12817707484120E-02
 -0.39491865109005E-04  0.13772483641100E-03  0.41316945944980E-03
 -0.41003276140947E-04  0.56439817296170E-04  0.12793325632531E-02
  0.21822366322644E-04  0.65003900998028E-04  0.12952134659677E-02
 -0.68200250056975E-04  0.10515986483472E-03  0.41871612384569E-03
  0.47010702936237E-04  0.46356520023715E-04  0.34335440336625E-03
  0.35066693685470E-04  0.52460983795581E-04  0.13143953129121E-02
  0.18129997039642E-04  0.57503475236935E-04  0.33227460853385E-03
  0.19665428385175E-04  0.63428229148807E-04  0.13093393739519E-02
 -0.23874651419620E-05  0.69336735655772E-04  0.31824237853608E-03
  0.89770607711563E-06  0.70148927584443E-04  0.13027557466403E-02
  0.45701357411779E-04  0.38934184752844E-04  0.13178208345137E-02
  0.38159789090543E-04  0.77560272661768E-04  0.36049988981907E-03
  0.39679525525500E-04  0.56509278931254E-04  0.13037409330465E-02
 -0.64451015410852E-04  0.14345425335414E-03  0.43895146292296E-03
 -0.17265829777911E-05  0.26847088068676E-04  0.12433846708343E-02
 -0.14147367929164E-04  0.81790833262797E-04  0.34932109719971E-03
  0.21563740378439E-04  0.50672044870218E-04  0.12632212661884E-02
  0.35878067249974E-04  0.15482874607913E-03  0.43559347250093E-03
 -0.15871641819748E-05  0.45193374678650E-04  0.12551794880747E-02
 -0.21916821192277E-04  0.14210085089418E-03  0.41713286729081E-03
 -0.24207913609785E-04  0.36743174238294E-04  0.12526137954926E-02
 -0.78108869481615E-04  0.10438827976316E-03  0.40553854478033E-03
  0.43721826706057E-04  0.57060195124356E-04  0.12903557696335E-02
  0.62468172675312E-04  0.10629078907315E-03  0.39367216355183E-03
  0.22626084915458E-04  0.61245098800551E-04  0.12793869818447E-02
  0.17082653870369E-04  0.13927611814091E-03  0.42222099917891E-03
 -0.92699840615433E-06  0.58934013408179E-04  0.12709429959334E-02
 -0.25305056407500E-04  0.15890785240746E-03  0.43903565368885E-03
 -0.23026613504744E-04  0.52766928359811E-04  0.12661033746268E-02
 -0.12637027803057E-04  0.85049715370738E-04  0.31798728341656E-03
 -0.18981031291022E-04  0.69290825518121E-04  0.12969658620790E-02
 -0.15585856816462E-04  0.10064851955829E-03  0.34268189893058E-03
 -0.37475458449042E-04  0.63646486718315E-04  0.12933869973720E-02
  0.29649365776698E-04  0.14161732082776E-05  0.13254754777166E-02
  0.22633971409030E-04  0.27850685285810E-04  0.33259319316907E-03
  0.27273989025703E-04  0.19287136036880E-04  0.13267363157930E-02
  0.43757118003762E-05  0.33025998406162E-04  0.30897903162167E-03
  0.22578510468398E-04  0.35867452126486E-04  0.13281225227380E-02
 -0.47272225493598E-05  0.35353108121080E-04  0.27509330199078E-03
  0.13087810069506E-04  0.49678303314470E-04  0.13283174441162E-02
 -0.45902296973043E-05  0.33899997112059E-04  0.23660931127839E-03
  0.11387485484665E-05  0.60747592882949E-04  0.13266373703714E-02
  0.65671620991488E-06  0.31598173931079E-04  0.20786460999754E-03
 -0.13166899335525E-04  0.66352855975570E-04  0.13227161466965E-02
  0.70171551812447E-05  0.32838846370998E-04  0.21133607818747E-03
 -0.28830262175816E-04  0.64841753248441E-04  0.13183706661603E-02
  0.11343938870869E-04  0.39516152962227E-04  0.25868826688396E-03
 -0.44235557890887E-04  0.59624195704805E-04  0.13146607983947E-02
  0.46347650030008E-04  0.19181796494494E-04  0.34591057422826E-03
 -0.23454612398616E-04 -0.48228389840885E-05  0.27463106670372E-03
  0.29736235764419E-04 -0.15902860237343E-04  0.13246158698346E-02
 -0.50328757443811E-04  0.59275610695052E-04  0.13051797732597E-02
 -0.26994066475637E-04  0.93140934467330E-04  0.37243853666966E-03
  0.41065255796343E-04  0.12907954176829E-04  0.13230371328564E-02
  0.49391614317511E-04  0.30399299068455E-04  0.34292390357770E-03
  0.37263092865839E-04  0.29687182531972E-04  0.13227791095402E-02
  0.22880474884795E-04  0.38794445202145E-04  0.32885199746514E-03
  0.29123592907909E-04  0.45304702587180E-04  0.13222576552122E-02
  0.34707739209751E-05  0.44579544892548E-04  0.30403096193486E-03
  0.16554648852601E-04  0.57849153802634E-04  0.13203405629990E-02
 -0.42694861068724E-05  0.47508797615281E-04  0.27377810892264E-03
  0.59394748656909E-06  0.66916710569048E-04  0.13161519044568E-02
 -0.40683589897004E-05  0.51722554355950E-04  0.25318550394318E-03
 -0.16336217598537E-04  0.69588487891044E-04  0.13109542755335E-02
 -0.27365319459292E-06  0.60707976676275E-04  0.26718417249371E-03
 -0.33934863859749E-04  0.65890465692194E-04  0.13069367092958E-02
 -0.18395193541951E-05  0.66391051500893E-04  0.31337495124606E-03
 -0.22736990852017E-04  0.43359392214612E-04  0.35308754503300E-03
 -0.23292683665422E-04 -0.54560517811942E-04  0.13301118703090E-02
 -0.15805930975628E-04  0.43764489893874E-05  0.24000691123545E-03
 -0.19201867731917E-04 -0.40904122145347E-04  0.13358941866928E-02
 -0.29353488929140E-04 -0.32937010011627E-04  0.22817033589768E-03
 -0.44338616984135E-04 -0.39171236189940E-04  0.13315112485675E-02
 -0.16321656153120E-04 -0.20354844645284E-04  0.18885482056818E-03
 -0.34708843287567E-04 -0.33397417538843E-04  0.13392297631539E-02
 -0.77933455889478E-05 -0.14020180390157E-04  0.16572154560471E-03
 -0.22598896980199E-04 -0.27045279464825E-04  0.13450747593714E-02
 -0.52079335773193E-04 -0.44383065882550E-04  0.13210843168183E-02
 -0.17757168069889E-05 -0.11940993780769E-04  0.15312131746043E-03
  0.21930539164969E-05 -0.10730007664092E-04  0.14682390725262E-03
  0.25060131574057E-05 -0.15370174461358E-04  0.13525761234219E-02
  0.63504704466620E-05 -0.86167776871647E-05  0.14350118595075E-03
  0.13791494863001E-04 -0.10746683674845E-04  0.13542112173164E-02
  0.99359792746071E-05 -0.69830323597347E-05  0.14115514633600E-03
  0.21934746712985E-04 -0.69721037743306E-05  0.13533453721196E-02
 -0.97793963863835E-05 -0.20806289955170E-04  0.13494298987136E-02
 -0.51206284841940E-04 -0.55797136303268E-04  0.29151145095932E-03
 -0.55654463169800E-04 -0.46287344893240E-04  0.13079551673732E-02
 -0.83821016725652E-04 -0.87414965718400E-04  0.37134235164043E-03
  0.10647389551404E-04  0.56600395193182E-05  0.13401737347575E-02
  0.31993355311092E-04 -0.50678836969582E-05  0.20428254060654E-03
  0.26096721247788E-05 -0.32089199403378E-07  0.13328054406163E-02
  0.38921863370952E-04 -0.29797875741684E-05  0.27164515646279E-03
 -0.73763950904290E-05 -0.70769922786990E-05  0.13278281068809E-02
  0.26920043577914E-04 -0.20472596936296E-04  0.32651659832122E-03
 -0.18670391848348E-04 -0.14905800716820E-04  0.13253424510610E-02
 -0.48995802171240E-05 -0.60573300640691E-04  0.34745341928839E-03
 -0.22874825085075E-04 -0.28686246088604E-04  0.12451426403804E-02
 -0.59747444331829E-04 -0.81146963687637E-04  0.36574139907648E-03
 -0.38116543620123E-04 -0.36771538914653E-04  0.12588553124313E-02
 -0.10783293736241E-03 -0.11229321316199E-03  0.42886154089224E-03
 -0.50443553852720E-04 -0.42625399031076E-04  0.12753860754756E-02
 -0.11296969414461E-03 -0.11314303004822E-03  0.43314021443630E-03
 -0.55577189360543E-04 -0.45470814554289E-04  0.12922682751770E-02
  0.14890580575696E-04 -0.65216682314663E-05  0.14063606952013E-03
  0.24639581284779E-04 -0.43598057452312E-05  0.13496710338952E-02
  0.21561698768272E-04 -0.76540829646120E-05  0.14925091884593E-03
  0.22748600943591E-04 -0.43913538309682E-05  0.13436522424581E-02
 -0.49034273494914E-04 -0.27549444074573E-04  0.13253078006350E-02
 -0.24417222186881E-04 -0.34089510668648E-04  0.24594712703028E-03
 -0.37365197773346E-04 -0.24946034066830E-04  0.13335156863495E-02
 -0.14819795977566E-04 -0.26337376935057E-04  0.21248280951164E-03
 -0.24714554851995E-04 -0.22402466679441E-04  0.13397884952838E-02
 -0.75598263261415E-05 -0.22123438313674E-04  0.18782488647599E-03
 -0.10679230875337E-04 -0.19887077479240E-04  0.13448330798289E-02
 -0.25140043138878E-05 -0.19145693073485E-04  0.16815631708085E-03
  0.29284604739011E-05 -0.17500739164530E-04  0.13491136722785E-02
  0.20202407385753E-05 -0.15549267489047E-04  0.15608224517387E-03
  0.16443977585421E-04 -0.15794383508853E-04  0.13515580051119E-02
  0.68883101728822E-05 -0.11657336609986E-04  0.14667152427936E-03
  0.27362904143693E-04 -0.13793223109288E-04  0.13523997747142E-02
  0.12069691686625E-04 -0.88288020026517E-05  0.14153926364470E-03
  0.33207081404737E-04 -0.13139349283116E-04  0.13505808408738E-02
 -0.40603945260271E-04 -0.46090850606367E-04  0.29211137963399E-03
  0.22978345398991E-04 -0.72824013103410E-05  0.15889706784781E-03
 -0.57165822799935E-04 -0.28939757928696E-04  0.13146400977985E-02
 -0.60932190823381E-04 -0.27624497316166E-04  0.13006304157760E-02
  0.30142685838250E-04 -0.75583259143237E-05  0.18032486421691E-03
  0.16526475756911E-04 -0.88478876069078E-05  0.13362241920918E-02
  0.39650528936052E-04 -0.39645387538546E-05  0.24033279928271E-03
  0.71120123122280E-05 -0.16003849990263E-04  0.13298499028941E-02
  0.38626430956427E-04 -0.11405683976896E-04  0.30423284942837E-03
 -0.44424294167790E-05 -0.24137801843430E-04  0.13260667948578E-02
  0.14510947869450E-04 -0.44518754405691E-04  0.34206581280783E-03
 -0.24397391412529E-04 -0.61174920613280E-05  0.12411436470614E-02
 -0.66086730333105E-04 -0.15792547850076E-04  0.33347854516211E-03
 -0.41570910639979E-04 -0.14317485967670E-04  0.12519269095368E-02
 -0.12274104038313E-03 -0.51726710510079E-04  0.40044117410107E-03
 -0.54406920365230E-04 -0.21007586168935E-04  0.12672872295150E-02
 -0.22265859751602E-04  0.81713828396232E-04  0.30688616512200E-03
 -0.61099387669268E-04 -0.25321844482776E-04  0.12839870874326E-02
 -0.10804009988235E-03 -0.74668434474594E-04  0.40971957113204E-03
 -0.68609280013413E-04 -0.61439162411056E-04  0.34960759658059E-03
  0.34218925082375E-04 -0.13817312851718E-04  0.13460915380381E-02
  0.15476210799905E-04  0.68852855746188E-05  0.13472754502470E-02
  0.15519980858841E-04  0.42144849989952E-05  0.13521200021653E-02
 -0.33068770948594E-04 -0.73855274582537E-04  0.12966631586256E-02
 -0.58869654914801E-04 -0.69741133206859E-04  0.36020296877152E-03
 -0.37051175962784E-04 -0.71122592508910E-04  0.13097454599969E-02
 -0.47526193165050E-04 -0.37299871189838E-04  0.30131547638981E-03
 -0.37810759615721E-04 -0.65148596134945E-04  0.13204919103378E-02
 -0.30778364101113E-04 -0.15544335655067E-04  0.24682496308356E-03
  0.20094663888425E-04 -0.92991727310283E-05  0.32088429889985E-03
 -0.35115081795893E-04 -0.56508331346765E-04  0.13295880285436E-02
 -0.29969925941567E-04 -0.46111570419462E-04  0.13372527550198E-02
 -0.63836968431450E-05  0.23963791401092E-05  0.17852736841791E-03
 -0.22615161274755E-04 -0.33539957916604E-04  0.13433747727291E-02
 -0.36812299264250E-06  0.38510360530450E-05  0.16024193300955E-03
 -0.13704115335292E-04 -0.20009423187187E-04  0.13480052687062E-02
  0.25772976351933E-05  0.41109665757093E-05  0.15030858032241E-03
 -0.17287411798780E-04 -0.35918842257327E-05  0.20618288353364E-03
 -0.25059747849700E-04  0.20289662803245E-04  0.13269157057237E-02
  0.30254827472702E-04  0.21446293100594E-05  0.25870423328130E-03
 -0.14864413045055E-04  0.26035211699463E-04  0.13317359404927E-02
 -0.78158710816178E-05  0.95382283630809E-05  0.20887462619136E-03
 -0.13643586827167E-04 -0.25966045969485E-04  0.13412978916983E-02
 -0.23430905333862E-05  0.10907124927092E-04  0.18353975251837E-03
 -0.71552673497671E-05 -0.10706192752939E-04  0.13456290939417E-02
  0.12135990082057E-05  0.11248848199636E-04  0.16550478035874E-03
 -0.79448422887506E-06  0.42935799643279E-05  0.13486982523455E-02
  0.33311574785869E-05  0.97986833194380E-05  0.15275847501785E-03
  0.35213073940740E-05  0.16667057532524E-04  0.13501294863872E-02
  0.54494327673092E-05  0.63179108571517E-05  0.14564844138959E-03
  0.39198222387816E-05  0.25592998978646E-04  0.13488922238432E-02
  0.10488688726562E-04  0.16570720388963E-05  0.14249202002254E-03
  0.41670006971466E-06  0.30623752697432E-04  0.13455064180695E-02
  0.16622507186690E-04 -0.23064495883575E-05  0.15157705541510E-03
 -0.62765032374993E-05  0.30518861060849E-04  0.13391942732569E-02
  0.24274224492500E-04 -0.12523128049563E-05  0.19088388804058E-03
 -0.50032697219722E-05 -0.72780505118875E-05  0.13509291340713E-02
  0.52468609319962E-05  0.39715847490289E-05  0.14546069572192E-03
  0.31120790651386E-05  0.40252677664999E-05  0.13525342227487E-02
  0.74695066084269E-05  0.18665897205937E-05  0.14246194837187E-03
 -0.39616311252899E-04 -0.33524848176854E-04  0.24774611965307E-03
 -0.44609647311321E-04 -0.53522099465814E-04  0.13267293760118E-02
 -0.21207860295249E-04 -0.15801490766755E-04  0.19676006027174E-03
 -0.38451513934494E-04 -0.45714767921543E-04  0.13358308383158E-02
 -0.98833393843552E-05 -0.71225588708424E-05  0.16758099966081E-03
 -0.29784689582106E-04 -0.36198395986008E-04  0.13428935426142E-02
 -0.21253055643135E-05 -0.41434766837247E-05  0.15161626506227E-03
 -0.19275963682558E-04 -0.25792209155461E-04  0.13479505271025E-02
  0.19736056322410E-05 -0.34110172497268E-05  0.14392634909511E-03
 -0.80260471864318E-05 -0.16201224576566E-04  0.13513759789382E-02
  0.51043456196439E-05 -0.27707698543108E-05  0.14287771101732E-03
  0.22937962821301E-05 -0.75731433771242E-05  0.13533739077835E-02
  0.80373067905735E-05 -0.27732096702679E-05  0.14108364825762E-03
  0.11095827081227E-04 -0.68475393942647E-06  0.13541446395515E-02
  0.10975779637535E-04 -0.36358890890588E-05  0.13999649149095E-03
 -0.47880409796954E-04 -0.59181568003383E-04  0.13151514053088E-02
  0.15907629359204E-04 -0.54206811173361E-05  0.14233963127773E-03
 -0.66405747843393E-04 -0.64024704516203E-04  0.32198676544934E-03
 -0.89795375879627E-04 -0.10226498239584E-03  0.39857604216428E-03
  0.77539256907370E-05  0.12109866515772E-04  0.13520556382106E-02
  0.11103300793150E-04 -0.76992484252229E-06  0.14034271058940E-03
  0.82027982478110E-05  0.17266950326605E-04  0.13492317086327E-02
  0.16319368306086E-04 -0.43140495567750E-05  0.14575706253081E-03
  0.51922908962998E-05  0.18927077864453E-04  0.13437624020551E-02
  0.23392500992794E-04 -0.52884645405825E-05  0.17211660771160E-03
 -0.17894658778683E-05  0.16127089684274E-04  0.13360317147326E-02
  0.32428913412929E-04 -0.15687324987430E-05  0.23050141384703E-03
 -0.11297610517361E-04  0.10418779786336E-04  0.13296299524011E-02
  0.32502182469906E-04 -0.44607873064932E-05  0.29878383082130E-03
 -0.22050439064521E-04  0.26619019490285E-05  0.13259376500098E-02
  0.10218823164334E-04 -0.32532156976878E-04  0.34151078814135E-03
 -0.34187434267362E-04 -0.58449892271619E-04  0.12695987991301E-02
 -0.86404972149388E-04 -0.13320122666870E-03  0.43858852818194E-03
 -0.43054603919960E-04 -0.61231484968338E-04  0.12856276162336E-02
 -0.46981785659133E-04 -0.61402574576756E-04  0.13014329958174E-02
  0.77764355016306E-04  0.35379313405981E-04  0.13228795564994E-02
 -0.46242901855536E-04  0.80103788194906E-04  0.29447246243956E-03
  0.20982405941434E-04  0.15721050355219E-04  0.12416474785040E-02
  0.77567438030472E-04  0.40364485968745E-04  0.12931504740595E-02
 -0.25357570089117E-05 -0.11589736025206E-03  0.29712039808640E-03
  0.85663412721595E-04  0.70325482193953E-04  0.28570179298592E-03
  0.84236163435909E-04  0.36229078481719E-04  0.13074421676297E-02
  0.13582787181206E-05 -0.81075183346087E-04  0.13194661078096E-02
  0.62702367052215E-04  0.46863529363168E-04  0.22726018262351E-03
  0.84002998765754E-04  0.30786691983823E-04  0.13203084051579E-02
  0.94145709252692E-05 -0.88944558860191E-04  0.23974502112491E-03
  0.47417576263668E-04  0.32373921742582E-04  0.19285747902380E-03
  0.78498432005182E-04  0.24635360545060E-04  0.13311348346926E-02
  0.58390944631805E-06 -0.82263217211376E-04  0.13241708775366E-02
  0.30336994719927E-04 -0.59476301696864E-04  0.21225468361978E-03
  0.37308803991735E-04  0.22535342323741E-04  0.17264286801422E-03
  0.69486987555321E-04  0.18981672985239E-04  0.13398071747037E-02
  0.31210103563460E-04  0.15124942393938E-04  0.16105295352951E-03
  0.39768958951017E-05 -0.81722102541197E-04  0.13271911627850E-02
  0.57231843611967E-04  0.13196915907891E-04  0.13465253315623E-02
  0.54299782944197E-04 -0.40889263429037E-04  0.22088262135226E-03
  0.25793936482077E-04  0.10008736274901E-04  0.15584423483896E-03
  0.43221660375155E-04  0.74671893428165E-05  0.13518795021945E-02
  0.19255906910759E-04  0.41973264661195E-05  0.15350097325895E-03
  0.82252839532010E-05 -0.77912943010516E-04  0.13277891719922E-02
  0.29334736851041E-04  0.23773431521741E-05  0.13557575797782E-02
  0.77218757048882E-04 -0.28618963812358E-04  0.25059105058980E-03
  0.11662732437326E-04 -0.36920781558416E-05  0.15208500975220E-03
  0.11298820496443E-03  0.10144037088592E-03  0.36291810560587E-03
  0.14564026159319E-04 -0.32150940553077E-05  0.13567718391446E-02
  0.62327718128913E-05 -0.79193273080972E-04  0.13151192882906E-02
  0.12629489608890E-03  0.13214941911111E-03  0.42638540795962E-03
  0.14332302343608E-04 -0.11278842579321E-04  0.15220615153136E-03
  0.10273700651247E-04 -0.17904441672658E-04  0.13553049386801E-02
  0.10368681446237E-03 -0.63577325408555E-05  0.29020751189484E-03
  0.25516936194891E-05 -0.22153519086225E-04  0.15385218679976E-03
 -0.25952521188687E-05 -0.22218054653339E-04  0.13536425346365E-02
  0.37414850437183E-04 -0.36267582630242E-04  0.13275533721387E-02
 -0.10494221296052E-04 -0.38672792073692E-04  0.16746851549471E-03
  0.10604065709811E-03  0.20312998320354E-05  0.31900626842014E-03
 -0.14462335810426E-04 -0.24117602798780E-04  0.13477874734551E-02
 -0.24386119984154E-04 -0.63043950541969E-04  0.20550244088719E-03
 -0.24557966553531E-04 -0.24952185631573E-04  0.13396228370547E-02
  0.41251109407694E-04 -0.20518719245374E-04  0.13256326212502E-02
 -0.37352420631246E-04 -0.89843651842939E-04  0.26950613171674E-03
  0.96106689362515E-04  0.11197537708248E-04  0.33769122772169E-03
 -0.28393817344764E-04 -0.24461638080027E-04  0.13329143985269E-02
 -0.33348497399647E-04 -0.93231956144138E-04  0.32726275969356E-03
 -0.26285509403935E-04 -0.20773311378959E-04  0.13269022078594E-02
  0.42643648286304E-04 -0.43113579508111E-05  0.13240611458673E-02
  0.75495933290043E-04  0.21030887256044E-04  0.34585700973479E-03
  0.47970232761969E-04  0.12013144321735E-03  0.39145272795768E-03
  0.21164618977261E-04  0.35419708904776E-04  0.12499041994743E-02
  0.17450908299956E-04 -0.72687121000179E-04  0.13139731134723E-02
  0.10352246005877E-03  0.14180453568985E-03  0.43553251085193E-03
  0.43897184121371E-04  0.40331704211226E-04  0.12623170991760E-02
  0.88377018779960E-05 -0.10580132629600E-03  0.34103315147265E-03
  0.64304437548459E-04  0.42866009933782E-04  0.12779128093232E-02
  0.13885105454567E-04 -0.71019825803758E-04  0.13269645659392E-02
  0.30056933881653E-05 -0.13188862517661E-04  0.15232156537235E-03
 -0.42430150571325E-06 -0.77704893952321E-05  0.13556663142404E-02
  0.78848941528438E-04  0.33800458012606E-04  0.12838333915570E-02
  0.20477702780342E-05 -0.87442149837189E-04  0.13126199024311E-02
  0.77939811523712E-04  0.93729180265761E-04  0.33403273189498E-03
  0.86928684143028E-04  0.34671136455830E-04  0.12993568802678E-02
  0.37125264648045E-04 -0.84578680553412E-04  0.25716632777770E-03
  0.48979823511403E-04  0.70989847643292E-04  0.26726166735216E-03
  0.88775979418159E-04  0.33900606782305E-04  0.13135882032101E-02
  0.11694162587749E-05 -0.88375738291685E-04  0.13173854992519E-02
  0.59151476932851E-04 -0.58347993777750E-04  0.25888865282821E-03
  0.31912668432284E-04  0.54204809392010E-04  0.22057288347299E-03
  0.84524708938216E-04  0.31629324797780E-04  0.13251239723607E-02
  0.22264897752351E-04  0.42150650889288E-04  0.19168439501302E-03
  0.29386448071484E-05 -0.85858869999568E-04  0.13208188128522E-02
  0.75622788657441E-04  0.28651766367909E-04  0.13346545653850E-02
  0.77393892825950E-04 -0.40389533157965E-04  0.28436272911023E-03
  0.17460023732213E-04  0.32371841051394E-04  0.17388223961802E-03
  0.63931345196510E-04  0.24934100046423E-04  0.13423099925089E-02
  0.15073604105802E-04  0.23493633150330E-04  0.16342381774499E-03
  0.52909033051001E-05 -0.80276498698969E-04  0.13218363826363E-02
  0.49704932224556E-04  0.19987889592852E-04  0.13485021169467E-02
  0.85012694157847E-04 -0.26939673439348E-04  0.31422480726956E-03
  0.12110197121908E-04  0.16592102021860E-04  0.15825509640147E-03
  0.34828906001087E-04  0.15132264336186E-04  0.13534000372658E-02
  0.87762321705137E-05 -0.70666107819905E-04  0.13225621781706E-02
  0.81036125748251E-05  0.77466218340779E-05  0.15467944376128E-03
  0.11424763868513E-03  0.11601826515780E-03  0.40621220051681E-03
  0.18604948267546E-04 -0.11703721134261E-03  0.29135401530602E-03
  0.64708689804441E-04  0.30223357013122E-04  0.12674040478861E-02
  0.13429977406973E-03  0.12165943523544E-03  0.44006177713589E-03
  0.93031831460315E-04 -0.19646488701553E-04  0.28648684408531E-03
 -0.74663990142358E-05 -0.26938124592468E-04  0.16010350946768E-03
 -0.13866623022140E-04 -0.10056091478352E-04  0.13517439696641E-02
  0.20143687994790E-04 -0.60669054206710E-04  0.13260972022906E-02
 -0.20732634160450E-04 -0.48278042405176E-04  0.18675959494778E-03
  0.96691328824199E-04 -0.10156184551327E-04  0.31737770164101E-03
 -0.26183214090603E-04 -0.11068737538637E-04  0.13439294952948E-02
 -0.35336044862379E-04 -0.74813721167044E-04  0.24140318696136E-03
 -0.34279271726462E-04 -0.11141953893773E-04  0.13362980963090E-02
  0.24728371329474E-04 -0.47919385633586E-04  0.13254158171528E-02
 -0.41845559611040E-04 -0.91540103905094E-04  0.30607370773816E-03
  0.89282540627642E-04 -0.64128943339611E-06  0.33841114782859E-03
  0.30640436508003E-04 -0.48908331254631E-04  0.13295208524371E-02
 -0.34862305812934E-04 -0.90322479498343E-05  0.13295998129090E-02
 -0.30993402444554E-04 -0.46125999055367E-05  0.13249476566687E-02
  0.28168933450198E-04 -0.32313434382953E-04  0.13245109806139E-02
  0.71502061878051E-04  0.95410007990633E-05  0.34797537390611E-03
 -0.69653515744715E-05  0.16720955332930E-04  0.30206814720838E-03
 -0.22555340444093E-05  0.39945186256336E-05  0.12378610156393E-02
  0.17171017770138E-04 -0.81015434958115E-04  0.13060563797017E-02
  0.51423992632059E-04  0.54819767208713E-04  0.33286363125996E-03
  0.97515943281086E-04  0.41351704388013E-04  0.33673813017324E-03
  0.15658873531694E-04 -0.12760377774998E-03  0.33789788132252E-03
  0.10993940858562E-03  0.96844231368966E-04  0.40234717922782E-03
  0.43939366242154E-04  0.23178736942427E-04  0.12521771847242E-02
  0.69846319289446E-05 -0.85408483058235E-04  0.13079679908759E-02
 -0.23243068469634E-04 -0.74012668489302E-04  0.34454804787586E-03
  0.24000526033369E-04 -0.12065710499288E-04  0.13547407400474E-02
  0.24930321006738E-04 -0.42143049456040E-05  0.15392891848669E-03
  0.90888818695590E-04 -0.13654726018931E-04  0.25553736881842E-03
 -0.15439365749851E-04 -0.64083969875775E-04  0.19794300535290E-03
 -0.12019577555166E-04 -0.50848791208498E-04  0.13370745329041E-02
  0.10402595431962E-04 -0.58506736561070E-04  0.13418382662861E-02
  0.42683188461894E-04 -0.21936653524751E-04  0.17644678155819E-03
 -0.28629632835454E-04 -0.93164221519921E-04  0.25823869894425E-03
 -0.14585212516752E-04 -0.50759907533769E-04  0.13303925329790E-02
 -0.25897451541567E-04 -0.10102745906154E-03  0.31989440496879E-03
  0.20115047629703E-04 -0.52933476379277E-04  0.13397158761003E-02
 -0.11909955204701E-04 -0.47361795167836E-04  0.13252970876533E-02
  0.63277549369535E-04 -0.14778070920049E-04  0.19660112667294E-03
  0.96120844032482E-04  0.77201570816765E-04  0.36264004164201E-03
  0.59497926537362E-04  0.48342399188009E-04  0.13015463760304E-02
  0.10993572639822E-03  0.53820673414763E-04  0.32643406652392E-03
  0.30488820538058E-04 -0.45080389420613E-04  0.13366964367255E-02
  0.70292988921507E-04  0.38265066386063E-04  0.13115742739183E-02
  0.82424424023344E-04 -0.93964753688929E-05  0.22447896509435E-03
  0.10831751312341E-03  0.35196087293803E-04  0.28732041075816E-03
  0.73328928222938E-04  0.26245170787936E-04  0.13198934099402E-02
  0.40307013070696E-04 -0.35856423128295E-04  0.13332463858980E-02
  0.98411488177144E-04  0.21257308828498E-04  0.25060605429016E-03
  0.70946684303995E-04  0.14095630595625E-04  0.13271754215072E-02
  0.99806024268525E-04 -0.30026398018114E-05  0.25734448733437E-03
  0.84849080882875E-04  0.10071596156284E-04  0.21945600605927E-03
  0.64991223477892E-04  0.28067483592078E-05  0.13338268441639E-02
  0.48254144447456E-04 -0.23847595207046E-04  0.13297515794411E-02
  0.22482414054293E-04 -0.32827222043568E-04  0.16877130837799E-03
 -0.47103513291382E-05 -0.49470726248932E-04  0.13440225714746E-02
  0.14562679935275E-05 -0.39908862308903E-04  0.16693332273270E-03
  0.26752216018025E-05 -0.60840050109451E-04  0.13414635204373E-02
  0.72848706066670E-04  0.57688395634529E-04  0.35253687992761E-03
  0.61865958691254E-04  0.32152856410145E-04  0.13173642214658E-02
  0.10997092601097E-03  0.27600927481951E-04  0.31366269284415E-03
  0.65221931824189E-04  0.17274416009543E-04  0.13226183938634E-02
  0.22702876100464E-06 -0.55664258827543E-04  0.13224501770414E-02
  0.10983488735007E-03  0.16428978748959E-04  0.28500599233786E-03
 -0.97224243286937E-05 -0.94187827698048E-04  0.33640877585553E-03
  0.63484236135106E-04  0.28388735629024E-05  0.13275003399685E-02
  0.10159035940968E-03  0.66768215299772E-05  0.25344093870097E-03
  0.57396928259661E-04 -0.10437715636294E-04  0.13320642361401E-02
 -0.67074567071885E-05 -0.61343839841660E-04  0.13249349403007E-02
 -0.23718065375841E-04 -0.10475747607298E-03  0.28927967096144E-03
  0.71311635231387E-04  0.29685905060483E-05  0.19466880010395E-03
  0.87435441838528E-04  0.64900563786666E-07  0.22331763488418E-03
 -0.78570744435440E-05 -0.62567906213729E-04  0.13307558667493E-02
  0.70635768799073E-04 -0.55194918508992E-05  0.19766068363389E-03
  0.38224441671119E-04 -0.30682037782285E-04  0.13413309932166E-02
 -0.15485127390769E-04 -0.80119200793335E-04  0.22386493997742E-03
  0.53126111177671E-04 -0.10012324357957E-04  0.17775698350548E-03
  0.26310679276460E-04 -0.37571452986171E-04  0.13451154550904E-02
 -0.46693325380189E-05 -0.61761868439514E-04  0.13370722697797E-02
  0.36669112173610E-04 -0.15474850686713E-04  0.16492640019868E-03
  0.14603718863290E-04 -0.43432582501638E-04  0.13471947075636E-02
  0.22251045036873E-05 -0.51406822922914E-04  0.18104500231554E-03
  0.19558908567256E-04 -0.24800714720758E-04  0.15945995754947E-03
  0.43273207318308E-05 -0.47436736543380E-04  0.13475516164195E-02
  0.48183270442541E-04 -0.21693012397944E-04  0.13366821759878E-02
  0.19060580124919E-04  0.10241850027234E-04  0.13559279824807E-02
  0.10999328874769E-03  0.45262488805947E-05  0.28911525794482E-03
  0.57241978968070E-04 -0.12109565143269E-05  0.17735914869563E-03
 -0.25694026480289E-05 -0.72418884930567E-04  0.13290230320952E-02
  0.11435736751676E-03  0.10546723223604E-03  0.38865226215831E-03
  0.62844469013765E-04  0.48195466474184E-04  0.12897704576106E-02
  0.47373416746949E-05 -0.66725678024811E-04  0.20405266727221E-03
  0.11372144941223E-03  0.73418983308970E-04  0.32958424679125E-03
  0.75412367761830E-04  0.40789724147995E-04  0.13028678873076E-02
  0.96716462432964E-06 -0.72881167069015E-04  0.13336165744776E-02
  0.97908905584399E-04  0.48157075752032E-04  0.27036949202427E-03
  0.79800752774450E-04  0.32648742882920E-04  0.13148971147181E-02
  0.25489992721460E-04 -0.43445810829906E-04  0.18485201384872E-03
  0.80502881222301E-04  0.30117732826441E-04  0.22547128270285E-03
  0.77532903952174E-04  0.23904260903745E-04  0.13251736138492E-02
  0.71731880274537E-05 -0.71692997411440E-04  0.13352830162501E-02
  0.48653984544929E-04 -0.30047725880064E-04  0.19412071459428E-03
  0.65677622249350E-04  0.17729689407650E-04  0.19613660314779E-03
  0.71840648560803E-04  0.14551301402293E-04  0.13339859676637E-02
  0.53926513359962E-04  0.97713683071134E-05  0.17655266723261E-03
  0.13921800250069E-04 -0.66602143811490E-04  0.13339828733392E-02
  0.63149391097431E-04  0.68932650318086E-05  0.13412892886767E-02
  0.71940138087334E-04 -0.20844030128255E-04  0.22109551590767E-03
  0.44252582886899E-04  0.49560824543379E-05  0.16428111106142E-03
  0.50659020827013E-04 -0.66979440306160E-06  0.13471908981559E-02
  0.34974387117256E-04  0.11113518561887E-05  0.15786665977082E-03
  0.22150858107540E-04 -0.58877576235613E-04  0.13318434319386E-02
  0.37735265537196E-04 -0.65790059666524E-05  0.13519795485954E-02
  0.44363495072520E-04  0.52458747765314E-04  0.12759568654064E-02
  0.87109348329293E-04  0.13815194907238E-03  0.42900052643540E-03
 -0.86452327826189E-05  0.74216209572669E-04  0.33085005668903E-03
 -0.12060784606664E-04 -0.98404786451873E-04  0.25757353580985E-03
  0.44670634266464E-04 -0.15794520288629E-04  0.13451771124450E-02
  0.53720008522407E-04 -0.88608114005909E-05  0.13268934846566E-02
  0.43830825096650E-04 -0.52956943109575E-05  0.16512827640307E-03
  0.10986702120765E-03  0.13295508355522E-04  0.31611234704521E-03
  0.32364083758027E-04 -0.21871409571514E-04  0.13494332421862E-02
  0.30688480466087E-04 -0.99544173046961E-05  0.15756049095767E-03
  0.19189134840700E-04 -0.27606493226680E-04  0.13515797498426E-02
  0.54609396992726E-04  0.71107266988705E-05  0.13236848738917E-02
  0.98349274498040E-04  0.23451795107195E-04  0.33482497474288E-03
  0.16937261059964E-04 -0.17824381621386E-04  0.15449416195662E-03
  0.68884156703868E-05 -0.32758865948404E-04  0.13522011153877E-02
  0.51914776002523E-04  0.23510570841219E-04  0.13205909660103E-02
  0.55921491763357E-04 -0.71683988580925E-05  0.13397522034208E-02
  0.18374456561324E-05 -0.30425700016671E-04  0.15826960463035E-03
  0.76467671594018E-04  0.34354356441714E-04  0.34408125202955E-03
 -0.13177016847218E-04 -0.50672778976260E-04  0.17959165886591E-03
 -0.13764343240792E-04 -0.37975628971341E-04  0.13427817418001E-02
  0.39154537707201E-05 -0.69412883490410E-04  0.13195378990679E-02
 -0.27458743709694E-04 -0.78149470848239E-04  0.22958599545157E-03
 -0.20574082940001E-04 -0.38370227246952E-04  0.13353003959834E-02
 -0.11498044318879E-04 -0.10934155790495E-03  0.31837347717381E-03
 -0.34411523796142E-04 -0.99529922250356E-04  0.29678898884929E-03
 -0.20899931770946E-04 -0.36434128338416E-04  0.13289478125668E-02
 -0.15779914954501E-05 -0.72408800284331E-04  0.13234422272063E-02
 -0.18674419130678E-04 -0.85537474035870E-04  0.34021904112046E-03
 -0.15317867460161E-04 -0.31207095314462E-04  0.13252308661566E-02
 -0.33532940601961E-05 -0.36224943512953E-04  0.13497593143757E-02
  0.78474696746631E-04 -0.14962222673986E-04  0.33634452205722E-03
  0.53380451955431E-04  0.45305137317284E-04  0.13112176042696E-02
  0.26601204949089E-05 -0.24681739043294E-05  0.15287319775947E-03
  0.16315440844319E-03 -0.23735788190435E-05  0.42677590061229E-03
  0.62352127707963E-04 -0.64995584136748E-05  0.12594856906136E-02
 -0.13669981552576E-04 -0.81673426349861E-04  0.13132526723374E-02
  0.15157599793899E-03  0.20777554548739E-04  0.43078112182298E-03
  0.79798409084168E-04  0.54348284441253E-05  0.12728875569304E-02
  0.16630172729677E-04 -0.28989662465731E-04  0.34869345078926E-03
  0.10446757435996E-03  0.39044042979609E-04  0.39701379665811E-03
  0.90113711971306E-04  0.15849354162716E-04  0.12875588211546E-02
  0.30437055686521E-04 -0.61470317199511E-04  0.12678385945106E-02
  0.98619874453096E-04 -0.14638924341127E-03  0.43552077057285E-03
  0.57563831319945E-04  0.57766573207209E-04  0.36311112434577E-03
  0.94123238928589E-04  0.24146271645988E-04  0.13014510972656E-02
  0.24238798180237E-04  0.72347602241933E-04  0.33487052415720E-03
  0.11748767378860E-04 -0.70408155808286E-04  0.12689297847540E-02
  0.92265024961314E-04  0.30698217106247E-04  0.13126832183122E-02
  0.67912175647929E-04 -0.17653104264752E-03  0.43970820165774E-03
  0.36365527678729E-05  0.79372415361961E-04  0.30628276032926E-03
  0.84973352766301E-04  0.35487283203763E-04  0.13213512452025E-02
 -0.86174877027156E-05  0.78032791362241E-04  0.27602151243884E-03
 -0.36168498501163E-05 -0.77425609208320E-04  0.12748457153312E-02
  0.74251388222066E-04  0.37975579376629E-04  0.13281374947585E-02
  0.44945234964889E-04 -0.16109321754190E-03  0.42971927619704E-03
 -0.13480279254318E-04  0.69172378669219E-04  0.24359521310382E-03
  0.35423576752680E-04 -0.52947823787235E-04  0.35703822694527E-03
  0.41051153063439E-04 -0.19705660889263E-04  0.12491208254991E-02
  0.12317112128991E-03 -0.38498485790357E-04  0.38204090661689E-03
 -0.47168664296239E-04  0.21908467070375E-04  0.13235443776711E-02
  0.30547973740769E-04 -0.56842078683301E-05  0.34442942105803E-03
  0.16886173107141E-05  0.23660829880688E-04  0.16369246381375E-03
  0.23776295328619E-04  0.22097084007397E-04  0.13517711875269E-02
  0.23005855965162E-04 -0.75978144809155E-04  0.12815888163672E-02
  0.35783829910779E-07  0.11598065996034E-04  0.15694786807385E-03
  0.64712831565123E-04 -0.16126751124986E-03  0.41347191404041E-03
  0.66931952458494E-05  0.17991200424264E-04  0.13537366723444E-02
 -0.49683046126648E-05 -0.94805034905887E-06  0.15491932190028E-03
 -0.10382629468112E-04  0.15592533385938E-04  0.13535783006924E-02
  0.81933215121869E-05 -0.83065404082011E-04  0.12842354099891E-02
 -0.14044430915983E-04 -0.17059408936425E-04  0.16223165737749E-03
  0.61223639169224E-04  0.37946735121822E-04  0.13337189904324E-02
  0.57856561404098E-04 -0.16020676375505E-03  0.39935927957214E-03
 -0.27027751869907E-04 -0.39454655260685E-04  0.18999919964770E-03
 -0.38689971330410E-04  0.14054969101245E-04  0.13424567728868E-02
 -0.16319832554594E-05 -0.86667092324869E-04  0.12912828202638E-02
  0.58149745463928E-04 -0.12349683154677E-03  0.37500772197378E-03
 -0.41711039147405E-04 -0.64077700449103E-04  0.24610390483585E-03
 -0.48232396368703E-04  0.14748214468687E-04  0.13345361412781E-02
 -0.79201177788990E-05 -0.88300894399246E-04  0.12991831330546E-02
 -0.47865086922074E-04 -0.77393480501497E-04  0.30994608588325E-03
 -0.50136986302273E-04  0.17206128598718E-04  0.13281322129524E-02
  0.50734762343003E-04 -0.84171544551641E-04  0.36178090692706E-03
 -0.29334407235240E-04 -0.58233126326116E-04  0.34595622335083E-03
 -0.25239675234582E-04  0.14627785813838E-04  0.13500593599526E-02
  0.40316001921626E-04  0.26154530365293E-04  0.13474866595198E-02
 -0.14002713258533E-04 -0.81518805077848E-04  0.12841925373710E-02
  0.45409107302168E-04  0.35354411815651E-04  0.13393539344267E-02
 -0.51124057118395E-04 -0.10988975183854E-03  0.40977093736017E-03
  0.12124777696546E-03 -0.99316648084352E-04  0.41566880790151E-03
  0.36767588588912E-04 -0.41798979874607E-04  0.12561745110978E-02
  0.17939388483417E-04 -0.31833700998924E-04  0.12439693816546E-02
  0.16588101485186E-03 -0.53426284902179E-04  0.43601307790461E-03
  0.58046237362815E-04 -0.27841345595007E-04  0.12639203833101E-02
  0.64546538259925E-04 -0.76144364632578E-04  0.35276007832500E-03
  0.16800675511337E-03 -0.29122379679532E-04  0.43177732646414E-03
  0.76652253635349E-04 -0.13695151367115E-04  0.12750907985529E-02
 -0.37285884270983E-05 -0.42577514528387E-04  0.12458550508567E-02
  0.96160064398586E-05 -0.11222185450621E-03  0.37279801231836E-03
  0.12812427976826E-03 -0.16006110375192E-04  0.39399570999222E-03
  0.89261959119066E-04  0.52022230997960E-06  0.12876626785522E-02
  0.80207211102665E-04  0.37277010764245E-05  0.36485914749888E-03
 -0.20599704883629E-04 -0.50629122671322E-04  0.12555614468761E-02
  0.94680021087139E-04  0.12184304151923E-04  0.12996566834703E-02
 -0.47183604177008E-04 -0.13712304232969E-03  0.41919214791374E-03
  0.41427515591841E-04  0.30702237556741E-04  0.35368597766020E-03
  0.94576941520409E-04  0.21809750652841E-04  0.13093879016740E-02
  0.12341910682275E-04  0.55802449678173E-04  0.34552097206543E-03
 -0.32930582626544E-05 -0.20033372451854E-04  0.12384395677881E-02
  0.88127600430695E-04  0.29472737404275E-04  0.13170726564798E-02
 -0.34945379120908E-06 -0.43441353853522E-04  0.31204448124400E-03
 -0.50473933926022E-04  0.36522213716718E-04  0.13216571189798E-02
 -0.17451478674385E-04 -0.28311250609442E-04  0.34610879019627E-03
 -0.27666784278927E-04 -0.73835457088936E-04  0.12820307895020E-02
 -0.56054895399792E-04  0.30482756616368E-04  0.13237454818486E-02
  0.18656865618573E-04 -0.11878454928600E-03  0.40498840145061E-03
 -0.94597388771530E-05  0.44526849749323E-04  0.18812436083954E-03
  0.28521622742351E-04  0.31941680588297E-04  0.13443884897875E-02
 -0.20043373451113E-04 -0.82768785754509E-04  0.12951964877079E-02
 -0.69481500711119E-05  0.30986796338478E-04  0.17087994535588E-03
 -0.62732834485135E-05 -0.77207355569747E-04  0.37715178705871E-03
  0.10957917227132E-04  0.28498171147664E-04  0.13486034202602E-02
 -0.79090330301533E-05  0.16516803119082E-04  0.16102367647022E-03
 -0.68884629936951E-05  0.25696036293185E-04  0.13504679691392E-02
  0.14888498395127E-04 -0.52939969967605E-04  0.12542703717196E-02
 -0.12649423558521E-04  0.67096946195534E-06  0.15961251616943E-03
 -0.12560348730357E-04  0.56699571478005E-04  0.21233779647962E-03
  0.71268109243786E-04 -0.14352828833988E-03  0.41436652986405E-03
 -0.22668499828257E-04 -0.20249618805042E-04  0.17367642465412E-03
 -0.38151685957330E-04  0.24900694960296E-04  0.13442879693227E-02
 -0.38327133746676E-05 -0.61829900590051E-04  0.12591170769918E-02
  0.26168066181669E-04 -0.16288832747740E-03  0.43143094487833E-03
 -0.37442242052294E-04 -0.44389896401145E-04  0.21501990368488E-03
 -0.50730125706015E-04  0.25656026741005E-04  0.13364077495316E-02
 -0.17960108963261E-04 -0.69685164185653E-04  0.12690503410665E-02
 -0.51784919128981E-04 -0.65150674165394E-04  0.27941374818511E-03
 -0.57285133474048E-04  0.27375527616948E-04  0.13294264405132E-02
 -0.18634061509365E-04 -0.14769168734087E-03  0.43555501454951E-03
 -0.46575583595540E-04 -0.62849562953669E-04  0.33333974945360E-03
 -0.23385401959985E-04  0.24838657038985E-04  0.13493714689555E-02
  0.17719618655397E-05  0.33608428831224E-04  0.17408689498338E-03
 -0.11536836409230E-04 -0.86947601921522E-04  0.13073148227683E-02
  0.20389470997609E-04 -0.77429737504968E-05  0.12395757638684E-02
  0.81033333865348E-04  0.34928906742693E-04  0.13276423452294E-02
  0.91956683007724E-05  0.66847913634071E-04  0.24195178473678E-03
  0.66136162852817E-04 -0.37376892239150E-04  0.33796629280061E-03
 -0.26343769276658E-04  0.25319119325827E-05  0.13478045195696E-02
  0.46954569782265E-04 -0.12829917900925E-03  0.37700815789971E-03
  0.14226706039897E-04 -0.43485610028060E-04  0.13237922610082E-02
 -0.50862256880956E-06 -0.90180018479073E-04  0.13055516132542E-02
  0.89008322941068E-04  0.34345616196322E-04  0.13183764388773E-02
 -0.31279868192117E-05 -0.86059849989340E-04  0.13158169669164E-02
 -0.31770791521669E-04 -0.57406897178340E-04  0.21382783257189E-03
  0.21996689942833E-04  0.75649412647384E-04  0.27937780901677E-03
  0.14217589534020E-04 -0.84832731104981E-04  0.12951138542784E-02
  0.40870314847790E-04  0.82674182703341E-05  0.34671051272326E-03
 -0.95695248482430E-05 -0.46414780344828E-04  0.34802374101120E-03
 -0.37769177381704E-04  0.17196185651986E-05  0.13394527826969E-02
  0.80177486138487E-04  0.21547855587659E-04  0.12761597280837E-02
 -0.41473153024024E-04  0.61501243053251E-05  0.13261442229711E-02
  0.92002117877298E-04  0.31853433811208E-04  0.13068232597614E-02
  0.45170599623505E-04  0.84237618510732E-04  0.32582022591788E-03
 -0.44439209593329E-04 -0.80834445762653E-04  0.27801728375433E-03
  0.61346643671658E-04 -0.85038469841604E-04  0.31096449895450E-03
  0.69639009271108E-04 -0.57743279322240E-04  0.32173416627066E-03
 -0.42719489382918E-04  0.26380277765451E-05  0.13323563519657E-02
 -0.38475759210290E-04 -0.80589703515215E-04  0.33223817309142E-03
 -0.25685189045946E-05 -0.89807880694371E-04  0.13113516572062E-02
  0.88894047342384E-04  0.27230823562019E-04  0.12920589603031E-02
  0.82942110230159E-04  0.88046957144649E-04  0.37907117958701E-03
  0.29286968042160E-04 -0.76475603514461E-04  0.12955322503194E-02
  0.12715197421990E-03  0.84550340045443E-04  0.42640502585422E-03
  0.14697081911764E-03  0.65409016257741E-04  0.42878661241497E-03
  0.64470794207217E-04  0.13348696094989E-04  0.12606453428316E-02
 -0.17452936010451E-04 -0.33101394281498E-04  0.17210824553081E-03
 -0.52662538491516E-05 -0.14956759123378E-04  0.15581789352966E-03
  0.51003073902007E-04 -0.20648457944048E-04  0.34626985546834E-03
 -0.35840813057038E-04  0.12397441590073E-04  0.13244838417213E-02
  0.69644961781945E-04  0.33655995136255E-04  0.13351502532879E-02
  0.55660341089826E-04 -0.99606027636624E-05  0.31564783276640E-03
  0.48039860313611E-05 -0.88289664253152E-04  0.12993484425521E-02
  0.42919256935953E-04  0.29406974755939E-05  0.12475666773269E-02
  0.62358554588561E-04 -0.29462018008924E-05  0.34682704862764E-03
  0.11636025214142E-04 -0.58087580731527E-04  0.13230887874023E-02
  0.35827198490266E-04 -0.14590220605698E-03  0.35595805620091E-03
 -0.12978800421265E-04  0.33515932773319E-05  0.13537106287162E-02
  0.11509031839740E-03  0.27821193977426E-04  0.37303531361131E-03
 -0.29040949893911E-05 -0.78211978192842E-04  0.13185990573606E-02
  0.28535179841981E-05  0.55964847576687E-04  0.21284574574849E-03
 -0.12830566082421E-05 -0.66782581285479E-04  0.13211213240258E-02
  0.46114830159723E-04 -0.12030719941245E-03  0.32363995347252E-03
  0.56301378984888E-04  0.30712644860558E-04  0.13417985543205E-02
  0.26482966729589E-05  0.58447478266196E-05  0.13558226028428E-02
  0.16607465414135E-05  0.44391354059880E-04  0.18982089404279E-03
 -0.69154756263883E-04  0.68788886408439E-04  0.11994461535666E-02
 -0.32856452149845E-04  0.42483075072045E-04  0.11835069626400E-02
 -0.23009017115131E-04  0.44704168066233E-04  0.12560387929108E-02
 -0.11574909701063E-03 -0.12411021773539E-04  0.12223104588407E-02
 -0.41183407833802E-04  0.85449186724270E-04  0.12293671704710E-02
 -0.31027073317852E-05 -0.72590361765256E-04  0.11562067750290E-02
 -0.49403648904074E-04  0.10320993163558E-03  0.10415506838415E-02
 -0.27089870193650E-04 -0.68706412565786E-04  0.11986256661897E-02
 -0.51212286041341E-04 -0.85669462223580E-04  0.10624682424372E-02
 -0.45281374601755E-04  0.32151542729952E-04  0.12547246462912E-02
 -0.29193620820233E-04 -0.29881713308628E-05  0.12146071076679E-02
 -0.60297621109162E-04  0.71370149841647E-04  0.12204263982098E-02
 -0.85249433315010E-04  0.12086706975750E-04  0.12430597979196E-02
 -0.33269825635336E-04  0.27276691157098E-04  0.11927082045484E-02
 -0.28712639116830E-04  0.11075528020641E-03  0.10494806721476E-02
 -0.79096623038512E-04  0.52532117131021E-04  0.11892629041040E-02
 -0.15968489444646E-04 -0.77028335271435E-04  0.10316628960463E-02
 -0.71752353595737E-05  0.10442428407943E-03  0.10993470197104E-02
 -0.66077371758853E-04  0.21843814490534E-04  0.12498630236942E-02
 -0.71086678716520E-05 -0.64895146393079E-04  0.11887439323733E-02
 -0.31468705484236E-04  0.12231285115093E-04  0.12029017059936E-02
 -0.10208552929843E-03  0.32250033110426E-06  0.12338180255762E-02
  0.25169941388230E-04 -0.56023697412619E-04  0.11419223303037E-02
 -0.77620915274766E-04  0.56635348114017E-04  0.12094154038195E-02
  0.20476327432908E-04 -0.63214780537239E-04  0.10158329678665E-02
 -0.13635602536082E-04  0.11051110781646E-03  0.10716414042160E-02
 -0.18836785765682E-05  0.58108124840064E-04  0.12519869852681E-02
 -0.42602928157853E-04  0.68959534543011E-04  0.12396737527335E-02
 -0.62639071084525E-05  0.94026477354857E-04  0.11267632861793E-02
 -0.99893844289144E-04 -0.13386328546322E-04  0.11779482113944E-02
 -0.12020931531587E-03 -0.67268214463210E-04  0.11476215559671E-02
 -0.86005868554871E-04 -0.30176524990867E-05  0.11764321423394E-02
 -0.32909920637674E-04  0.54957486299636E-04  0.95453041050106E-03
  0.60482212721025E-05 -0.11911691665652E-04  0.12100930295186E-02
 -0.46561687219134E-04 -0.71279825362699E-04  0.10098561833775E-02
 -0.12567577557047E-03 -0.56343260851175E-04  0.11827096357717E-02
 -0.21767826931986E-04  0.11294265067455E-03  0.12134947462434E-02
 -0.19144156983650E-04  0.12727883816994E-03  0.11717349185157E-02
 -0.60138419682092E-04 -0.54020653193202E-04  0.11940842054307E-02
 -0.40876411832929E-05  0.65238578628272E-04  0.96449560108225E-03
  0.22772076722678E-04  0.63233623041780E-05  0.11907885106201E-02
 -0.72279595697222E-04 -0.38947081877913E-04  0.11865439420811E-02
 -0.55126558948003E-05 -0.32548348783805E-04  0.94124396319312E-03
 -0.11172342822856E-03 -0.30026485236463E-04  0.12281053182354E-02
  0.20560615024583E-04  0.69931501306067E-04  0.99736376414945E-03
 -0.10816937841224E-04  0.12670210302825E-03  0.12014757159183E-02
  0.42235971555825E-04  0.20787819864492E-04  0.11788558916138E-02
 -0.98918254582745E-04 -0.17463757409266E-04  0.12410652998282E-02
 -0.96651824675546E-05  0.13372269658755E-03  0.11845186275830E-02
 -0.12171729783553E-03 -0.42767798633426E-04  0.12088836669805E-02
 -0.65751762602617E-05 -0.28118283785537E-04  0.12281321765845E-02
 -0.10385099024524E-03 -0.75427857624837E-04  0.11033635022132E-02
  0.16553615921300E-04  0.87363918221835E-04  0.10868892291723E-02
 -0.90876230842089E-04  0.41813757099268E-04  0.11980883990214E-02
  0.17919229391613E-04  0.72405781459798E-04  0.12389535296241E-02
 -0.82053320333835E-04 -0.84635600436004E-04  0.11002476806690E-02
 -0.29880280524273E-04  0.86304582273144E-04  0.99566076097623E-03
 -0.23375145915900E-04 -0.28522700133897E-04  0.12343038068536E-02
  0.29473917282074E-04  0.85007665282008E-04  0.12176983766515E-02
  0.15992679971576E-04 -0.49915274930445E-04  0.11734340581031E-02
  0.52481886039386E-04 -0.40106533511648E-04  0.11372628148807E-02
 -0.99099054478997E-04  0.25171904896862E-04  0.11884113101903E-02
 -0.70929658816562E-05  0.92027482031474E-04  0.10144570819065E-02
  0.29561897779194E-04  0.90336080196095E-04  0.11948143622345E-02
 -0.44864236640731E-04 -0.64360781938623E-04  0.11997889801697E-02
 -0.19447141409053E-04 -0.33935258218500E-04  0.12395334048151E-02
  0.26379826474247E-04 -0.43980327029325E-04  0.97211672496778E-03
  0.21081833375339E-04  0.86883147096859E-04  0.11796431613687E-02
  0.88766738378307E-05  0.92148813503703E-04  0.10481444516512E-02
 -0.14939137989229E-04 -0.34714064699424E-04  0.12384979245560E-02
 -0.10215935175791E-03  0.62753396939272E-05  0.11811142128645E-02
 -0.78153335687391E-04 -0.76572450355603E-04  0.10541932136048E-02
 -0.38452445268131E-04  0.99429820443879E-04  0.12158937755764E-02
 -0.10258263531029E-04 -0.58856318737683E-04  0.97959371512495E-03
 -0.26423043089968E-04 -0.17084072837516E-04  0.12256431348768E-02
 -0.55106711823042E-04  0.84784515202922E-04  0.12094614587927E-02
 -0.55501120834237E-04 -0.89882105733643E-04  0.11127539477749E-02
 -0.12372802292132E-03 -0.28449935729484E-04  0.12082918707951E-02
 -0.84690578271312E-04 -0.49487669446660E-04  0.11799243383104E-02
 -0.10329367627077E-03 -0.69700974807884E-04  0.11588851578297E-02
 -0.53688738096582E-04  0.34706410029687E-04  0.11790983821004E-02
 -0.11628815525996E-03 -0.52972627010035E-04  0.11748504507777E-02
 -0.10907964470283E-03  0.14142859216630E-04  0.11989899927501E-02
 -0.26086969843714E-04  0.12999797505667E-03  0.11518125817253E-02
 -0.35104385294989E-04  0.11134168891574E-03  0.11963422788902E-02
 -0.53312910707063E-04  0.17053473571594E-04  0.11848222093661E-02
 -0.12173845418810E-03 -0.34980351435441E-04  0.11879248351295E-02
 -0.55271712889430E-04 -0.85157805963373E-04  0.11526588231639E-02
 -0.49252414693187E-04 -0.42727114168569E-04  0.12046723191393E-02
 -0.12124512047218E-03 -0.15205935371194E-04  0.12001159740637E-02
 -0.29857028154436E-04  0.11873552411903E-03  0.11664636067465E-02
 -0.49916938746712E-04  0.72096356376126E-06  0.11929756871760E-02
 -0.11320967298492E-03 -0.42291974599040E-05  0.11895652212605E-02
 -0.78246586763070E-04 -0.75011436582538E-04  0.11648615542349E-02
 -0.11490467989514E-03  0.20070535227939E-05  0.12111210431261E-02
 -0.69937541896324E-04 -0.64783273613034E-04  0.11819846110230E-02
 -0.37300816328504E-04  0.10377215963276E-03  0.11751625438151E-02
 -0.44289990594867E-04 -0.16301473816121E-04  0.12038169384760E-02
 -0.80640973731750E-04 -0.21541148369212E-04  0.11803577910143E-02
 -0.29984015034521E-04  0.13532733539824E-03  0.11364581154362E-02
 -0.23693926710488E-04  0.12507179171552E-03  0.11880577836957E-02
 -0.27211617697577E-04 -0.86554233537833E-04  0.11339357965707E-02
 -0.37477865347179E-04 -0.52515991610831E-04  0.12137286033649E-02
 -0.65089636150542E-04  0.62061372490218E-04  0.11823324757236E-02
 -0.99073630308357E-05 -0.56341078244236E-04  0.12118174283664E-02
 -0.94372506326250E-04 -0.31836627350724E-04  0.11777942043845E-02
  0.35225825579300E-04 -0.60301820879362E-04  0.11037998787972E-02
 -0.21139595453634E-04  0.81069775609803E-04  0.12427094515271E-02
 -0.63839001013570E-04  0.56178169040550E-04  0.12310197444285E-02
  0.77453593974293E-05 -0.43930838322364E-04  0.11975768091246E-02
 -0.70122593815746E-04  0.44099895888345E-04  0.11770584121553E-02
 -0.59293826509737E-06  0.94550400744425E-04  0.12354461935359E-02
 -0.24931744329561E-04 -0.57457860865359E-04  0.12172965668721E-02
 -0.57714767964807E-04  0.78925165204538E-04  0.11895332305911E-02
  0.11285416426313E-04  0.10959690138135E-03  0.12178470950843E-02
 -0.71591854699960E-04  0.25671945418557E-04  0.11761415279332E-02
  0.29191561847974E-04 -0.24823662038300E-04  0.11808827572189E-02
  0.40570266545378E-05 -0.76752944972448E-04  0.11143583940726E-02
 -0.83665391009091E-04  0.43256530220716E-04  0.12203024234428E-02
  0.12489486076616E-04  0.11510141795723E-03  0.11968322575187E-02
 -0.43397457526632E-04  0.12922675960984E-03  0.11278308016643E-02
  0.51791084842302E-04 -0.10227422604317E-04  0.11716689902546E-02
 -0.47428268594389E-04  0.95359203064928E-04  0.11959748709577E-02
  0.38985253705091E-05  0.10952719019721E-03  0.11817538711954E-02
 -0.99088939166457E-04  0.29933369197326E-04  0.12094148179564E-02
 -0.28839965268805E-04  0.76808296952450E-04  0.11671764254417E-02
 -0.10261643305114E-03  0.16124304493701E-04  0.12221093688907E-02
 -0.43573663807117E-04  0.87038992470425E-04  0.11768916414224E-02
  0.22324435486734E-04  0.10209791145814E-03  0.12075451820068E-02
  0.24856208261667E-05  0.12424165650703E-03  0.12030599116789E-02
  0.65734530614438E-06 -0.37131437633893E-04  0.12153232056409E-02
 -0.22681957086066E-04 -0.86379560260204E-04  0.10857744675462E-02
 -0.21781052563708E-04  0.11954009515499E-03  0.11242047777627E-02
 -0.28862941318537E-04 -0.79500207548443E-04  0.11716187279050E-02
  0.18334591605046E-04  0.10170983582142E-03  0.11878049177071E-02
 -0.88134698082071E-04  0.16071641510603E-04  0.11763515079553E-02
  0.17488941101369E-04 -0.18283865637895E-04  0.11970125545968E-02
 -0.23161494696960E-04  0.10776797909802E-03  0.11430791999394E-02
 -0.10670303917449E-03 -0.75537004516675E-04  0.11364228455009E-02
 -0.44675067418063E-05  0.11158675186189E-03  0.12215560629988E-02
  0.41559284958123E-04 -0.32126078621170E-04  0.11614074743367E-02
 -0.12111572271461E-03 -0.62119594176257E-04  0.11666511087773E-02
  0.38000238782845E-04 -0.15595104113330E-05  0.11810771119296E-02
 -0.26229039491303E-04  0.93104831863128E-04  0.11572062283869E-02
 -0.12666718808157E-03 -0.45961937615634E-04  0.11900150920045E-02
 -0.83080441723208E-04 -0.82806666486707E-04  0.11386806567319E-02
 -0.20571854526573E-04  0.97783297341397E-04  0.12311061161093E-02
 -0.31083025360411E-04  0.59482199174161E-04  0.11756928488489E-02
 -0.85548394016920E-04  0.34955969153246E-04  0.11808407489689E-02
 -0.70762991826507E-04  0.71258904123324E-05  0.11789410157243E-02
 -0.58475299358377E-04 -0.28473603347976E-04  0.11943471862165E-02
 -0.26503428470891E-04  0.12549703784618E-03  0.11045192259523E-02
  0.16379910934719E-04  0.91862761277316E-04  0.12296140015828E-02
 -0.85816067508554E-04  0.28578605987372E-04  0.12320341731461E-02
 -0.37541443494117E-04 -0.30615833045235E-04  0.12152438614520E-02
 -0.95422771731758E-04 -0.60014552879900E-04  0.11720638162062E-02
 -0.11279518543737E-03 -0.23761814368045E-04  0.11823828240459E-02
 -0.65915768123646E-04  0.39754428089885E-04  0.12410844003767E-02
 -0.48762260156369E-04  0.70348028737444E-04  0.11759278364013E-02
 -0.30406989774004E-04 -0.40723616303692E-04  0.12250194735352E-02
 -0.43426972799967E-04  0.50849300333316E-04  0.12480290892632E-02
 -0.19154428423791E-04  0.13578435849239E-03  0.11737788327421E-02
  0.45702399208217E-04 -0.58558042984258E-04  0.10617321777570E-02
 -0.10634188169782E-03 -0.42070589411376E-04  0.11771329211362E-02
 -0.51784619914838E-04  0.52275883806621E-04  0.11764711171915E-02
 -0.66001529273936E-04 -0.10528731307547E-04  0.11853500579127E-02
 -0.21698881270313E-04  0.63139703628578E-04  0.12505384837803E-02
 -0.21957347111915E-04 -0.45871598906904E-04  0.12305459148861E-02
 -0.50989269732120E-04 -0.75809915369275E-04  0.11802434337459E-02
 -0.10863130361219E-05  0.12366197312780E-03  0.11854804348600E-02
 -0.43896534952405E-06  0.76762933890261E-04  0.12451896800546E-02
 -0.40843257141987E-04  0.12449354981934E-03  0.10906781267304E-02
  0.12004217455549E-04 -0.74347933974789E-04  0.10660487583180E-02
 -0.12345686427906E-04 -0.45835820479292E-04  0.12275628398461E-02
 -0.25503923719392E-04  0.13608634765197E-03  0.11599085000364E-02
  0.56659882235102E-04 -0.40427316377605E-04  0.11798354168055E-02
  0.23587347663487E-04  0.50273841444257E-04  0.11769065724485E-02
 -0.65065075882992E-05  0.80450957934048E-04  0.11513680843841E-02
  0.95100157969199E-04  0.12756859979673E-05  0.11184397025322E-02
 -0.40637192493263E-04 -0.45784571289790E-04  0.11790520589850E-02
  0.94988123195325E-04  0.15007636102954E-05  0.10710962373846E-02
 -0.58259366370066E-04 -0.30519307965768E-04  0.11807179841466E-02
 -0.75582090817350E-04 -0.10825085647097E-04  0.11791918186896E-02
  0.83596081934280E-04 -0.21425381897451E-05  0.10196264938606E-02
 -0.89317027054249E-04  0.11101507259446E-04  0.11700417864906E-02
 -0.23954167049978E-04 -0.55566328108458E-04  0.11783543536297E-02
  0.60496304454902E-04 -0.68823705941241E-05  0.97364409662997E-03
 -0.92325849085659E-04  0.68271888791843E-04  0.11268580477320E-02
  0.29332724419815E-04 -0.18126440887212E-04  0.94474246318445E-03
 -0.78741604236501E-04  0.92846672904842E-04  0.11038346518802E-02
  0.54203031229335E-05  0.94144572491270E-04  0.11777250118663E-02
 -0.59398192168985E-04  0.11244517256657E-03  0.10897341446276E-02
  0.63975822745996E-04 -0.20333038633194E-04  0.11602535551852E-02
 -0.14058415788993E-04  0.80232189905043E-04  0.11814412548773E-02
 -0.96128455784214E-04  0.39006142047553E-04  0.11511870465369E-02
  0.80370277452746E-04 -0.15317207758510E-04  0.11721947838815E-02
 -0.83840068223708E-05 -0.64711533599368E-04  0.11803538716446E-02
  0.77313724109228E-05 -0.70779578101558E-04  0.11858804469396E-02
 -0.32209043206476E-04  0.20546991888407E-04  0.12450444525995E-02
 -0.61406782019431E-04  0.11271248190357E-03  0.11312109184803E-02
 -0.14255924317145E-04  0.16968174525293E-04  0.12389801027465E-02
  0.74704590632074E-04 -0.31352227368239E-04  0.11457963300777E-02
  0.89350847741073E-04 -0.29579530489569E-04  0.11662832777378E-02
  0.47360782363993E-05  0.14753729218917E-04  0.12302016953136E-02
  0.92560171899042E-04 -0.36291819203896E-04  0.11910453115542E-02
  0.88636354508748E-04  0.88709850913854E-06  0.11548424923430E-02
  0.24008996828721E-04  0.10289274378730E-04  0.12201295475302E-02
  0.71771854905311E-04 -0.61225204046084E-04  0.12188233583320E-02
  0.43024173474313E-04  0.48307712319152E-05  0.12093516243874E-02
  0.56438577420052E-04 -0.70729871591910E-04  0.12154864921856E-02
  0.60436001967525E-04  0.17303691287943E-05  0.11967210860841E-02
  0.40239319887884E-04 -0.76505042806985E-04  0.12055435037285E-02
  0.23934692881000E-04 -0.74725735822075E-04  0.11945536300427E-02
  0.76221860299816E-04  0.10158524579230E-05  0.11798235804454E-02
  0.84434517916164E-04 -0.49514313075577E-04  0.12103070256012E-02
 -0.76856773018318E-04  0.90780935673279E-04  0.11470254353801E-02
 -0.30974399099399E-04  0.61364560015850E-04  0.11977882119339E-02
  0.83332425128425E-04 -0.28974625922120E-04  0.12161883317421E-02
  0.48535888405686E-04  0.19900625698646E-04  0.12152768304374E-02
 -0.10031130494158E-03  0.37872269860313E-04  0.11068828431556E-02
  0.64249469377704E-04  0.21956607706903E-04  0.11975242881026E-02
 -0.90713686668473E-04  0.64463298543997E-04  0.10761853688577E-02
 -0.72261963042382E-04  0.85963312903807E-04  0.10513150310193E-02
  0.77160315996033E-04  0.24136152442911E-04  0.11715492264959E-02
  0.69547086475114E-04 -0.10640178818513E-05  0.11748573103973E-02
 -0.99541121034831E-04  0.83177037112879E-05  0.11359204359164E-02
  0.85302096822785E-04  0.25086061542097E-04  0.11345425394676E-02
  0.80618410487788E-04 -0.71523423660084E-05  0.12122271053583E-02
  0.85643995664160E-04  0.26701586364803E-04  0.10860248892538E-02
  0.68016879371246E-04 -0.19915546201878E-04  0.12317813980171E-02
  0.77482002387979E-04  0.24190863602811E-04  0.10317803431973E-02
  0.50006078757052E-04 -0.33307164000015E-04  0.12437862458411E-02
  0.31118501425961E-04 -0.48767558844866E-04  0.12451307339199E-02
  0.58776909282829E-04  0.20398519341810E-04  0.97914141126066E-03
  0.80518206464881E-04  0.40904853574312E-06  0.11901893146321E-02
  0.88593462010401E-04 -0.18277013740652E-04  0.11939086048612E-02
 -0.89905884993088E-04 -0.17276792248714E-04  0.11573063768913E-02
 -0.74458004236673E-04 -0.36505201418033E-04  0.11693540590599E-02
 -0.41966980723281E-04  0.44286921440303E-04  0.12182178395553E-02
  0.68762153463272E-04 -0.42577181686183E-04  0.12307208355658E-02
 -0.46227011207923E-04  0.30504174520149E-04  0.12367376262997E-02
  0.51954138343732E-04 -0.55842906518442E-04  0.12341008976686E-02
  0.34926147466113E-04 -0.68121045563579E-04  0.12276826884942E-02
 -0.42428244789979E-04  0.22099074744528E-04  0.12475942143610E-02
  0.19283667399948E-04 -0.74967246628381E-04  0.12164702686416E-02
  0.31643925842550E-04  0.19343639034857E-04  0.12280059702425E-02
 -0.33178078693197E-04  0.19691155648809E-04  0.12509529066365E-02
 -0.98188283722621E-05 -0.75488878198996E-04  0.11924895070890E-02
 -0.19632067690403E-04  0.18684698401470E-04  0.12493432546497E-02
 -0.24156456960799E-04 -0.70388987037396E-04  0.11839138549267E-02
 -0.34251024118633E-05  0.19022673269858E-04  0.12441444451827E-02
 -0.40186113557964E-04 -0.64077487486101E-04  0.11783602372740E-02
 -0.57112641708555E-04 -0.53022341760976E-04  0.11747632058235E-02
  0.13789035241115E-04  0.20198047423690E-04  0.12369954660453E-02
  0.46411993165031E-05 -0.76847937773466E-04  0.12037633920021E-02
  0.14126995231098E-04 -0.61452978611339E-04  0.12379805677564E-02
 -0.86230527707444E-04  0.64175423802467E-04  0.11677968738192E-02
 -0.86743065927966E-04  0.36996135137267E-04  0.11864320459042E-02
 -0.31996205554632E-04  0.98022773298392E-04  0.11803030111891E-02
  0.90574594934791E-04 -0.43132527176528E-04  0.11047005792486E-02
 -0.47450695652810E-04  0.75614179999616E-04  0.11961527554832E-02
  0.99109300230821E-04 -0.45310872346309E-04  0.11376554260537E-02
  0.96713574729213E-04 -0.54773634358684E-04  0.11643224997546E-02
 -0.59194464640169E-04  0.55149115298055E-04  0.12156826328317E-02
  0.87952194230712E-04 -0.61756103496972E-04  0.11796897747002E-02
  0.71560329986602E-04 -0.48474420876872E-04  0.10756687826192E-02
 -0.62860186129038E-04  0.40489327193665E-04  0.12320299143508E-02
  0.59529950471368E-04 -0.60225775140668E-04  0.11814916558547E-02
 -0.57395502821614E-04  0.28266234358461E-04  0.12396551363288E-02
  0.42524130034965E-04 -0.54222683344554E-04  0.11786095634294E-02
 -0.45080235524795E-04  0.20500027645874E-04  0.12387095166337E-02
  0.25059248169233E-04 -0.44360591951722E-04  0.11795816565152E-02
  0.68280951860215E-05 -0.34913061358632E-04  0.11849828753509E-02
 -0.27184530801775E-04  0.13356261307350E-04  0.12318625816361E-02
  0.75231699293291E-04 -0.62105537189211E-04  0.11836021963095E-02
 -0.11774089176196E-04 -0.24256291836576E-04  0.11934199011758E-02
 -0.35354136395981E-04  0.11302042310458E-03  0.11700710348376E-02
 -0.51034278022023E-04  0.92216128615856E-04  0.11820335829324E-02
  0.72794668849180E-04 -0.44619413123816E-04  0.11759782800977E-02
  0.39910453450763E-04 -0.31979691430004E-04  0.11842177750582E-02
  0.86820401215228E-04 -0.46621911743280E-04  0.11682140889702E-02
  0.21671029999499E-04 -0.21719586139491E-04  0.11914543017419E-02
  0.19704942357664E-05 -0.12581955579899E-04  0.12013465868594E-02
  0.96907905777855E-04 -0.44295379938452E-04  0.11511761416969E-02
 -0.18634295642309E-04 -0.24938675672583E-05  0.12124899144427E-02
 -0.14200718473219E-04  0.11385490066862E-03  0.11762931234266E-02
  0.10113950477299E-03 -0.39161780030649E-04  0.11218083934365E-02
 -0.56673909996880E-04  0.19331365251199E-04  0.12291956878596E-02
  0.95477068267730E-04 -0.37059287577545E-04  0.10841699810074E-02
 -0.67103103729188E-04  0.32868735180038E-04  0.12284414819684E-02
  0.78558320998464E-04 -0.41428036308644E-04  0.10461222556108E-02
 -0.69897138030965E-04  0.48103177343874E-04  0.12181007357005E-02
 -0.63966318696952E-04  0.68089339101517E-04  0.12002655880961E-02
  0.53629250669538E-04 -0.49321240342554E-04  0.10208079289482E-02
 -0.39667633315717E-04  0.86486603279730E-05  0.12229031267516E-02
 -0.45573086342101E-04  0.23887657717961E-04  0.12465391529901E-02
 -0.65867449473479E-05  0.58640739485628E-05  0.12216036166026E-02
 -0.51330747122959E-04  0.17423218284418E-05  0.12110418593059E-02
  0.83481245588297E-04 -0.25162021887868E-04  0.10252329680392E-02
  0.59502762130080E-04 -0.71776688796796E-04  0.11951115407063E-02
  0.58298560358686E-04 -0.31189334607309E-04  0.98874270669968E-03
  0.42654998008020E-04 -0.70844412022066E-04  0.11867261189631E-02
  0.25753546919174E-04 -0.63245393956854E-04  0.11805754467063E-02
 -0.12571857276777E-04  0.98213263635156E-04  0.11781323171130E-02
  0.81446625186545E-05 -0.55732336733594E-04  0.11788259614749E-02
  0.74767747590425E-04 -0.68918702826110E-04  0.12005208664962E-02
 -0.31043894732920E-04  0.79570204987234E-04  0.11887153406153E-02
 -0.26186561806271E-04 -0.34884239211573E-04  0.11857558811656E-02
 -0.45851662765720E-04  0.59309997894533E-04  0.12073754210913E-02
 -0.44336248337074E-04 -0.21861751728673E-04  0.11917904052040E-02
 -0.54005161784237E-04  0.43751487496511E-04  0.12273397406362E-02
 -0.62105337621661E-04 -0.43603116988056E-05  0.11962308385958E-02
 -0.77575814737502E-04  0.14728892046081E-04  0.11957763611425E-02
 -0.53629997225597E-04  0.31043328650531E-04  0.12414895018989E-02
 -0.89772410608899E-05 -0.46411823769149E-04  0.11809126927187E-02
 -0.31869815351261E-04 -0.11727058582128E-04  0.12027634553240E-02
  0.86593417581396E-04 -0.62708255239117E-04  0.11962548305670E-02
  0.94458243565522E-04 -0.50918312432180E-04  0.11796887227084E-02
  0.14264983649733E-04  0.48454505135942E-07  0.12105410669776E-02
 -0.66588484263893E-04  0.17972649069795E-04  0.12149494501461E-02
  0.33664512466945E-04 -0.86876957227094E-05  0.12002681086497E-02
 -0.76387162667946E-04  0.35466816854711E-04  0.12110505781715E-02
 -0.77734115795403E-04  0.56032785869711E-04  0.11977785974380E-02
  0.51268695889677E-04 -0.16748130517329E-04  0.11909334995937E-02
 -0.70085199134595E-04  0.81837489547707E-04  0.11788697534639E-02
  0.98337596821228E-04 -0.21357647461894E-04  0.10706861901989E-02
  0.68064314411382E-04 -0.21891398756278E-04  0.11814129782631E-02
 -0.40199472128090E-04  0.12453152900166E-03  0.11541347200726E-02
  0.83251682449100E-04 -0.23687589508900E-04  0.11680598377790E-02
  0.62764806692574E-04 -0.47103843138683E-04  0.11081269324699E-02
  0.94379012342507E-04 -0.23871555851579E-04  0.11467780438270E-02
  0.82981611178139E-04 -0.40331945706581E-04  0.11265408637520E-02
  0.94811153149030E-04 -0.40988429675712E-04  0.11539699553040E-02
  0.10037460511832E-03 -0.21727518977305E-04  0.11137614420908E-02
 -0.56427241877877E-04  0.10574347880780E-03  0.11614361289308E-02
 -0.82800468588947E-04 -0.69032710532435E-05  0.12497883981322E-02
  0.30736494175618E-04  0.11800483598889E-04  0.93970381629595E-03
 -0.13754465401449E-04 -0.75155183351137E-04  0.12127192737105E-02
 -0.99488312624515E-04 -0.61324603581875E-04  0.12076043467317E-02
 -0.15145841681570E-04 -0.80065745652308E-05  0.12507818511640E-02
 -0.10948587676343E-03 -0.62608668567726E-04  0.11788947236087E-02
 -0.11359588136314E-03 -0.60672970049962E-04  0.11375210775259E-02
 -0.97709549987959E-05 -0.81823417619991E-06  0.12475753187344E-02
 -0.10837629362770E-03 -0.53537331975130E-04  0.10850708529330E-02
 -0.29430258568916E-05  0.98267278978272E-05  0.12414055145556E-02
 -0.19082304707632E-04 -0.92966058100339E-05  0.12504290124629E-02
 -0.92854855577600E-04 -0.44268575758023E-04  0.10273411454251E-02
  0.27077248190059E-05  0.21347335584494E-04  0.12328608612196E-02
 -0.37999325191887E-04 -0.15749926166170E-04  0.93617526914624E-03
  0.90391228862354E-05  0.32785717248490E-04  0.12217524317120E-02
  0.37596102830304E-04  0.60650557447360E-04  0.11775223960448E-02
  0.44983566530625E-04  0.62152178163317E-04  0.11910375197075E-02
  0.14272929571903E-04  0.43552131177447E-04  0.12054405995986E-02
  0.45863282717653E-04  0.56345266898686E-04  0.12137879203729E-02
 -0.68612897833961E-04 -0.29785085593754E-04  0.97368675914353E-03
  0.17749180955763E-04  0.54766210853529E-04  0.11846912351390E-02
 -0.87036734525229E-04 -0.57601939752363E-04  0.12262054051427E-02
 -0.20956739030738E-04 -0.62535881741268E-05  0.12442599694655E-02
  0.46529538848586E-04  0.62902468099231E-04  0.11360955819372E-02
  0.41062338024200E-04  0.41460691116338E-04  0.11761413506147E-02
  0.44511754269907E-04  0.68292935506820E-04  0.10914278813156E-02
  0.51014130586368E-04  0.47990987379291E-04  0.11828427291002E-02
  0.55112021715672E-04  0.44478185907214E-04  0.12014348036153E-02
  0.36272678605361E-04  0.71712088873322E-04  0.10434616990883E-02
  0.49945517900522E-04  0.35728673936184E-04  0.12246041359260E-02
 -0.74491873829628E-04 -0.49687363661835E-04  0.12385808937105E-02
  0.33880720755997E-04  0.22040933789003E-04  0.12444985045548E-02
  0.51473823697252E-05  0.35950694826549E-04  0.11900366901817E-02
 -0.70925148939690E-05 -0.53777315517747E-05  0.12607621743849E-02
 -0.91488867404816E-05  0.19020885487878E-04  0.12104330686532E-02
 -0.26945753941190E-04 -0.17758702417780E-04  0.12594047010863E-02
 -0.44606293917232E-04 -0.28581466253490E-04  0.12546608983674E-02
 -0.17647751807945E-04  0.28716405297793E-05  0.12302269464736E-02
 -0.60173285741815E-04 -0.39579955086482E-04  0.12474732825773E-02
  0.14146195262765E-04  0.73419086652042E-05  0.12564687158927E-02
 -0.35526582406709E-04  0.20437581920407E-04  0.93322112284497E-03
  0.35043475747955E-04  0.44692184556439E-04  0.12365349349022E-02
  0.18691579140317E-04  0.67339885482234E-04  0.11576952935955E-02
 -0.41567738219550E-04 -0.47323919423576E-04  0.96394798521070E-03
 -0.14956159201118E-04 -0.31805547843824E-05  0.12348601471171E-02
  0.22307575178777E-04  0.70299973338369E-04  0.11754072941965E-02
  0.33697186866881E-04  0.76309353964306E-04  0.11839726034577E-02
 -0.12896081108067E-04  0.10095603598605E-04  0.12248228962992E-02
  0.38526476706695E-04  0.74817262297427E-04  0.12037062588705E-02
 -0.11935518784019E-04  0.23899701376856E-04  0.12135579078809E-02
 -0.16675474428376E-04 -0.14765375094558E-04  0.12420915379335E-02
  0.33948546070770E-04  0.65758594515489E-04  0.12274435963503E-02
 -0.10094032924700E-04  0.36468751732681E-04  0.12006291799052E-02
 -0.33229800735830E-05  0.37870223504263E-04  0.12568958746147E-02
 -0.88054499749843E-05  0.49441774079545E-04  0.11868396940216E-02
 -0.24918753174103E-04  0.25579078653033E-04  0.12598593392175E-02
 -0.45870018633919E-04  0.12747577011104E-04  0.12585309890126E-02
 -0.73923634621211E-05  0.64744936538652E-04  0.11706441412695E-02
 -0.65235035013284E-04  0.28024836781830E-05  0.12553715267934E-02
  0.17107058650743E-04  0.51768215235211E-04  0.12465459078600E-02
  0.16010181867551E-04  0.30070614620786E-04  0.12526324622523E-02
 -0.73063323382981E-04 -0.57469265646015E-04  0.10086585320679E-02
 -0.17559772477004E-04 -0.21503942339641E-04  0.12460111665497E-02
 -0.51775761532857E-05  0.16934691295946E-04  0.12599784796445E-02
  0.19105597334777E-04  0.78548701716662E-04  0.11247573279102E-02
 -0.26560409821174E-04  0.46099411785385E-05  0.12611759637828E-02
 -0.45907460292593E-04 -0.73874315166216E-05  0.12591351732002E-02
  0.23840601008204E-04  0.29155341547058E-04  0.11831407536574E-02
 -0.63631654588781E-04 -0.17892790012034E-04  0.12553204597315E-02
  0.64618725207317E-05  0.12945925790410E-04  0.12007291854623E-02
 -0.98227683448104E-04 -0.64669377704748E-04  0.10638584078212E-02
 -0.79358492916900E-04 -0.27922923382203E-04  0.12490442134275E-02
 -0.62336794732469E-05 -0.51725510290184E-05  0.12208451842778E-02
 -0.10566966249603E-03 -0.47469423878559E-04  0.12233844125322E-02
 -0.14408922944140E-04 -0.17700269344307E-04  0.12373254862793E-02
 -0.11590981971572E-03 -0.55449448995025E-04  0.11986711069837E-02
 -0.11997254706775E-03 -0.62631475941287E-04  0.11637190029369E-02
 -0.17334512362109E-04 -0.22588242091404E-04  0.12458882548675E-02
 -0.11455477403103E-03 -0.65698080884213E-04  0.11180689867403E-02
 -0.93293258322330E-04 -0.38086766541389E-04  0.12392962025484E-02
 -0.31195135233351E-06 -0.70217264334214E-04  0.12260757142725E-02
 -0.65067773736499E-04  0.37619399305831E-05  0.95871347527992E-03
 -0.88125165183751E-04 -0.15614720717180E-04  0.10044817970287E-02
 -0.92379189479553E-05  0.14634529043924E-04  0.12512861694533E-02
  0.73728225117807E-04  0.12971446755686E-04  0.12024785152401E-02
  0.50821773660653E-05  0.19155729352190E-04  0.12465839563013E-02
  0.66899949029666E-04  0.30529240305979E-05  0.12244203054642E-02
  0.50092097948771E-04 -0.93195038325343E-05  0.12429347577091E-02
  0.19386086624742E-04  0.24501655770964E-04  0.12399419236258E-02
  0.30541573727796E-04 -0.25123045241536E-04  0.12525576698827E-02
  0.68940632471273E-04  0.17276924466539E-04  0.11842334182622E-02
  0.34255760316072E-04  0.28771402978553E-04  0.12300216874186E-02
 -0.51933996884168E-05 -0.51854754256793E-04  0.12453799074454E-02
  0.48168198251716E-04  0.34422036963002E-04  0.12141348396619E-02
 -0.19631854788569E-04 -0.62119591881444E-04  0.12344179041194E-02
  0.60058312563291E-04  0.39881995328558E-04  0.11898855362426E-02
 -0.33694852731237E-04 -0.68914492601169E-04  0.12222834374998E-02
 -0.47576269656565E-04 -0.73133444149411E-04  0.12103893641840E-02
  0.68280727554655E-04  0.44900524905467E-04  0.11551902816908E-02
  0.11469856130444E-04 -0.39635497133980E-04  0.12524333136551E-02
 -0.62232958462200E-04 -0.74200450250536E-04  0.11983733800855E-02
  0.56961811884278E-04  0.10953940555441E-04  0.11762774171287E-02
 -0.55972348610342E-04  0.74514552927758E-04  0.99751741584843E-03
 -0.32722187819295E-05 -0.57996135499031E-07  0.92446377427597E-03
 -0.27756845470138E-04 -0.75794593559458E-04  0.12005418836707E-02
  0.47704214014028E-05  0.77145648935019E-04  0.11768168725655E-02
 -0.42272796831818E-04 -0.74275851247435E-04  0.11904131559813E-02
 -0.58597552588587E-04 -0.68304360207641E-04  0.11813578101586E-02
 -0.14215607387694E-04  0.61014691583606E-04  0.11884763428705E-02
 -0.75184143658679E-04 -0.56963430061547E-04  0.11708755181471E-02
 -0.21583683184378E-04  0.13085243909311E-04  0.12532615446634E-02
 -0.28265765945215E-04  0.43774302810813E-04  0.12081630478974E-02
 -0.10129212943599E-03 -0.20999215724325E-04  0.11298326270562E-02
 -0.35757879830407E-04  0.27803438405281E-04  0.12288690760737E-02
 -0.10310298800393E-03  0.53648100611050E-05  0.10949565408841E-02
 -0.36864857176030E-04  0.17371823551277E-04  0.12444217086108E-02
 -0.96127728398703E-04  0.31069575766963E-04  0.10554724873250E-02
 -0.79999960494909E-04  0.53715958751739E-04  0.10196522002263E-02
 -0.30676144345177E-04  0.13811540681682E-04  0.12515152228525E-02
 -0.90993318175059E-04 -0.41365238624340E-04  0.11551483746261E-02
  0.44489657154759E-04  0.54880077766695E-04  0.11737230181283E-02
  0.70676239260339E-04  0.48501057022541E-04  0.11102936217410E-02
 -0.92485887101146E-04 -0.58758534374940E-04  0.11657182454279E-02
 -0.20787223165131E-04  0.29699309440807E-05  0.12529417281807E-02
 -0.24988614835301E-04 -0.40837348889658E-04  0.12509929877415E-02
 -0.12809486216906E-04  0.49592111388943E-05  0.12530191810909E-02
 -0.40115420828703E-04 -0.50993175912981E-04  0.12422654971102E-02
 -0.54627856912173E-04 -0.59931431702636E-04  0.12314982252247E-02
 -0.24514908456629E-05  0.11171185008412E-04  0.12496136224243E-02
 -0.67927703412090E-04 -0.67345887126957E-04  0.12197612559954E-02
 -0.71940439027868E-05 -0.28770965483951E-04  0.12567894796781E-02
  0.81295226643564E-05  0.19950618310439E-04  0.12438000554804E-02
 -0.94834119367317E-04 -0.65997371926965E-04  0.11857689128131E-02
  0.18624140682328E-04  0.28440455388778E-04  0.12358375240797E-02
 -0.10524279447119E-03 -0.58475848324818E-04  0.11556101593594E-02
  0.29544372790834E-04  0.37075893404927E-04  0.12226068650383E-02
 -0.10897974195857E-03 -0.47235474139722E-04  0.11119614469130E-02
 -0.10303561348408E-03 -0.31977817927703E-04  0.10592291522615E-02
  0.38594126216232E-04  0.46045575037634E-04  0.12028150894685E-02
 -0.81599138876579E-04 -0.69415144732704E-04  0.12056064117002E-02
 -0.77725735535002E-04 -0.69113560048164E-04  0.11847730663538E-02
  0.12072451763653E-04 -0.15997330569689E-04  0.12575471792110E-02
  0.31834431691258E-04 -0.13731281569064E-05  0.12508587567554E-02
  0.64330204736755E-04  0.49535811772297E-04  0.10579598727769E-02
 -0.10307040475814E-03 -0.43846270313666E-04  0.11366828201989E-02
  0.51276124045882E-04  0.48376296565330E-04  0.10043279344310E-02
 -0.10564286688585E-03 -0.24402801845353E-04  0.10960241718739E-02
 -0.99259981812145E-04 -0.27230983248200E-05  0.10486348013355E-02
  0.28539836378276E-04  0.42212116321009E-04  0.95873840200393E-03
 -0.84564585187530E-04  0.18170194359667E-04  0.10021172752044E-02
 -0.26411175050386E-04  0.47943059241741E-05  0.12490517135634E-02
  0.39143879030455E-05  0.57298209536807E-04  0.11808635591552E-02
  0.55934801394764E-04  0.30710778926381E-04  0.11790253395204E-02
 -0.12705062594922E-04  0.40933576832038E-04  0.11986390338043E-02
  0.63216499057234E-04  0.31716739307232E-04  0.11916748389008E-02
 -0.23432440401007E-04  0.23627210548565E-04  0.12198221724345E-02
  0.62835581641618E-04  0.24724095827609E-04  0.12132099249040E-02
  0.50516528752133E-04  0.13701948812157E-04  0.12352538309929E-02
 -0.28013843028444E-04  0.10695121290222E-04  0.12383462700904E-02
 -0.62102313340197E-04  0.40126977140403E-04  0.96766959552669E-03
 -0.24617581069415E-05  0.33280286748505E-04  0.93265219353917E-03
