{
  "uid_a": "WSe2-1cfbe6183886",
  "uid_b": "MoS2-b3b4685fb6e1",
  "cell_a_original": [
    [
      3.3190066244679373,
      0.0,
      0.0
    ],
    [
      -1.6595033122339686,
      2.874344052118072,
      0.0
    ],
    [
      0.0,
      -0.0,
      1.0
    ]
  ],
  "cell_b_original": [
    [
      3.1840664646845926,
      0.0,
      0.0
    ],
    [
      -1.5920332323422963,
      2.757482445754964,
      0.0
    ],
    [
      0.0,
      0.0,
      1.0
    ]
  ],
  "coeffs_a": [
    [
      -26,
      -14
    ],
    [
      14,
      -11
    ]
  ],
  "coeffs_b": [
    [
      -27,
      -15
    ],
    [
      15,
      -11
    ]
  ],
  "twist_angle": 1.1541715497526264,
  "stacking": null,
  "supercell_a": [
    [
      -63.06112586489081,
      -40.240816729653005,
      0.0
    ],
    [
      64.72062917712478,
      -31.617784573298792,
      0.0
    ],
    [
      0.0,
      0.0,
      1.0
    ]
  ],
  "supercell_b": [
    [
      -62.08929606134955,
      -41.36223668632446,
      0.0
    ],
    [
      65.27336252603415,
      -30.332306903304605,
      0.0
    ],
    [
      0.0,
      0.0,
      1.0
    ]
  ],
  "final_supercell": [
    [
      74.70078880805244,
      -1.2972920015266606e-14,
      0.0
    ],
    [
      -37.52630708644087,
      61.44729171638676,
      0.0
    ],
    [
      0.0,
      0.0,
      1.0
    ]
  ],
  "strain_a": [
    [
      -0.0008925792849889813,
      -0.0005820329531357239
    ],
    [
      -0.0005820329531357239,
      -0.0008689085739084224
    ]
  ],
  "strain_b": [
    [
      0.0007521290797309899,
      0.0005685824100448275
    ],
    [
      0.0005685824100448275,
      0.0007752585393470124
    ]
  ],
  "maxstrain": 0.14628972032320386
}