 -0.10876257909919E-03 -0.74426764883830E-05 -0.12980408876893E-02
  0.22540865166056E-04 -0.57503333505271E-05 -0.14907127584110E-02
  0.17630361527018E-04 -0.28610891087184E-04 -0.14617591496471E-02
 -0.86482654984155E-04 -0.21495493569748E-05 -0.14887649657538E-02
  0.13765590123335E-04 -0.46286010607305E-04 -0.14445513557841E-02
 -0.93397412263981E-04 -0.17818075759243E-04 -0.14862482915672E-02
  0.15189290137926E-04 -0.58764789226748E-04 -0.14417934394348E-02
  0.17751628930247E-04 -0.63440353936926E-04 -0.14515829991686E-02
 -0.78483651070960E-04  0.15240743393592E-04 -0.14831729041350E-02
 -0.10001296511544E-03 -0.30764990391822E-04 -0.14743653548634E-02
 -0.10555531079993E-03 -0.39021271356621E-04 -0.14572454155200E-02
  0.25974712604661E-04 -0.48770396571605E-04 -0.14881421423484E-02
  0.30346634350788E-04 -0.32888704233167E-04 -0.15018980481389E-02
 -0.10748185067287E-03 -0.42359885530529E-04 -0.14427274315420E-02
  0.33845923849358E-04 -0.12492168726031E-04 -0.15081890844848E-02
 -0.10609783581435E-03 -0.38263842827837E-04 -0.14383706926022E-02
  0.38030294939332E-04  0.98970316931750E-05 -0.15079518029106E-02
  0.20081657902702E-04 -0.59832327468503E-04 -0.14694137203165E-02
  0.41996949786123E-04  0.31436956432604E-04 -0.15034441349253E-02
  0.27969362664462E-04  0.19131960621630E-04 -0.15227259173116E-02
  0.34343618639136E-04  0.38076389005074E-04 -0.15467860572250E-02
 -0.76049575927180E-04  0.82419990561462E-05 -0.14407064961425E-02
 -0.62944550796031E-04  0.14140636109714E-04 -0.14518434583452E-02
  0.79577764211993E-04 -0.67856775261409E-04 -0.13794970641123E-02
 -0.45963963055865E-04  0.19123880488441E-04 -0.14641146622030E-02
  0.70770609424890E-04 -0.64180664214187E-04 -0.13345181468330E-02
 -0.28895729967854E-04  0.23946088452444E-04 -0.14783782247814E-02
 -0.11399371171809E-04  0.30889743472148E-04 -0.14943795708686E-02
 -0.70111502098541E-04  0.32949355398614E-04 -0.14736477707066E-02
 -0.26771184875858E-04  0.94269584069275E-04 -0.14467578859188E-02
 -0.40037457479074E-04  0.80571326114502E-04 -0.14497566698817E-02
  0.17904164127601E-04  0.43454232284006E-04 -0.15286672710429E-02
  0.28745050591340E-04  0.50313076515645E-04 -0.15439328622037E-02
 -0.50894091182373E-04  0.65831854226083E-04 -0.14554849983859E-02
  0.35068252923080E-04  0.51738739565688E-04 -0.15545461701084E-02
 -0.61057594451030E-04  0.49224338500200E-04 -0.14637795973411E-02
  0.37472078000239E-04  0.48518815491477E-04 -0.15569185103476E-02
  0.42559397950010E-05  0.36762063784557E-04 -0.15115105388336E-02
 -0.10124680955778E-03 -0.28190070248685E-04 -0.14481242471143E-02
  0.44246510662533E-04  0.52714672000430E-04 -0.14962512336115E-02
 -0.94202470586769E-04 -0.13058207376264E-04 -0.14719878262483E-02
 -0.41865231729745E-04 -0.42207608668983E-05 -0.14752752619537E-02
  0.36591756755600E-04 -0.36956117051047E-04 -0.15139198404146E-02
 -0.27525656295281E-04  0.94938582185606E-06 -0.14950422974371E-02
  0.48665018603507E-04 -0.48425885932425E-04 -0.14940615245316E-02
 -0.11801839316736E-04  0.75983392939722E-05 -0.15138946336040E-02
  0.19579658915777E-05  0.14280878459452E-04 -0.15315945064209E-02
  0.58698643167499E-04 -0.58697810970836E-04 -0.14695502343903E-02
 -0.56141056875869E-04 -0.71677893553721E-05 -0.14545030932239E-02
  0.13629449569126E-04  0.23539087514859E-04 -0.15472157186434E-02
  0.22867110032659E-04  0.31884629035574E-04 -0.15596108079847E-02
  0.25928534884297E-04  0.38136121763183E-04 -0.15677583196578E-02
  0.61969485512852E-04 -0.66650672766698E-04 -0.13943284616130E-02
  0.25620177783649E-04  0.40586340189744E-04 -0.15691193675111E-02
  0.56970108902147E-04 -0.62826724745030E-04 -0.13435119445216E-02
  0.22630734078260E-04  0.36744813003395E-04 -0.15605548032587E-02
  0.14968792305363E-04  0.22757358936175E-04 -0.15391029027517E-02
  0.64072371805774E-04 -0.65732834643992E-04 -0.14367920687751E-02
  0.21269521584897E-04 -0.24524340434357E-04 -0.15314873466433E-02
 -0.69124374930389E-04 -0.93725633617988E-05 -0.14324364099843E-02
  0.32509887930019E-05 -0.96414178450799E-05 -0.15473975159802E-02
  0.44448602008011E-04  0.72298228945474E-04 -0.14878488461758E-02
  0.43597153680767E-04  0.88544334152847E-04 -0.14781870327651E-02
 -0.85425570459620E-04  0.39371239905503E-05 -0.15049789596485E-02
  0.40263767880508E-04  0.10212024999860E-03 -0.14663963150653E-02
 -0.74845382298553E-04  0.18910140546625E-04 -0.15373437930167E-02
  0.35878877780223E-04  0.11203858457177E-03 -0.14492062857560E-02
  0.31031326878025E-04  0.11623405601642E-03 -0.14227990104173E-02
 -0.62244537359754E-04  0.26733232418161E-04 -0.15596911233801E-02
  0.23870736155828E-04  0.11310071030419E-03 -0.13840660973391E-02
 -0.47038410203357E-04  0.24863702092167E-04 -0.15689458821505E-02
  0.13103293436370E-04  0.10311953768458E-03 -0.13343396451036E-02
  0.41047509903142E-05  0.87252522148642E-04 -0.12792054636827E-02
 -0.30932073453832E-04  0.16460541083224E-04 -0.15679931113299E-02
 -0.52931054646254E-05  0.66944353371054E-04 -0.12270465816889E-02
 -0.14520163539056E-04  0.42029257783278E-05 -0.15598199668615E-02
 -0.10307583885725E-04  0.47312991077401E-04 -0.11858122895163E-02
 -0.79262134880161E-04 -0.11971473404726E-04 -0.14085792166703E-02
  0.82928051166596E-04 -0.65746731953234E-04 -0.14164724593655E-02
  0.47100558470126E-04 -0.53425367058673E-04 -0.12895977291838E-02
 -0.18195845919201E-04  0.68373830299635E-04 -0.12626569229342E-02
 -0.52968221205470E-05  0.84859370495547E-04 -0.13153918697301E-02
  0.55456063885478E-04  0.69708389006437E-04 -0.14509040851882E-02
  0.45674965026216E-04  0.82437168836235E-04 -0.14443119418556E-02
 -0.62451760933005E-04  0.52913817651303E-04 -0.14475239750476E-02
  0.33632640313265E-04  0.90498164673180E-04 -0.14362977807942E-02
 -0.74778422542566E-04  0.38628688500692E-04 -0.14552444083885E-02
  0.18860367270505E-04  0.93416819246434E-04 -0.14225141071760E-02
  0.11867184794293E-05  0.90526262712800E-04 -0.13974649123236E-02
 -0.48517151572693E-04  0.65447748824600E-04 -0.14430357699286E-02
 -0.85489609745380E-04  0.23922683883231E-04 -0.14647034810106E-02
 -0.94542047261717E-04  0.83097677238857E-05 -0.14734077308414E-02
 -0.44198991378141E-04  0.40736475682264E-04 -0.14522078656796E-02
 -0.26947368323984E-04  0.47045015272941E-04 -0.14620486719233E-02
 -0.10250996054330E-03 -0.59833532599884E-05 -0.14768080457349E-02
 -0.10021252942411E-04  0.53781956708680E-04 -0.14755430544683E-02
 -0.11110289690503E-03 -0.18836856917125E-04 -0.14715028919223E-02
  0.56993614543614E-05  0.59866315931255E-04 -0.14917075292284E-02
 -0.61549665400230E-04  0.33486928882013E-04 -0.14461140610059E-02
  0.20737292083879E-04  0.64760964916083E-04 -0.15092089476091E-02
  0.63768267062351E-04  0.54675486938559E-04 -0.14590724798674E-02
  0.69037682793488E-04  0.36721814871893E-04 -0.14689868062356E-02
  0.49193083704358E-04 -0.20023529046714E-04 -0.14474611965071E-02
  0.48380291234680E-04 -0.45206896755849E-04 -0.14332068194693E-02
  0.19812168567226E-04  0.78107831884033E-05 -0.14956715074122E-02
  0.48879074230364E-04 -0.62867896750164E-04 -0.14325065713571E-02
  0.40877033071627E-04 -0.43919307064598E-05 -0.14781381463801E-02
  0.50682024499990E-04 -0.70203174373702E-04 -0.14443141670413E-02
  0.54394154088274E-04 -0.68712249365573E-04 -0.14634813815204E-02
  0.94054721496925E-04 -0.64487836359857E-04 -0.14099668943036E-02
  0.58254101507990E-04 -0.16092290538445E-04 -0.14644256209843E-02
  0.74183554352403E-04 -0.30471354878124E-04 -0.14537028512037E-02
  0.66964458558165E-04 -0.45988312002067E-04 -0.14939510013451E-02
  0.71191598985391E-04 -0.27099175460873E-04 -0.14958282925385E-02
  0.87574778079625E-04 -0.43630247096886E-04 -0.14440115967032E-02
  0.73476829614595E-04 -0.51383658625509E-05 -0.14900256582820E-02
  0.93893615120960E-04 -0.55594247073318E-04 -0.14313330383964E-02
  0.72365997277987E-04  0.16711774281980E-04 -0.14801605571432E-02
  0.60713236324944E-04 -0.60836102195675E-04 -0.14822342290594E-02
 -0.11696785229375E-03 -0.29365764954468E-04 -0.14580933916749E-02
  0.32433659840232E-04  0.67481618083948E-04 -0.15255594119949E-02
 -0.12137169279396E-03 -0.35197880985166E-04 -0.14425413144032E-02
  0.58281511262074E-04  0.13800443721150E-04 -0.14979001338217E-02
 -0.21307305854468E-04  0.15289301466613E-04 -0.15469590164862E-02
  0.58390211870397E-04  0.35132729542111E-04 -0.14889710903750E-02
  0.40774829211666E-06  0.34477558842892E-05 -0.15315157787415E-02
  0.56920478192680E-04  0.54681650667024E-04 -0.14791235143167E-02
  0.54033304337934E-04  0.72591711948298E-04 -0.14693343982635E-02
  0.20469198145104E-04 -0.81581933730468E-05 -0.15140613322638E-02
  0.56013648582017E-04 -0.77072166669435E-05 -0.15035295292408E-02
  0.48984430250822E-04  0.87189854447615E-04 -0.14595571265962E-02
  0.38353387117404E-04 -0.21471142128337E-04 -0.14964594727381E-02
  0.41486354027688E-04  0.96893177194873E-04 -0.14483362683282E-02
  0.31789545853973E-04  0.10363489000361E-03 -0.14316800890035E-02
  0.55639093641813E-04 -0.34801273304485E-04 -0.14801387610838E-02
  0.20946066859252E-04  0.10448723007640E-03 -0.14051892537495E-02
  0.70203578968883E-04 -0.45652134470101E-04 -0.14636232126313E-02
  0.87544420209764E-05  0.97653596886496E-04 -0.13653611396340E-02
  0.69010614220613E-05 -0.54569829001831E-04 -0.14004127275788E-02
 -0.42141535846323E-04  0.25304713429865E-04 -0.15563404328329E-02
  0.50914000911502E-04 -0.28920935035574E-04 -0.15033415633751E-02
 -0.60198839514025E-04  0.29996451254616E-04 -0.15562158486507E-02
  0.41727506825545E-04  0.66479637542001E-04 -0.15369868421902E-02
  0.47003613736057E-04  0.57902879632179E-04 -0.15388448650536E-02
 -0.12289967312050E-03 -0.35148127786379E-04 -0.14329432933936E-02
  0.45765484666571E-04  0.40330866938416E-04 -0.15264342369224E-02
 -0.12091107896921E-03 -0.29084460000298E-04 -0.14352540613711E-02
  0.41810389667730E-04  0.14483306390782E-04 -0.15007928389765E-02
  0.37649006055615E-04 -0.12526123447325E-04 -0.14709878422186E-02
 -0.11452776704061E-03 -0.17449157564464E-04 -0.14520863821953E-02
  0.35021604063296E-04 -0.37700845572405E-04 -0.14481788381520E-02
 -0.10521378048072E-03 -0.13332384932937E-05 -0.14810028469314E-02
  0.32181958734280E-04 -0.55683510114820E-04 -0.14388550795591E-02
  0.34362985726007E-04 -0.64266206072600E-04 -0.14435523549488E-02
 -0.93430303796816E-04  0.14185301864347E-04 -0.15146041278604E-02
  0.37950982875370E-04 -0.66337053633357E-04 -0.14585987277700E-02
 -0.77944306258714E-04  0.26639411270709E-04 -0.15422421406712E-02
  0.41412856152579E-04 -0.60259710687660E-04 -0.14779244903653E-02
  0.46066836273236E-04 -0.47004618842813E-04 -0.14945221120106E-02
  0.79043540358509E-04 -0.57171607430120E-04 -0.14437576168221E-02
  0.62577057914500E-05  0.16928253752660E-05 -0.15076212198276E-02
  0.33608337202934E-04 -0.38121634048323E-04 -0.12386074542732E-02
 -0.23617821128652E-06 -0.18064290866306E-04 -0.14749262237708E-02
 -0.28035672856582E-04  0.69679680802573E-04 -0.14865307711818E-02
 -0.52002642074021E-05 -0.41955993923180E-04 -0.15068734060931E-02
 -0.64890160366610E-07 -0.36070429289834E-04 -0.15331393778683E-02
 -0.34289901800929E-04  0.50295700669201E-04 -0.14933436556117E-02
  0.38619235753265E-05 -0.27601412353803E-04 -0.15527700034850E-02
 -0.40840137765709E-04  0.29292394830000E-04 -0.14992939253031E-02
  0.65254720752621E-05 -0.17149483754671E-04 -0.15667416267991E-02
 -0.12730785112465E-04 -0.44088000651339E-04 -0.14727603036408E-02
  0.60197034865359E-05 -0.36127759905137E-05 -0.15759967790587E-02
  0.30267864679672E-05  0.10050073528714E-04 -0.15805993463160E-02
 -0.50641163577914E-04 -0.11894258673193E-04 -0.15017376511884E-02
 -0.19998482746504E-05  0.21708306895310E-04 -0.15809559775888E-02
 -0.80884081285427E-05  0.29056450423834E-04 -0.15753175019363E-02
 -0.57860975627261E-04 -0.30672963371806E-04 -0.14923513591172E-02
 -0.16361347693586E-04  0.28155799961002E-04 -0.15605146412319E-02
 -0.62797834697070E-04 -0.45254586688436E-04 -0.14759376961267E-02
 -0.45211422330047E-04  0.84477678705846E-05 -0.15030510719920E-02
 -0.25010991487879E-04  0.17266647370663E-04 -0.15341942007217E-02
 -0.20998592269320E-04  0.86661943525722E-04 -0.14791556502661E-02
 -0.27498082138961E-04 -0.39390612639578E-04 -0.13819292701108E-02
  0.42857727661590E-05 -0.23916970555520E-04 -0.12067739987037E-02
  0.21015504859139E-04  0.11565463100655E-03 -0.14759937085925E-02
  0.24833371345002E-04  0.12638274611185E-03 -0.14571128210580E-02
 -0.38813250703047E-05 -0.70481424855679E-05 -0.11732820720774E-02
  0.27539515723970E-04  0.13296230816115E-03 -0.14302251565334E-02
 -0.10155478485720E-04  0.99284512262706E-05 -0.11572019351948E-02
  0.28499496369028E-04  0.12949696231170E-03 -0.13937899378067E-02
 -0.21451609300456E-04 -0.43298448368467E-04 -0.14307786888106E-02
  0.27772127176280E-04  0.12141226396138E-03 -0.13486032088796E-02
  0.27021080121327E-04  0.10322609762753E-03 -0.12991400226245E-02
  0.83236477383200E-05  0.12892231258032E-03 -0.14490563793344E-02
 -0.48448400377925E-04 -0.13766242053669E-04 -0.12424033450629E-02
 -0.43320781147960E-04 -0.23733624873661E-04 -0.12827722106405E-02
 -0.26053065875738E-05  0.11709479687213E-03 -0.14608042033562E-02
 -0.34818542382523E-04 -0.32011696107221E-04 -0.13308722157822E-02
 -0.13797505976536E-04  0.10344653428275E-03 -0.14707300598485E-02
  0.18945011917933E-04  0.13492087934566E-03 -0.14342667538818E-02
 -0.33895501678254E-04 -0.15362361319586E-05 -0.15005419247471E-02
 -0.65810718684298E-04 -0.52385361409056E-04 -0.14572293658848E-02
 -0.40834415424342E-04 -0.22109648922657E-04 -0.14689807214699E-02
  0.40130716513543E-05  0.11032088902720E-03 -0.14769221865261E-02
  0.11607165561427E-04  0.12454175568932E-03 -0.14628674833003E-02
 -0.55609566126898E-05  0.15562053231256E-06 -0.15790718771538E-02
  0.19566275265674E-04  0.13305884088185E-03 -0.14439928474989E-02
  0.19849711004997E-05 -0.14638455708813E-04 -0.15729855569883E-02
  0.26439511898791E-04  0.13643873921319E-03 -0.14182959572261E-02
  0.32292461516101E-04  0.13081660013377E-03 -0.13850645397411E-02
 -0.13696723887836E-04  0.13064564482301E-04 -0.15809184875803E-02
  0.86985872817293E-05 -0.29196426777784E-04 -0.15622319788611E-02
  0.14605736768635E-04 -0.41377508393490E-04 -0.15463642021777E-02
 -0.25042125906570E-04 -0.10728763322554E-04 -0.11982724085236E-02
 -0.18136028278836E-04 -0.24349431897599E-04 -0.12368551187524E-02
  0.16094450566529E-04 -0.49725769130460E-04 -0.15239081769929E-02
 -0.82696899144405E-05 -0.36320306737773E-04 -0.12869478415853E-02
  0.15146666263632E-04 -0.56139775707649E-04 -0.14925206476681E-02
 -0.33049029283239E-06 -0.46520534092066E-04 -0.13437049123797E-02
 -0.30369443968398E-04  0.38570327683027E-05 -0.11744514687381E-02
 -0.20806518139163E-05  0.95124165134768E-04 -0.14872579848696E-02
 -0.22008659923179E-04  0.23638252561841E-04 -0.15777309689986E-02
 -0.88147356100977E-05  0.77354333253674E-04 -0.14953406456780E-02
 -0.66790499784985E-04 -0.51587194501107E-04 -0.14436939955230E-02
 -0.44267332187323E-04 -0.38916893229994E-04 -0.14481492319414E-02
 -0.46458086194189E-04 -0.51322135133485E-04 -0.14414054252437E-02
 -0.66040549559394E-04 -0.44169902860500E-04 -0.14415221644982E-02
 -0.46045973701298E-04 -0.56363933077061E-04 -0.14480628173203E-02
 -0.62308299209867E-04 -0.29383575912097E-04 -0.14536804239217E-02
 -0.43960689119861E-04 -0.52341158195102E-04 -0.14641093568259E-02
 -0.40156146428190E-04 -0.43489043961041E-04 -0.14829767472307E-02
 -0.58029453546887E-04 -0.11324207970553E-04 -0.14795427408453E-02
 -0.34976904054313E-04 -0.27838483256355E-04 -0.14981908221780E-02
 -0.50254794545657E-04  0.66855410988430E-05 -0.15133148399855E-02
 -0.27780551070050E-04 -0.69504130275423E-05 -0.15062754415330E-02
 -0.23109759395422E-04  0.14667251480256E-04 -0.15079024881943E-02
 -0.41385814515225E-04  0.21660202256380E-04 -0.15453046194440E-02
 -0.19623682879592E-04  0.35359635470675E-04 -0.15058097548863E-02
 -0.31343961350598E-04  0.27837337263491E-04 -0.15671647900919E-02
 -0.14526087992848E-04  0.56792954367790E-04 -0.15014551536297E-02
  0.16032529459779E-04  0.10068866863209E-03 -0.14888091459193E-02
  0.15454347477858E-04 -0.37819390087973E-04 -0.12541240674857E-02
  0.11586776826001E-04  0.82194254233465E-04 -0.14977944227480E-02
  0.78353683803284E-05  0.62513593653590E-04 -0.15040906939499E-02
 -0.66105288877858E-04  0.23505807641873E-05 -0.14968701948664E-02
  0.31749447406727E-04  0.11523539049178E-03 -0.14661680632910E-02
 -0.72345067028345E-04 -0.16045693684350E-04 -0.14953388975935E-02
  0.31016827119850E-04  0.12324528488462E-03 -0.14427099695044E-02
  0.29317365678828E-04  0.12476261035599E-03 -0.14086126771323E-02
 -0.79755260775759E-04 -0.32247010612003E-04 -0.14848648938840E-02
  0.25512128025346E-04  0.11881053332583E-03 -0.13632018190259E-02
  0.31746041371703E-04  0.10205840956536E-03 -0.14817190003251E-02
 -0.85201997374287E-04 -0.43662404685293E-04 -0.14676530846688E-02
  0.13500563138125E-04  0.86323747540636E-04 -0.12566162572243E-02
 -0.87511848335168E-04 -0.48794701366691E-04 -0.14505892736768E-02
  0.10128106293679E-04  0.64570556292250E-04 -0.12100929186141E-02
 -0.87050682813097E-04 -0.45838990092993E-04 -0.14406802605276E-02
 -0.67958066009924E-04 -0.20479336685962E-04 -0.13349616311969E-02
 -0.59930564623260E-04 -0.24323991213932E-04 -0.13747077985965E-02
 -0.85010851994369E-04 -0.36808146031528E-04 -0.14436962965050E-02
  0.20222985445530E-04  0.10457120615412E-03 -0.13104678618696E-02
  0.30932271417250E-04  0.86341386141364E-04 -0.14923190012605E-02
 -0.60439816035038E-04  0.21946035180404E-04 -0.14915894186686E-02
  0.28104648147145E-04  0.68116355261050E-04 -0.14999857755953E-02
 -0.46891946236881E-05 -0.38613892850666E-04 -0.14514939785215E-02
  0.20258240178749E-04 -0.21301269092898E-04 -0.11975018843468E-02
 -0.63653684021588E-05 -0.53075745947782E-04 -0.14419299473361E-02
 -0.39454123219738E-05  0.11943852265974E-03 -0.14486901638460E-02
 -0.50023561485469E-05 -0.59517987691458E-04 -0.14459751237885E-02
 -0.10955703590587E-05 -0.58792875420845E-04 -0.14605897415277E-02
 -0.16202339075156E-04  0.10788311882288E-03 -0.14542746628108E-02
  0.35128682752003E-05 -0.51303830379105E-04 -0.14795023465688E-02
 -0.27499634337905E-04  0.93203800336575E-04 -0.14601660415842E-02
  0.70893012536806E-05 -0.37237898079227E-04 -0.14963907500062E-02
  0.11831970424997E-04 -0.18146980476067E-04 -0.15070007805859E-02
 -0.36888230908879E-04  0.77276873684238E-04 -0.14669440892628E-02
  0.17206223079688E-04  0.33958675344355E-05 -0.15108722339017E-02
 -0.46032488038143E-04  0.59637284284829E-04 -0.14748117948994E-02
  0.21085709892570E-04  0.25502895459181E-04 -0.15099848022964E-02
  0.24345317809392E-04  0.48193566215056E-04 -0.15058794837744E-02
 -0.53315531294048E-04  0.41644238819711E-04 -0.14835160468458E-02
 -0.51134405178250E-04 -0.26364466551796E-04 -0.14134996060167E-02
 -0.24177381075296E-05  0.18837252769642E-04 -0.15140329149421E-02
 -0.79994277647576E-04 -0.21457140693154E-04 -0.14617764640953E-02
 -0.32565855067129E-04 -0.24979482135475E-04 -0.14799592653014E-02
 -0.26795572650503E-04 -0.47211457398194E-04 -0.14441483969999E-02
  0.29355800795550E-04 -0.47442795143236E-04 -0.15250940843763E-02
 -0.26772724677380E-04 -0.55912377365251E-04 -0.14429087948735E-02
 -0.23840546818492E-04 -0.58306106390330E-04 -0.14535645868704E-02
  0.37041633468387E-04 -0.57185024058417E-04 -0.14996708357346E-02
 -0.20808877599063E-04 -0.52257364683001E-04 -0.14712993181847E-02
  0.39820833967574E-04 -0.62708515960217E-04 -0.14659194383798E-02
  0.18433159108829E-04 -0.35031076360144E-04 -0.15442728933448E-02
 -0.16351454486114E-04 -0.40138880362177E-04 -0.14895741847459E-02
  0.38201682499968E-04 -0.64446763487996E-04 -0.14214120641789E-02
 -0.53793357905745E-05 -0.25487124023209E-05 -0.15097891068876E-02
  0.33817694277633E-04 -0.60659335636623E-04 -0.13676183354016E-02
 -0.16287353844592E-05  0.20293090515219E-04 -0.15108915276794E-02
  0.28812481298104E-05  0.41732511792286E-04 -0.15086131086989E-02
 -0.10638310017543E-03 -0.11183198678583E-04 -0.13081747276263E-02
  0.26915822240269E-04 -0.50098527817884E-04 -0.13096645705917E-02
 -0.10512877842844E-04 -0.23528207493351E-04 -0.15030752020218E-02
 -0.22715551303031E-04 -0.32109419319030E-04 -0.14598281647821E-02
 -0.16366551638190E-04 -0.10298786580409E-04 -0.14879925218446E-02
  0.79910408689851E-05 -0.21065795080932E-04 -0.15591149427758E-02
 -0.73557798095004E-04 -0.40371112638140E-05 -0.14919147474565E-02
 -0.19901375467604E-04 -0.21298193490370E-04 -0.15063340076682E-02
 -0.64556894430357E-04  0.12391957870453E-04 -0.15262621448585E-02
 -0.78949500668251E-05 -0.16025981874257E-04 -0.15284129356614E-02
  0.13740932409280E-05 -0.85012527530350E-05 -0.15466701118709E-02
 -0.53815755969960E-04  0.23751919067246E-04 -0.15544321404497E-02
  0.84653726381503E-05  0.16550107027298E-05 -0.15611272261522E-02
 -0.42251529546300E-04  0.26419893826455E-04 -0.15707918301921E-02
  0.13584872313179E-04  0.12970090420707E-04 -0.15711563375213E-02
  0.14893944030739E-04  0.23656268230741E-04 -0.15766059835345E-02
 -0.31472054263809E-04  0.19929894437897E-04 -0.15765120055154E-02
  0.12540953535735E-04  0.31583899218975E-04 -0.15768623330842E-02
 -0.20253111936948E-04  0.76006887640759E-05 -0.15754500874544E-02
  0.79960080276371E-05  0.33476165624439E-04 -0.15695740147671E-02
 -0.25424103819237E-06  0.25657443697780E-04 -0.15513688730434E-02
 -0.56920896610735E-05 -0.70646216214817E-05 -0.15694747376872E-02
 -0.91676348230954E-05  0.10088434410372E-04 -0.15218801447339E-02
 -0.42580963026284E-04 -0.27593232875139E-04 -0.14489267406138E-02
  0.53774027196433E-04  0.97398865849222E-05 -0.14718962947999E-02
  0.11931801265571E-04 -0.58289346178407E-04 -0.14510414771057E-02
 -0.25043505582631E-04  0.28424617539309E-04 -0.15303977466141E-02
  0.17873979302445E-04  0.44930100593462E-04 -0.14635490908684E-02
  0.99673643477725E-04 -0.55312372295972E-04 -0.14459054680389E-02
  0.38957937301729E-04  0.34239461119412E-04 -0.14518553951351E-02
  0.10016416845984E-03 -0.39310529086305E-04 -0.14483699027763E-02
  0.95622290791764E-04 -0.23244919166744E-04 -0.14449600438858E-02
  0.56762045399092E-04  0.21935729444534E-04 -0.14435607362029E-02
  0.94872889509243E-04 -0.65402558166531E-04 -0.14334065134428E-02
  0.85887884355086E-04 -0.73077889724920E-05 -0.14409404407937E-02
  0.72032498458508E-04  0.79230674050780E-05 -0.14397930269588E-02
 -0.12940737712291E-04  0.10557827889730E-03 -0.14463924022590E-02
  0.13470499911922E-05  0.11347394567081E-03 -0.14478263447355E-02
 -0.10152783892060E-03  0.51910923383627E-05 -0.14408964178694E-02
  0.16597415073813E-04  0.11788987680970E-03 -0.14501496910086E-02
  0.30825588640548E-04  0.11666905897697E-03 -0.14517341302539E-02
 -0.76432967156084E-04  0.25533945722080E-04 -0.14430281618282E-02
  0.85844290460699E-04 -0.70325705872449E-04 -0.14106281782615E-02
 -0.45753797523693E-05  0.53342848660602E-04 -0.14752670366338E-02
  0.75310826401448E-04 -0.68025496389750E-04 -0.13826883905215E-02
  0.22811231333902E-04  0.13008543805595E-03 -0.14357067248846E-02
 -0.12174489426269E-03 -0.16096945932613E-05 -0.13591495617867E-02
  0.35958464736248E-04  0.12586280440664E-03 -0.14250068910521E-02
  0.44790836453393E-04  0.11110931477733E-03 -0.14086175795186E-02
 -0.11494572825753E-03  0.12515739546142E-04 -0.13837458442329E-02
  0.50841559304744E-04  0.88226553166359E-04 -0.13869987297606E-02
 -0.10088157690047E-03  0.29066508768318E-04 -0.14180562846172E-02
  0.55407893032111E-04  0.57047730909800E-04 -0.13634918278526E-02
  0.57943680955517E-04  0.23541420331452E-04 -0.13437925043375E-02
 -0.81640467474453E-04  0.45054980840711E-04 -0.14520682193745E-02
  0.57643598211057E-04 -0.10484567998490E-04 -0.13341425166420E-02
 -0.56998001811950E-04  0.53925689577667E-04 -0.14749616757477E-02
  0.59056400052732E-04 -0.37621090003602E-04 -0.13387752959229E-02
  0.65757432405342E-04 -0.57082189057029E-04 -0.13564295971486E-02
 -0.29164229553893E-04  0.56579824126329E-04 -0.14812574558717E-02
 -0.11079577962740E-03 -0.39835370754400E-05 -0.14372624303996E-02
 -0.12464142519095E-03 -0.10797339066179E-04 -0.13485283953659E-02
  0.43229321477131E-04  0.10958937516046E-03 -0.14496651101500E-02
  0.55170674887707E-04  0.91103951996575E-04 -0.14406081635225E-02
  0.88657099079856E-04 -0.37375269901779E-05 -0.14510511538096E-02
  0.79707606369037E-04  0.13933013038777E-04 -0.14434228406671E-02
 -0.53642702816922E-04  0.44495719552560E-04 -0.15131281212307E-02
  0.68106960580962E-04  0.29670654773885E-04 -0.14397545329064E-02
 -0.28574832859802E-04  0.42779099234927E-04 -0.15090264325013E-02
  0.53428233638624E-04  0.43641817378886E-04 -0.14402930478730E-02
 -0.79356825054732E-04  0.38594800281918E-04 -0.15011613188648E-02
 -0.34107406376004E-04  0.77374394591669E-04 -0.14425057816708E-02
 -0.19847973346646E-04  0.87215196567564E-04 -0.14460910846600E-02
  0.19102439243853E-04  0.26109670950212E-04 -0.14787255449956E-02
 -0.42739490024580E-05  0.95639118095494E-04 -0.14531110821791E-02
  0.11142055521209E-04  0.10102673039163E-03 -0.14623895756710E-02
  0.39505277510518E-04  0.15326902161591E-04 -0.14631469158895E-02
  0.26050169081532E-04  0.10335879143159E-03 -0.14722047741705E-02
 -0.39836810769005E-05  0.35345321160690E-04 -0.14953769253584E-02
  0.94088262395334E-04 -0.23069782122614E-04 -0.14600019893991E-02
 -0.10203909088659E-03  0.26178203082921E-04 -0.14736019337022E-02
  0.96529790920043E-04 -0.41348760513451E-04 -0.14660534524054E-02
  0.61030250356297E-04  0.63416420713238E-04 -0.14242081317960E-02
 -0.12479196296461E-03 -0.18632582640464E-04 -0.14133866435145E-02
  0.62411874314366E-04  0.31292657741788E-04 -0.14039608007136E-02
 -0.12924669453792E-03 -0.21507984245321E-04 -0.13982832431464E-02
  0.60419668804908E-04 -0.32379092405027E-05 -0.13868948414926E-02
  0.60363228192471E-04 -0.34881803746283E-04 -0.13801909849199E-02
 -0.13266228222498E-03 -0.22125745446137E-04 -0.13898462660303E-02
  0.62749798531324E-04 -0.57308851629417E-04 -0.13871956462613E-02
 -0.13174305480858E-03 -0.16290217291664E-04 -0.13933155825923E-02
  0.68020784089556E-04 -0.69583152134073E-04 -0.14053178510009E-02
  0.76642190863519E-04 -0.72999068467967E-04 -0.14289850555457E-02
 -0.12826621276730E-03 -0.52814788527268E-05 -0.14102809008748E-02
  0.85384450408794E-04 -0.68975886751666E-04 -0.14506625673700E-02
 -0.11754221808652E-03  0.11187840603917E-04 -0.14394121738915E-02
  0.92532015663628E-04 -0.57658548431928E-04 -0.14638896963052E-02
 -0.11893754545473E-03 -0.12426129417843E-04 -0.14279058140192E-02
  0.89063807664350E-05  0.12732202007573E-03 -0.14428785024774E-02
 -0.32777383106464E-04  0.17785407014567E-04 -0.11692623137249E-02
  0.97553404631998E-04 -0.41292652815672E-04 -0.14393221613524E-02
  0.45272606244369E-04 -0.39453728309677E-04 -0.12422824111266E-02
  0.59212369728985E-04 -0.55028466447954E-04 -0.12862952628909E-02
 -0.60795803905035E-04  0.50220873227694E-04 -0.13261439425345E-02
 -0.54778908609129E-04  0.61327070980804E-04 -0.14256778672957E-02
  0.34324969782798E-04  0.11644442043090E-03 -0.13458311355898E-02
 -0.73129823293924E-04  0.33883002355238E-04 -0.12864304702034E-02
 -0.44551003132272E-04  0.64952771855441E-04 -0.13688967756435E-02
  0.34528981152257E-04  0.95766081428568E-04 -0.13040974032825E-02
  0.33435842459349E-04  0.67901977747207E-04 -0.12668034999751E-02
 -0.82820411529506E-04  0.16885364542585E-04 -0.12580743758911E-02
  0.33815448663912E-04  0.37746184088746E-04 -0.12411522875584E-02
 -0.85449378785274E-04  0.55926818705751E-05 -0.12456574107799E-02
  0.38752323102452E-04  0.94244786038068E-05 -0.12313550982997E-02
 -0.44951867360773E-05  0.69110438321224E-04 -0.14527428701805E-02
 -0.29574822175342E-04  0.69871745367472E-04 -0.14463662128891E-02
 -0.75444845866057E-04  0.47650507537234E-04 -0.13913211706945E-02
  0.34162082751825E-04 -0.19386303406827E-04 -0.12095120992866E-02
 -0.24698000474741E-04  0.76894263304106E-04 -0.14045904834494E-02
 -0.11909482184411E-04  0.28060782519333E-04 -0.11614065995456E-02
  0.66721241985322E-05  0.42387956832120E-04 -0.11778643445674E-02
 -0.10012714560004E-03 -0.13912093703327E-04 -0.13290269568610E-02
 -0.10659477765627E-03  0.19712024597499E-05 -0.13018556904032E-02
  0.62097515398860E-05  0.18419958575060E-04 -0.11644637106138E-02
 -0.92982388256456E-04 -0.12882860026158E-04 -0.13554016899236E-02
  0.11447213070461E-04 -0.24864487837388E-05 -0.11714413177219E-02
 -0.10001423760132E-03  0.15707091103663E-04 -0.13206677805597E-02
  0.25044214547156E-04  0.80696630142517E-04 -0.12519784413218E-02
 -0.86778004587149E-04 -0.13271221830030E-04 -0.13829064586254E-02
  0.22308407944694E-04  0.55057494294792E-04 -0.12148629314253E-02
 -0.30863738203434E-05  0.81623144288920E-04 -0.14270300652486E-02
  0.21064658379658E-04  0.28563521412019E-04 -0.11942524624234E-02
 -0.90635618823361E-04  0.31330650908399E-04 -0.13528746984242E-02
  0.26348114581057E-04  0.40526342877889E-05 -0.11924184682724E-02
  0.44764861152805E-04 -0.16570475324158E-04 -0.12396243574324E-02
 -0.83522536362599E-04 -0.38801081223964E-05 -0.12496657136840E-02
  0.54835335020092E-04 -0.38504521777417E-04 -0.12638018289251E-02
  0.18067868550200E-04  0.63207407690411E-04 -0.14498758988809E-02
 -0.59421322371143E-04  0.18741046754064E-04 -0.12050027742935E-02
  0.52442844004889E-04 -0.14485013587009E-04 -0.12828166477681E-02
  0.58812518618387E-04 -0.39619024431510E-04 -0.12977984582015E-02
 -0.57726260294640E-04  0.72493070215894E-05 -0.12004599937463E-02
 -0.11405720606528E-03 -0.13258010807293E-04 -0.13844537435679E-02
  0.68369272040595E-04 -0.56291074323952E-04 -0.13248944015537E-02
 -0.54362131569702E-04 -0.39774271503790E-05 -0.12139228742024E-02
  0.78474629580260E-04 -0.66652942149272E-04 -0.13585094907454E-02
 -0.12026756344890E-03 -0.16072150379094E-04 -0.13653555647843E-02
  0.89092409309917E-04 -0.68550440312234E-04 -0.13913053922332E-02
 -0.29676409662700E-04  0.50829248329113E-04 -0.12163329448135E-02
  0.97901605542001E-04 -0.63763723957523E-04 -0.14173163245038E-02
 -0.33286974529494E-04  0.34047276980846E-04 -0.11836456600864E-02
  0.10097478139858E-03 -0.54417924020435E-04 -0.14326715195665E-02
 -0.12284860725766E-03 -0.15422953068449E-04 -0.13518037596790E-02
 -0.10701077609108E-03 -0.99542207055304E-05 -0.14031903276198E-02
  0.58451222813403E-04  0.20969039245781E-05 -0.14515928302858E-02
  0.48259198823754E-04  0.15784078041829E-04 -0.12839055599165E-02
  0.44062764306693E-04  0.47721460820711E-04 -0.12998286982775E-02
 -0.79253451566781E-04 -0.92079855913296E-05 -0.12687233248010E-02
  0.65589636017068E-04 -0.54281878528436E-04 -0.12995402726301E-02
  0.77123015657460E-04 -0.64784788479083E-04 -0.13404229036573E-02
 -0.73579057045463E-04 -0.15454005736954E-04 -0.12984715128029E-02
  0.36434232654237E-04  0.55562563471273E-04 -0.14445069487508E-02
  0.87566800090213E-04 -0.68409282931268E-04 -0.13790176470963E-02
 -0.15959522993209E-04  0.81423047243756E-04 -0.13591838582822E-02
  0.28414265706237E-04  0.13500753238944E-03 -0.14146328720026E-02
 -0.87852013873340E-04  0.21398389947681E-05 -0.14301352811823E-02
  0.36809982766450E-04  0.12553746887647E-03 -0.13892391273490E-02
 -0.30856695638848E-04  0.67326978923259E-04 -0.13118775518068E-02
  0.42772473603767E-04  0.10638904891687E-03 -0.13584699804625E-02
 -0.43837671119890E-04  0.51183928246975E-04 -0.12650352223163E-02
  0.43748662535810E-04  0.78695745636605E-04 -0.13267884378241E-02
 -0.98770106765272E-04 -0.33472044529657E-05 -0.14184384155928E-02
 -0.54875872447385E-04  0.33648395334080E-04 -0.12273287836038E-02
  0.40578727701616E-04  0.99141863884023E-04 -0.14804162571395E-02
 -0.90672910219131E-04  0.16644046267010E-04 -0.14418702285580E-02
  0.48041651190858E-04  0.79152074009218E-04 -0.15138179195971E-02
  0.83770374450964E-04 -0.43978133049921E-04 -0.14836965583431E-02
 -0.48694227437119E-04  0.34682465041590E-04 -0.15391796718464E-02
  0.78034090673303E-04 -0.59511347006778E-04 -0.14776083765831E-02
  0.60167636713351E-04 -0.67275517289420E-04 -0.14220000557185E-02
  0.50466463632179E-04  0.62776676211132E-04 -0.14407347316629E-02
  0.73876913643471E-05  0.81511309951064E-04 -0.14753986130824E-02
 -0.56288100672550E-04  0.49841947089976E-04 -0.14420494761548E-02
  0.88264975006194E-04 -0.25243005262035E-04 -0.14419631990624E-02
  0.86577422330337E-04 -0.24517188273979E-04 -0.14796192010133E-02
 -0.12973013202125E-03 -0.18184311124487E-04 -0.14273687301220E-02
  0.61493661821989E-04  0.34247104603937E-05 -0.14342418161625E-02
 -0.67774989320552E-05  0.74843536401239E-04 -0.14614273551801E-02
  0.63020917475086E-04  0.37214997831381E-04 -0.14563451510417E-02
  0.17595824818889E-04  0.79970981579474E-04 -0.14369313930655E-02
 -0.11491538938865E-03 -0.98358414406305E-05 -0.14576143136735E-02
 -0.10809074318996E-03  0.10890840041612E-04 -0.14832383981588E-02
  0.56642720125798E-04 -0.52584062940542E-04 -0.14133047975870E-02
 -0.72219221145659E-04  0.34861306791265E-04 -0.15352340929777E-02
  0.62058253742393E-04  0.50223829277533E-04 -0.14437222416832E-02
 -0.13071021649644E-03 -0.29633032061556E-04 -0.14212713527969E-02
 -0.92517743692114E-04  0.25838790901361E-04 -0.15148796786232E-02
  0.71275010727300E-04  0.34285012795323E-04 -0.14499786575122E-02
  0.35642104089993E-04  0.72605608663704E-04 -0.14398072067696E-02
  0.71477157794067E-04 -0.69648754885766E-04 -0.14616108067300E-02
  0.79734566965111E-04  0.15795703777266E-04 -0.14593667898247E-02
 -0.10674667539542E-03  0.24123928902994E-05 -0.14591129980776E-02
  0.65762393714118E-04 -0.73409876156308E-04 -0.14405074945974E-02
  0.52486534381961E-04  0.87423337604045E-04 -0.14827069105847E-02
 -0.12123730787351E-03 -0.46375889003366E-05 -0.14506805855946E-02
 -0.39938888617355E-04  0.60062469123599E-04 -0.14441537923296E-02
 -0.12089034361927E-03 -0.19272864987357E-04 -0.14482958494701E-02
 -0.13222752117703E-03 -0.27069640322853E-04 -0.14177487860804E-02
 -0.84700241444864E-04  0.27669424211976E-04 -0.14490239270663E-02
 -0.71280374795437E-04  0.40060566434915E-04 -0.14441137490551E-02
  0.75360861421634E-04 -0.11721050547558E-04 -0.14448789754127E-02
  0.56817989231516E-04  0.40158233331450E-04 -0.14968277021772E-02
 -0.96373082065766E-04  0.15262047216942E-04 -0.14549172493625E-02
  0.85354324063012E-04 -0.33399349570723E-05 -0.14700894984219E-02
  0.57467942515171E-04 -0.28048801832559E-04 -0.14176106572873E-02
 -0.12657126961941E-03 -0.26527567597263E-04 -0.14337972316017E-02
 -0.23922798113906E-04  0.68325141961496E-04 -0.14507154952093E-02
  0.60248371067595E-04  0.66579070642129E-04 -0.14746873761036E-02
  0.55308568615240E-04  0.65433645067465E-04 -0.15121090802700E-02
  0.22274079887928E-04  0.85463866950967E-04 -0.14907845463810E-02
  0.36039885497443E-04  0.84274105340519E-04 -0.15050126281866E-02
 -0.17929532423590E-05 -0.56931551092897E-04 -0.97490904762730E-03
 -0.27401515286199E-04  0.21868741279273E-04 -0.99976867926470E-04
 -0.44505346276161E-04  0.75542634524503E-06 -0.18217358450137E-03
 -0.15787296213709E-05 -0.67637044718601E-04 -0.97757620637887E-03
 -0.67275822646327E-04 -0.12032681085151E-03 -0.32212078082830E-03
 -0.82738987222896E-04 -0.14313109129422E-03 -0.33688782600592E-03
 -0.59145447268019E-04  0.18791934896462E-04 -0.98088472851251E-03
 -0.86212659114928E-04 -0.38684056898123E-04 -0.19704797142671E-03
 -0.35608227476644E-05 -0.42628512844752E-04 -0.97323198151779E-03
  0.19728768386850E-04  0.29605244508109E-04 -0.98685207751842E-03
 -0.92005224912466E-04  0.15800180414245E-04 -0.14785741431934E-03
 -0.16154042999361E-04  0.42769306807982E-04 -0.16119009621669E-03
  0.28058581288508E-04  0.36102615331167E-04 -0.98614353284000E-03
 -0.31557255908946E-04  0.25693641465360E-04 -0.14968230321265E-03
 -0.57070607785425E-04  0.29273016216776E-04 -0.98213544476371E-03
 -0.83712854034032E-05  0.46530978807307E-04 -0.19893403955302E-03
  0.36016638695119E-04  0.42050966360553E-04 -0.98465294155188E-03
 -0.20716400983732E-04 -0.46159874652714E-04 -0.98530243258537E-03
 -0.10190622321672E-04 -0.21725904009196E-04 -0.98549946952700E-03
 -0.18395623767094E-04 -0.13427245260756E-04 -0.24932107583435E-03
 -0.86273119604550E-05 -0.80498653627984E-05 -0.97158872348013E-03
 -0.26405224824180E-04 -0.19359523525389E-04 -0.17064636780931E-03
 -0.31683255897794E-04  0.26461366604580E-04 -0.12861387204142E-03
 -0.27809579342933E-04 -0.37699456179979E-04 -0.25646720852518E-03
 -0.60634673865010E-05 -0.26186313889599E-04 -0.97174625036014E-03
  0.13430178381820E-05  0.25351911934339E-05 -0.17825635224907E-03
 -0.32725206005165E-04 -0.44903745452947E-04 -0.98417306599749E-03
 -0.45743404587446E-04 -0.75513173954514E-04 -0.28184464639889E-03
 -0.19013982735084E-04 -0.26999417557662E-04 -0.98517871170617E-03
 -0.26491620296974E-04 -0.30272606124267E-04 -0.98475278587809E-03
 -0.33125179590291E-04 -0.29614284860237E-04 -0.98395460916979E-03
 -0.62126474205550E-04  0.79527556353825E-05 -0.20373888099025E-03
 -0.12803686924917E-04 -0.39929693867081E-04 -0.99399508152729E-03
 -0.55792377150738E-04 -0.86083391971766E-05 -0.98172064507381E-03
 -0.44805948621453E-04 -0.10874854740815E-04 -0.98313993484681E-03
 -0.13460696859641E-04 -0.64189050907462E-05  0.84490174386825E-04
 -0.66705399077354E-04 -0.59866761142464E-06 -0.97676430316518E-03
 -0.11661462549538E-04 -0.27600158094682E-04 -0.99439193167316E-03
 -0.21585062452852E-04 -0.35011977587744E-04 -0.11594273169740E-03
 -0.48677503706079E-05 -0.38190821465927E-05  0.92980097531378E-04
 -0.10725479380438E-04 -0.15183260257170E-04 -0.99491892113563E-03
 -0.22668584329924E-04 -0.96487024379608E-05  0.68570268978343E-04
 -0.74874545975132E-04 -0.18270779540870E-04 -0.27152055157024E-03
 -0.29130424736621E-04 -0.16957812817287E-04 -0.11749978379140E-03
 -0.10407653654419E-04 -0.24129087450781E-05 -0.99486625048261E-03
 -0.69102155719578E-04  0.13545429763361E-04 -0.97675292703716E-03
 -0.47518033830733E-04  0.17844219145887E-05 -0.98274712983044E-03
  0.12823701603006E-04  0.71853027617517E-05  0.81822687163854E-04
 -0.10473719282491E-04  0.95890193101835E-05 -0.99397986842510E-03
 -0.42523721099536E-04  0.15084705357869E-04 -0.24769279955468E-03
 -0.21535062908357E-04 -0.42942358061804E-04 -0.15949240032393E-03
  0.26170601828081E-04  0.24045455765383E-04  0.47565422141013E-04
  0.34545235028945E-05 -0.37431657633063E-06  0.93379897346802E-04
 -0.34069129781462E-04 -0.38980887761179E-04 -0.15842771897922E-03
 -0.87595107691725E-04 -0.20839620177710E-04 -0.27054130074822E-03
 -0.13699114200377E-04 -0.51250605926117E-04 -0.99314422436799E-03
 -0.88275148256285E-04 -0.12758601718812E-03 -0.29327918653354E-03
 -0.24852924701384E-05 -0.73697376009813E-04 -0.98106744929907E-03
 -0.20754189113861E-04  0.14681983484855E-04 -0.70975616288454E-04
 -0.25333440701294E-04 -0.35293308628185E-04 -0.18177965371177E-03
 -0.84671173810841E-04 -0.91299017475605E-04 -0.20721388885961E-03
 -0.47004879493508E-05 -0.76164925696741E-04 -0.98454423391669E-03
 -0.11355999488032E-06 -0.15314521723701E-04 -0.98597963226882E-03
 -0.53173635714344E-04 -0.28718524940410E-04 -0.98042935442241E-03
 -0.74036782857729E-04 -0.56947356082065E-04 -0.11746185918586E-03
 -0.71835705235539E-05 -0.74674848199140E-04 -0.98729010496310E-03
 -0.59172534631879E-04  0.53229636749702E-05 -0.98121940083234E-03
 -0.15133962773485E-04  0.42272909771274E-05 -0.54734788425407E-04
 -0.60355307549973E-04 -0.34082739409549E-04 -0.45715449724176E-04
 -0.79024114827721E-04 -0.36057762755966E-05 -0.23910620157039E-03
 -0.10300894386263E-04 -0.69015815538161E-04 -0.98969226839559E-03
 -0.46713895995507E-04 -0.21160592211593E-04  0.67677668596677E-05
 -0.12848223708310E-04 -0.60729208041414E-04 -0.99171359836157E-03
 -0.39244543581953E-04 -0.22531577555742E-04 -0.98350037069072E-03
 -0.61617314713424E-04 -0.15551180059440E-04 -0.97808211215450E-03
 -0.33808511298291E-04 -0.14164722180905E-04  0.43629798241934E-04
 -0.15205549561339E-04 -0.12537670067335E-04 -0.68907237063474E-04
 -0.43585281545435E-04 -0.38507455301536E-04 -0.98267683970759E-03
 -0.16020262735305E-04  0.34566082261397E-04 -0.12213376002446E-03
 -0.39448153415111E-05  0.69598408740682E-05 -0.27817322698530E-04
  0.32237336636898E-04  0.53923095101723E-04 -0.16509965263973E-03
  0.57742985263265E-06 -0.96481176464738E-05 -0.99442233983652E-03
  0.47599343870566E-05  0.26793336504890E-04  0.34336346552221E-04
 -0.33475773084283E-04  0.99805046486486E-04 -0.27479325155607E-03
  0.98721664008105E-05 -0.21050825621684E-05  0.92806097950834E-04
  0.68724373189491E-06  0.22891274403183E-05 -0.99428738935000E-03
 -0.26234490444269E-04 -0.41770562024102E-04 -0.98876061846501E-03
 -0.10322829997249E-03  0.40077770787047E-06 -0.87373752330815E-04
  0.19546609134272E-04  0.85866721072214E-05  0.73257001691237E-04
  0.84664676922348E-06  0.12710909598893E-04 -0.99355288821650E-03
 -0.62098691158075E-04  0.34655522571393E-04 -0.97884068715130E-03
 -0.44022473053780E-04  0.22763261507464E-04 -0.99191177283428E-03
  0.35273134636205E-04  0.30854557370585E-04  0.27186688745773E-04
  0.35890400137752E-06  0.21349066557808E-04 -0.99222275609914E-03
 -0.27717769884559E-04  0.11863164186535E-03 -0.25337315692771E-03
 -0.19145959316011E-04 -0.54016926758462E-04 -0.98764324980305E-03
  0.55925231488263E-04  0.61517258821302E-04 -0.45519397011809E-04
 -0.19260667715919E-05  0.27519353118829E-04 -0.99021623818784E-03
 -0.10803419282013E-03 -0.31769931837868E-05 -0.11605512752636E-03
  0.68450914066476E-04  0.78758730546628E-04 -0.11213603137056E-03
  0.26398477544463E-04  0.53411846419725E-04 -0.14904120277860E-04
 -0.48313763947538E-05  0.29865814029763E-04 -0.98764083389642E-03
  0.30192437241021E-05 -0.74397584111265E-05  0.97711788139934E-04
 -0.58227527948878E-04  0.34959452854550E-04 -0.98167428599492E-03
 -0.65438417724356E-04  0.28510566941998E-04 -0.97624873427545E-03
 -0.46078776980344E-06 -0.22031650176692E-04 -0.99430912148638E-03
 -0.27268006053042E-04 -0.70356275280190E-04 -0.73184939312881E-04
 -0.86237143381160E-05 -0.67857279129790E-04 -0.98997395353359E-03
 -0.39148883537659E-04  0.81434322389738E-05  0.27558233981806E-04
 -0.65851045214825E-04  0.44406912024464E-05 -0.97406170688347E-03
 -0.20629136489070E-04 -0.46693073741366E-04 -0.10947326387018E-04
 -0.91518038207923E-04  0.12487398326022E-04 -0.31530584012716E-03
 -0.77934380840425E-05 -0.62843280292944E-04 -0.99190428178014E-03
 -0.16175729482056E-04  0.13511029385104E-04  0.44965323877581E-04
 -0.15666166042685E-04 -0.30634806336700E-04  0.32583070162276E-04
 -0.60222954237429E-05 -0.54621994089703E-04 -0.99318703123556E-03
 -0.36308714487622E-04 -0.14511686500702E-04 -0.99131560253291E-03
 -0.64417201318934E-04  0.56997552174800E-05 -0.72864102495645E-05
 -0.11754686578717E-04 -0.20804436477177E-04  0.62974859975358E-04
 -0.66918456855132E-04  0.18059597932197E-04 -0.97459190396471E-03
 -0.41479275908857E-05 -0.44598278332897E-04 -0.99421406601496E-03
 -0.42463432648103E-04  0.12627262090226E-04 -0.99253172298543E-03
 -0.77503328491792E-05 -0.15174056138387E-04  0.83225845024684E-04
 -0.19952163264316E-05 -0.33659183208196E-04 -0.99451067896904E-03
 -0.58894187310607E-04  0.55605151017291E-04 -0.28921269028355E-03
 -0.31923698769915E-04 -0.28577808873609E-04 -0.99005454500779E-03
 -0.29767579861934E-05 -0.11336371938116E-04  0.94212581599973E-04
 -0.87807072796695E-04  0.30765843978679E-05 -0.48738127878616E-04
 -0.42666391115890E-04  0.10037668288106E-03 -0.20305301240296E-03
  0.59458512289791E-04  0.62307990197533E-04 -0.14647143167861E-03
 -0.76237063876924E-05  0.27515983020564E-04 -0.98531374533074E-03
 -0.48763076916289E-04  0.12534036942980E-04 -0.98758923500805E-03
 -0.10667543354401E-04 -0.17158807916567E-04 -0.98476442904415E-03
  0.19467304299589E-04 -0.76618515167412E-04 -0.97993209990505E-03
 -0.38951578896574E-06 -0.66915545018271E-06  0.10894332487596E-05
 -0.93282787398911E-05 -0.11170970197263E-04 -0.98471916529045E-03
 -0.10792081265953E-03  0.27703507215458E-04 -0.12491118405042E-03
  0.48979391807104E-04  0.86522711532921E-04 -0.14077770637369E-03
 -0.14868958184867E-05  0.21056889493208E-05 -0.10223216029096E-04
 -0.25022970578758E-04 -0.35261387552387E-04 -0.20971712038320E-03
 -0.62182968266044E-05 -0.35011694145731E-05 -0.98505844914851E-03
 -0.54123578294043E-04  0.35244641032524E-04 -0.98453792480077E-03
 -0.11022993699567E-04  0.19667533587002E-04 -0.99263004864174E-03
 -0.17976056519473E-05  0.51191491654794E-05 -0.98542382514670E-03
 -0.42749387771417E-04  0.14854023455290E-05 -0.98717848839397E-03
 -0.10691133168491E-03  0.21093612667578E-04 -0.13702015402917E-03
 -0.79976334934732E-05  0.14714961304086E-04 -0.52664012095339E-04
  0.10620337335275E-04 -0.80869340596401E-05 -0.98608287161776E-03
  0.39865344141940E-05  0.14027750102992E-04 -0.98581679350237E-03
 -0.26204760954140E-04  0.18516413095968E-04 -0.16096833235206E-03
 -0.12422249064123E-04  0.24117239754454E-04 -0.85054437522774E-04
  0.11453700243841E-04  0.21711336143854E-04 -0.98651292589832E-03
 -0.46386284445394E-06 -0.30117050718278E-05  0.52282935357476E-05
 -0.57810109204898E-04 -0.17949751872829E-04 -0.17461262655581E-03
 -0.98347340111017E-05 -0.19416921307248E-04 -0.98446978919998E-03
 -0.12196418073363E-05 -0.72306243029513E-05 -0.35895344864548E-05
 -0.46306224420953E-04  0.30474181098649E-04 -0.99027169432710E-03
 -0.11366974402987E-04 -0.63193965367674E-04 -0.98639153335361E-03
  0.32597395170181E-04  0.18468794460372E-04 -0.15960115468199E-03
 -0.10223106500426E-03 -0.63259612534612E-05 -0.13633528414334E-03
 -0.99326352912203E-05  0.20566965226774E-04 -0.98340245181280E-03
 -0.53861970840479E-04  0.30597350010350E-04 -0.98431388663711E-03
  0.39975951113651E-05 -0.26179906609885E-04 -0.16279397211406E-03
 -0.10793547434679E-04  0.10827009704340E-04 -0.98269103533057E-03
 -0.17290786317718E-05 -0.70937403586783E-04 -0.98494096661624E-03
 -0.11285830827268E-04 -0.45905722453062E-04 -0.14303460989801E-03
 -0.34972416595337E-04 -0.10177661813596E-04 -0.98622960510823E-03
 -0.68120836542793E-04  0.65709980100140E-04 -0.14691497051324E-03
  0.45016334558586E-04  0.82723457408419E-04 -0.86848261602070E-04
 -0.84715859569253E-04 -0.10293228774331E-04 -0.15353819799287E-03
 -0.11113673809485E-04 -0.36892704356942E-04 -0.92231040255564E-04
 -0.98317293687600E-05 -0.83782065905861E-05 -0.98351788295701E-03
 -0.51538728893825E-04  0.22711413170600E-04 -0.98656492291060E-03
 -0.45019774595144E-05 -0.18545339789458E-04 -0.35671680089776E-04
 -0.49978179119835E-04  0.35571948816207E-04 -0.98781601796215E-03
 -0.88990656577483E-05 -0.16026179004922E-04 -0.98391735937794E-03
 -0.93207179794303E-04  0.39957053607984E-04 -0.12196675180178E-03
  0.89676612525645E-05 -0.76297866895910E-04 -0.98293628237664E-03
 -0.10587228980161E-04  0.66288754062781E-06 -0.98329010235304E-03
 -0.68102333890425E-04  0.25906341209445E-04 -0.97781448013774E-03
 -0.19984856390902E-04  0.30315090874040E-04 -0.98611983755217E-03
  0.45057993882275E-04  0.52561316232037E-04 -0.17289614156248E-04
 -0.65684241532692E-04  0.22679948706172E-04 -0.97947275435001E-03
  0.33804100268089E-04  0.43422556247204E-04  0.96920700420220E-05
 -0.23974577798773E-04  0.26450497570849E-04 -0.99202147957620E-03
  0.31854947166261E-05  0.31171513865213E-04 -0.19364042259922E-03
  0.52241938263926E-04  0.72271034900215E-04 -0.64127126691536E-04
 -0.18385436184644E-04 -0.52303042963488E-05 -0.16539610532490E-03
 -0.27637232519309E-04  0.32344452267097E-04 -0.98955376192880E-03
 -0.62948107565467E-04  0.32185273158714E-04 -0.98086470578236E-03
 -0.26006486817623E-04 -0.37517802346022E-04 -0.99118692030893E-03
  0.58813007826430E-04  0.82044412321967E-04 -0.12457410364150E-03
 -0.31529420668447E-04  0.33592322561622E-04 -0.98655427774858E-03
  0.31739767518435E-04  0.79250498695179E-04 -0.17639630853059E-03
  0.45392778138093E-04  0.56984464044203E-04 -0.15341044470415E-03
  0.79005615922420E-05 -0.19392246498305E-04 -0.98609882331067E-03
 -0.34420713077854E-04  0.29399611740113E-04 -0.98446957700280E-03
 -0.60341707359200E-04  0.36067475197615E-04 -0.98370259781904E-03
  0.39057939440773E-04  0.95471911271358E-04 -0.14094769133900E-03
  0.17521469016807E-04  0.98971686405507E-05 -0.16496358120660E-03
 -0.35738278697990E-04  0.20981201678196E-04 -0.98332507473963E-03
 -0.85756123480464E-05 -0.31681129445049E-04 -0.16540633213829E-03
 -0.56389930064598E-04  0.35200416759448E-04 -0.98685540789886E-03
 -0.47525583365608E-04  0.34541101449743E-06  0.27727308060233E-04
 -0.22067789483711E-04  0.17430942967672E-04 -0.99375019444871E-03
 -0.29441066105164E-04 -0.23912020800982E-04 -0.99216938403563E-03
  0.16805533394041E-04  0.19308879213751E-04  0.61356590344001E-04
 -0.17082114641871E-04 -0.56763848435088E-04 -0.99110193918483E-03
 -0.10405920971658E-04  0.69260980225664E-05  0.68798857988998E-04
 -0.50724931387644E-04 -0.64392838552735E-05  0.25084153965681E-04
 -0.20269349890283E-04 -0.44419584548933E-04 -0.99211679596705E-03
 -0.57321940113696E-04 -0.18647590813741E-04 -0.98039472891611E-03
 -0.34106145378869E-04 -0.40355264530753E-05  0.54343048577169E-04
 -0.53962935143089E-04 -0.20907220613105E-04 -0.18722653346464E-03
 -0.21937879661565E-04 -0.32590386543178E-04 -0.99311318075109E-03
 -0.31617187503816E-04 -0.10752546331256E-04 -0.99327998388501E-03
 -0.28694541921844E-04  0.10316725540335E-04 -0.16062647120702E-03
 -0.35853573577508E-04  0.10199589627928E-04 -0.98322183935044E-03
 -0.18950616091223E-04 -0.17038988738730E-05  0.74061852153118E-04
 -0.63810889797402E-04 -0.49084990171065E-05 -0.97963049302870E-03
 -0.52438694571852E-04 -0.36001961086903E-04 -0.21197580268981E-03
 -0.64254192284446E-05  0.14476606342514E-05  0.83881041106722E-04
 -0.27379861416400E-04  0.31339634640370E-05  0.55234993065280E-04
 -0.21340412335923E-04 -0.71753999811162E-05 -0.99464744312768E-03
 -0.26270615642463E-05 -0.25504853220086E-04 -0.98583676827367E-03
 -0.66284289146879E-04  0.95318974834018E-05 -0.97928719197249E-03
  0.43520136762583E-05  0.70486601433983E-05  0.82124973398472E-04
 -0.21804333418948E-04  0.59364619995910E-05 -0.99463175679028E-03
 -0.31517395102878E-04 -0.16971519145182E-04 -0.20981774778447E-03
 -0.21712026083372E-04 -0.20398786414636E-04 -0.99393519581396E-03
 -0.22158948290784E-04 -0.50173779053807E-04 -0.98991172587408E-03
  0.25693375615397E-04  0.75977669216652E-04 -0.76506061019335E-04
 -0.18340378947957E-04 -0.44345139060953E-04 -0.13773952106755E-03
 -0.42594279405502E-04 -0.49833606442326E-05 -0.99046657742125E-03
 -0.10786300809344E-03 -0.14101947139369E-04 -0.12067669735411E-03
 -0.27308010510622E-04  0.29234718549818E-04 -0.12344620842818E-03
 -0.82826139789057E-04  0.12325680150155E-04 -0.46591881654011E-04
  0.26173058579595E-05 -0.47161109447695E-05 -0.98578321687995E-03
 -0.12353926110646E-04 -0.53514627041501E-04 -0.98533121589982E-03
 -0.27346250190182E-04  0.30604160520079E-04 -0.14305099613663E-03
  0.12312878021876E-04  0.31194695502674E-05 -0.98620081724851E-03
 -0.36800213670419E-04 -0.19281590648801E-04 -0.98915814516374E-03
 -0.10195239161294E-03  0.10046883622020E-04 -0.85546433150687E-04
 -0.65521558689651E-05 -0.12605732524653E-04 -0.98499530849500E-03
 -0.22807776412512E-04  0.25145749750857E-04 -0.15582081433208E-03
  0.22515825061243E-04  0.10084300528966E-04 -0.98640271728200E-03
 -0.30514464558969E-04 -0.32581020860063E-04 -0.98767445572599E-03
 -0.30135803624321E-04 -0.10316826848476E-03 -0.30272796098128E-03
  0.21890111375213E-04 -0.71475372508889E-04 -0.97595060098706E-03
 -0.10335358843927E-03 -0.22658043105195E-04 -0.15536976475046E-03
 -0.10927057466857E-03  0.59300247536381E-05 -0.11679902927049E-03
 -0.59081847421832E-04 -0.69529171407608E-04 -0.25115056281507E-03
  0.15768722517155E-04 -0.77336472686609E-04 -0.97846125393385E-03
 -0.10269282630266E-03  0.21317855307760E-05 -0.13725837957234E-03
 -0.22475089459426E-04 -0.43774746931886E-04 -0.98609854023361E-03
 -0.16774495321467E-05 -0.77798403568898E-04 -0.98519190041509E-03
 -0.47704057066825E-04  0.40804462003743E-05 -0.15862841882280E-03
 -0.23937192402904E-04  0.23842563376164E-04 -0.97761990901575E-04
 -0.83764418828293E-04 -0.18086108051163E-05 -0.14846015520486E-03
 -0.34562803780929E-04 -0.12842977036148E-05 -0.98334794582582E-03
 -0.89264048365170E-04 -0.52066432445741E-05 -0.49099199558942E-04
 -0.57081372487397E-04 -0.53010532634289E-05 -0.15672863358167E-03
 -0.13326821282213E-04 -0.28969999391859E-04 -0.82541360840581E-04
 -0.52542423003002E-04  0.29671638839513E-04 -0.98901058036356E-03
 -0.32375311963775E-04 -0.12231509013208E-04 -0.98322944791707E-03
  0.11447680144928E-05  0.43863509143819E-04 -0.15378839954599E-04
 -0.23520800789759E-05 -0.62117146063039E-04 -0.98459596880870E-03
 -0.73779543478121E-05 -0.92712374803335E-05 -0.36921609956065E-04
 -0.29761176031588E-04 -0.21922880366934E-04 -0.98340742192374E-03
 -0.94867611500908E-05 -0.71273421811723E-04 -0.98722584940843E-03
 -0.16387717153137E-04 -0.61291185471649E-04 -0.98860334206513E-03
 -0.81228641868795E-05  0.20800798533500E-05 -0.25848412702467E-04
 -0.26643346664481E-04 -0.26872273754736E-04 -0.98405102166427E-03
 -0.26586817267424E-04  0.22926322176615E-04  0.60991774031421E-05
 -0.10289607965873E-03 -0.86032838686762E-05 -0.86535055892571E-04
 -0.12504657980970E-04  0.95261904506167E-05 -0.40859923255299E-04
 -0.21290437939830E-04 -0.25294348585094E-04 -0.98465173247601E-03
 -0.47020884479801E-04  0.91713192592089E-05 -0.99089280721885E-03
 -0.18495873221797E-04  0.16694903919627E-04 -0.68237238915714E-04
 -0.55423698859605E-04  0.14970380262475E-04 -0.10475729960673E-04
 -0.14530082438164E-04 -0.20000849260314E-04 -0.98464515014513E-03
 -0.49737908009538E-04  0.21001910255057E-04 -0.99030899769505E-03
 -0.62303619990970E-05  0.65927404398412E-04 -0.22505775301454E-03
 -0.68777079936623E-04 -0.10915394791123E-04 -0.12166454007711E-04
 -0.32882527474066E-04  0.20739727867346E-05 -0.99403633054392E-03
 -0.53844153856393E-04  0.26820673316231E-04 -0.98763608024733E-03
 -0.79338584681967E-05 -0.22694322114738E-04 -0.55707087387347E-04
 -0.44314255273232E-04  0.39521122807955E-04 -0.56346278663254E-04
 -0.20734940903301E-04 -0.13950154842424E-04 -0.98340960647727E-03
 -0.45600360860708E-04  0.33049332826773E-04 -0.98458274866674E-03
 -0.35706132475932E-05 -0.74770120755940E-05 -0.17025788637130E-04
 -0.20129140208546E-04 -0.21005919130637E-04 -0.98351807996662E-03
 -0.51188822226240E-04  0.16621590043601E-04 -0.98898415612641E-03
  0.49085627349290E-04  0.73265600817377E-04 -0.14663250033039E-03
 -0.36444348347341E-05 -0.43035476824948E-06 -0.73950769467259E-05
 -0.74562390296710E-04  0.25275072896593E-04 -0.60330710446155E-04
 -0.19129559258259E-04 -0.22531039710562E-04 -0.98419109912235E-03
 -0.31194796777363E-04  0.18207690025045E-04 -0.10697992273619E-03
 -0.56276056506303E-05  0.39080974586373E-05 -0.16320908901394E-04
 -0.15438518002222E-04 -0.18734742042132E-04 -0.98456929194882E-03
 -0.46828380007565E-04  0.37111205600385E-05 -0.98916477346984E-03
 -0.97911310160139E-04  0.19616055330181E-04 -0.86668788153160E-04
 -0.92645013158090E-05  0.89566809392971E-05 -0.35470716082289E-04
 -0.41760643574745E-04  0.35396735465567E-04 -0.98743921213501E-03
 -0.10304982470027E-04 -0.11860791605694E-04 -0.98460370568469E-03
  0.53970272765519E-04  0.84559046182022E-04 -0.10607260147065E-03
 -0.22267265243176E-04 -0.42350081097590E-05 -0.98331199042467E-03
 -0.14853582878122E-04 -0.41324768161496E-04 -0.11472090440437E-03
 -0.40655901562826E-04 -0.30634572720994E-04 -0.98351019889965E-03
 -0.13190098561287E-04  0.68138979369699E-04 -0.95056502425293E-04
 -0.13493239762994E-04  0.27209972314172E-04 -0.99114781679761E-03
 -0.48916131951110E-04 -0.21375976030169E-04 -0.98240286984435E-03
 -0.48672483146661E-04  0.14226032001008E-04 -0.98213790136415E-03
  0.61596400674479E-04  0.77305734507987E-04 -0.90669674561505E-04
 -0.65158820169449E-04  0.33886725977548E-04 -0.97942004748551E-03
 -0.16763984365498E-04  0.31048325938201E-04 -0.98880998439757E-03
  0.13966062135040E-04  0.10137711440930E-03 -0.20392879516648E-03
  0.60486520437369E-04  0.74286554502432E-04 -0.13836833283722E-03
  0.74232326277341E-05 -0.79565847078247E-04 -0.98166929683861E-03
 -0.36804705496322E-05 -0.17609614953285E-04 -0.17148704770643E-03
 -0.41381388802467E-04 -0.91375704888107E-05 -0.98818177968214E-03
  0.39184625655910E-04  0.38384456070555E-04 -0.15745564737491E-03
 -0.21932298636987E-04  0.25039098065191E-04 -0.98422343647759E-03
  0.99429342939881E-05  0.98882893120931E-04 -0.15837042488055E-03
 -0.27211853999926E-04  0.59250666848972E-05 -0.97170611201065E-04
  0.98963748098023E-05 -0.96706780125832E-05 -0.16482752824124E-03
 -0.22849398499058E-04  0.16443657913141E-04 -0.98315713898236E-03
 -0.47882847046829E-04  0.25259060749942E-04 -0.98273192118600E-03
 -0.56994549795873E-04  0.33189372004953E-04 -0.98535433098736E-03
 -0.11263132965056E-04 -0.40957286589162E-04 -0.15581655492766E-03
  0.25707799970727E-04  0.30455267740552E-04 -0.16372056111775E-03
 -0.22936253338589E-04  0.58868619493470E-05 -0.98311275980896E-03
 -0.61094139526016E-04  0.36443959885006E-04 -0.98235865098248E-03
 -0.13693920355592E-04  0.15525929080018E-04 -0.59537134400916E-04
 -0.39001417712636E-05 -0.35385802921566E-05 -0.98487268194737E-03
 -0.32563119304800E-04 -0.34835358261987E-04 -0.98491615135386E-03
 -0.55305207770608E-04 -0.12438499323189E-03 -0.32456001710675E-03
 -0.17079040790013E-04 -0.38924444450090E-04 -0.98605700481418E-03
  0.11768210874172E-04 -0.65833943516132E-04 -0.97524532440764E-03
 -0.32213960256016E-04  0.42527011272509E-05 -0.16037590760555E-03
 -0.80063015795958E-04 -0.11448914820707E-03 -0.30417381167302E-03
  0.78910735456480E-05 -0.74307381792792E-04 -0.97840483027906E-03
 -0.32776326259279E-04  0.14681988117264E-04 -0.99382745264942E-03
 -0.97750123896398E-04 -0.79563262750193E-04 -0.24200019595464E-03
 -0.28260925301131E-04 -0.39936948165256E-04 -0.98580821623237E-03
  0.36816996889726E-05 -0.78470053323905E-04 -0.98133548052948E-03
 -0.39743383789567E-04 -0.62221693602513E-06 -0.99246319142521E-03
 -0.39885949780566E-04  0.16638583251554E-04 -0.15458435778209E-03
 -0.10445661555450E-03 -0.47047999427948E-04 -0.17146622234084E-03
 -0.22996921029393E-05 -0.78485003068902E-04 -0.98444278286154E-03
  0.52308290801643E-05  0.15527044974011E-04  0.63866633587895E-04
 -0.38140028939506E-04 -0.38035115197905E-04 -0.98414393246824E-03
 -0.99731873949054E-04 -0.27395610142718E-04 -0.10936399838103E-03
 -0.82369707969909E-05 -0.74813927232007E-04 -0.98748268034273E-03
 -0.43608319044535E-04  0.17629442311355E-04 -0.15008290509905E-03
 -0.13336441532578E-04 -0.30211959381596E-04 -0.98600642518674E-03
 -0.86367645529267E-04 -0.16960661898260E-04 -0.56729044252711E-04
 -0.13306656820984E-04 -0.67054774484206E-04 -0.98962171235005E-03
 -0.34441916162295E-04  0.19831751393423E-04 -0.14840507465970E-03
 -0.48113483724121E-04 -0.30348451746108E-04 -0.98199247598774E-03
  0.22075006455520E-04  0.34554823942659E-04  0.29864660449702E-04
 -0.30974592793285E-04 -0.96635527231302E-04 -0.29765139067969E-03
 -0.10955212341948E-03  0.15781966889145E-04 -0.11523812891327E-03
 -0.18276044285983E-04  0.23549463451587E-04 -0.86413300117036E-04
  0.39739593309581E-05  0.51186979933100E-05 -0.98549553780657E-03
 -0.37323629283205E-04  0.32181461718792E-04 -0.99047829735067E-03
 -0.33279798460497E-04 -0.21288440231626E-04 -0.98679933405200E-03
 -0.21363568537261E-04  0.30934657496039E-04 -0.11392564536273E-03
  0.12924830658455E-04  0.13240941490401E-04 -0.98652799839054E-03
 -0.10536602597187E-03  0.11610829906308E-04 -0.13621192333946E-03
 -0.22726609363421E-04  0.35164409513042E-04 -0.13996024000500E-03
  0.40975790589142E-04  0.64114954394439E-04 -0.36333335825617E-04
  0.13862205116596E-04 -0.53611393873586E-04 -0.97294675398207E-03
  0.22182734314589E-04  0.20621617309402E-04 -0.98672498373361E-03
 -0.34626948772101E-04  0.22259981760312E-04 -0.12877411348263E-03
 -0.19805729448951E-04  0.33062852379456E-04 -0.16131206357848E-03
  0.31563190991959E-04  0.26753663784431E-04 -0.98685490788350E-03
 -0.87152609998787E-04  0.68958913100943E-05 -0.14935798157029E-03
 -0.23202200208623E-04 -0.33907834112141E-04 -0.98571554502526E-03
 -0.13413204973595E-04 -0.55477770375802E-04 -0.26271845786290E-03
 -0.33838151407931E-04  0.24766702709571E-04 -0.99256570509248E-03
  0.13775761058647E-04 -0.37694546767528E-04 -0.97214404662320E-03
 -0.56485171494230E-05 -0.35221878182000E-04 -0.98611112402359E-03
 -0.19889921502250E-04 -0.14541040197737E-04 -0.16246216221865E-03
 -0.24192622383334E-04 -0.32662348973008E-04 -0.98537647629539E-03
 -0.69496806010753E-04 -0.26555110977402E-05 -0.92314578816462E-05
 -0.10557352986733E-03  0.37463971110491E-04 -0.16238688311535E-03
 -0.36814479713124E-04 -0.10145187577436E-03 -0.15512421366217E-03
  0.43576657792497E-04 -0.89156353442018E-04 -0.14253764112494E-03
  0.39725925275822E-04 -0.18111742924145E-05 -0.98796762678534E-03
  0.29037100215733E-04 -0.71504280245859E-04 -0.15186397600422E-03
  0.29568298821536E-04 -0.77881604948997E-05 -0.98705444335034E-03
  0.12558694290943E-04 -0.49833135687757E-04 -0.15883460820676E-03
  0.18835237560708E-04 -0.13510867191155E-04 -0.98674563129409E-03
  0.48507136954437E-04  0.34155716413526E-05 -0.98867890187865E-03
 -0.40422966937994E-05 -0.26272128999020E-04 -0.16368333291069E-03
 -0.93579348965971E-04  0.25737667892602E-04 -0.15433614980342E-03
 -0.34712440623908E-04  0.26642788546981E-05 -0.98601003052043E-03
 -0.68928774213585E-04  0.19462024592624E-04 -0.15519388878771E-03
 -0.26210633459024E-04 -0.73709990906055E-05 -0.98540312844784E-03
 -0.37442283013206E-04  0.13859047864792E-04 -0.15902963041496E-03
 -0.16601090748952E-04 -0.16570540484126E-04 -0.98432879769124E-03
 -0.41525876284811E-04  0.11961727500668E-04 -0.98641037803008E-03
  0.54545582762224E-04 -0.98573339012180E-04 -0.12846020855761E-03
  0.55437637808793E-04  0.84196119935706E-05 -0.98928398428307E-03
  0.60481556031695E-04 -0.97010752671590E-04 -0.10820286090823E-03
  0.58618132207701E-04 -0.24402792203133E-05 -0.98089326605824E-03
  0.45874840930102E-04 -0.13316085200190E-04 -0.18228861947645E-03
  0.60505870487773E-04  0.66679016381090E-05 -0.98157817840691E-03
  0.81215754372839E-04  0.31302513292500E-04 -0.18128876629003E-03
  0.61649508480251E-04  0.14049939054000E-04 -0.98310782195502E-03
  0.10450238650919E-03  0.54404604943079E-04 -0.17574777871033E-03
  0.62809863765144E-04  0.18473215495295E-04 -0.98454960527289E-03
  0.10198084494677E-03  0.37100325997255E-04 -0.14597715432370E-03
  0.64521371019248E-04  0.20289314322195E-04 -0.98588867174673E-03
  0.81876703976868E-04 -0.92544152176874E-05 -0.99873231272951E-04
  0.65205123545161E-04  0.19728595496544E-04 -0.98791276199202E-03
  0.67014159439389E-04 -0.54136569589914E-04 -0.76901169319004E-04
  0.63225302840674E-04  0.17426624680616E-04 -0.98944533023929E-03
  0.62537155751957E-04 -0.83189952476484E-04 -0.86323915934705E-04
  0.60179655996507E-04  0.13497848393405E-04 -0.98988250916813E-03
 -0.54885943259555E-05  0.88034841111767E-05 -0.16270306695403E-03
 -0.64642852703200E-05 -0.24261822126726E-04 -0.98372264627263E-03
  0.22213715091709E-04  0.36166340014333E-05 -0.16311040993294E-03
  0.42058092062504E-05 -0.30372530967223E-04 -0.98391164661087E-03
  0.66569385268164E-04  0.15784131381155E-04 -0.98102280298858E-03
  0.13205538105908E-03  0.29900314106586E-04 -0.22597259205160E-03
  0.67639729993263E-04  0.20946670234312E-04 -0.98306564023747E-03
  0.12033018501491E-03 -0.72569094672332E-05 -0.19749620605469E-03
  0.68359002647647E-04  0.24607764415708E-04 -0.98511015890530E-03
  0.96875407808186E-04 -0.54039300748386E-04 -0.16121078053199E-03
  0.68177389255290E-04  0.25834675889979E-04 -0.98663284959550E-03
  0.78872102487842E-04 -0.83869425025244E-04 -0.14514389012883E-03
  0.65625027180834E-04  0.23209840978647E-04 -0.98755925717212E-03
  0.64923968952322E-04 -0.92130596081224E-04 -0.14534098532619E-03
  0.59354217584464E-04  0.18762827008348E-04 -0.98772817188638E-03
  0.49609526701810E-04 -0.83209727605986E-04 -0.14943872801390E-03
  0.51599123930325E-04  0.14455188018490E-04 -0.98759730107874E-03
  0.32586495061381E-04 -0.64095295034493E-04 -0.15317516655840E-03
  0.42443815931484E-04  0.96499277241998E-05 -0.98725838775921E-03
  0.11674680764222E-03  0.31081214848344E-04 -0.22572431373674E-03
  0.17798316585779E-04 -0.48008925149700E-04 -0.17531552763105E-03
  0.65554843200389E-04  0.78158701809801E-05 -0.97945609394921E-03
  0.63995854844228E-04 -0.28063248395809E-05 -0.97868350772292E-03
  0.41380553244203E-04 -0.10743492692192E-05 -0.15603868206496E-03
  0.14538335812759E-04 -0.36194305978049E-04 -0.98385684606872E-03
  0.48939351127232E-04 -0.48310445005075E-05 -0.13952586954470E-03
  0.25164589191329E-04 -0.40226269607761E-04 -0.98368787546694E-03
  0.44963505183156E-04 -0.78001967440775E-05 -0.11534931142419E-03
  0.36228546571700E-04 -0.40732244040840E-04 -0.98268845852596E-03
  0.34771303349188E-04 -0.13096188327814E-04 -0.97599751697366E-04
  0.46071490278961E-04 -0.37254446649959E-04 -0.98112782129194E-03
  0.24764633760039E-04 -0.27270969291120E-04 -0.10781732175604E-03
  0.53703694287095E-04 -0.31090240635948E-04 -0.98002599320749E-03
  0.19411924906303E-04 -0.50599919855834E-04 -0.15181096003069E-03
  0.59170996812708E-04 -0.22867586231489E-04 -0.97917744612072E-03
  0.23898708917173E-04 -0.63135981572069E-04 -0.19707720544192E-03
  0.62244695128327E-04 -0.13836044505767E-04 -0.97857175316607E-03
  0.44981693001143E-04 -0.44955485810598E-04 -0.21402354962739E-03
  0.80625665257570E-04 -0.32139608647748E-05 -0.21697466641238E-03
  0.56385515557984E-04 -0.12070869179618E-04 -0.98130500869918E-03
  0.62470302020987E-05 -0.52082707346155E-04 -0.13978161921713E-03
  0.53873455702296E-04 -0.20312645987941E-04 -0.98180269927403E-03
  0.22533349415574E-04 -0.30684715390274E-04 -0.16604281885393E-03
  0.50917708322324E-04  0.70645785150837E-05 -0.98275820929480E-03
  0.53456009049278E-04  0.13626894899683E-04 -0.16597251030818E-03
  0.53537255514923E-04  0.15121424657918E-04 -0.98393494054324E-03
  0.83537408321238E-04  0.55050844529383E-04 -0.15901706025840E-03
  0.55866675312560E-04  0.18804514593265E-04 -0.98593180146407E-03
  0.92998996685455E-04  0.63572618530700E-04 -0.13345674584501E-03
  0.57582745987607E-04  0.19277660854788E-04 -0.98763128645156E-03
  0.76600951063478E-04  0.34163704025741E-04 -0.78867568670746E-04
  0.58669975047356E-04  0.17458593155306E-04 -0.98882744408333E-03
  0.54649831905389E-04 -0.99378745963474E-05 -0.27327026823782E-04
  0.57514435495730E-04  0.14299118891047E-04 -0.99030255492925E-03
  0.45754742888260E-04 -0.45490000767453E-04 -0.14747353524139E-04
  0.55055414497373E-04  0.93704257900883E-05 -0.99145686184825E-03
  0.47477955401836E-04 -0.71171592989122E-04 -0.34385568110623E-04
  0.49537091594482E-04 -0.31607280467798E-05 -0.98257434614293E-03
  0.51990726451860E-04  0.39712571582172E-05 -0.99148873422708E-03
  0.45529730195765E-05 -0.50294161185133E-04 -0.14500824143487E-03
  0.39508723223748E-06 -0.41272034172924E-04 -0.94911303579269E-04
 -0.96031198361416E-05  0.27184715602500E-05 -0.98574277230487E-03
  0.43129842145159E-04  0.63639279123813E-05 -0.14063397967634E-03
 -0.19339142735429E-05 -0.46256429184366E-05 -0.98512173875448E-03
  0.43741671103408E-04  0.15625661546631E-05 -0.11635294647096E-03
  0.65330334332968E-05 -0.11412984460793E-04 -0.98463171973628E-03
  0.37474920012249E-04 -0.28249144703612E-05 -0.83760709109550E-04
  0.15235659698902E-04 -0.17094572935459E-04 -0.98409523546741E-03
  0.26832288833057E-04 -0.62771540867786E-05 -0.50285014183412E-04
  0.25389116519304E-04 -0.21371214624104E-04 -0.98392969474057E-03
  0.16313125778370E-04 -0.89755759482219E-05 -0.25528183892495E-04
  0.35159392039629E-04 -0.23732731095763E-04 -0.98398189166448E-03
  0.81855199056054E-05 -0.12818611902673E-04 -0.19827017050059E-04
  0.42641748587417E-04 -0.22858100097753E-04 -0.98383601904715E-03
  0.29456104324140E-05 -0.23355829572787E-04 -0.43320967436499E-04
  0.46810215570316E-04 -0.18543804486047E-04 -0.98346637021668E-03
  0.48544218343936E-04 -0.12023384720300E-04 -0.98295679625487E-03
  0.15018840088490E-04 -0.40832711873903E-04 -0.15715493885983E-03
  0.51106711458193E-04 -0.89768881448033E-04 -0.67908000933264E-04
  0.52106464126966E-04 -0.10091013318286E-03 -0.10127534649846E-03
  0.17527121069861E-04  0.10867947860132E-04 -0.16173505682607E-03
 -0.76259103705421E-05 -0.10493749338882E-04 -0.98427175863560E-03
  0.36970088034827E-04  0.56451899372499E-05 -0.15600262463711E-03
  0.15195600426573E-05 -0.17746358617782E-04 -0.98401685902224E-03
  0.46267485307595E-04  0.71330929177350E-06 -0.14018093231901E-03
  0.10385956494484E-04 -0.23883969365627E-04 -0.98407668975157E-03
  0.44930689019801E-04 -0.35542500718716E-05 -0.11353471254022E-03
  0.20109122287612E-04 -0.28031953913064E-04 -0.98407126169990E-03
  0.36032805237710E-04 -0.64834185195390E-05 -0.81366700549151E-04
  0.31070422180254E-04 -0.30322421370011E-04 -0.98352594565609E-03
  0.23576647101605E-04 -0.94217078561022E-05 -0.54815652904323E-04
  0.41908971996796E-04 -0.29967628631709E-04 -0.98267060440688E-03
  0.13595496838485E-04 -0.16874682126129E-04 -0.52707326249312E-04
  0.49624465728245E-04 -0.26183591536922E-04 -0.98198051820057E-03
  0.71851038852867E-05 -0.33637847685994E-04 -0.86245817082414E-04
 -0.17401059363632E-04 -0.22642659911802E-05 -0.98528706044038E-03
  0.48238727949936E-04 -0.16881829862381E-05 -0.99080970633830E-03
 -0.86921436621474E-05  0.16437703725499E-04 -0.16185811548168E-03
 -0.38636509127479E-04  0.22507375916586E-04 -0.16290482481171E-03
  0.42267120345852E-04 -0.79878226663729E-05 -0.98993496460067E-03
  0.47816328327050E-04 -0.10337559763816E-03 -0.12684578013928E-03
  0.34489524141271E-04 -0.13813690566062E-04 -0.98885515565215E-03
  0.38664814307565E-04 -0.96177931502680E-04 -0.14316181987909E-03
  0.25532351342251E-04 -0.19954583285129E-04 -0.98800453110468E-03
  0.26143088767418E-04 -0.81251736795194E-04 -0.15260522804943E-03
  0.15700033256470E-04 -0.25885899175742E-04 -0.98718064133429E-03
  0.11061558262231E-04 -0.60856024512131E-04 -0.15819018835307E-03
  0.53052403992154E-05 -0.31063565476000E-04 -0.98623396994455E-03
 -0.49949521458989E-05 -0.37422400154117E-04 -0.16148008750024E-03
 -0.39166805620644E-04  0.30313884398609E-04 -0.98369560820020E-03
 -0.86879852688908E-04  0.52344020232045E-04 -0.19972894810982E-03
 -0.36254509954350E-04  0.23632955366018E-04 -0.98502006619686E-03
 -0.66495506702845E-04  0.32883977051265E-04 -0.17218266188577E-03
 -0.32065633293790E-04  0.14976658933239E-04 -0.98588523515345E-03
 -0.25446822913173E-04  0.63205154857144E-05 -0.98593178766788E-03
  0.35160426898178E-04  0.11850978256200E-04 -0.15567603851904E-03
  0.32080687040182E-04  0.45480192304874E-05 -0.98682380496341E-03
  0.21643380903901E-04 -0.12893241035974E-05 -0.98619506471375E-03
  0.57596585874770E-04  0.79444027687525E-05 -0.97292820592418E-03
  0.12387263339238E-03 -0.17748513179438E-04 -0.31260652186370E-03
  0.58120595346360E-04  0.23042038383704E-04 -0.97423747939564E-03
  0.13152414030179E-03 -0.28622009860091E-05 -0.32323461207266E-03
  0.56600707025034E-04  0.34397616892861E-04 -0.97621064548347E-03
  0.11999026653501E-03  0.78385761051617E-05 -0.32037979820735E-03
  0.11001144168862E-03 -0.40146201408377E-04 -0.30647070776832E-03
  0.53577592133429E-04  0.41161886350767E-04 -0.97846625384343E-03
  0.48630956974971E-04  0.44664401508993E-04 -0.98052165954942E-03
  0.44607101796228E-04  0.33129456153103E-04 -0.26780484262662E-03
  0.42844925875304E-04  0.45118640750654E-04 -0.98264589625503E-03
  0.10894175836049E-04  0.43168948218622E-04 -0.23394231069774E-03
  0.28975455331640E-04 -0.72224749765687E-04 -0.97695384758678E-03
  0.67528886205157E-05 -0.68203383751589E-04 -0.26627875713885E-03
  0.86840265275421E-04  0.19621195643986E-04 -0.29904341889552E-03
  0.56403650690825E-04 -0.90643872054471E-05 -0.97212767635756E-03
  0.95018728117496E-04 -0.70714654357069E-04 -0.32045152065089E-03
  0.55364905493053E-04 -0.25272831598722E-04 -0.97141911294149E-03
  0.76040553574565E-05  0.48505227180576E-05 -0.19052109481505E-03
  0.41250354779127E-04  0.32049652482142E-04 -0.98627493564668E-03
 -0.10218083614604E-04  0.22662622736580E-04 -0.17728471007979E-03
  0.87385203897199E-05 -0.67899063279107E-04 -0.98347774996681E-03
 -0.24553183196554E-04 -0.83674627866394E-05 -0.16752028067865E-03
  0.20805485975652E-04 -0.71357383506550E-04 -0.98145304439918E-03
  0.86388486062611E-05 -0.17611231551908E-04 -0.18729716699166E-03
  0.32390519108254E-04 -0.69472163860571E-04 -0.97912097971723E-03
  0.37347332305538E-04 -0.39473991971321E-04 -0.22631876707743E-03
  0.41642762011060E-04 -0.63142997931470E-04 -0.97637695413235E-03
  0.56895955600514E-04 -0.75533292198743E-04 -0.28744618019691E-03
  0.48808457697678E-04 -0.53793090750393E-04 -0.97357892817348E-03
  0.68782005172116E-04 -0.10385865308880E-03 -0.33797289040027E-03
  0.53032339865191E-04 -0.40819776984105E-04 -0.97184843227496E-03
  0.80354071467145E-04 -0.10019425881836E-03 -0.34339936555993E-03
  0.36213108058436E-04 -0.64322044393008E-04 -0.97442844639627E-03
  0.29966058000036E-04 -0.10128492181323E-03 -0.31992790979692E-03
  0.41159188383564E-04 -0.52295849964986E-04 -0.97237187357619E-03
  0.44149080897195E-04 -0.10424048235406E-03 -0.33127891329494E-03
  0.18363214451289E-04 -0.46059419839402E-04 -0.26126134193665E-03
  0.31524807931982E-04 -0.10562138456791E-04 -0.97178753564451E-03
  0.22839869533523E-04 -0.23343094023839E-04 -0.25123031696513E-03
  0.30374740625293E-04  0.80565489381990E-05 -0.97193316259649E-03
  0.26975110742709E-04 -0.80329859088272E-05 -0.25372174216504E-03
  0.28519215123605E-04  0.24059576403587E-04 -0.97318313662203E-03
  0.34923228298835E-04  0.13467214297326E-04 -0.26912437026558E-03
  0.26417835816757E-04  0.36490256108331E-04 -0.97435965270855E-03
  0.44898019186794E-04  0.49912051643731E-04 -0.30566140413498E-03
  0.12854358926640E-04 -0.19099740679486E-04 -0.97173810238492E-03
 -0.35747972032676E-05 -0.26998682890058E-04 -0.24923217994161E-03
  0.11871909563215E-04 -0.53265808843569E-07 -0.97174388478480E-03
  0.39064733101496E-06 -0.10762506544899E-04 -0.24827415926073E-03
  0.10510318753784E-04  0.17070024047970E-04 -0.97282457138557E-03
  0.16752948923945E-05  0.79411606003951E-05 -0.25290320217489E-03
  0.31567540972479E-04 -0.29329713622177E-04 -0.97211648030380E-03
  0.50166593336282E-04  0.36396170870542E-04 -0.98520043198409E-03
  0.94112670261888E-05 -0.81299609032954E-04 -0.29025368842793E-03
 -0.69117443341216E-05 -0.10932972574176E-03 -0.31665572418316E-03
  0.43899046158821E-04 -0.36659198708150E-04 -0.97184166913528E-03
  0.52835757100489E-04 -0.76485778786217E-04 -0.30396870923422E-03
  0.45360685439608E-04 -0.19602231458776E-04 -0.97182151180276E-03
  0.59330644336206E-04 -0.44825828295373E-04 -0.27758908410520E-03
  0.46465044891331E-04 -0.15026171879330E-05 -0.97198315762523E-03
  0.66274816193286E-04 -0.22243855799976E-04 -0.27092057223743E-03
  0.46140853942724E-04  0.15861815397576E-04 -0.97242768481202E-03
  0.76424019868514E-04 -0.37465441006724E-05 -0.28160687853374E-03
  0.44010400684658E-04  0.30287970006444E-04 -0.97373587198151E-03
  0.84516569404802E-04  0.19604183999835E-04 -0.30417283876078E-03
  0.41651828017774E-04  0.40359575618018E-04 -0.97615637453363E-03
  0.81309738025139E-04  0.48672302533419E-04 -0.32720144643812E-03
  0.38104743647935E-04  0.46576738291675E-04 -0.97850163251920E-03
  0.61434589818815E-04  0.73235812010422E-04 -0.33079278743676E-03
  0.26333664404375E-04 -0.61247672546908E-04 -0.97363060074505E-03
  0.29908016023081E-04 -0.46868988019975E-04 -0.97235001795103E-03
  0.34769111417561E-04 -0.15436233981322E-04 -0.20731327532195E-03
  0.57270972938732E-04  0.38687847569438E-04 -0.98329485449278E-03
  0.73124635035974E-04 -0.28968664133889E-04 -0.23737697831414E-03
  0.61529613850569E-04 -0.26498878113949E-04 -0.97656749547148E-03
  0.57144373679372E-04 -0.75923355012392E-04 -0.26499411187827E-03
  0.64970653686341E-04 -0.13980686205186E-04 -0.97570402931007E-03
  0.86996851776810E-04 -0.45469053289334E-04 -0.26818100746860E-03
  0.66529982362608E-04 -0.11560835437089E-05 -0.97580098446077E-03
  0.12472566010225E-03 -0.82144110687467E-05 -0.27676972909623E-03
  0.66782776922212E-04  0.10024355444700E-04 -0.97732757548769E-03
  0.15231646206308E-03  0.81514171361883E-05 -0.29456017439977E-03
  0.67904275417585E-04  0.19686932577436E-04 -0.97961783845558E-03
  0.15589319075941E-03 -0.62887074472629E-05 -0.29215541795451E-03
  0.68907332349372E-04  0.26955212171942E-04 -0.98127491545898E-03
  0.13312457724850E-03 -0.39655979174157E-04 -0.25697465690136E-03
  0.68929319610166E-04  0.31238650398222E-04 -0.98278475566185E-03
  0.98910005364506E-04 -0.66675641660224E-04 -0.21331449458029E-03
  0.65944135255271E-04  0.31780529796326E-04 -0.98455394797429E-03
  0.44255165031365E-04 -0.74952118815377E-04 -0.23810217909839E-03
  0.66525091550603E-04 -0.70696090161243E-04 -0.18513723996783E-03
  0.56305988885427E-04 -0.36828762843817E-04 -0.97774278239680E-03
  0.49268902265257E-04 -0.45079793606812E-04 -0.97907190728370E-03
 -0.15941414122975E-04  0.39557852601747E-05 -0.16399845568281E-03
 -0.25585923602684E-04 -0.20162828707239E-04 -0.98510273325884E-03
 -0.64923308559631E-04  0.11363400594262E-04 -0.15508262608983E-03
 -0.15617599011406E-04 -0.29402234130279E-04 -0.98383166359830E-03
 -0.32298786427872E-04  0.63734112239336E-05 -0.16061181937370E-03
 -0.48161373740900E-05 -0.37244368020260E-04 -0.98374612245888E-03
  0.91328779648625E-06  0.13627554631861E-05 -0.16371095714556E-03
  0.59633131707888E-05 -0.43603362430874E-04 -0.98389625148127E-03
  0.27995869277475E-04 -0.29059743757096E-05 -0.16357836556924E-03
  0.17583730224858E-04 -0.49036986184009E-04 -0.98373864180035E-03
  0.45340169652710E-04 -0.66591058164758E-05 -0.15865082299991E-03
  0.29945420144264E-04 -0.52096297762011E-04 -0.98294383063604E-03
  0.51815451530515E-04 -0.11927364706473E-04 -0.15125102997785E-03
  0.40588742445189E-04 -0.50805195124387E-04 -0.98086358053746E-03
  0.48865658303793E-04 -0.24108521211968E-04 -0.15614654352438E-03
  0.44370360025093E-04 -0.48825885686233E-04 -0.18958285865631E-03
 -0.19265644351228E-05 -0.16688861744828E-04 -0.16148183042248E-03
  0.60131599894261E-04  0.29898228210595E-04 -0.98623409924752E-03
  0.52377302535839E-04  0.25473088074879E-04 -0.98676153738220E-03
  0.57210325377185E-04 -0.40818570080509E-04 -0.97446541682004E-03
  0.73278745925238E-04 -0.97465423411449E-04 -0.31871798703772E-03
  0.60919620337089E-04 -0.27398055837687E-04 -0.97313238310769E-03
  0.92191251533677E-04 -0.81991900056485E-04 -0.32043446893600E-03
  0.62582654813206E-04 -0.12862916999395E-04 -0.97311202599768E-03
  0.11999601391718E-03 -0.48150964838962E-04 -0.31280537596762E-03
  0.64032744969091E-04  0.19260862798549E-05 -0.97416946936845E-03
  0.14732090997073E-03 -0.20551024930078E-04 -0.32184679937689E-03
  0.65471590246316E-04  0.15483973366869E-04 -0.97540748779589E-03
  0.16220463408881E-03 -0.10398761330815E-04 -0.33492289373954E-03
  0.65990127932497E-04  0.26743794430809E-04 -0.97721272974461E-03
  0.15345020016267E-03 -0.17419857404198E-04 -0.32325800036296E-03
  0.64292246812027E-04  0.34327083447055E-04 -0.97925657816317E-03
  0.11802915314821E-03 -0.29211891743842E-04 -0.28265415991240E-03
  0.61623740623958E-04  0.38578456847215E-04 -0.98133662591180E-03
  0.65463547436899E-04 -0.79442329963027E-04 -0.28038784790137E-03
  0.40026304209664E-04 -0.55165046239099E-04 -0.17174931180346E-03
  0.51225833970466E-04 -0.51235735136270E-04 -0.97653735316016E-03
  0.42964118901830E-04 -0.58567477008762E-04 -0.97878712642813E-03
  0.18496887997437E-04 -0.31592010567722E-04 -0.16673170410705E-03
  0.43079352999156E-04  0.20942619253050E-04 -0.98686542490804E-03
  0.45620968231519E-06 -0.75975302941807E-05 -0.16474966029492E-03
  0.32911339419592E-04  0.15720066901353E-04 -0.98660756496128E-03
 -0.13561059283268E-04  0.12013021728232E-04 -0.16240104765539E-03
 -0.14221886993304E-04 -0.41903859461571E-04 -0.98446653349094E-03
 -0.59239644069212E-04  0.29285833749629E-05 -0.15634975325835E-03
 -0.36459084231157E-05 -0.49686883705558E-04 -0.98404938795769E-03
 -0.26632703328878E-04 -0.96926932773178E-06 -0.16101820919940E-03
  0.77897766782840E-05 -0.56528474990844E-04 -0.98397195552146E-03
  0.57751195367821E-05 -0.51965296829682E-05 -0.16578304306330E-03
  0.20063636035230E-04 -0.61348784720077E-04 -0.98291999925919E-03
  0.32758281008083E-04 -0.10178885205482E-04 -0.17265366159962E-03
  0.32118687089617E-04 -0.62107839027009E-04 -0.98102300039129E-03
  0.50580480686093E-04 -0.21064485238777E-04 -0.18854226959604E-03
  0.60532958265450E-04 -0.45483403776562E-04 -0.22502308466773E-03
 -0.16120341955256E-04  0.11240119773227E-04 -0.98583915526631E-03
  0.18358146893805E-04  0.18446944656935E-04 -0.16511498153649E-03
 -0.22252093433903E-04  0.19677961291343E-04 -0.98578761342894E-03
  0.14885439314832E-04  0.34497118880678E-05 -0.47940759197141E-04
 -0.16701624633349E-05  0.18596367755508E-04 -0.98603806965823E-03
  0.10860340176232E-04 -0.11282004263064E-05 -0.22005462118450E-04
  0.59563606050562E-06  0.10041058576004E-04 -0.98571525640575E-03
  0.36799192418259E-05  0.86734690903117E-06 -0.98602979469319E-03
  0.56486995620877E-05 -0.48999946538666E-05  0.73312122724903E-05
 -0.22248595184963E-05  0.26205472156683E-04 -0.98599350587805E-03
  0.66204205765771E-05 -0.80046784263306E-05 -0.98633465035288E-03
  0.10382801160446E-04 -0.14295490785825E-04 -0.98599181571468E-03
  0.28856471440321E-05 -0.72806633614978E-05  0.10892765811161E-04
  0.13967943364245E-04 -0.16951004545360E-04 -0.98486002702594E-03
  0.12013054101614E-05 -0.12789990809622E-04 -0.72234005447773E-05
  0.15503012047840E-04 -0.15032979595967E-04 -0.98387047487253E-03
 -0.29950175751478E-05 -0.26963839953952E-04 -0.49081873118565E-04
  0.39855559981272E-05 -0.58477746252143E-05  0.13367451300530E-04
  0.19691144554839E-04  0.12460950780831E-04 -0.85633368683146E-04
 -0.81978654170544E-07  0.33704871735074E-04 -0.98557914699429E-03
  0.25170366246787E-04  0.27892784372187E-04 -0.13980655353390E-03
 -0.21432439178447E-04 -0.56443664141481E-04 -0.97965459918062E-03
 -0.62764274012954E-04 -0.12287929811862E-03 -0.28861449562606E-03
 -0.28652640986133E-04 -0.46839828459362E-04 -0.97679273065183E-03
 -0.89493450884163E-04 -0.96681523856118E-04 -0.31355255263423E-03
 -0.35796594301634E-04 -0.34378954073179E-04 -0.97462900565786E-03
 -0.98680028801296E-04 -0.63348465492159E-04 -0.31864843023153E-03
  0.23975617445180E-04  0.44830670887074E-04 -0.97633100746289E-03
  0.50656964130512E-04  0.87228031231490E-04 -0.34462159732246E-03
  0.19535521987837E-04  0.48198277474013E-04 -0.97906398878296E-03
  0.47170447705790E-04  0.99874750231779E-04 -0.34500651953554E-03
  0.14692391352405E-04  0.48292674051773E-04 -0.98201322416567E-03
  0.39362732540698E-04  0.82857479672165E-04 -0.29180998554579E-03
  0.92644577091504E-05  0.44410479322433E-04 -0.98397976761525E-03
  0.31477633478411E-04  0.52433855481593E-04 -0.21297620899917E-03
  0.39566292142286E-05  0.39828723718365E-04 -0.98485009665034E-03
  0.15373340818275E-04 -0.88581387690441E-05 -0.98333990445611E-03
 -0.69349611402331E-05 -0.44087129568862E-04 -0.10738884708456E-03
  0.15639172624969E-04 -0.86988377014794E-06 -0.98332079952969E-03
 -0.18727920088370E-05 -0.45998552408917E-04 -0.15078465891260E-03
  0.12802621463224E-04 -0.38439796565345E-04  0.54902967765663E-04
  0.16372563571878E-04 -0.30194313516459E-04 -0.99277331832719E-03
  0.16948537017738E-04 -0.52797412166940E-04  0.27647539690480E-04
  0.13040884161906E-04 -0.38019713425965E-04 -0.99270406288346E-03
  0.21601220927067E-04 -0.70792506134235E-04 -0.88419486533389E-05
  0.10006367337964E-04 -0.45381060633771E-04 -0.99238643906331E-03
  0.26602551135226E-04 -0.90390839499197E-04 -0.50309070381769E-04
  0.58098353939025E-05 -0.51756779511412E-04 -0.99169108597147E-03
  0.28769586788867E-04 -0.10776753507795E-03 -0.92341660132824E-04
 -0.12299355140864E-06 -0.56638911076939E-04 -0.99019952203841E-03
  0.25447740159532E-04 -0.11817301649926E-03 -0.13051946798337E-03
 -0.75239533546706E-05 -0.59256202817699E-04 -0.98802445604147E-03
  0.14718899581401E-04 -0.11856027453224E-03 -0.16294673283750E-03
 -0.15682587212396E-04 -0.59110947899541E-04 -0.98521562268986E-03
 -0.46509541144187E-05 -0.10872940715427E-03 -0.19294155946871E-03
  0.18571504770802E-04 -0.21782691132879E-04 -0.99302581982983E-03
 -0.31742974922990E-04 -0.13476935634203E-03 -0.24539459697289E-03
  0.11620352126463E-04 -0.27420607522369E-04  0.73168510460814E-04
  0.13667548224925E-04 -0.17662803316690E-04  0.80748922676316E-04
  0.15830059674661E-04  0.80869059089634E-05 -0.98323075450722E-03
  0.18391032938355E-04 -0.19311224244353E-04 -0.16284804249090E-03
  0.16383018435303E-04  0.17701915615087E-04 -0.98403037099019E-03
  0.48734522272858E-04  0.27915041902750E-04 -0.15674145338910E-03
  0.17790423887142E-04  0.24709438164595E-04 -0.98579204111035E-03
  0.72771404612728E-04  0.67589054952390E-04 -0.14072771908305E-03
  0.20848921746188E-04  0.26728812148183E-04 -0.98832622650363E-03
  0.75451626901769E-04  0.73490344832837E-04 -0.98672421400961E-04
  0.23911368901571E-04  0.24432545692919E-04 -0.99064796966374E-03
  0.56049475880712E-04  0.48229345625322E-04 -0.27178231215510E-04
  0.25667888112760E-04  0.18690915764320E-04 -0.99249017012762E-03
  0.33213563975463E-04  0.16232123503024E-04  0.38808041503845E-04
  0.25406121787179E-04  0.95874168256039E-05 -0.99361508200602E-03
  0.19680889064491E-04 -0.50750643676291E-05  0.72614179450251E-04
  0.24075863673284E-04 -0.13975612933672E-05 -0.99407935481153E-03
  0.21421053513885E-04 -0.12199206062175E-04 -0.99390041259814E-03
 -0.15844217508833E-04 -0.62233599754846E-04 -0.98305936764335E-03
 -0.80743580120708E-05 -0.13007403747616E-03 -0.18994090791331E-03
 -0.10511122957368E-04 -0.65227953262242E-04 -0.98610603755055E-03
 -0.81228226782715E-06  0.28514178095642E-04 -0.11554441674237E-03
  0.75670505496410E-05  0.29473200481688E-04 -0.98573040568749E-03
  0.20504798316537E-06  0.15755458374217E-04 -0.70033398928396E-04
  0.29617985902804E-05  0.21129758120209E-04 -0.98590753982685E-03
  0.19657140103506E-05  0.69787172307638E-05 -0.36935915428135E-04
 -0.63212556187845E-06  0.12520576368531E-04 -0.98604933387569E-03
  0.27760503727609E-05  0.13694274127612E-05 -0.13818459355783E-04
 -0.24981883154669E-05  0.45429589226664E-05 -0.98595384786502E-03
  0.31203386654497E-05 -0.15026489130709E-05  0.11159371598291E-05
 -0.25177449411262E-05 -0.37560029797821E-05 -0.98551173964683E-03
  0.29264245906522E-05 -0.33073786075850E-05  0.97705344593938E-05
 -0.13075409097315E-05 -0.11875527396576E-04 -0.98556785337602E-03
  0.22061694781305E-05 -0.49681704737424E-05  0.12640738696293E-04
  0.55330084950592E-06 -0.16973962979294E-04 -0.98529588565576E-03
  0.84313302439330E-06 -0.73744492394560E-05  0.55305033970893E-05
  0.13242937281907E-04  0.36377129726900E-04 -0.98568775117470E-03
  0.28207700526465E-05 -0.16757148583216E-04 -0.98439895401497E-03
  0.20842796874677E-05  0.46445700371767E-04 -0.17406534972078E-03
  0.12736610910403E-04  0.66065223907610E-04 -0.24049746797661E-03
 -0.82806923502318E-05 -0.69783343210458E-04 -0.98372714509453E-03
 -0.52269548458825E-04 -0.13321502805426E-03 -0.24367560098367E-03
 -0.10793946969358E-04 -0.66166732870182E-04 -0.98028379940675E-03
 -0.70312706531146E-04 -0.14864296643876E-03 -0.30958929934898E-03
 -0.14483954730978E-04 -0.57693487687073E-04 -0.97730172213742E-03
 -0.82048602564398E-04 -0.13477588881375E-03 -0.32963561238556E-03
 -0.18537898209588E-04 -0.45696017643744E-04 -0.97475295148433E-03
 -0.79067199820106E-04 -0.97232305725812E-04 -0.31111833460790E-03
 -0.23193257658817E-04 -0.30842437908618E-04 -0.97316289827990E-03
 -0.63750071202716E-04 -0.54832967245219E-04 -0.28316573558757E-03
 -0.26819472899049E-04 -0.14619382506878E-04 -0.97235501383995E-03
 -0.47274281065375E-04 -0.19506056727853E-04 -0.26570091359671E-03
  0.32841078646326E-04  0.48635655396085E-04 -0.98074030119748E-03
  0.34581055104151E-04  0.78829373373158E-04 -0.29930040306218E-03
  0.26074897069789E-04  0.47034940545731E-04 -0.98308963515725E-03
  0.19575619806724E-04  0.42670250301737E-04 -0.98497207333197E-03
 -0.24875075607481E-04 -0.54470725970938E-04 -0.98226170436022E-03
 -0.16814803950564E-05 -0.15144021405918E-04 -0.19978996329473E-04
 -0.66843859169675E-05 -0.32079129441637E-04 -0.70442978238330E-04
  0.85378886523613E-05 -0.11939301701834E-04  0.92985647719402E-04
  0.10184323126952E-04 -0.16871563795689E-04 -0.99396464718330E-03
  0.45664881380126E-05 -0.18122328919052E-04  0.89705281930918E-04
  0.87081165961262E-05 -0.27473917944329E-04 -0.99345257984982E-03
  0.28702140523150E-05 -0.24856527425431E-04  0.77936776282321E-04
  0.65898831502327E-05 -0.37284083585121E-04 -0.99354152589176E-03
  0.32588995769897E-05 -0.34148888113937E-04  0.56699895019699E-04
  0.32770287044829E-05 -0.46960287231968E-04 -0.99355616756151E-03
  0.44335004892055E-05 -0.48109425590331E-04  0.24615801217536E-04
  0.10552645939333E-06 -0.54943027339157E-04 -0.99322976297675E-03
  0.65810786330141E-05 -0.67081358180933E-04 -0.17863399001397E-04
 -0.26771860391644E-05 -0.61058644008437E-04 -0.99184440280396E-03
  0.81075823739103E-05 -0.89870911338809E-04 -0.70717729284369E-04
 -0.60063460779852E-05 -0.64695063086512E-04 -0.98919766540204E-03
  0.47338376658793E-05 -0.11280532361284E-03 -0.12976360689547E-03
  0.11693867679162E-04 -0.53509151710667E-05 -0.99433806173697E-03
  0.32931032919786E-05 -0.12006257134834E-04 -0.98369156268529E-03
  0.14724343833371E-04 -0.36669290424513E-05  0.85364996332698E-04
  0.25710974296442E-04  0.11846665878727E-04  0.58887064081379E-04
  0.23673998349862E-05 -0.47456694589827E-05 -0.98354838594069E-03
 -0.97723953176746E-05 -0.47047673610707E-04 -0.12721484329558E-03
  0.18853588454007E-05  0.50016774354067E-05 -0.98314053446194E-03
  0.18593248496677E-06 -0.38073850589477E-04 -0.15891799613411E-03
  0.27289092014687E-05  0.14913504956640E-04 -0.98311702679487E-03
  0.25615989392368E-04 -0.94315906184310E-06 -0.16176220870089E-03
  0.42157213590416E-05  0.23482179234617E-04 -0.98458401839810E-03
  0.55534781406287E-04  0.46600875625744E-04 -0.15186647357763E-03
  0.60425921190349E-05  0.28533748482324E-04 -0.98644313726768E-03
  0.72147489698450E-04  0.75904851797663E-04 -0.12827587030749E-03
  0.95404305087354E-05  0.28055651440269E-04 -0.98896958953332E-03
  0.66314053411343E-04  0.69326444638204E-04 -0.72592182030807E-04
  0.12541418412488E-04  0.23312171240870E-04 -0.99152948045876E-03
  0.45167572722051E-04  0.39262562140689E-04  0.23625114870419E-05
  0.13249855653302E-04  0.15668469393210E-04 -0.99319844649955E-03
  0.12559406618837E-04  0.58783923983511E-05 -0.99398080213998E-03
 -0.35484771894998E-04 -0.89165754963303E-04 -0.22767295844461E-03
 -0.34413845090909E-04 -0.47093044832070E-04 -0.97952912191616E-03
 -0.73623525120028E-04 -0.66607692386883E-04 -0.27181550682946E-03
  0.10997641451343E-04 -0.81957997601935E-05 -0.60041723083064E-05
  0.27204165314561E-04 -0.18191024853078E-04 -0.98481780032468E-03
  0.65353071019096E-05 -0.10159509706725E-04 -0.39039014901212E-06
  0.33716704694286E-04 -0.20446418139517E-04 -0.98459729822275E-03
  0.28439638983904E-05 -0.16708353233253E-04 -0.16306745587667E-04
  0.37349395497621E-04 -0.18505580109414E-04 -0.98437014865876E-03
 -0.96816776008950E-06 -0.31508553919043E-04 -0.58756745079006E-04
  0.38402591619295E-04 -0.12771705878611E-04 -0.98384788768773E-03
 -0.20822445876351E-05 -0.47245784792592E-04 -0.11527505783708E-03
  0.38676279428919E-04 -0.44678424380212E-05 -0.98303574369060E-03
  0.71036675727447E-05 -0.43781565916168E-04 -0.15361197541574E-03
  0.40166777334649E-04  0.53085765606057E-05 -0.98269219233917E-03
  0.31577614603779E-04 -0.11167367171036E-04 -0.16288508486233E-03
  0.41635593991768E-04  0.14039426500864E-04 -0.98387336245818E-03
  0.62561269091694E-04  0.35365471861541E-04 -0.15749935305940E-03
  0.18759155343780E-04 -0.13241279958576E-04 -0.98469141991135E-03
  0.43499375570437E-04  0.20903676108255E-04 -0.98591061614100E-03
  0.18506819134559E-04 -0.61070455243114E-05 -0.25821288907877E-04
  0.27978731230406E-04 -0.31224157118203E-05 -0.55093841143841E-04
 -0.14301233875028E-04  0.42665474959707E-04 -0.97945860149230E-03
 -0.92445183059215E-05  0.96360835337576E-04 -0.29757668097592E-03
 -0.15633787636596E-04  0.41266833652352E-04 -0.98197220171476E-03
  0.89778397138838E-05  0.64646003647624E-04 -0.24826542363236E-03
 -0.16374592000629E-04  0.36868942585606E-04 -0.98406357890392E-03
  0.26648845958808E-04  0.37792509820127E-04 -0.20278296345327E-03
 -0.15930247334285E-04  0.31038582263319E-04 -0.98582164333113E-03
  0.38416188495937E-04  0.22532210113582E-04 -0.16972980378858E-03
 -0.14296622028222E-04  0.23988526941987E-04 -0.98633266486882E-03
  0.42862384854035E-04  0.13628170984897E-04 -0.14355238469817E-03
 -0.10170037937918E-04  0.16341536814792E-04 -0.98635694213082E-03
  0.42486671048479E-04  0.71070274638397E-05 -0.11715958260860E-03
 -0.47486192739298E-05  0.80726788575543E-05 -0.98574804363138E-03
  0.36449227614837E-04  0.13917743958307E-05 -0.87322404083540E-04
  0.24393626026770E-05  0.73087427544380E-06 -0.98533014000353E-03
  0.10553273891240E-04 -0.62828339656637E-05 -0.98501168523359E-03
 -0.21421571888208E-04  0.10766124286466E-03 -0.31804197334258E-03
  0.83889553929905E-04  0.68196863899245E-04 -0.14167154723498E-03
  0.81169941087581E-04  0.63311630138736E-04 -0.96631958857103E-04
  0.24513118307110E-04 -0.91305410123461E-04 -0.14947533031412E-03
  0.17712229286770E-05 -0.41853000152034E-04 -0.98757844140275E-03
  0.91106128123648E-05 -0.70456752105307E-04 -0.15605621759340E-03
 -0.90932137404090E-05 -0.44898958818399E-04 -0.98632411250368E-03
 -0.86862748616418E-05 -0.45099642995442E-04 -0.16268170749820E-03
 -0.30148194581056E-04  0.36588134085448E-04 -0.97531600882669E-03
 -0.60490873994033E-04  0.11505318721007E-03 -0.32204452357119E-03
 -0.29191460975560E-04  0.38984219049259E-04 -0.97845353354101E-03
 -0.61673901911338E-04  0.10678828432737E-03 -0.29856103381701E-03
 -0.28401155926451E-04  0.37277206198046E-04 -0.98168646230943E-03
 -0.50660439339361E-04  0.73446076237068E-04 -0.24459381103544E-03
 -0.28203420270488E-04  0.33047320803673E-04 -0.98409440613686E-03
 -0.29488209412876E-04  0.43637749540532E-04 -0.19958286522170E-03
 -0.26272146814288E-04  0.27304094669199E-04 -0.98552123861480E-03
 -0.40623587543594E-05  0.27294252951869E-04 -0.17640698587906E-03
  0.11441510608368E-04 -0.37092646582756E-04 -0.98828838301692E-03
  0.46900466317378E-04  0.22504224004597E-04 -0.98822293103777E-03
  0.35998519783126E-04 -0.10460442692476E-03 -0.14025746961562E-03
  0.42982097202284E-04 -0.10920582248179E-03 -0.12407903324215E-03
  0.49294337964895E-04  0.19724138990425E-04 -0.99011839563891E-03
  0.57975689956499E-04  0.27868063782427E-04 -0.28128485598867E-04
  0.49399080232988E-04  0.15205716498813E-04 -0.99166285225549E-03
  0.37605552177921E-04 -0.84251291073935E-05  0.20831079730810E-04
  0.47213195152732E-04  0.90664530610440E-05 -0.99223159523824E-03
  0.30653734165449E-04 -0.34191619325496E-04  0.29845177656000E-04
  0.44841839645837E-04  0.18369492722667E-05 -0.99241314615850E-03
  0.33066786569829E-04 -0.54883274141047E-04  0.10543931180877E-04
  0.41708544154115E-04 -0.53703336684613E-05 -0.99251246664856E-03
  0.38030246091255E-04 -0.74223816045034E-04 -0.24334382382556E-04
  0.37995859229620E-04 -0.11644897894900E-04 -0.99189555820567E-03
  0.42667486673563E-04 -0.91205930604587E-04 -0.63734451743817E-04
  0.33716790339061E-04 -0.18463765432635E-04 -0.99102033764279E-03
  0.45043063573698E-04 -0.10400910306538E-03 -0.98300335704072E-04
  0.27573428776226E-04 -0.25079405411049E-04 -0.98997753043637E-03
  0.20057494651624E-04 -0.31030519192664E-04 -0.98919940048389E-03
 -0.76394904863866E-05 -0.69962807289312E-04 -0.98711618586174E-03
 -0.12967023076136E-04  0.40742028863584E-04 -0.97665488030466E-03
 -0.10999647402992E-04  0.35020731499287E-04 -0.97468517909567E-03
  0.18386188772767E-04 -0.33066015483315E-05 -0.32491086280198E-04
  0.51780138091926E-05  0.30787470472766E-05 -0.98563865781705E-03
  0.11972919731760E-04 -0.56895425293306E-05 -0.10320171420889E-04
  0.11734043826222E-04 -0.53257706922400E-05 -0.98584837449982E-03
  0.76516954359068E-05 -0.65850346201853E-05  0.42487996787659E-05
  0.17985263925848E-04 -0.13116632654718E-04 -0.98575522343546E-03
  0.53471655494492E-05 -0.76586349620050E-05  0.97652613243829E-05
  0.22785664261986E-04 -0.17855210702674E-04 -0.98519454781825E-03
  0.32408231787493E-05 -0.11182060080482E-04  0.13215545149218E-05
  0.25693283263709E-04 -0.17758212146145E-04 -0.98455273915931E-03
 -0.22684195259584E-06 -0.21402059319948E-04 -0.29389119413399E-04
  0.27467944736582E-04 -0.13144849371183E-04 -0.98379782479805E-03
 -0.37762893340287E-05 -0.38587116405186E-04 -0.83223331159539E-04
  0.28020765407198E-04 -0.68041021025812E-05 -0.98338459213294E-03
 -0.25688099030445E-05 -0.49197966346444E-04 -0.13564641404802E-03
 -0.10077821493957E-05  0.11527487385142E-04 -0.98540452547568E-03
  0.27944013739747E-04  0.19838237664083E-05 -0.98298507508488E-03
  0.26557881461675E-04  0.86412748829348E-06 -0.60003009914573E-04
  0.34344673249106E-04  0.72782268816802E-05 -0.92488718128244E-04
  0.87959670472714E-05  0.31193987018272E-04 -0.97403002386316E-03
  0.46059061841932E-05  0.42658248891999E-04 -0.27550994472881E-03
  0.65896200588088E-05  0.40321688417783E-04 -0.97545578230072E-03
  0.12187608440235E-04  0.84371681045014E-04 -0.31635556079019E-03
  0.40691995165014E-05  0.45436262749583E-04 -0.97771361896887E-03
  0.23758980085529E-04  0.10571174037179E-03 -0.33836878487295E-03
  0.11236574534340E-05  0.46036412472386E-04 -0.98032527033050E-03
  0.35247068172493E-04  0.90500029514390E-04 -0.30999700684472E-03
 -0.25643314777448E-05  0.43922607543731E-04 -0.98281513658283E-03
  0.41860637213183E-04  0.59130569332574E-04 -0.24707683236861E-03
 -0.58745339287425E-05  0.39520736040800E-04 -0.98464534478757E-03
  0.43729204228114E-04  0.33077777842932E-04 -0.18333822267281E-03
 -0.77539097210370E-05  0.33517955528310E-04 -0.98612939252716E-03
  0.40919110563941E-04  0.16800861670428E-04 -0.13218701338382E-03
 -0.83576501250987E-05  0.26876754137516E-04 -0.98663881098437E-03
 -0.56314600977436E-05  0.19463682919760E-04 -0.98605961111520E-03
 -0.23721120789609E-04  0.82336891868123E-04 -0.29682461466656E-03
  0.11867165619202E-04 -0.33731421219378E-04 -0.16037439618755E-03
  0.40586801973736E-04  0.82414457909621E-05 -0.16077132244197E-03
  0.35709862920944E-04 -0.91815412215659E-04 -0.55575116100372E-04
  0.18924321387464E-04 -0.35346136061606E-04 -0.99139302397272E-03
  0.39103308623687E-04 -0.10670438615601E-03 -0.90915080573157E-04
  0.13459725242887E-04 -0.41525569341553E-04 -0.99050031776602E-03
  0.37850303603908E-04 -0.11397100493732E-03 -0.11923154826075E-03
  0.65121675179271E-05 -0.46820788034114E-04 -0.98949160838613E-03
  0.30909494122221E-04 -0.11156654540594E-03 -0.13985428496902E-03
 -0.23223212182436E-05 -0.51716843554852E-04 -0.98823441933648E-03
  0.18207600895303E-04 -0.99105669822509E-04 -0.15489236116633E-03
 -0.13539678488499E-04 -0.53260092058418E-04 -0.98638376963770E-03
 -0.84767724460302E-06 -0.77579625620815E-04 -0.16899675952601E-03
 -0.24386283603244E-04 -0.51607605097340E-04 -0.98430558225607E-03
 -0.24715730899056E-04 -0.51060610644624E-04 -0.18813983929982E-03
 -0.10397257744476E-04  0.24546786915238E-04 -0.97305470694905E-03
 -0.20628584071616E-04  0.40835034101247E-04 -0.26555287501978E-03
  0.23132961299540E-04 -0.28612202808004E-04 -0.99190548972024E-03
  0.28942606360988E-04  0.11780756892722E-04 -0.98300141473721E-03
  0.30262633469501E-04 -0.73663915582853E-04 -0.17374767046726E-04
  0.24653781293275E-04 -0.55693612800847E-04  0.18359756209390E-04
  0.30379332104849E-04  0.19591675589926E-04 -0.98496474971056E-03
  0.69717314346886E-04  0.53336424687502E-04 -0.15035025655179E-03
  0.32170074825678E-04  0.23943975888043E-04 -0.98769670180120E-03
  0.81329490379907E-04  0.73417018120210E-04 -0.12213183163137E-03
  0.35480365450397E-04  0.24365715359442E-04 -0.98990874248926E-03
  0.68412238564396E-04  0.57215007706552E-04 -0.60956678438242E-04
  0.38213506606735E-04  0.19831031324461E-04 -0.99156364350367E-03
  0.43949307410988E-04  0.21435695504486E-04  0.10616535996450E-04
  0.37781921068679E-04  0.12594601493322E-04 -0.99299114926803E-03
  0.26552147608456E-04 -0.69252630745047E-05  0.52461769546219E-04
  0.35840041924940E-04  0.37495289512675E-05 -0.99346159538551E-03
  0.20154961959719E-04 -0.24719976840697E-04  0.60831603710992E-04
  0.33400970499441E-04 -0.56006918327910E-05 -0.99333210164194E-03
  0.20566946384510E-04 -0.39599042972207E-04  0.46757247047117E-04
  0.30325698483819E-04 -0.14215587468980E-04 -0.99284151095977E-03
  0.26905306328436E-04 -0.21948543533317E-04 -0.99223568257560E-03
  0.77070267229619E-05 -0.35411063748643E-05 -0.45389377489031E-05
 -0.17805461958923E-04  0.86273159011611E-05 -0.25103546017263E-03
 -0.61574387869595E-04 -0.11718938243043E-04 -0.97534073491738E-03
 -0.43314339301432E-04 -0.36156580507121E-04 -0.97688041807923E-03
 -0.94377321696736E-04  0.86431518795132E-04 -0.25411249805350E-03
 -0.41615512305997E-04  0.34509160764226E-04 -0.98124094340818E-03
 -0.88564226226520E-04  0.12033614575460E-03 -0.31340693302110E-03
 -0.44171832286464E-04  0.36006793459587E-04 -0.97787003473350E-03
 -0.78722690351727E-04  0.12462140732040E-03 -0.33627122183796E-03
 -0.46087346970191E-04  0.32890546875967E-04 -0.97434832032401E-03
 -0.71124459537140E-04  0.95283313824853E-04 -0.32058536459576E-03
 -0.46979291244530E-04  0.25136357668995E-04 -0.97235571114293E-03
 -0.69555844237264E-04  0.52736595831648E-04 -0.30040881280424E-03
 -0.46461093842729E-04  0.13075058360584E-04 -0.97202164489453E-03
 -0.77122770775560E-04  0.11191552397756E-04 -0.29885281898464E-03
 -0.44901052985124E-04 -0.25309399247125E-05 -0.97211430641243E-03
 -0.89904160361556E-04 -0.26560892529613E-04 -0.30983959977849E-03
 -0.51793981534560E-04  0.87688275548003E-04 -0.30395184660713E-03
 -0.30196602129688E-04  0.29328919391954E-04 -0.97288185462560E-03
 -0.42764187372255E-04  0.46638133365851E-04 -0.27569232896056E-03
 -0.29818474516908E-04  0.17727867260603E-04 -0.97180892072951E-03
 -0.40394755617753E-04  0.11995966829354E-04 -0.26259210640702E-03
 -0.29238226484425E-04  0.28951255895633E-05 -0.97170011318153E-03
 -0.11335879490358E-03 -0.12159750351340E-04 -0.33314030064107E-03
 -0.10589424260399E-03 -0.46508618677367E-04 -0.31728161677951E-03
 -0.50689485029016E-04 -0.22794848087573E-04 -0.97456599540175E-03
 -0.41067493822526E-04 -0.18600296758517E-04 -0.97297380999353E-03
 -0.55783321743215E-04 -0.68326066544669E-05 -0.97335282171400E-03
 -0.11861357192421E-03 -0.26912527091505E-04 -0.34284415697089E-03
 -0.54452557664597E-04 -0.25941798539636E-04 -0.97771115842744E-03
 -0.86670562380468E-04 -0.16349976689555E-04 -0.26771452452568E-03
 -0.45467742089726E-04 -0.38331613986934E-04 -0.97992319840274E-03
 -0.54033324201978E-04 -0.27644758451369E-04 -0.21996744370375E-03
 -0.34920401838271E-04 -0.46434576785858E-04 -0.98203384446260E-03
 -0.10099256936048E-04  0.98797152240203E-05 -0.97196779373206E-03
 -0.45516848467838E-04  0.21452293667554E-04 -0.98554414347484E-03
 -0.10354452346798E-03  0.60653838397364E-04 -0.19066469107557E-03
 -0.48539993874129E-04  0.28856052171480E-04 -0.98365216012663E-03
 -0.11098416923230E-03 -0.15913493136603E-04 -0.31565872054187E-03
 -0.51857508666664E-04  0.33825467985447E-04 -0.98136740645426E-03
 -0.89402312884136E-04  0.97657321980069E-04 -0.24661788729889E-03
 -0.59041182296389E-04  0.83773864777725E-05 -0.97251945817609E-03
 -0.10936964547883E-03  0.17279330324468E-05 -0.33846189201966E-03
 -0.59604482935069E-04  0.21552073966741E-04 -0.97305504583306E-03
 -0.73698770980904E-04  0.86930774245925E-04 -0.31873576144547E-03
 -0.90559090947377E-04  0.41006658847655E-04 -0.32266992241904E-03
 -0.67029481660583E-04  0.12215569928943E-03 -0.32229727534241E-03
 -0.55200365639965E-04  0.34683218362084E-04 -0.97847849019613E-03
 -0.73355601645033E-04  0.12646390336092E-03 -0.30178756329062E-03
 -0.58148388598832E-04  0.30520637522818E-04 -0.97513393762168E-03
  0.21242336309943E-04  0.70881168515201E-05  0.15536060006934E-03
  0.14457442639995E-06 -0.20659537006575E-04  0.13433942914183E-02
  0.20005451754988E-04  0.91393344688683E-05  0.14710514967696E-03
  0.68550352599796E-05 -0.90651735816153E-05  0.13480711235287E-02
  0.17714107113979E-04  0.10706793320611E-04  0.14345522011242E-03
  0.12577616961269E-04  0.21303317660083E-05  0.13514102951532E-02
  0.22464660461853E-04  0.20712962557822E-04  0.13530231873774E-02
  0.17878370934888E-04  0.12863277011509E-04  0.13532358387609E-02
  0.12462280460866E-04  0.16738705711091E-04  0.14045167632294E-03
 -0.69927181315856E-05 -0.31590914717538E-04  0.13380360936043E-02
  0.83263050319571E-05  0.21328623058499E-04  0.14746119221731E-03
  0.25721523915450E-04  0.23760650826103E-04  0.13504484685341E-02
  0.41010126654624E-05  0.27690239117424E-04  0.17238021694123E-03
  0.15392175320969E-04  0.13266221794266E-04  0.14102026978782E-03
  0.21652630402716E-04  0.32011912842768E-05  0.17089667279036E-03
  0.72411808735151E-05 -0.42091118373942E-04  0.28612839951972E-03
  0.20202661445268E-04 -0.48603621105432E-05  0.19656385512460E-03
  0.27264580153674E-04  0.21448832460115E-04  0.13456462312198E-02
  0.83004356728946E-04  0.17691610622104E-03  0.44230884226232E-03
  0.15775320823106E-04  0.73504068285580E-04  0.12680958346386E-02
  0.83198885795323E-04  0.14169048994506E-03  0.41214162222196E-03
  0.18399669406227E-04  0.54942289176786E-04  0.12553366422195E-02
  0.75111310118089E-04  0.79478556675202E-04  0.35405659604678E-03
 -0.14762572409157E-04 -0.39973739171714E-04  0.13312583559041E-02
  0.20453042654094E-04  0.33671734447349E-04  0.12457899207020E-02
  0.22027343126774E-04  0.12004851242006E-04  0.12414844503819E-02
 -0.11334939075139E-04 -0.67909580022668E-04  0.34500085054546E-03
 -0.32464393563350E-04 -0.46962127307551E-04  0.13005320230747E-02
 -0.27346831052426E-04 -0.47345218780667E-04  0.13127407857706E-02
  0.16337975412690E-04 -0.20017465436387E-04  0.23524281831235E-03
 -0.21461783766054E-04 -0.45453372902843E-04  0.13229882499821E-02
  0.65832167257121E-04  0.18687793190401E-04  0.31979863650686E-03
  0.27037939598985E-05  0.36197065850154E-04  0.22428645166299E-03
  0.67577593619364E-05  0.35775986773478E-04  0.13532685206184E-02
  0.62353513933129E-06  0.37099098553327E-04  0.28750771908279E-03
  0.90210390145461E-05  0.22146730556580E-04  0.13562421451356E-02
  0.94263791678993E-05  0.31376007365401E-04  0.15097760815099E-03
  0.13036093417820E-04  0.86768636829344E-04  0.12819344657669E-02
  0.10089472385605E-04  0.40145118554506E-04  0.15633795603174E-03
  0.54857781334313E-05  0.48957801844519E-04  0.13484896970502E-02
  0.10917477880092E-04  0.50176746004086E-04  0.16656762038226E-03
  0.90091140350278E-05  0.22419830556361E-04  0.14910382843094E-03
  0.50210709100358E-05  0.61191223702460E-04  0.13421080636008E-02
  0.53353152156145E-05  0.72083067618398E-04  0.13343162099402E-02
  0.17292344444626E-04  0.79166988004313E-04  0.21115879132894E-03
  0.68423260396988E-05  0.81176363614299E-04  0.13250758010120E-02
  0.24018867939442E-04  0.10147021704511E-03  0.25288095734951E-03
  0.94236240641903E-05  0.87916418452797E-04  0.13148477774418E-02
  0.35737211575203E-04  0.12914045372415E-03  0.30957771136454E-03
  0.13143969829374E-04  0.62816359536784E-04  0.18373432456180E-03
  0.26627991156090E-04  0.13998794101600E-04  0.13393754008839E-02
  0.12100660300703E-04  0.89082088881600E-05  0.13569878583838E-02
  0.16050997540003E-04 -0.32202413346050E-05  0.13550277577135E-02
  0.25403677634155E-04  0.28648919000648E-05  0.13333452881534E-02
 -0.11575611561485E-04  0.13536859921610E-04  0.33230615232194E-03
  0.24413142779577E-04 -0.98072214680630E-05  0.13291167982353E-02
 -0.32507819709947E-04 -0.30730547860818E-04  0.34441873996296E-03
  0.23049978556773E-04 -0.20272860184722E-04  0.13277765476744E-02
 -0.45176759627541E-04 -0.62980404980758E-04  0.32117492990816E-03
  0.75164679521755E-05  0.12408972793879E-04  0.14964669863908E-03
  0.21945470985538E-04 -0.27223144144621E-04  0.13303534302962E-02
  0.21577286880874E-04 -0.28854221914723E-04  0.13358106080875E-02
 -0.21334622803255E-04 -0.40068751638755E-04  0.20759894191346E-03
  0.21220724934856E-04 -0.23649027247097E-04  0.13429839209578E-02
 -0.57950434932634E-05 -0.17358820073824E-04  0.17093367936938E-03
  0.19256129148217E-04 -0.14202551737046E-04  0.13501015153804E-02
  0.32560669034043E-05 -0.23794265252836E-06  0.15491664706433E-03
 -0.38697671486007E-04 -0.61950391700565E-04  0.26643152168537E-03
  0.74495944021921E-04  0.16838235354413E-03  0.41345694624127E-03
 -0.10013029428491E-04 -0.32404601387491E-04  0.19136094902065E-03
  0.62662172993532E-04  0.13294658806866E-03  0.34502928177703E-03
 -0.19562251266012E-04 -0.30459954178846E-04  0.13314875377443E-02
  0.27686918008866E-04  0.65009596868716E-05  0.19669164264145E-03
 -0.88295574315782E-05 -0.21677727220467E-04  0.13372197464606E-02
  0.27310740921383E-04  0.10657445958898E-04  0.17654235703755E-03
  0.19108698914571E-05 -0.11424641709354E-04  0.13424327362879E-02
  0.26411892311702E-04  0.12680013468743E-04  0.16271866041077E-03
  0.26548211532833E-04 -0.26213970367991E-06  0.22622608612542E-03
  0.11748858290140E-04 -0.98824223701748E-06  0.13464165392052E-02
  0.21007998315162E-04  0.94238764819721E-05  0.13492951642973E-02
  0.21041409761901E-04  0.15162657484574E-04  0.14566903600630E-03
  0.29179472118456E-04  0.18209339657947E-04  0.13508239342187E-02
  0.16088171935116E-04  0.17880194294690E-04  0.14317749945705E-03
  0.35798757683112E-04  0.23541773120983E-04  0.13502832191534E-02
  0.10304802775530E-04  0.22163386760860E-04  0.15212643090049E-03
  0.24419992140786E-04  0.13787350575082E-04  0.15295350825755E-03
  0.41197637407667E-04  0.23611345971671E-04  0.13473136488685E-02
 -0.29259809146619E-04 -0.37115076397075E-04  0.13253525946885E-02
 -0.37362135043841E-04 -0.41000228769598E-04  0.13184046650998E-02
  0.12716147363627E-04  0.90417838941934E-04  0.13237103502666E-02
  0.69150581273815E-04  0.68429072115735E-04  0.27618746068414E-03
  0.88406158855624E-05  0.96006882675594E-04  0.13137922747891E-02
  0.71067303339700E-04  0.96353507169846E-04  0.32906263629726E-03
  0.54814604589475E-05  0.97071220940717E-04  0.13022182437907E-02
  0.66094210250888E-04  0.13301062812080E-03  0.38894878976223E-03
  0.22777372018175E-04 -0.97999058673636E-05  0.26247264326138E-03
  0.21014927696437E-05  0.92588424199900E-04  0.12888292948058E-02
 -0.44074693471499E-06  0.82944621630809E-04  0.12744774179700E-02
  0.34114311339400E-04  0.16629683044422E-03  0.43125885930795E-03
 -0.16568082535931E-05  0.67085828585861E-04  0.12603236809093E-02
  0.17535214560651E-04  0.12145612690373E-03  0.37547313567458E-03
 -0.17308715728437E-05  0.46557662313920E-04  0.12482990735436E-02
  0.12949565923673E-04 -0.20436545909155E-04  0.30114058759901E-03
  0.52448437992775E-04  0.16623241281884E-03  0.43466792348829E-03
  0.68773692193812E-05  0.28954337066930E-04  0.18497741277180E-03
  0.43712236972058E-04  0.18409962465394E-04  0.13420720282356E-02
  0.72272625152745E-05  0.36392834350880E-04  0.24572915633791E-03
  0.20363642071184E-04  0.19453024494090E-04  0.14967233859336E-03
  0.19803855438687E-04  0.30699077819184E-04  0.13551786089842E-02
  0.23587877270228E-04  0.26264314015971E-04  0.15314193137507E-03
  0.16126538793854E-04  0.44986818156977E-04  0.13514245820763E-02
  0.27297670045195E-04  0.33344422436000E-04  0.16019735160430E-03
  0.13168594113741E-04  0.58923218894214E-04  0.13459221328727E-02
  0.23923781859432E-04  0.16581205896535E-04  0.13568299168584E-02
  0.31693632234383E-04  0.41902062072669E-04  0.17235920941469E-03
  0.36386343271403E-04  0.53545952251277E-04  0.19213109687062E-03
  0.10071886858516E-04  0.81945997243109E-04  0.13302810060644E-02
  0.42542028986580E-04  0.71051211216792E-04  0.22470399125568E-03
  0.92082551655712E-05  0.90067172556574E-04  0.13198519997700E-02
  0.51345403534845E-04  0.96944503552666E-04  0.27558639270395E-03
  0.95862791741726E-05  0.94062471663642E-04  0.13080204764314E-02
  0.11390082443735E-04  0.71501224485475E-04  0.13388443353768E-02
  0.16796338107422E-04  0.11696258287732E-04  0.14899302308008E-03
  0.28203383410313E-04  0.33096137987357E-05  0.13560707575754E-02
  0.11709037624149E-04  0.17224846171268E-05  0.15190011495892E-03
  0.43851257410480E-04  0.89645061928521E-05  0.13359828803114E-02
  0.38891775563017E-05  0.29877322373559E-04  0.30725298068437E-03
  0.43064308394686E-04 -0.32232617491615E-05  0.13308006719818E-02
 -0.12286573892584E-04 -0.37704450176939E-05  0.34164276568283E-03
  0.42332212809773E-04 -0.15926483719402E-04  0.13277336141696E-02
 -0.32185317797566E-04 -0.47637402720504E-04  0.34102795615656E-03
  0.40544024414877E-04 -0.25600433420046E-04  0.13282568112889E-02
 -0.38573229529517E-04 -0.67648266378078E-04  0.30444449152513E-03
  0.38818326397826E-04 -0.30286595095972E-04  0.13321005942217E-02
 -0.27386009045894E-04 -0.55916782742586E-04  0.24433267411968E-03
  0.37637766207208E-04 -0.28427556853346E-04  0.13382015365052E-02
  0.14160995309382E-04  0.90955110032789E-04  0.13036145202704E-02
  0.35571154494126E-04 -0.20434950266780E-04  0.13455468872714E-02
  0.34480359619286E-05 -0.12483018880986E-04  0.16291161054125E-03
  0.32353041111192E-04 -0.92219742889367E-05  0.13522243797293E-02
  0.10767671554242E-04  0.93535831289878E-04  0.12953317395156E-02
  0.56397390968644E-04  0.15459419997821E-03  0.37340027949811E-03
  0.13504512309360E-04  0.30646495670335E-05  0.14445412073978E-03
  0.86318530299505E-04  0.16251450539597E-03  0.42301143833857E-03
  0.56219275917657E-05 -0.83935152881763E-05  0.17702145726852E-03
  0.78902353970828E-05 -0.25834393602818E-04  0.13378000566618E-02
  0.61200618088739E-05 -0.42087319465421E-05  0.16032045610944E-03
  0.65007534146627E-05 -0.15028503774233E-04  0.13436093409809E-02
  0.68103606187329E-05 -0.27911249271317E-06  0.14898859114103E-03
  0.41381828844713E-05 -0.35023937410418E-05  0.13482850001325E-02
  0.82292076706491E-05 -0.35575063706635E-04  0.13310383842215E-02
  0.77634572887851E-05  0.41852194213429E-05  0.14183290031525E-03
  0.80778976604969E-05  0.90041928528026E-05  0.13807311149339E-03
 -0.70353827688575E-06  0.18863418749680E-04  0.13527088521153E-02
  0.58866765860442E-05  0.14620145210161E-04  0.13883488891128E-03
 -0.27515992141644E-05  0.26685194772025E-04  0.13522177946451E-02
  0.14326197199851E-05  0.21736396736815E-04  0.15002839783766E-03
 -0.36879106345655E-05  0.29255066205574E-04  0.13494594333436E-02
  0.15231760564080E-05  0.81227691127352E-05  0.13512415214366E-02
 -0.30116956628496E-05  0.30848723072949E-04  0.18222204250435E-03
  0.43492720017851E-05 -0.15416622108062E-04  0.20194925136951E-03
  0.68333611797299E-06 -0.28527252819248E-04  0.23848787736676E-03
  0.11327897278639E-03  0.10814303889337E-03  0.41787662996649E-03
  0.48730672322337E-04  0.63559585070952E-04  0.12817728321646E-02
  0.15550115383254E-03  0.79243799725713E-04  0.43667868000020E-03
  0.57035158188894E-04  0.45944458658260E-04  0.12722626243359E-02
 -0.12891253364593E-04 -0.11270273142494E-03  0.40076672700223E-03
 -0.24407710315853E-06 -0.31042721149278E-04  0.12523084264970E-02
  0.74396395806969E-05 -0.43387418243165E-04  0.13223428693034E-02
 -0.20033784995388E-04 -0.14241972859920E-03  0.44301049315447E-03
 -0.21395230616276E-04 -0.12593127207959E-03  0.42289297006871E-03
  0.44981355696967E-05 -0.49063414178680E-04  0.12815039250139E-02
 -0.15292800407465E-04 -0.86033867571794E-04  0.35847867060831E-03
  0.62371491363314E-05 -0.51209999552547E-04  0.12970434980244E-02
 -0.63323307163262E-05 -0.51014001534985E-04  0.29097610388364E-03
  0.68991372956450E-05 -0.48698437683158E-04  0.13109975918925E-02
  0.22345116566530E-05 -0.41933061136356E-04  0.12659802317554E-02
  0.37431430046739E-04  0.76453978985922E-04  0.12923157425728E-02
 -0.46997120359056E-05  0.25868482100695E-04  0.13448114314085E-02
 -0.73628140936501E-05  0.17149586176094E-04  0.13387589586650E-02
 -0.10313470838843E-04  0.45939012951895E-04  0.17077172215591E-03
 -0.15801316279255E-04  0.15405012472835E-04  0.13487359992379E-02
 -0.12913489426186E-04  0.61037163924571E-04  0.18600677852729E-03
 -0.15896736708409E-04  0.27244129423681E-04  0.13444713532832E-02
 -0.15057559577835E-04  0.76307002868047E-04  0.20705336138636E-03
 -0.13755755823732E-04  0.39101646897543E-04  0.13391047665291E-02
 -0.15146044210935E-04  0.43936836259084E-05  0.13510480591333E-02
 -0.16247778062679E-04  0.91815479262028E-04  0.23391195114585E-03
 -0.14376123840896E-04  0.10521616571534E-03  0.26509121095129E-03
 -0.41674604602655E-05  0.61304684855861E-04  0.13276021349740E-02
 -0.76279593332723E-05  0.11383423039012E-03  0.29692868070405E-03
  0.38763029985316E-05  0.69585457217517E-04  0.13224689429904E-02
  0.63272428229807E-05  0.11448207856982E-03  0.32498080614347E-03
  0.14389893242867E-04  0.74915928901810E-04  0.13173887845172E-02
 -0.99421301915455E-05  0.50765896000815E-04  0.13331786030926E-02
 -0.60450475505029E-05  0.40800829866963E-04  0.23929719804758E-03
 -0.81933229881016E-05  0.31016294857206E-04  0.16066078354129E-03
 -0.81518059219677E-05  0.14847416304087E-04  0.15760852017068E-03
 -0.12732688884409E-04  0.37816010021042E-04  0.30015285279695E-03
 -0.10352992986177E-04  0.47705206845979E-05  0.13328437451074E-02
 -0.29555680130410E-04  0.74557681667229E-05  0.33798374219683E-03
 -0.12301836421303E-04 -0.82313433149748E-05  0.13287811796494E-02
 -0.50801819587501E-04 -0.37749582859945E-04  0.34230701159157E-03
 -0.13330476599218E-04 -0.19404423779352E-04  0.13278378535976E-02
 -0.13948391699792E-04 -0.58306700760491E-05  0.13509477548532E-02
 -0.58814293918169E-04 -0.62823269757666E-04  0.30960499882789E-03
 -0.46007537430004E-04 -0.53015075204538E-04  0.24943137714450E-03
 -0.12573595575021E-04 -0.27807690266445E-04  0.13351669886705E-02
 -0.25698560167664E-04 -0.27360177311922E-04  0.19470712898779E-03
 -0.11696004893259E-04 -0.23100141501182E-04  0.13415032256958E-02
 -0.12591493243765E-04 -0.39825350414158E-05  0.16620340861524E-03
 -0.12655469587809E-04 -0.15133318148347E-04  0.13475972889904E-02
 -0.13660041830199E-04 -0.26561028482578E-04  0.13304070800047E-02
  0.21694590662300E-04  0.87445768877753E-04  0.12918273390032E-02
  0.69270793218037E-04  0.12714103524313E-03  0.38714941281058E-03
  0.35661163358431E-04  0.13224876212586E-03  0.34997641133062E-03
 -0.12866892855496E-05 -0.36148836123403E-04  0.13359686484181E-02
  0.14018333102398E-04  0.46903350393220E-06  0.15254000604446E-03
  0.23229082561944E-05 -0.25800239132261E-04  0.13422094133944E-02
  0.64430584649380E-04  0.49856721199524E-04  0.23480686269237E-03
  0.49863647425959E-05 -0.14616426353086E-04  0.13474452343796E-02
  0.12451775200904E-04  0.60753887741405E-05  0.14051487902393E-03
  0.13546378735813E-04 -0.44706172892676E-05  0.16857948544159E-03
  0.66257759385312E-05 -0.25344282591484E-05  0.13511265877019E-02
  0.82926243761957E-05  0.88902040487214E-05  0.13530549301348E-02
  0.99982092139232E-05  0.13611886129479E-04  0.13765912791967E-03
  0.94546898396170E-05  0.18724491507724E-04  0.13537239773605E-02
  0.66097718958128E-05  0.18715106803129E-04  0.14313993018058E-03
  0.10332693512061E-04  0.24502072862347E-04  0.13523970216016E-02
  0.19881413507814E-05  0.25402920578438E-04  0.16143709482081E-03
  0.11509141620785E-04  0.96915377032511E-05  0.13830212785873E-03
  0.10843463604265E-04  0.24696410802077E-04  0.13485340708290E-02
 -0.56560681873584E-05 -0.43826121019021E-04  0.13278470027848E-02
 -0.97563253398498E-05 -0.48838770852142E-04  0.13176762732209E-02
  0.29556622900176E-04  0.77337910163129E-04  0.12793848309547E-02
  0.11717361609478E-03  0.14030475829343E-03  0.43737208605701E-03
  0.36113280389720E-04  0.60687860858959E-04  0.12673083360112E-02
  0.13499951998658E-03  0.92056410815939E-04  0.41636560262763E-03
  0.40077608029962E-04  0.40993192007917E-04  0.12571886754575E-02
  0.13463381708479E-03  0.35209389772963E-04  0.38736194651136E-03
  0.11234604093349E-04 -0.14146773700631E-04  0.19621977064993E-03
  0.43349907451844E-04  0.19695032448303E-04  0.12510089046277E-02
 -0.19249465488517E-04 -0.44545967890981E-04  0.12750306887234E-02
 -0.26229830540623E-04 -0.10353597652535E-03  0.38268067480280E-03
 -0.16067191413967E-04 -0.49579791587984E-04  0.12904684721702E-02
 -0.68834048772433E-05 -0.64711018826823E-04  0.30668792964769E-03
 -0.12929328964279E-04 -0.50835737236078E-04  0.13050675095595E-02
  0.51670190691842E-05 -0.33017222433261E-04  0.24055128407736E-03
 -0.50290043329116E-04 -0.12891552140866E-03  0.43663901380230E-03
  0.25139191812371E-04  0.83560279266897E-04  0.13026126328322E-02
 -0.61948768856862E-06  0.34478358765788E-04  0.20329502128525E-03
 -0.23709830082237E-05  0.40846536975131E-04  0.26549034630838E-03
 -0.26424776948829E-05  0.13229130051482E-04  0.13547845623692E-02
 -0.72685915321841E-06  0.38019535822884E-04  0.15761794053419E-03
 -0.43821960975910E-05  0.25709244774677E-04  0.13521473373027E-02
 -0.22448716308113E-05  0.49366277152606E-04  0.16555139458363E-03
 -0.47941452569650E-05  0.38385869504553E-04  0.13476963456420E-02
 -0.34655617802226E-05  0.62192566355136E-04  0.17911365103292E-03
  0.10601683539563E-06  0.26531215944880E-04  0.15339025807719E-03
 -0.39336519691860E-05  0.50617094981172E-04  0.13416654270965E-02
 -0.19606849522226E-05  0.92607114191291E-04  0.22950863174523E-03
  0.25526322814067E-05  0.71792213981265E-04  0.13273727145001E-02
  0.32520006483475E-05  0.10965327416229E-03  0.26710168594834E-03
  0.78307117300120E-05  0.79712247665507E-04  0.13198120679732E-02
  0.14905977186492E-04  0.12470942192901E-03  0.30884934544749E-03
  0.14992929955937E-04  0.84125914845820E-04  0.13117286065439E-02
 -0.36876649714004E-05  0.76296306007075E-04  0.19997850301098E-03
  0.10231285550911E-04  0.19198851468211E-04  0.13426563826886E-02
 -0.14832289965040E-06  0.14812023456209E-05  0.13550648798316E-02
  0.24510864933433E-05 -0.91415389727293E-05  0.13522306496613E-02
  0.82648126383771E-05  0.91011469466315E-05  0.13361633367851E-02
 -0.11314569156837E-04  0.27582076032082E-04  0.31944542230300E-03
  0.61587478482506E-05 -0.32571295196688E-05  0.13308483879826E-02
 -0.31253792499071E-04 -0.11924934148104E-04  0.34377673822308E-03
  0.47902210549335E-05 -0.15039050371159E-04  0.13279914526320E-02
 -0.49002057223255E-04 -0.53268496542505E-04  0.33383160004651E-03
 -0.54975465948954E-06  0.13529152392451E-04  0.15250442140676E-03
  0.37338289075013E-05 -0.24037797782796E-04  0.13289454257294E-02
  0.37381448740565E-05 -0.28360584794979E-04  0.13331631079741E-02
 -0.32624481846580E-04 -0.47103452479915E-04  0.22643041398501E-03
  0.46100576029189E-05 -0.25961727733878E-04  0.13392569855568E-02
 -0.15164070884161E-04 -0.22548745776047E-04  0.18079094867843E-03
  0.43781881738584E-05 -0.18494402547597E-04  0.13463375223436E-02
 -0.46813307330504E-05 -0.21670497639542E-05  0.15918420780084E-03
 -0.49001654597776E-04 -0.64684135460591E-04  0.28833831119380E-03
  0.16025446460516E-04  0.81115110957475E-04  0.13321092104516E-02
 -0.11883341639577E-04 -0.23104057554356E-04  0.34715742527440E-03
  0.19648603675963E-04  0.68421254608309E-04  0.13395068261829E-02
  0.10518769848232E-03 -0.90914947313644E-05  0.26514716253822E-03
  0.67284566929220E-04  0.10199550457994E-04  0.13303807709038E-02
  0.11249105424931E-03 -0.66710816854316E-05  0.29905211500147E-03
  0.58126097782828E-04  0.24320228899607E-04  0.13286750973792E-02
  0.10618314158244E-03 -0.46107682238972E-05  0.32617604143209E-03
  0.47088912656269E-04  0.38019781612944E-04  0.13269742428815E-02
  0.74644045275568E-04 -0.22561751775423E-05  0.13314538296917E-02
  0.86150935749542E-04 -0.98524565663265E-06  0.34250083520787E-03
  0.41745224340810E-04  0.30493686499321E-04  0.31554628172452E-03
  0.20215923123199E-04  0.41624446865795E-04  0.13267243279372E-02
  0.49951471256285E-04  0.21812269763864E-04  0.28602023982693E-03
  0.35791885326712E-04  0.44694604885691E-04  0.13283029172445E-02
  0.51570557021635E-04  0.19301655610177E-04  0.24929270762277E-03
  0.51244630342658E-04  0.43833320781451E-04  0.13293552226163E-02
  0.34847043962689E-04  0.50671296809111E-04  0.13253344326640E-02
  0.48325254390040E-04  0.20697652304997E-04  0.21632510302839E-03
  0.88924528602026E-04 -0.12838089377482E-04  0.23211801813691E-03
  0.70220810947553E-04 -0.20893991955158E-04  0.21169190569132E-03
  0.84574100173619E-04  0.35919229778377E-04  0.29226467549133E-03
  0.88464897983171E-04  0.14779701543567E-04  0.13077410643940E-02
  0.86465267780599E-04  0.29403677187017E-04  0.33552545460728E-03
  0.91436491337195E-04 -0.83857276643955E-06  0.13046204405710E-02
  0.69076428673794E-04 -0.87844491928532E-05  0.35998666307424E-03
  0.92762426896745E-04 -0.14077324763059E-04  0.13044516993911E-02
  0.80753877758520E-04 -0.12792547721192E-04  0.13305002512855E-02
  0.45344048282304E-04 -0.56621729096061E-04  0.35496282466391E-03
  0.34663214482480E-04 -0.74908320330168E-04  0.31585635334300E-03
  0.90669844485120E-04 -0.28660032577244E-04  0.13136919903326E-02
  0.39618116660721E-04 -0.59438951793277E-04  0.25737477476814E-03
  0.88827679657065E-04 -0.27905040368963E-04  0.13201772914467E-02
  0.52938109411376E-04 -0.36564406038622E-04  0.21672192028053E-03
  0.85506427653961E-04 -0.21758754054501E-04  0.13263915379110E-02
  0.92165331987321E-04 -0.23550115030515E-04  0.13079246915450E-02
  0.81619435533255E-04  0.29573452952839E-04  0.13126849557592E-02
  0.65554822157815E-04  0.38456170635766E-04  0.13285296633384E-02
  0.77685181255081E-04  0.28475503460414E-04  0.13251980650714E-02
  0.74878167070740E-04 -0.29463382658880E-05  0.20452637083100E-03
  0.65529074014800E-04  0.10023465465382E-04  0.13377484452409E-02
  0.92493464091467E-04  0.20723924417548E-06  0.23555354392654E-03
  0.58913753476749E-04  0.24658145822085E-04  0.13350167011892E-02
  0.10549654175083E-03  0.25715949202230E-05  0.27073521117139E-03
  0.50797903265680E-04  0.39509152957381E-04  0.13320592904613E-02
  0.71843946708684E-04 -0.34137939379137E-05  0.13387934025425E-02
  0.10820580638158E-03  0.62907608648504E-05  0.30298892412421E-03
  0.97910346624400E-04  0.10769150692976E-04  0.32661896274926E-03
  0.30258636312966E-04  0.65643700035183E-04  0.13257014481663E-02
  0.75339473883709E-04  0.16365794592085E-04  0.34112191117105E-03
  0.18031866702988E-04  0.76314686858295E-04  0.13225559445664E-02
  0.36829655806663E-04  0.23345381402173E-04  0.31518332835015E-03
  0.81480054519729E-06  0.20831220315842E-04  0.13278875485032E-02
  0.41241271728883E-04  0.53353072684513E-04  0.13288111760054E-02
  0.45803363409042E-04  0.24810445285748E-04  0.20556780541610E-03
  0.56788751961770E-04 -0.92778775988486E-05  0.18544494404779E-03
  0.40008920509135E-04 -0.21343865416829E-04  0.18467857540909E-03
  0.49712648119626E-04  0.31543918196636E-04  0.23344420892505E-03
  0.85559734687195E-04  0.15654171810406E-04  0.13205085064278E-02
  0.56237432415820E-04  0.33929080609746E-04  0.29061256007213E-03
  0.88640166013518E-04  0.12505041678648E-05  0.13164721194077E-02
  0.49163589147789E-04  0.10957342930348E-04  0.33707587038898E-03
  0.89973801126920E-04 -0.12177625283189E-04  0.13142572097387E-02
  0.77797494033128E-04 -0.14858455894846E-04  0.13364354818735E-02
  0.28661339880937E-04 -0.35384437879023E-04  0.35056751552567E-03
  0.13201671932984E-04 -0.67783833977737E-04  0.32619317952309E-03
  0.88438063532153E-04 -0.28735059960019E-04  0.13189642862566E-02
  0.13852236863935E-04 -0.64069805406828E-04  0.26976275334497E-03
  0.86177133375088E-04 -0.29704680689184E-04  0.13246931053683E-02
  0.25020454348030E-04 -0.41184590215175E-04  0.21259142185582E-03
  0.82878240647038E-04 -0.24374949942443E-04  0.13310055788651E-02
  0.90001038734308E-04 -0.22491807312763E-04  0.13150466512375E-02
  0.45189617447944E-04  0.16342802186548E-04  0.28692482147262E-03
  0.73791846956072E-04  0.28270855025330E-04  0.25946242194675E-03
  0.67247242218308E-04  0.24022353254290E-04  0.26182207004686E-03
  0.13296673701604E-03  0.51958223743611E-04  0.39387955473244E-03
  0.67309142281117E-04  0.47639958995066E-04  0.12885094527219E-02
  0.16414294793840E-03  0.42500733406720E-04  0.41618017348783E-03
  0.75530221063744E-04  0.29840312471401E-04  0.12819954629374E-02
  0.16936801142514E-03  0.23900993366861E-04  0.42532584528910E-03
  0.79612960169781E-04  0.10314417248766E-04  0.12779229481833E-02
  0.67757958994142E-04 -0.38076398828751E-04  0.12918802965553E-02
  0.14783744754065E-03 -0.22506545934318E-04  0.42280174848142E-03
  0.11923759894619E-03 -0.79613290949496E-04  0.41672854798056E-03
  0.81278135846047E-04 -0.19018104867193E-04  0.12815921548427E-02
  0.10321617382402E-03 -0.10743098182357E-03  0.39572872654329E-03
  0.80396443516417E-04 -0.29028668523557E-04  0.12893184879864E-02
  0.10303800736259E-03 -0.93801029262678E-04  0.35161385598006E-03
  0.80612646898631E-04 -0.33606246943220E-04  0.12980968946751E-02
  0.81244337588103E-04 -0.63414516656377E-05  0.12773509533792E-02
  0.10956920326912E-03 -0.65974625547723E-04  0.31489858455198E-03
  0.12086978109421E-03 -0.10126333986285E-03  0.38699204222646E-03
  0.12656461768232E-03 -0.12598441368518E-03  0.42442173578992E-03
  0.12543539688025E-03 -0.25006468453937E-04  0.38077713721343E-03
  0.45803211560910E-04 -0.78280226207263E-06  0.12500743284535E-02
  0.11854095275352E-03 -0.87550923324827E-04  0.40587781930230E-03
  0.46924740172178E-04 -0.18468719076921E-04  0.12545631365039E-02
  0.11390502589831E-03 -0.13075296963187E-03  0.43621006067500E-03
  0.47717905211195E-04 -0.31977476929988E-04  0.12638451186750E-02
  0.66751498846973E-04 -0.34866285107727E-04  0.12811074541888E-02
  0.17641732221250E-03  0.45061475474586E-04  0.43788813067871E-03
  0.16975123292751E-03 -0.15947605571764E-05  0.42927989219293E-03
  0.64894177710395E-04  0.50464016683697E-05  0.12627416598849E-02
  0.14998868851531E-03 -0.63226581758181E-04  0.42990447315634E-03
  0.66418261776884E-04 -0.11906336789816E-04  0.12647970843873E-02
  0.13400974683487E-03 -0.11439871832817E-03  0.43772030950116E-03
  0.66513929549600E-04 -0.25327564348258E-04  0.12714462605378E-02
  0.61986996789325E-04  0.25641514140416E-04  0.12655631053259E-02
  0.69671557318422E-04  0.42125203175096E-04  0.13178697655759E-02
  0.80083123838668E-04 -0.31343716565695E-04  0.13066396764232E-02
  0.76733928129519E-04 -0.25630001917606E-04  0.13143334566467E-02
  0.73963029195983E-04 -0.59836672436314E-04  0.27130474337780E-03
  0.86767600147447E-04 -0.28306159433104E-04  0.13135290931359E-02
  0.88789936831516E-04 -0.39450366437279E-04  0.25285398352874E-03
  0.83579288771121E-04 -0.22533495967166E-04  0.13199248974895E-02
  0.10400342786217E-03 -0.27465082683342E-04  0.26754592804833E-03
  0.78817780642715E-04 -0.14336121913911E-04  0.13240271885895E-02
  0.87920737684879E-04 -0.29704328519710E-04  0.13063648126747E-02
  0.11248074448075E-03 -0.21149909385649E-04  0.29538896482145E-03
  0.10874473830706E-03 -0.16898275759690E-04  0.32192313341511E-03
  0.62599825314410E-04  0.79503330083823E-05  0.13255614050419E-02
  0.51824773385821E-04  0.36762799630965E-04  0.31536313035498E-03
  0.38991869244987E-04  0.55130399051103E-04  0.13222503929611E-02
  0.61896547959048E-04  0.26768222471257E-04  0.28732206359107E-03
  0.54801820000495E-04  0.51030412782914E-04  0.13210768315458E-02
  0.71978511530890E-04 -0.42942177345205E-05  0.13255556719509E-02
  0.11433116827254E-03 -0.46715225672126E-04  0.31009404057318E-03
  0.65072207454641E-04 -0.83203661320805E-04  0.32130104494719E-03
  0.70296024915200E-04 -0.81185774728977E-04  0.36734538024194E-03
  0.11027204485743E-03 -0.34952687214388E-04  0.32411982648624E-03
  0.70642460436590E-04 -0.17610913131342E-04  0.13194890159701E-02
  0.75424610374964E-04  0.41522614132341E-04  0.32907715032285E-03
  0.56427817053900E-04  0.57504779272799E-04  0.13097692201184E-02
  0.96743504062112E-04  0.32002371635641E-04  0.32439859217564E-03
  0.70972841187940E-04  0.46045418683941E-04  0.13038958860930E-02
  0.89095414432187E-04 -0.24953325203115E-04  0.12989575977077E-02
  0.11790034100073E-03  0.34172802658631E-04  0.33905585611278E-03
  0.13075504511415E-03  0.36583324048366E-04  0.36705355383630E-03
  0.87185569928552E-04  0.13550474143865E-04  0.12933369133934E-02
  0.12121055931823E-03  0.13016514435100E-04  0.38487538888355E-03
  0.89780057959853E-04 -0.29300866750286E-05  0.12910242661071E-02
  0.93588135873451E-04 -0.39175673520060E-04  0.38623334835887E-03
  0.90340473166052E-04 -0.15550462382312E-04  0.12929445089188E-02
  0.81680384302751E-04  0.31187976907714E-04  0.12979869758602E-02
  0.15860331660879E-04  0.28054350727174E-04  0.13305811972181E-02
  0.47405269082955E-04  0.14519298761790E-04  0.25247598688144E-03
  0.31003050507733E-04  0.33593528433812E-04  0.13333975418747E-02
  0.38215002799442E-05  0.97919325697612E-04  0.13095927554629E-02
  0.48727677922042E-04  0.91836731575119E-04  0.36924496094950E-03
 -0.37327740359279E-05  0.95981582809610E-04  0.12979932204743E-02
  0.16998029486604E-04  0.12593740726692E-03  0.40825570069624E-03
 -0.10632456392016E-04  0.88914329053142E-04  0.12847226422015E-02
  0.21549869559344E-04  0.31377925633788E-05  0.29846407129209E-03
  0.71050813116710E-04  0.65573844639360E-04  0.33316372486955E-03
 -0.31741493369783E-04 -0.24539155161995E-04  0.13255034908867E-02
 -0.19411576896492E-04 -0.17136072211078E-04  0.13299830176932E-02
  0.33687887656224E-04  0.80149742158849E-05  0.23865393871297E-03
 -0.68681539878089E-05 -0.86331527409199E-05  0.13346751903183E-02
  0.35670504596510E-04  0.11255585766053E-04  0.21156211185434E-03
  0.61459348965368E-05  0.36037137373241E-06  0.13390847781153E-02
  0.34863119850806E-04  0.13635881548724E-04  0.18793675204355E-03
  0.29269690980520E-04  0.44596197694927E-05  0.26869098799762E-03
  0.18281679725861E-04  0.94962389729766E-05  0.13426802374867E-02
  0.10720478247377E-04  0.94696880484030E-04  0.13183028373948E-02
  0.17648372451339E-04  0.86644725172171E-04  0.13251922536196E-02
  0.57877853573002E-04 -0.11188553632206E-04  0.13469580805962E-02
  0.27416425165176E-04 -0.41708434127183E-05  0.15729428908584E-03
  0.52325701661200E-04  0.13727579648134E-05  0.13508402612170E-02
  0.38593803169208E-04  0.44152401492036E-05  0.15951464313656E-03
  0.46692309991152E-04  0.15327648829676E-04  0.13509272212542E-02
  0.49440338227626E-04  0.10061836515591E-04  0.16936425010008E-03
  0.82300148592215E-04  0.47608837787146E-04  0.29875941613866E-03
  0.41304282088860E-04  0.30633054500359E-04  0.13482051459380E-02
  0.36122519645002E-04  0.46702627553894E-04  0.13434730291933E-02
  0.71592662190773E-04  0.20021257787081E-04  0.20787178753676E-03
  0.30839750840561E-04  0.62030316196825E-04  0.13376962623684E-02
  0.80179298896760E-04  0.26766311916519E-04  0.23491278020564E-03
  0.24288054219633E-04  0.75504596468445E-04  0.13316410497029E-02
  0.84426079586161E-04  0.35568004782911E-04  0.26567757832817E-03
  0.60552906784613E-04  0.14830195652148E-04  0.18572698602537E-03
  0.15315658001295E-04 -0.17801920135815E-04  0.16720316754493E-03
  0.31975537846181E-04  0.14846234602018E-04  0.16759264455067E-03
  0.26791945079193E-04  0.15902705335836E-04  0.15260200356694E-03
  0.51033988187351E-04 -0.26374622050691E-04  0.13397998362566E-02
  0.17629977526755E-05 -0.24927766065768E-04  0.17723700173441E-03
  0.47889680511549E-04 -0.15950946466776E-04  0.13469897756682E-02
  0.13963290462481E-04 -0.80217258660643E-05  0.15740679725078E-03
  0.43684120159019E-04 -0.36328205291065E-05  0.13526450559065E-02
  0.22466901986187E-04  0.32809228225495E-05  0.15194036517885E-03
 -0.14009170168791E-04 -0.47455032198028E-04  0.22106001166356E-03
  0.38744532722223E-04  0.95540493761475E-05  0.13548983621508E-02
  0.33321646023720E-04  0.23590168751839E-04  0.13541200796130E-02
  0.36805796117761E-04  0.17332920843676E-04  0.15892046703923E-03
  0.28560031664141E-04  0.38676910554606E-04  0.13509077043843E-02
  0.44356262420673E-04  0.22821429925354E-04  0.16862338968759E-03
  0.23983838009668E-04  0.54009817561352E-04  0.13458949375280E-02
  0.51026221602641E-04  0.29208978959874E-04  0.18340856043406E-03
  0.29761443752431E-04  0.10878723921725E-04  0.15333765134465E-03
  0.29548601746454E-04  0.18203000544799E-04  0.13453424074055E-02
  0.53375042867540E-04 -0.31695835415857E-04  0.13333884358007E-02
  0.55777580199545E-04 -0.30011771944481E-04  0.13286199300096E-02
  0.40059471643024E-04  0.24558623689708E-04  0.13470406676459E-02
  0.19536023506438E-04  0.18560980748608E-04  0.14675354548190E-03
  0.49323502906684E-04  0.26365513290511E-04  0.13466039610336E-02
  0.12909742358382E-04  0.22910000660146E-04  0.15894387198723E-03
  0.56250426685517E-04  0.22801773796853E-04  0.13433276545029E-02
  0.11193294153499E-04  0.30045131786264E-04  0.20208494511101E-03
 -0.27894298112466E-04 -0.66582974879540E-04  0.28257698497099E-03
  0.59490084158310E-04  0.14429328317745E-04  0.13377437935115E-02
  0.59838966779747E-04  0.27364877315775E-05  0.13321536887503E-02
  0.72658379651331E-05  0.18008296730638E-04  0.32527455856525E-03
  0.59223218252326E-04 -0.10387133019174E-04  0.13281316616144E-02
  0.28072880235808E-04  0.10637454801808E-03  0.34609566924465E-03
  0.57974652060287E-04 -0.21969248927291E-04  0.13266182214852E-02
 -0.28367319821055E-04 -0.60654287640522E-04  0.33181359695494E-03
  0.13771754447972E-04  0.34188864153771E-04  0.26921985861119E-03
  0.62800478979125E-04 -0.22665409539375E-04  0.13403695684198E-02
  0.10077786602949E-05 -0.37512394302157E-04  0.19897742385537E-03
  0.66225861865108E-04 -0.30689421411901E-04  0.13335251611670E-02
  0.34547128391987E-05 -0.51001810097442E-04  0.22990996037414E-03
  0.76369397440288E-04 -0.27690758974191E-04  0.13330591690438E-02
  0.17880134210343E-04 -0.27955157978781E-04  0.18387793910116E-03
  0.71727793171530E-04 -0.18753211137668E-04  0.13396715473052E-02
  0.32602947132109E-04 -0.11585699818283E-04  0.16673943579936E-03
  0.65572186539770E-04 -0.71445076548110E-05  0.13445255862991E-02
  0.79357928006431E-04 -0.31461340307253E-04  0.13268920033811E-02
  0.47036457945164E-04 -0.17547249964747E-05  0.16927587527634E-03
  0.61711172881411E-04  0.38285738131116E-05  0.18425855052089E-03
  0.54110174714181E-04  0.21400065420118E-04  0.13434898090156E-02
  0.76974001625717E-04  0.74170545681108E-05  0.20841012369731E-03
  0.48338537199272E-04  0.36974700497035E-04  0.13396236629107E-02
  0.90374285086373E-04  0.11729583646298E-04  0.23899995227565E-03
  0.41623494506804E-04  0.52020028024842E-04  0.13350471712355E-02
  0.59691140905163E-04  0.62742238029207E-05  0.13456263801251E-02
  0.98480023953679E-04  0.17085125131158E-04  0.27084994847843E-03
 -0.57586141689881E-05 -0.68687086303022E-04  0.29335485765074E-03
 -0.48806950188655E-06 -0.57088952405653E-04  0.33832630191200E-03
  0.44406273379724E-04  0.15832940970857E-04  0.21582834205109E-03
  0.45727000312430E-04  0.36118321660997E-04  0.13355346432189E-02
  0.37536953754347E-04  0.18489540266447E-04  0.18520416339514E-03
  0.59109198347557E-04  0.34828615780004E-04  0.13362491533861E-02
  0.30449717368607E-04  0.21944433751129E-04  0.17333427697074E-03
  0.70882668781984E-04  0.28522238722127E-04  0.13346800343028E-02
  0.81637600038990E-04 -0.28692538265940E-04  0.13223406335457E-02
  0.28437081451144E-04  0.27232997301552E-04  0.19558523905732E-03
  0.33927829776096E-04  0.33265639508360E-04  0.25454144330508E-03
  0.82680964717482E-04  0.49207202707711E-05  0.13258682104896E-02
  0.33715448035163E-04  0.23103016986831E-04  0.31574097170913E-03
  0.83430421858375E-04 -0.92303588084885E-05  0.13219079206585E-02
  0.18184554012378E-04 -0.15463308949196E-04  0.34612049616337E-03
  0.83351009725730E-04 -0.21024298930505E-04  0.13205310839965E-02
  0.79118776071158E-04  0.17818827622598E-04  0.13305660631553E-02
  0.33437196568125E-04  0.66288550781687E-04  0.13303337191178E-02
  0.97442280039353E-04  0.23531359740814E-04  0.29974596954893E-03
  0.24081922765272E-04  0.78300069354939E-04  0.13256817402763E-02
  0.61302582126090E-04  0.28172022851930E-04  0.13415165030355E-02
  0.17581524217279E-04  0.24434691184913E-04  0.17264302676153E-03
  0.69087503705970E-04  0.20740222634734E-04  0.13380730327936E-02
  0.19310644468814E-04  0.31343030973005E-04  0.22552801327111E-03
  0.72656730270784E-04  0.93191662908638E-05  0.13326186167866E-02
  0.22302258533465E-04  0.30385969107327E-04  0.29358955296624E-03
  0.23271701208937E-04  0.19592776443352E-04  0.15514107922616E-03
  0.73248587454255E-04 -0.37164550236995E-05  0.13278421273536E-02
  0.72746693785524E-04 -0.16686092305155E-04  0.13248505546050E-02
 -0.84633957818886E-05 -0.41642947375714E-04  0.34598114248142E-03
  0.71098072388093E-04 -0.26445025946640E-04  0.13248724983240E-02
 -0.19565209585818E-04 -0.67643079658650E-04  0.31559926321509E-03
  0.68702366739546E-04 -0.31815633165145E-04  0.13281018460987E-02
 -0.13602766349559E-04 -0.60341553845939E-04  0.25646377504567E-03
  0.11780178970793E-04  0.25753576502437E-05  0.33835824809291E-03
  0.50569238235250E-04  0.30515121022346E-04  0.13421032492991E-02
  0.31795703884710E-04  0.17321302653600E-04  0.16423362918750E-03
  0.38268425454635E-04  0.27807833845159E-04  0.13407779655463E-02
  0.84996683101744E-04  0.31094414706459E-04  0.32384632070366E-03
  0.13980342389568E-04  0.88121661024238E-04  0.13207594409380E-02
  0.61222395741627E-04  0.41845559499782E-04  0.34307692982595E-03
  0.38876418220625E-05  0.93899863230709E-04  0.13150422132196E-02
  0.27763645727260E-04  0.58413800462977E-04  0.35744939202800E-03
 -0.62095968955842E-05  0.95024623836205E-04  0.13074764213065E-02
  0.29285373874300E-04  0.15802415509717E-04  0.30839955678748E-03
 -0.17031538524787E-04 -0.23255318289996E-05  0.13277814811910E-02
  0.38338889308697E-04  0.11735671541081E-04  0.28193435402191E-03
 -0.35828392063523E-05  0.58852429000542E-05  0.13310936600140E-02
  0.43008610956258E-04  0.11416684840184E-04  0.25147319245610E-03
  0.10688071707619E-04  0.14069749351721E-04  0.13347787002807E-02
  0.42773791331864E-04  0.13088877708025E-04  0.21916398715207E-03
  0.24872619454823E-04  0.21548699330874E-04  0.13381527366610E-02
  0.38757430964871E-04  0.15243785932748E-04  0.18827003126743E-03
  0.58037977602258E-04  0.37723460984761E-04  0.20469051946145E-03
  0.26956535620932E-04  0.75645210171564E-04  0.13114963313430E-02
 -0.11740008129872E-05  0.62013096683776E-04  0.13347653933775E-02
  0.57453064065564E-04  0.89420005934374E-04  0.36115777948354E-03
 -0.21576822432835E-04  0.48787343893181E-04  0.13412327470013E-02
 -0.15424752328920E-03  0.80723314374491E-05  0.41738439188494E-03
 -0.54495178230636E-05  0.42275769062922E-05  0.17505464736025E-03
 -0.65989886952624E-04  0.17655494512887E-05  0.12816680322321E-02
 -0.97998946365624E-05  0.42047576703375E-04  0.13393797753922E-02
 -0.72851036861748E-05 -0.23991849673620E-05  0.20491743955990E-03
 -0.16317072157352E-03 -0.11487472481115E-04  0.41300563459993E-03
  0.24046666398136E-05  0.32728456180226E-04  0.13365044521542E-02
 -0.99517858361785E-05 -0.75648907688931E-05  0.24142090659768E-03
 -0.65525422494383E-04 -0.13496864203064E-04  0.12829945723213E-02
  0.14531052461226E-04  0.21786948662105E-04  0.13330275352450E-02
 -0.69906137879460E-05  0.13210613470430E-04  0.16008228728166E-03
 -0.90605242999337E-05 -0.12666881842487E-04  0.27726458326648E-03
  0.26629850590740E-04  0.10585177399394E-04  0.13292003885254E-02
 -0.63530627904365E-04 -0.24069509547067E-04  0.12875315886153E-02
  0.22893323714397E-06 -0.17805825048209E-04  0.30632211031238E-03
  0.37300456037302E-04 -0.12058770098862E-05  0.13254339396978E-02
  0.18034869870266E-04 -0.23787758605786E-04  0.32724923111215E-03
 -0.10627314828613E-03  0.11790191019220E-04  0.37311572684921E-03
  0.46996059874725E-04 -0.12220085583459E-04  0.13218376013171E-02
 -0.61821948050538E-04 -0.30838960200755E-04  0.12949200656193E-02
  0.42805632790100E-04 -0.30260119220212E-04  0.34088856747367E-03
  0.55655373847748E-04 -0.22224456514585E-04  0.13176006808060E-02
  0.69720587129328E-04 -0.38481245471368E-04  0.34729581574711E-03
 -0.14251448093996E-03 -0.19421257246567E-05  0.39391572390089E-03
 -0.69592539875524E-04  0.17147561007901E-04  0.36279782733519E-03
 -0.31547169063929E-04  0.51112756282421E-04  0.13406299388875E-02
 -0.11848315452191E-04  0.24351043093731E-04  0.17016845153530E-03
 -0.44795769887336E-04  0.42055057677568E-04  0.28691246835568E-03
 -0.53202257004455E-04 -0.28876995654049E-04  0.13245876531078E-02
 -0.58121955340252E-04 -0.12877663652743E-04  0.22343553378258E-03
 -0.32968288302986E-04  0.78622259377992E-04  0.13154292422553E-02
 -0.54212396861336E-04 -0.26943095448524E-04  0.13206568878255E-02
 -0.77821022157652E-04 -0.40453539935928E-04  0.27156109607726E-03
 -0.59241549090278E-04  0.67152415756314E-04  0.30103604958146E-03
 -0.55305018276267E-04 -0.18339948724413E-04  0.13185471987236E-02
 -0.86618964606168E-04 -0.45177271961242E-04  0.32438901005939E-03
 -0.45480760287292E-04  0.71473881568513E-04  0.13086457903070E-02
 -0.54929431137244E-04 -0.39108972150433E-05  0.13185192757055E-02
 -0.65025798301396E-04  0.20172284781621E-04  0.12845323031502E-02
 -0.71740483956699E-04 -0.13446188368558E-04  0.34770322063323E-03
 -0.53906119287281E-04  0.12376477911746E-04  0.13210582458809E-02
 -0.45752023847037E-04  0.28934281965121E-04  0.33282654303333E-03
 -0.56040490672757E-04  0.58424701078136E-04  0.13000572792079E-02
 -0.51615348620705E-04  0.28386736560742E-04  0.13259192877665E-02
 -0.27242220818981E-04  0.46823295557619E-04  0.28156870384498E-03
 -0.91593503762775E-04  0.96157247040874E-04  0.39278122573068E-03
 -0.62362178109735E-04  0.40304949533136E-04  0.12913248682464E-02
 -0.46517129141160E-04  0.40895843315231E-04  0.13317949895564E-02
 -0.18294541424995E-04  0.38212919805196E-04  0.21521750020484E-03
 -0.39504136771334E-04  0.48286536084942E-04  0.13371463179953E-02
 -0.12279135440166E-03  0.57575773290670E-04  0.41194498906127E-03
 -0.72425161334358E-04  0.94054666126745E-04  0.34813665849998E-03
 -0.60347011786032E-04 -0.34897632525469E-04  0.13034169269708E-02
  0.62445592933917E-04 -0.30188848792421E-04  0.13115519681404E-02
  0.93706638844721E-04 -0.51146675497621E-04  0.34931103016666E-03
 -0.25931091032855E-04  0.49662755786359E-04  0.33911265128904E-03
 -0.26706497902469E-04  0.41327694098058E-04  0.19525174163214E-03
 -0.18791320370138E-04  0.87819127855016E-04  0.13094419179308E-02
 -0.42411318047445E-04 -0.21832738148588E-04  0.13377803972239E-02
 -0.28826762959555E-04  0.17595527111611E-04  0.18442382318404E-03
 -0.57475008907181E-04  0.74896021605189E-04  0.34746148355290E-03
 -0.41487531680218E-04 -0.26744193430407E-04  0.13341943554144E-02
 -0.38945597507950E-04 -0.94935028324711E-05  0.19596096212415E-03
 -0.30456070516563E-04  0.82511816956465E-04  0.13016018004958E-02
 -0.41738316783449E-04 -0.28912883014859E-04  0.13293506152775E-02
 -0.58287289825245E-04 -0.38218691901699E-04  0.23898223874572E-03
 -0.42912551266336E-04 -0.14607408568990E-04  0.13383233515733E-02
 -0.82463427160438E-04  0.10868576156400E-03  0.38304237557474E-03
 -0.42037021222185E-04  0.71310023163190E-04  0.12922233945883E-02
 -0.74514498536597E-04 -0.54989894910696E-04  0.29944416827251E-03
 -0.43171464376253E-04 -0.15488379739942E-04  0.13237061499943E-02
 -0.70357085570836E-04 -0.37810880594596E-04  0.33904368195803E-03
 -0.10132223131659E-03  0.12835621028287E-03  0.42214266055270E-03
 -0.42637575098480E-04 -0.11236588568291E-05  0.13245460715819E-02
 -0.50533338799878E-04  0.54342804896243E-04  0.12823432166958E-02
 -0.48243801730110E-04  0.52187705926631E-05  0.34100234815751E-03
 -0.40918870417256E-04  0.13784201672958E-04  0.13281538558619E-02
 -0.26544254154787E-04  0.37665693354616E-04  0.30590652629320E-03
 -0.12427758095035E-03  0.10508041199662E-03  0.43409428191999E-03
 -0.42959194142115E-04 -0.25771571216425E-04  0.13256277665192E-02
 -0.28559797145894E-04  0.62544486773138E-04  0.21981998046370E-03
 -0.41757376219650E-04 -0.52352721049666E-05  0.13366401313129E-02
 -0.72110776761736E-05  0.88307575203428E-04  0.13149373822216E-02
 -0.37674738152451E-04  0.14606298775032E-04  0.35601072012840E-03
  0.66971879677959E-04 -0.35777061413584E-04  0.13024654102978E-02
  0.11107087505645E-03 -0.71397348772140E-04  0.35770520664893E-03
 -0.57163939862789E-04 -0.36475585184273E-04  0.13105704154896E-02
  0.23695983887315E-04  0.54468689599432E-04  0.13227433655735E-02
  0.36047484369916E-04  0.52711079680687E-04  0.33526571656069E-03
 -0.11118635543162E-04  0.89601023562898E-05  0.34411143074360E-03
  0.85160478652626E-05  0.49979277295720E-04  0.13233280296949E-02
  0.16601908358263E-04  0.71791996782813E-04  0.34404639540355E-03
 -0.51202452144315E-04 -0.35154207119878E-04  0.13162504191510E-02
 -0.49691486011552E-05  0.43583668644145E-04  0.13242995664193E-02
 -0.23349535833606E-05  0.88842826282741E-04  0.34277516432776E-03
  0.84120506321426E-05  0.44008862806782E-05  0.32447059027422E-03
 -0.16385365946847E-04  0.35249784612617E-04  0.13258449555877E-02
 -0.17750298431456E-04  0.10076564648209E-03  0.33158232168526E-03
 -0.42553098627420E-04 -0.30763931454029E-04  0.13211540121178E-02
 -0.25468173886813E-04  0.26039629273238E-04  0.13280859271597E-02
 -0.27656387491729E-04  0.10376652198669E-03  0.31114734410367E-03
  0.44583023349997E-04  0.23198465305056E-04  0.34670833786656E-03
  0.52695432165479E-05  0.84263808311099E-04  0.13190446440600E-02
 -0.33057787946368E-05  0.63687907538021E-04  0.13269652478256E-02
 -0.31809440413990E-04  0.96582709049711E-04  0.28354903507979E-03
 -0.38310506858982E-04  0.51971824834718E-05  0.13339518355343E-02
  0.92055782985151E-05  0.33325462379853E-04  0.34442941965792E-03
 -0.31231617707284E-04  0.81637637366664E-04  0.25142553804170E-03
 -0.45314987459596E-04  0.17205724031041E-04  0.20937842061736E-03
 -0.53675824224585E-04 -0.26817180773636E-04  0.13286850340711E-02
 -0.19866299684221E-04  0.80380933441822E-04  0.13195289699611E-02
 -0.27052375724646E-04  0.25611209728300E-04  0.30213081540014E-03
 -0.53035919547670E-04  0.62545904319101E-04  0.29112199424070E-03
 -0.62334084694921E-04 -0.27665962134872E-04  0.13214072534478E-02
 -0.79354297238148E-04  0.56664852464208E-04  0.36778527590640E-03
 -0.58790642641542E-04  0.42125972718979E-04  0.26288170103180E-03
 -0.66059485962734E-04  0.25217792553857E-04  0.13014862035264E-02
 -0.62165476665958E-04 -0.28807003914940E-04  0.13173627015420E-02
 -0.67678188947556E-04  0.15221071987516E-04  0.25060882008445E-03
 -0.11155197334561E-03  0.10218157846449E-04  0.38105709085050E-03
 -0.62072886983088E-04 -0.27363298273724E-04  0.13127282643144E-02
 -0.84594470557096E-04 -0.15342062614098E-04  0.27070838154954E-03
 -0.67552686432675E-04  0.65782190959800E-05  0.12971775609293E-02
 -0.60483349898418E-04 -0.24246598511832E-04  0.13232672464308E-02
 -0.63329360979941E-04 -0.20518009386792E-04  0.13097677986255E-02
 -0.13072357992015E-03 -0.22506630496348E-04  0.37032776224400E-03
 -0.63820523640386E-04 -0.67894703932860E-05  0.13090319966782E-02
 -0.67875462464169E-04 -0.98892471238554E-05  0.12965930776795E-02
 -0.98431185571334E-04 -0.24701210544318E-04  0.35131090191629E-03
 -0.63030401003049E-04  0.10164938606881E-04  0.13109849828416E-02
 -0.73487500459543E-04  0.18541094420117E-04  0.35526404529670E-03
 -0.12343520771546E-03 -0.16482910909547E-04  0.34179189987440E-03
 -0.61233587105683E-04  0.27758882549614E-04  0.13156418866966E-02
 -0.66638924951188E-04 -0.21463687202821E-04  0.12989324013185E-02
 -0.47460295645288E-04  0.52605207027338E-04  0.32416032030506E-03
 -0.56928990248480E-04  0.43598896826209E-04  0.13217300083261E-02
 -0.10162001753229E-03 -0.36954024695150E-04  0.31622416981773E-03
 -0.62548786041609E-04  0.43538088851404E-04  0.13081055301494E-02
 -0.44199080390828E-04  0.73581346483328E-04  0.31901505246749E-03
 -0.56213837163584E-04  0.74179653746696E-04  0.32523932908157E-03
  0.11001350314005E-04  0.55533725279319E-04  0.13257817695092E-02
  0.71509074774721E-05 -0.23029762333625E-05  0.32825198521062E-03
 -0.21916377835557E-04  0.11061464098405E-04  0.26686377181268E-03
  0.24515285220465E-04  0.45227168905204E-04  0.13248114788976E-02
  0.34634064603157E-04 -0.68511366005256E-05  0.34381459297510E-03
 -0.17744355993419E-04  0.69583960603650E-04  0.13273638857434E-02
  0.37794410596303E-04  0.33604419232103E-04  0.13246796253021E-02
  0.65239744097720E-04 -0.10728916138709E-04  0.34728180468856E-03
 -0.27547608462394E-04  0.21151604562704E-04  0.23631526352526E-03
  0.50921728552331E-04  0.20802355412203E-04  0.13249289638544E-02
  0.92144578266921E-04 -0.13841875574255E-04  0.33971981320338E-03
 -0.31841377122374E-04  0.71043632888373E-04  0.13260545377492E-02
 -0.13510223702722E-04  0.12916585153737E-04  0.13258688606488E-02
  0.22811456738481E-04  0.35116044117556E-04  0.33446665743219E-03
 -0.34548648353278E-04  0.36879916583478E-04  0.23047895689266E-03
 -0.26749134349791E-04  0.44157104331551E-05  0.13244470095963E-02
  0.56853809733805E-05  0.49874820049267E-04  0.34496495219866E-03
 -0.44619021328697E-04  0.67704727934135E-04  0.13219256121641E-02
 -0.38636001364003E-04 -0.37253357806346E-05  0.13239386391366E-02
 -0.13162492799897E-04  0.64039429649143E-04  0.34664301009769E-03
 -0.43628941542950E-04  0.58961283292245E-04  0.26635124831173E-03
 -0.55145008505559E-04  0.58300506945659E-04  0.13153803778726E-02
 -0.48424431426035E-04 -0.11696997958914E-04  0.13237748970473E-02
 -0.30777999120149E-04  0.73371323899876E-04  0.33827721157803E-03
 -0.55706503620278E-04 -0.18671992784629E-04  0.13237918981705E-02
 -0.32788445470773E-04  0.53132739543567E-04  0.26324711701759E-03
 -0.55458072114193E-04  0.33637403655661E-04  0.12730814920415E-02
 -0.10100537195095E-03  0.99037992083928E-05  0.31592452942925E-03
 -0.49335384884773E-04  0.54781448408323E-04  0.13278067254838E-02
  0.52480645883703E-05  0.35820494103870E-04  0.13254371628905E-02
  0.15436939398835E-04  0.23132001573410E-04  0.32908103156493E-03
  0.27867038079617E-04  0.44402814548290E-04  0.33571609442388E-03
 -0.29932985026339E-04 -0.10379192296200E-04  0.13250950646299E-02
 -0.89868953406411E-05  0.28468084137508E-04  0.13245899026240E-02
  0.10760858246207E-04  0.61844403441966E-04  0.34537391591068E-03
  0.56592851905803E-04  0.33220383967688E-05  0.34731347962607E-03
 -0.21887386244554E-04  0.20163599410039E-04  0.13246779868363E-02
 -0.71038321852887E-05  0.78263216745722E-04  0.34533248843009E-03
  0.21513978308559E-04  0.61507934171648E-04  0.13237111189481E-02
 -0.32784405637841E-04  0.11208670691106E-04  0.13255859562878E-02
  0.94091828502316E-04 -0.28040613385061E-04  0.33841905631794E-03
 -0.22355114827874E-04  0.89676636078826E-04  0.33602310814923E-03
 -0.41733926450571E-04  0.22526069101968E-05  0.13271737904661E-02
  0.80650496232053E-05  0.70655085027752E-04  0.13223244856309E-02
 -0.33596710961292E-04  0.91716762250284E-04  0.31652866572179E-03
 -0.48532727385607E-04 -0.69596828326170E-05  0.13288963961742E-02
 -0.39452677201874E-04  0.83340933164638E-04  0.28820419318587E-03
 -0.43390981590749E-05  0.15392653736434E-04  0.32553056735417E-03
 -0.52670031336296E-04 -0.15446308167442E-04  0.13303045625531E-02
 -0.59314121039244E-05  0.77359799454062E-04  0.13212516898819E-02
 -0.41026069404576E-04  0.66359655771718E-04  0.25472830861035E-03
 -0.54067358328172E-04 -0.22222819678599E-04  0.13305977945716E-02
 -0.41255723979661E-04  0.44031279133802E-04  0.22465857553725E-03
  0.24542122616709E-04  0.84690194162357E-05  0.34183273265177E-03
  0.61603654581638E-04 -0.77329499529913E-05  0.13221472257076E-02
 -0.42136843256246E-04 -0.17948063088206E-04  0.13224739456158E-02
  0.69136093809706E-04 -0.22639105317592E-04  0.34515833136249E-03
 -0.24154301881675E-04  0.35754967219151E-04  0.20603754106834E-03
 -0.79914929976082E-04  0.33965510295683E-04  0.31350184223022E-03
 -0.39686227540246E-04  0.60376965231958E-04  0.13324353915970E-02
 -0.17533169417189E-04  0.20618552441574E-04  0.18524035453878E-03
 -0.65072646880901E-04 -0.30350866744390E-04  0.13097387503259E-02
 -0.27881135314112E-04  0.60895499511787E-04  0.13344065281473E-02
 -0.14460874015322E-04  0.10049918956732E-04  0.19951430065182E-03
 -0.61745170964590E-04  0.47937142531655E-04  0.32720986893125E-03
 -0.14263979145373E-04  0.56738037904541E-04  0.13341655108749E-02
 -0.14885200337835E-04  0.24677321301853E-05  0.23405457300685E-03
 -0.63672250798695E-04 -0.31016424529977E-04  0.13145890584793E-02
 -0.36761885886852E-06  0.49341067513471E-04  0.13320829098677E-02
 -0.13284784934317E-04 -0.35473466835692E-05  0.27311088946478E-03
 -0.42566075335751E-04  0.50288433180587E-04  0.34109904648230E-03
  0.13454420213980E-04  0.39446026808518E-04  0.13294550741379E-02
 -0.43641155809110E-05 -0.90846792635141E-05  0.30641852360561E-03
 -0.59370395825511E-04 -0.29114387817618E-04  0.13179781327342E-02
  0.26292972703024E-04  0.28068445887041E-04  0.13267749072123E-02
  0.14391290934135E-04 -0.13735608025880E-04  0.32967168090005E-03
 -0.22313026545686E-04  0.44153173291696E-04  0.34651667935812E-03
 -0.52114316369916E-04 -0.24321552537985E-04  0.13203649809353E-02
  0.39177493209559E-04  0.16131619867296E-04  0.13248130906083E-02
  0.40394642358952E-04 -0.17857514609207E-04  0.34234768956514E-03
  0.51170139284033E-04  0.37801503877007E-05  0.13234288756363E-02
 -0.23222174318944E-05  0.33502971932107E-04  0.34216648136271E-03
 -0.65437591004080E-04 -0.27520820491521E-04  0.13036942503595E-02
 -0.37492927421476E-04  0.27413529756241E-04  0.13334835187353E-02
 -0.32738853325853E-04  0.15813149949759E-04  0.13309601459993E-02
 -0.15522275400871E-04  0.41374781767181E-04  0.24301896069375E-03
 -0.12378907246550E-03 -0.62658966526396E-04  0.43632872160265E-03
 -0.24031865476992E-04 -0.64456021758249E-05  0.17805302826821E-03
 -0.41703819834001E-04 -0.28217058084088E-04  0.12619625947827E-02
 -0.27599630601618E-04 -0.27088540599409E-04  0.13360352472185E-02
 -0.40551199525562E-04 -0.33009627759820E-04  0.21404979301494E-03
 -0.28340952452885E-04 -0.28417960508436E-04  0.13308637098164E-02
 -0.86048686626134E-04 -0.86580457979547E-04  0.43394110795689E-03
 -0.60719148225380E-04 -0.56405841308317E-04  0.27464233703974E-03
 -0.39549395209613E-04 -0.38128272101709E-04  0.12733845452964E-02
 -0.29231336512624E-04 -0.22874070071362E-04  0.13274000841874E-02
 -0.27946376197067E-04 -0.21583453276383E-04  0.13418051911363E-02
 -0.66356525170748E-04 -0.54260693297706E-04  0.32695254640074E-03
 -0.28892203271474E-04 -0.12185951246105E-04  0.13266790407311E-02
 -0.50654222386967E-04 -0.17492635672354E-04  0.34470361702896E-03
 -0.36394380576172E-04 -0.43877854729302E-04  0.12869713808402E-02
 -0.27417165382883E-04  0.12222933151824E-05  0.13291005390102E-02
 -0.28119927678450E-04  0.24484618718017E-04  0.32546365909146E-03
 -0.16022808877715E-04  0.15512745847629E-03  0.43643292615248E-03
 -0.24763536118858E-04  0.15210648448511E-04  0.13337980079543E-02
 -0.15872691556516E-04  0.76139791894086E-04  0.12712871372491E-02
 -0.14252988184011E-04  0.42074131018970E-04  0.27380655943379E-03
 -0.21248008952966E-04  0.26794550537733E-04  0.13397454655958E-02
 -0.43158730727768E-04 -0.87051854490488E-04  0.39979248084171E-03
 -0.16546860636435E-04  0.16825687047281E-04  0.16782693777339E-03
 -0.28623463516603E-04 -0.14104007299876E-04  0.13450972923916E-02
 -0.42888109675877E-04 -0.13609938362610E-04  0.12545185189974E-02
 -0.80539667628352E-04  0.14523331704876E-03  0.43560056309634E-03
 -0.33379259464721E-04  0.66730122386851E-04  0.12746202330562E-02
 -0.10581261856612E-05  0.57406925247854E-04  0.13237105506878E-02
 -0.90429549012688E-05  0.10784397761352E-03  0.32584387499838E-03
 -0.10021013366973E-03  0.13502877800687E-03  0.43397158739485E-03
 -0.10743017155987E-04  0.49128184848439E-04  0.13269684441179E-02
 -0.20219479283539E-04  0.11047143782693E-03  0.30352575757474E-03
 -0.39402558307435E-04  0.46415232445568E-04  0.12640598341738E-02
 -0.17885678493345E-04  0.38791128577777E-04  0.13309137475283E-02
 -0.25289822197611E-04  0.10367382826901E-03  0.27505225160854E-03
 -0.11627405302540E-03  0.84883282065715E-04  0.40848146819435E-03
 -0.23442751671615E-04  0.27718720040746E-04  0.13353548119277E-02
 -0.25479081179795E-04  0.89715146759326E-04  0.24456696229680E-03
 -0.42956710744482E-04  0.25069366392279E-04  0.12556747770727E-02
 -0.26898641541294E-04  0.16708673876048E-04  0.13395301936755E-02
 -0.22654022541212E-04  0.72554970941086E-04  0.21560245576944E-03
 -0.13104337974471E-03  0.25364164710670E-04  0.39863035107369E-03
 -0.28758920621132E-04  0.53251908333109E-05  0.13429292475942E-02
 -0.18888391846607E-04  0.54533710430179E-04  0.19089609287914E-03
 -0.43686407539563E-04  0.49801203111343E-05  0.12521754717379E-02
 -0.28890347725310E-04 -0.52118552294375E-05  0.13451220213123E-02
 -0.15884190894286E-04  0.36439633885462E-04  0.17383112463090E-03
 -0.13800732058076E-03 -0.23510071983240E-04  0.41578032935590E-03
 -0.88077551740372E-05  0.36624179196991E-04  0.20935659016758E-03
 -0.40961434800310E-04  0.15034703989000E-03  0.42400567844641E-03
 -0.18082381627032E-04  0.33282820933032E-04  0.13453949543819E-02
 -0.20166183216415E-04  0.57863674360516E-04  0.12588184982817E-02
  0.25174207512146E-04 -0.40229821759849E-04  0.13160589613191E-02
  0.12503925510583E-05 -0.42820069031450E-04  0.30481338333665E-03
  0.26993343324581E-04 -0.45666080259455E-04  0.13046058335195E-02
  0.72047418878249E-05  0.58588522987184E-04  0.31645146862021E-03
  0.72749132100014E-05 -0.65535335472033E-04  0.34817554601276E-03
 -0.15592740863016E-05  0.24789087901204E-04  0.12408279470278E-02
  0.27384243818945E-04 -0.47831251562505E-04  0.12909900182401E-02
  0.18044502160539E-04 -0.98354133474627E-04  0.39601081450060E-03
  0.26481146024764E-04 -0.45507509549426E-04  0.12763196306670E-02
  0.15079718852126E-05  0.32652095960937E-05  0.29969197041978E-03
  0.34574890065719E-04 -0.13218787633635E-03  0.43415697803273E-03
 -0.16543504249390E-05  0.29407161287750E-05  0.12391411502932E-02
  0.25074039991430E-04 -0.37683344670211E-04  0.12619244495250E-02
  0.50725736634070E-04 -0.13764151368568E-03  0.43186594698204E-03
 -0.45499367130758E-05 -0.53717702610184E-04  0.33491696177576E-03
  0.23657437968775E-04 -0.25545410825098E-04  0.12500500130922E-02
  0.59110779836767E-04 -0.98937696022624E-04  0.38399169968844E-03
 -0.16036622586806E-05 -0.16353577754104E-04  0.12429684866532E-02
  0.54938887812862E-04  0.61847014755492E-04  0.12963569739579E-02
  0.93450933263806E-04  0.68284082281596E-04  0.37460203608230E-03
  0.61712696068923E-04 -0.39150469799618E-04  0.33276717320702E-03
  0.40781772176547E-04  0.71580485136829E-04  0.13044899592651E-02
  0.22997110950119E-04 -0.85594621287007E-05  0.12428905907402E-02
 -0.21997558608816E-04 -0.35472194945358E-04  0.12605156670801E-02
  0.83348472909555E-05  0.96437115407593E-04  0.33982162624902E-03
 -0.69423687046882E-04 -0.11665484559526E-03  0.43539724720108E-03
  0.22543879030226E-04 -0.32276439135588E-04  0.13250713800091E-02
 -0.36152035643723E-05  0.25534399919226E-04  0.16250522536868E-03
 -0.15248094270089E-04  0.34491638156757E-04  0.13492791560425E-02
  0.15539693049912E-05  0.16296584415964E-04  0.14255189276976E-03
 -0.54318802584532E-04  0.10362162718950E-03  0.37564531353528E-03
 -0.23188726950529E-04  0.36229037902991E-04  0.12488066359621E-02
 -0.11606944220007E-04  0.30359183803695E-04  0.13505565491786E-02
  0.42260042898748E-05  0.87048494800426E-05  0.14025868168719E-03
 -0.61149059856950E-04  0.43146349802259E-04  0.33753569629542E-03
 -0.59498492753211E-05  0.21659032380794E-04  0.13495615426965E-02
  0.43574323198875E-05  0.26794393228696E-05  0.14791462344095E-03
 -0.24867225867878E-04  0.14420833499948E-04  0.12433856419367E-02
  0.13457971737421E-06  0.10814494041734E-04  0.13466647490879E-02
  0.28848845331406E-05 -0.23453184050926E-05  0.16188752365091E-03
 -0.68694418545352E-04 -0.12716823014027E-04  0.34367043798732E-03
  0.63618813225913E-05 -0.48310503123951E-06  0.13425881219192E-02
  0.41744049083418E-06 -0.71636663922928E-05  0.18154844395726E-03
 -0.24860670769735E-04 -0.61239379014247E-05  0.12436832898292E-02
  0.12101058047357E-04 -0.11782669046017E-04  0.13374842870335E-02
 -0.20970602783178E-05 -0.12083624889165E-04  0.20617349871130E-03
 -0.74859937537750E-04 -0.69499124308654E-04  0.38872751576458E-03
  0.17956813091546E-04 -0.22710641009902E-04  0.13318913266493E-02
 -0.28481859050473E-05 -0.18711788903056E-04  0.23436127111517E-03
 -0.23859035117641E-04 -0.23089820983687E-04  0.12496285051849E-02
 -0.16555818930749E-05 -0.27896192622828E-04  0.26691083595348E-03
  0.11600600679812E-04  0.63384366426086E-04  0.13208826487260E-02
 -0.12049323815604E-04  0.34607721886959E-05  0.30114719909832E-03
 -0.14109755175423E-04  0.35718401459069E-04  0.13461380933506E-02
 -0.41729899184001E-05  0.19180816371052E-04  0.15125675706983E-03
  0.48245314580130E-04 -0.40358732070624E-04  0.12761604322202E-02
  0.31794489969321E-04 -0.17551895955475E-04  0.13256816071434E-02
  0.38407661352015E-04 -0.50761010942807E-04  0.34891346719337E-03
 -0.12312146956542E-04  0.83654515873494E-04  0.37414349161364E-03
  0.42808346210615E-05  0.15769859844517E-04  0.13402545856262E-02
 -0.17234574837534E-03  0.34222144633023E-05  0.43861411694781E-03
 -0.21763106795663E-04  0.40799395749861E-04  0.13467581208872E-02
  0.84639171961607E-04 -0.10274441115781E-03  0.40306861478022E-03
 -0.16716522620037E-06  0.96688587599882E-05  0.14695126248169E-03
  0.49192210423829E-04 -0.43179810582688E-04  0.12891817839541E-02
 -0.57511131955946E-04 -0.41687876269686E-05  0.12662228253804E-02
  0.39185766971416E-04 -0.27298506912133E-04  0.13197449268159E-02
 -0.44115292142776E-04 -0.42200321291115E-04  0.13100670995726E-02
 -0.56005173830341E-04 -0.19776237737636E-04  0.12702694589860E-02
 -0.35962132349838E-04 -0.33469603249194E-04  0.36999322287340E-03
  0.61371613985690E-04 -0.71914607431267E-04  0.37224970564805E-03
 -0.16915934620873E-05 -0.34238857342000E-05  0.18054132504643E-03
  0.47683484483841E-04 -0.40689669967714E-04  0.13015474012295E-02
  0.18107332998337E-04 -0.36662579808675E-04  0.32616104395830E-03
 -0.59647257681602E-05 -0.29194535819825E-04  0.33784521213812E-03
  0.53022441441665E-06  0.24124701709375E-05  0.15858186760693E-03
 -0.49052258166667E-04 -0.40699031493635E-04  0.12998228510766E-02
 -0.52329817000150E-05  0.26592754762772E-04  0.13437264621281E-02
 -0.16535513599076E-03 -0.18086126087852E-04  0.44092933110256E-03
 -0.15746630473207E-04  0.91333973636910E-04  0.12971955902743E-02
  0.10323745836772E-03 -0.13217469793631E-03  0.43434930604957E-03
  0.29314812034855E-05 -0.26813570099102E-04  0.30140964809321E-03
 -0.51328776284575E-04  0.11782069560080E-03  0.40517321868995E-03
 -0.72620626657388E-05 -0.13757414235699E-04  0.24233467285246E-03
 -0.15272965706541E-03  0.50226746054656E-04  0.43264070108076E-03
  0.30154321880477E-04  0.79119659137928E-04  0.34447194664714E-03
 -0.25304330453902E-04  0.82008976168813E-04  0.12857750858354E-02
  0.23706450354310E-04 -0.67909171725359E-05  0.13311046281302E-02
 -0.32929277482507E-04  0.37008761688277E-04  0.13394082120613E-02
  0.25906024482012E-04  0.66041522843885E-04  0.13181572128980E-02
 -0.99874999581234E-05  0.30126137831517E-04  0.18255638297151E-03
  0.14234709031305E-04  0.46019975233029E-05  0.13358915669012E-02
  0.53338709469604E-04  0.59123647158296E-04  0.33982279001639E-03
 -0.78837607095852E-04 -0.31911608223012E-04  0.39935669633729E-03
 -0.53148265479781E-05 -0.19597532887125E-04  0.27327501322863E-03
 -0.54143547104274E-04 -0.30770024546447E-04  0.12779420851947E-02
  0.44116993614550E-04 -0.35310457046385E-04  0.13118095347671E-02
 -0.57304792549785E-04  0.13711488736158E-04  0.12670332588522E-02
 -0.53074167541048E-05 -0.86437952307346E-05  0.21019781746573E-03
 -0.51990821521251E-04 -0.37273698387860E-04  0.12885755723672E-02
 -0.12822703395354E-03 -0.26536420692627E-04  0.42580701525346E-03
 -0.27933426332090E-04  0.41352710842932E-04  0.13443923527658E-02
  0.41129307900897E-04  0.64057356212844E-04  0.13145509333670E-02
  0.81818375998661E-04 -0.87935012171520E-07  0.10327571835994E-02
 -0.98181808677373E-04 -0.14508547888876E-05  0.11363539476597E-02
 -0.73718187650486E-04 -0.97857045015820E-04  0.11803432439294E-02
 -0.12458610227975E-03  0.50064813944708E-04  0.11598656866448E-02
  0.75138206477005E-04  0.14368403978210E-04  0.10504231093646E-02
 -0.10421442410758E-03  0.33742347271693E-04  0.11740146387103E-02
  0.20120288138881E-04 -0.10099594651182E-03  0.10819122286995E-02
 -0.68496566765854E-04 -0.65004047231934E-06  0.11924417907747E-02
 -0.51290480590984E-04 -0.11629256931576E-04  0.12017747651059E-02
 -0.70309230142572E-04 -0.34821799988376E-05  0.96270511349771E-03
 -0.65148043158040E-04 -0.70623942314210E-04  0.98466584131765E-03
 -0.88978468998508E-04 -0.81908910466633E-04  0.11741294431494E-02
 -0.94290719142106E-04  0.22177335179888E-04  0.11798519179505E-02
 -0.10002506586309E-03 -0.30365953834909E-04  0.11461298810874E-02
 -0.33085413386346E-04 -0.23579322293899E-04  0.12120226026067E-02
 -0.98398441537839E-04 -0.58885488055350E-04  0.11612189067123E-02
  0.60103628164932E-04 -0.39630019633130E-04  0.11891407648162E-02
 -0.68365232391317E-04 -0.36444688569563E-04  0.96372030472866E-03
  0.66785491947324E-04  0.21189801956945E-04  0.10766965185520E-02
  0.47642114609721E-04 -0.52610323969470E-04  0.11824115963622E-02
  0.10275281333416E-03  0.11499426597492E-04  0.11288116181745E-02
 -0.94331181319063E-04 -0.90030527555374E-04  0.10904125691511E-02
 -0.82453255785979E-04  0.10314409728926E-04  0.11855030859959E-02
 -0.91318828477102E-04 -0.22763460891536E-04  0.11779699150372E-02
 -0.12688812335381E-03  0.41258705539325E-04  0.11758517328811E-02
  0.13265293214557E-04 -0.57417377953999E-04  0.12156459994756E-02
 -0.61829809564255E-04 -0.10250351929884E-03  0.10214541333339E-02
  0.87412400879133E-04 -0.46088587164367E-04  0.11458809452485E-02
  0.55477087418416E-04  0.99253669267654E-05  0.99331215143134E-03
  0.52401435694483E-04 -0.23845575714627E-04  0.12309867642908E-02
 -0.10291239334955E-03 -0.25357032577246E-04  0.10539165109176E-02
 -0.88075357320691E-05 -0.62582234230265E-04  0.11956525594210E-02
 -0.11414284749588E-03  0.36587895061009E-04  0.12134547741807E-02
 -0.38203109613973E-04 -0.55346280352781E-04  0.94654194525925E-03
  0.57071515933394E-04  0.62034221844661E-06  0.12356744416822E-02
  0.19633823348796E-04 -0.81274494201200E-04  0.99174370097855E-03
 -0.10571214625758E-03  0.48025599127764E-04  0.11955507905584E-02
  0.70245833218553E-04 -0.62921301429472E-04  0.11663582039059E-02
 -0.10594228581316E-03  0.30291098868047E-04  0.10721278861284E-02
 -0.12190817214093E-03  0.20981892074180E-04  0.12204664710305E-02
 -0.52585874325018E-05 -0.40049591094755E-04  0.93172400097470E-03
  0.19029382578021E-04 -0.69951906954669E-04  0.11948545601977E-02
  0.68482510436564E-04  0.40243889502187E-04  0.12156055574801E-02
  0.27542385723424E-04 -0.53820617844651E-04  0.95912989840577E-03
 -0.12546958750588E-03  0.59046736890144E-05  0.12162888665274E-02
  0.73454659865826E-04  0.43635002292205E-04  0.11977335202483E-02
 -0.10377589242449E-03  0.59334625216680E-05  0.10551397058956E-02
  0.62077346511468E-04  0.23579530399114E-04  0.12303408651587E-02
  0.10229900035504E-03 -0.47963578173855E-05  0.11229747780416E-02
 -0.11010564801449E-03  0.46409346781910E-04  0.11009039981743E-02
 -0.33803833494695E-04 -0.52758519657385E-04  0.11906698439875E-02
 -0.11131051892984E-03  0.44797912741928E-04  0.11635127921731E-02
  0.39720507627459E-04 -0.85040081604427E-04  0.10420303195513E-02
 -0.97342756955430E-04  0.22867170263584E-04  0.11370829561434E-02
 -0.75240142318252E-04 -0.33561162218111E-04  0.11792387533492E-02
  0.12768801699610E-04 -0.10460004041837E-03  0.11828712940055E-02
 -0.10102902239517E-03 -0.59005184474766E-04  0.10672722987895E-02
 -0.11705781252806E-03  0.53017890112887E-04  0.11330682512508E-02
  0.84236038658012E-04 -0.20353647095081E-04  0.10287456988240E-02
  0.52347296792502E-04 -0.62717839545773E-04  0.10077580378456E-02
  0.47518237166386E-04 -0.46804299412037E-04  0.12207274637240E-02
  0.25438524976865E-04 -0.94590671468817E-04  0.11885031373314E-02
 -0.42904473986544E-04  0.86254081662130E-05  0.94184216881513E-03
  0.97543127500274E-04 -0.25513777024876E-04  0.11295133425094E-02
 -0.56249066509766E-04 -0.43188868442471E-04  0.11840826098108E-02
  0.34982804515838E-04 -0.82262980498672E-04  0.11971978860302E-02
  0.59467281046115E-04 -0.36385498715968E-04  0.98549272357948E-03
 -0.99791235858287E-04  0.50033789001393E-04  0.11716100865501E-02
  0.42181210271874E-04 -0.66328991656373E-04  0.12086099389331E-02
 -0.40244347013916E-04 -0.22443379300663E-04  0.93298493675876E-03
  0.59896722046604E-04 -0.11022248677565E-04  0.98027147195958E-03
 -0.97697433159656E-04  0.40772056954778E-04  0.11497861182482E-02
 -0.13042250246596E-04 -0.34842971737427E-04  0.12222023280046E-02
  0.69834189749576E-04 -0.66399941107624E-04  0.10655266513213E-02
 -0.12356901219253E-03  0.29797193818099E-04  0.11809690683127E-02
 -0.10301428038890E-03  0.64355657478042E-05  0.11796311158598E-02
 -0.91000643250594E-04 -0.15141114188255E-04  0.10033253044460E-02
 -0.11166838726776E-03  0.50465642504553E-04  0.11544596936901E-02
 -0.78283746882506E-04 -0.10856749313352E-03  0.11538555496897E-02
  0.29501480224706E-04 -0.79751432956033E-04  0.11809426626884E-02
  0.98001758266455E-04 -0.52748827725169E-05  0.10801248896153E-02
  0.88485637532038E-04 -0.23874220956195E-04  0.11648606574114E-02
 -0.54513440500555E-04 -0.61690357760154E-04  0.11789918771504E-02
  0.42372463447815E-04 -0.68516618613605E-04  0.11882868142867E-02
  0.97019933425190E-04 -0.25154127994948E-04  0.10821671617983E-02
 -0.88914037125773E-04 -0.49212763560468E-04  0.10123421763131E-02
  0.94117824689782E-04  0.90924858382668E-05  0.10906228051184E-02
  0.52660745219522E-04 -0.54289051602383E-04  0.11983474160670E-02
 -0.11405769436074E-03  0.53389144050990E-04  0.11439242271363E-02
  0.95901003287701E-04 -0.25425422137429E-05  0.11550536917307E-02
 -0.12755217698400E-03  0.37231513976349E-04  0.11953003427820E-02
  0.61131991048664E-04 -0.36223962361098E-04  0.12093010812987E-02
 -0.59534321473063E-04 -0.12075869950834E-03  0.11651610301165E-02
  0.46464719989504E-04 -0.71200412927423E-04  0.11845515854808E-02
 -0.84408704079359E-04 -0.82669798048628E-04  0.10366509658076E-02
 -0.11984071686653E-03  0.47268044114559E-04  0.11794289933565E-02
  0.62412822719882E-04 -0.22035447848728E-04  0.11776381219558E-02
 -0.10728902960577E-03  0.42904407199944E-04  0.11273422725884E-02
 -0.89331875877778E-04 -0.52379671911184E-05  0.11804271026132E-02
 -0.10361527887176E-03  0.52174969251505E-04  0.10767227482056E-02
 -0.10382393589760E-03 -0.61898961735107E-04  0.11185935145132E-02
 -0.10560473396936E-03 -0.30379782105059E-04  0.11034441085919E-02
 -0.10336506407877E-04 -0.48071857137327E-04  0.12103638367087E-02
  0.37261249314877E-04 -0.61534258900381E-04  0.12124407224110E-02
  0.51676459432378E-04 -0.79266363488363E-04  0.11451526025646E-02
 -0.97663130577369E-04  0.37822425700702E-04  0.10401219784330E-02
 -0.33638869059034E-04 -0.37850238925920E-04  0.12012289721443E-02
 -0.10491056211820E-03  0.24364385520910E-06  0.10984576062024E-02
  0.75862012383847E-04 -0.43688513850828E-04  0.11819829764896E-02
 -0.67112417440395E-05 -0.78031157118633E-04  0.11765297076388E-02
  0.75781947146565E-04 -0.66460918884312E-04  0.11206278369266E-02
  0.58452717652277E-04 -0.57327064582273E-04  0.11998876102691E-02
 -0.94588642129325E-04 -0.88730360391893E-04  0.11375175820637E-02
 -0.10562735647818E-03  0.25382794720681E-04  0.11067698875539E-02
 -0.73068744903330E-04 -0.16084535041443E-04  0.11844519652737E-02
 -0.93055076838980E-04  0.14970707897681E-04  0.10132085433950E-02
  0.90128133193879E-04 -0.46989664034355E-04  0.10974936699823E-02
 -0.11034641993156E-03  0.57252499068057E-04  0.11138058894734E-02
 -0.33005807697186E-04 -0.70427639854228E-04  0.11797033662021E-02
 -0.55078949563784E-04 -0.27345144667593E-04  0.11915295125801E-02
  0.68620721841817E-04 -0.14985154557212E-04  0.12176997549487E-02
 -0.13087786411507E-03  0.24444475510649E-04  0.11991367279210E-02
  0.79606598931712E-04  0.13627446745166E-04  0.11279701765022E-02
  0.87116760761507E-04  0.13292085877462E-04  0.11947915464108E-02
  0.73674847703667E-04 -0.23270950637869E-04  0.11889090317497E-02
 -0.63501670269335E-04 -0.13089798823029E-03  0.11416959085909E-02
 -0.18588079959775E-04 -0.11397919866095E-03  0.11791823235922E-02
  0.60358934595351E-04 -0.41254781573652E-04  0.12066460416972E-02
  0.50530769884898E-04 -0.83651517468477E-04  0.10962145364861E-02
 -0.79928961075851E-04  0.45300467163426E-04  0.10185086498484E-02
 -0.11453582551329E-03  0.17929949199675E-04  0.11805859637336E-02
  0.79864297434210E-04 -0.53631066221283E-05  0.11990249923551E-02
  0.23565402451935E-04 -0.93160427212906E-04  0.11264896925918E-02
  0.43867140082954E-04 -0.51214141036071E-04  0.12223891892975E-02
 -0.36854280662332E-04 -0.11360888329394E-03  0.11800006926897E-02
  0.91934076589038E-04  0.15374605049269E-04  0.11574639501223E-02
  0.25574307610598E-04 -0.51623795938491E-04  0.12306472604331E-02
 -0.74043874091839E-04  0.24481293919474E-04  0.98251337004457E-03
  0.80138105047993E-04 -0.44070716508167E-04  0.10408966345958E-02
 -0.55581851396649E-04 -0.10797451305393E-03  0.11814046533468E-02
  0.67698297070046E-05 -0.44717011751572E-04  0.12295846879693E-02
 -0.80951922456997E-04 -0.11470699395530E-03  0.11170835763818E-02
  0.71091338283246E-04 -0.23903763001489E-04  0.11959005984220E-02
  0.22430453875094E-04 -0.82186017956065E-04  0.11649283312181E-02
  0.84212976275830E-04  0.46971146289418E-05  0.11694819665992E-02
 -0.18254312717025E-05 -0.11077788348132E-03  0.11801602216181E-02
  0.82403252337450E-04 -0.15022665307500E-05  0.11755379885344E-02
  0.99588251055422E-04  0.15962546988690E-04  0.11566968358841E-02
  0.74742936320998E-04  0.77478015291320E-05  0.12198349195032E-02
 -0.45281629913961E-04 -0.13864132001161E-03  0.11617825090575E-02
 -0.76581028350560E-04 -0.11202446020158E-03  0.10706919290663E-02
 -0.12725890326212E-03  0.12427797644846E-04  0.11944632246687E-02
  0.80346752578328E-04  0.27313493117773E-04  0.12119801692258E-02
  0.69826589026060E-04  0.62354518580159E-05  0.11457042372117E-02
 -0.40329069183913E-04 -0.12704177926798E-03  0.11727128150036E-02
  0.98574947925603E-04  0.27435007295819E-04  0.11682965814473E-02
  0.86439434166725E-04  0.37135604827204E-04  0.11970867576905E-02
 -0.30197559123129E-04 -0.89860391473810E-04  0.11664823641483E-02
 -0.11914589904501E-03  0.47265944428549E-08  0.11870907974137E-02
  0.74217764441944E-04 -0.89389940326560E-05  0.11755542606389E-02
  0.89129048640268E-04  0.33247063737234E-04  0.11813799565657E-02
 -0.64313994648009E-04 -0.13383372387124E-03  0.11080707552542E-02
 -0.10660946978900E-03 -0.11883760407060E-04  0.11809292099976E-02
  0.93407856898051E-04  0.26174180502997E-04  0.11831440316776E-02
 -0.46496217662560E-05 -0.94339906557930E-04  0.11508932407005E-02
  0.87482908120031E-04  0.18741008917262E-04  0.11726481055495E-02
 -0.21654864935813E-04 -0.12838156174360E-03  0.11790248500391E-02
 -0.85883813799323E-04  0.58141741378712E-04  0.10620197511419E-02
  0.98385963910837E-04  0.18705740237662E-04  0.11423944468598E-02
  0.87728513057439E-04  0.15516835908691E-04  0.11081504261260E-02
 -0.70818615968240E-04 -0.73427580150741E-04  0.11796141985355E-02
 -0.12418910884858E-03 -0.80378739905436E-05  0.12060275828130E-02
 -0.19364709445329E-04 -0.44951605562805E-04  0.12597756686318E-02
 -0.19150240370498E-04 -0.65018968999573E-04  0.12550635928881E-02
 -0.57699239401332E-04 -0.11365051548462E-03  0.11838683899824E-02
 -0.19932641656900E-04 -0.84269787938746E-04  0.12481434531793E-02
 -0.68723766677021E-04 -0.10366173749555E-03  0.11998554520835E-02
 -0.21270203247150E-04 -0.10283183153154E-03  0.12385907525956E-02
 -0.22851788607669E-04 -0.11987793850535E-03  0.12258707296779E-02
 -0.74799166815756E-04 -0.90356508722094E-04  0.12125951858472E-02
 -0.25745211142990E-04 -0.13514922417561E-03  0.12085614065376E-02
 -0.78905831864751E-04 -0.75810471406414E-04  0.12242471628103E-02
 -0.32028554080050E-04 -0.14652158336807E-03  0.11851648802228E-02
 -0.39946671150589E-04 -0.15048169257500E-03  0.11537911366235E-02
 -0.79891135964986E-04 -0.59446508995998E-04  0.12358660272882E-02
 -0.49477481253210E-04 -0.14444621469794E-03  0.11135273309973E-02
 -0.79420720015936E-04 -0.42114666280261E-04  0.12466424428982E-02
 -0.42990574134766E-04 -0.12086164009553E-03  0.11603208157917E-02
 -0.57198265893209E-04 -0.12809218910600E-03  0.10672379032312E-02
 -0.20048279817108E-04 -0.23961559694108E-04  0.12615898346745E-02
 -0.19276980081121E-04 -0.23984963522705E-05  0.12591629546513E-02
 -0.21913236686602E-04 -0.32918172128744E-04  0.12334829826161E-02
  0.16445568240399E-04 -0.27994722435227E-04  0.11881208978058E-02
 -0.97079541163037E-05 -0.17655574612359E-04  0.12154081836908E-02
  0.31458012172558E-04 -0.20311711867906E-04  0.11791310787410E-02
  0.39283729235798E-06  0.28498190014428E-05  0.11974120380417E-02
  0.60573676672623E-05  0.24159227939433E-04  0.11853164056794E-02
  0.45512476649652E-04 -0.12226670682704E-04  0.11702936887927E-02
  0.68391091725924E-05  0.41498865618860E-04  0.11839100379994E-02
  0.58083019403174E-04 -0.30019885872430E-05  0.11595167619976E-02
  0.46479994037055E-05  0.51685832837267E-04  0.11941288004187E-02
 -0.53004272641834E-06  0.51867809021214E-04  0.12123683380869E-02
  0.84105178821654E-05 -0.10348461882674E-03  0.10361389171258E-02
 -0.87125305858174E-05  0.40083089340058E-04  0.12331491581405E-02
 -0.74649829776953E-05 -0.11787270982767E-03  0.10837377622350E-02
 -0.16030631331965E-04  0.19860412449272E-04  0.12500503987006E-02
 -0.25941180650969E-04 -0.12328823114185E-03  0.11265413208241E-02
  0.26780457330590E-04  0.19138704578841E-05  0.94944877405754E-03
 -0.77340745229544E-04 -0.23656524919614E-04  0.12543815348743E-02
  0.21181686764992E-04  0.23712923585078E-04  0.97477765279209E-03
 -0.58922038421433E-04 -0.13553286250914E-04  0.12041593647088E-02
 -0.17074197786306E-04 -0.38721222503738E-04  0.12506926828092E-02
 -0.87642384439444E-05 -0.37144666460271E-04  0.12397837229599E-02
 -0.67431920129153E-04 -0.35311735486133E-04  0.12205735261476E-02
  0.31972250151474E-05 -0.25807357312837E-04  0.12227818764932E-02
 -0.71006367233239E-04 -0.49528665004156E-04  0.12305464801332E-02
  0.14459753706513E-04 -0.79042935242738E-05  0.12036338592961E-02
  0.21922958134902E-04  0.13108040860636E-04  0.11885401559312E-02
 -0.68859809669284E-04 -0.57124459939951E-04  0.12317802130834E-02
  0.24501007518818E-04  0.32446826041943E-04  0.11827997647326E-02
 -0.61068260559930E-04 -0.60514497677720E-04  0.12263474399499E-02
  0.23425508589072E-04  0.46137389378035E-04  0.11892751481749E-02
  0.19525534210087E-04  0.50817726082007E-04  0.12052645660060E-02
 -0.49420988831232E-04 -0.61653184296104E-04  0.12173684760271E-02
  0.12218294549629E-04  0.43619778889427E-04  0.12261761718967E-02
 -0.20926071089518E-04 -0.32661869236896E-04  0.12551449329877E-02
 -0.51210182604439E-04  0.11413049516780E-04  0.11883769601987E-02
 -0.22712258121962E-04 -0.22943684771977E-04  0.12551626314263E-02
 -0.23460019251741E-04 -0.11421659625474E-04  0.12520459305056E-02
 -0.74264024634893E-04 -0.31328569297109E-05  0.12567536885815E-02
  0.13393207792425E-04  0.38660388413985E-04  0.10145751134293E-02
  0.47456530022940E-05  0.45931622433766E-04  0.10609368993819E-02
 -0.69906791317311E-04  0.17993898707499E-04  0.12510254066899E-02
 -0.34822168128844E-05  0.47801817351894E-04  0.11067268235260E-02
 -0.62821600904691E-04  0.38667645663892E-04  0.12364856559199E-02
 -0.10740097142855E-04  0.44627692045686E-04  0.11469903071495E-02
 -0.30225063595333E-04 -0.39397764431793E-04  0.12463659188788E-02
 -0.16283271167928E-04  0.39317454222875E-04  0.11799517262362E-02
 -0.19745558143343E-04  0.31674761555938E-04  0.12047681796228E-02
 -0.48744288677015E-04  0.56715332515835E-04  0.11959598608461E-02
 -0.22151259787837E-04  0.22942867476644E-04  0.12230351994989E-02
 -0.22606502900526E-04  0.12986903495181E-04  0.12364759634859E-02
 -0.46328057714948E-04  0.49177293573076E-04  0.11823105497741E-02
 -0.23124113184431E-04  0.11587770318623E-05  0.12460131936610E-02
 -0.47266731411614E-04  0.33749163804418E-04  0.11796375754633E-02
 -0.54716647712832E-04  0.53314738216992E-04  0.12160727904819E-02
  0.33615490604031E-06 -0.33485462014812E-04  0.11980831500512E-02
 -0.33198649938874E-04 -0.37770707947237E-04  0.12528395439810E-02
 -0.15918416669786E-04 -0.37565507393651E-04  0.12087127613189E-02
 -0.23252414248510E-04 -0.88272703006519E-05  0.12078781127806E-02
 -0.58574140589160E-04 -0.10665234944503E-03  0.12192013835262E-02
 -0.14678588773728E-04  0.13747419999930E-04  0.11915073339812E-02
 -0.10943832770220E-04  0.34577461296399E-04  0.11829104540684E-02
 -0.59798112176643E-04 -0.90863392026645E-04  0.12318385561880E-02
 -0.10920633967480E-04  0.49105360656747E-04  0.11859851760321E-02
 -0.59643028015879E-04 -0.73900574971523E-04  0.12427013357407E-02
 -0.14365147834452E-04  0.54949060245087E-04  0.11999731119136E-02
 -0.21114766660136E-04  0.50042957850628E-04  0.12204986723329E-02
 -0.58948768881046E-04 -0.55521797984113E-04  0.12518856423146E-02
 -0.29096880773640E-04  0.34238378455043E-04  0.12408460933481E-02
 -0.58563708641689E-04 -0.37022062324496E-04  0.12583192286031E-02
 -0.35127980338442E-04  0.12240719459592E-04  0.12550454353556E-02
 -0.38111943022279E-04 -0.98946871510209E-05  0.12613211607657E-02
 -0.57372362632050E-04 -0.17398594218486E-04  0.12605385283540E-02
 -0.54579191396137E-04 -0.12024341129265E-03  0.12030778170289E-02
 -0.34909733349246E-04 -0.28149498269467E-04  0.12262562961698E-02
 -0.43772257245837E-04 -0.39903549155171E-04  0.12403940843290E-02
 -0.47955014976910E-04 -0.13051726601887E-03  0.11797908150273E-02
  0.35741984345003E-04  0.90746243696136E-05  0.11563247337526E-02
  0.56872570982509E-04  0.20448313469929E-04  0.11056174048680E-02
  0.23415725661598E-04  0.28408761032354E-05  0.11757036167817E-02
  0.10106980773089E-04 -0.29654891704502E-05  0.11918965564893E-02
 -0.70888576140517E-05 -0.71275159260858E-04  0.95670018797701E-03
 -0.23965892829944E-05 -0.86701903972027E-05  0.12063740121123E-02
 -0.12217895677684E-04 -0.10000649057029E-03  0.99863854642135E-03
 -0.38735160805954E-04 -0.30336567008623E-04  0.12616675926847E-02
 -0.14224045757455E-04 -0.14689754878986E-04  0.12192613513436E-02
 -0.19061505639856E-04 -0.12098494309667E-03  0.10501728000681E-02
 -0.33675813857944E-04 -0.28127524912131E-04  0.12395384985908E-02
 -0.28773871687870E-04 -0.13322464311964E-03  0.11017405062244E-02
 -0.41465623683496E-04 -0.34773459663971E-04  0.12462797377557E-02
 -0.46199319236435E-04 -0.40390936881223E-04  0.12492463990840E-02
 -0.39281998063654E-04 -0.13594310492438E-03  0.11459644225205E-02
 -0.47184137424985E-04 -0.42947553654181E-04  0.12478599769893E-02
 -0.24591800449534E-04 -0.21122033190973E-04  0.12305600057670E-02
 -0.35171789032171E-04 -0.61604968269434E-04  0.12071084747055E-02
 -0.54454851630921E-04  0.39413573277778E-05  0.12576118612752E-02
 -0.39141028755904E-04 -0.68909472371150E-04  0.12530983553126E-02
 -0.56525763554970E-04 -0.38556419958479E-04  0.12323508177545E-02
  0.19009895054682E-04  0.29470301145354E-04  0.11342383151617E-02
 -0.60287974527481E-04 -0.47275697781949E-04  0.12408805515664E-02
  0.96739383558207E-05  0.25313949518724E-04  0.11651859761740E-02
  0.20528693129238E-06  0.20381257222608E-04  0.11901528505711E-02
 -0.58850630436146E-04 -0.49062929634769E-04  0.12419616402325E-02
 -0.87124943573584E-05  0.14404410575075E-04  0.12098572780783E-02
 -0.52689941993853E-04 -0.47331875868390E-04  0.12372115807734E-02
 -0.15691821603748E-04  0.65276251797289E-05  0.12251920882765E-02
 -0.21489687994061E-04 -0.24442010421391E-05  0.12369051675660E-02
 -0.42573500697092E-04 -0.44457551112735E-04  0.12291573003278E-02
 -0.26419194168231E-04 -0.12351585629848E-04  0.12457510413026E-02
 -0.30140636154655E-04 -0.41067416258977E-04  0.12193379992992E-02
 -0.30495807918065E-04 -0.22888172868309E-04  0.12516350697009E-02
 -0.32841068629008E-04 -0.31615878802006E-04  0.12542730763064E-02
  0.27953573994785E-04  0.32718612862710E-04  0.10980045305560E-02
  0.38003929060667E-04  0.31858357177992E-04  0.10592485098433E-02
 -0.47243003675890E-04 -0.21472578696976E-04  0.12166766211877E-02
  0.47819130925541E-04  0.24703397607895E-04  0.10216397703429E-02
 -0.49434194237542E-04  0.25863830381374E-04  0.12470883079591E-02
 -0.40209140823183E-04 -0.87416636091515E-04  0.12450121520672E-02
 -0.42057018567625E-04  0.44819326288898E-04  0.12294108739096E-02
 -0.40777274815367E-04 -0.10529678659328E-03  0.12338607296817E-02
 -0.40655741100680E-04 -0.12138427796619E-03  0.12189457297090E-02
 -0.34181383227952E-04  0.55565106725832E-04  0.12081413780028E-02
 -0.40287354960637E-04 -0.13479230038537E-03  0.11980422867214E-02
 -0.38723422092855E-04 -0.49665544635346E-04  0.12587274758096E-02
 -0.29112348480058E-04  0.54649412211017E-04  0.11902397232857E-02
 -0.40220212246493E-04 -0.14463696271641E-03  0.11284339784591E-02
 -0.28312558148212E-04  0.43476611494131E-04  0.11815977452631E-02
 -0.39599207404410E-04 -0.13530362370029E-03  0.10796292245089E-02
 -0.30424003298561E-04  0.24630007743007E-04  0.11849965401177E-02
 -0.38809010010009E-04 -0.11608368699579E-03  0.10270148612991E-02
 -0.37461043874564E-04 -0.87849675442546E-04  0.97979405405635E-03
 -0.36627676262666E-04  0.11158548638712E-05  0.11987217628077E-02
 -0.40278113409495E-04 -0.14408689653143E-03  0.11683704640811E-02
  0.74343518433753E-04  0.33986240073119E-04  0.11840691447678E-02
  0.40384752805102E-05  0.25862249116570E-04  0.12449348196776E-02
 -0.18219226216893E-04 -0.60081859547132E-04  0.11968119411964E-02
  0.22898799177893E-04 -0.39769418832474E-04  0.12354350331330E-02
  0.36282350270057E-04 -0.29190562581709E-04  0.12187749685334E-02
 -0.11008038569232E-03  0.58972722945062E-05  0.12369087800463E-02
  0.47777300418912E-04 -0.10902947258183E-04  0.12006153338242E-02
 -0.10350431832572E-03  0.24314328364067E-04  0.12359059074021E-02
  0.54743291477352E-04  0.10565589696334E-04  0.11870176584138E-02
  0.57814939109039E-04  0.29918707666657E-04  0.11830924226958E-02
 -0.95514924124815E-04  0.41372738245657E-04  0.12233402571270E-02
  0.57804913323400E-04  0.44193653780944E-04  0.11911771916469E-02
 -0.88121386366671E-04  0.51716739499783E-04  0.12024949962247E-02
  0.54655087773986E-04  0.48285793026267E-04  0.12084513619454E-02
  0.47579352278660E-04  0.37968991106687E-04  0.12284093985087E-02
 -0.83914533195082E-04  0.51342866180482E-04  0.11801687621988E-02
  0.40855462445789E-04  0.17355187942409E-04  0.12430752511975E-02
 -0.82643609061712E-04  0.40440133478534E-04  0.11645831960627E-02
 -0.11434339969462E-03 -0.11757967352533E-04  0.12287344092022E-02
  0.36840800517013E-04 -0.67382306787312E-05  0.12468124730362E-02
  0.10778876871244E-04 -0.40710053899246E-04  0.12458315521961E-02
 -0.18341644127899E-06 -0.34121971154474E-04  0.12491457229635E-02
 -0.63543731273400E-04  0.62095524022220E-04  0.11094880296633E-02
  0.33530086665171E-04 -0.63162106192083E-04  0.11785856150434E-02
 -0.65336137564092E-04  0.55758514014972E-04  0.11473024328151E-02
 -0.52235128932620E-04 -0.82745723330749E-04  0.11747225437109E-02
 -0.62235090369264E-04  0.46495613189514E-04  0.11752468953405E-02
 -0.55906345560073E-04  0.35785171261112E-04  0.11950003467778E-02
  0.46911985221343E-04  0.15283328164672E-04  0.11329008260342E-02
 -0.47600282794329E-04  0.24909354589676E-04  0.12099130873064E-02
 -0.86929255011289E-04 -0.64092478461559E-04  0.11849337872944E-02
 -0.39219360213175E-04  0.13598580661721E-04  0.12217894181708E-02
 -0.29525891547604E-04  0.16754789865396E-05  0.12321224055732E-02
 -0.10011277830842E-03 -0.53465476505363E-04  0.11927710869198E-02
 -0.19219297095671E-04 -0.10782747472336E-04  0.12407389819648E-02
 -0.10912850345084E-03 -0.40681382298409E-04  0.12036275539257E-02
 -0.98005046853560E-05 -0.23089669125162E-04  0.12467346435475E-02
 -0.11472278935586E-03 -0.27328220157305E-04  0.12164074869786E-02
  0.34799657453665E-04 -0.30402692922521E-04  0.12415063321170E-02
 -0.83371186340862E-04  0.21807991505463E-04  0.11600462214947E-02
  0.32535376847872E-04 -0.53235285207316E-04  0.12316981883075E-02
 -0.11725359506118E-05 -0.94170127524618E-04  0.11777607207760E-02
 -0.31174161356048E-04 -0.96615854888539E-05  0.12230341821460E-02
 -0.16499657655559E-04 -0.21784064966610E-04  0.12323945232491E-02
  0.15269423609369E-04 -0.88169984660240E-04  0.11776551352687E-02
 -0.15378879189263E-05 -0.33300067654694E-04  0.12392703027446E-02
 -0.74301762416393E-04 -0.53115354015395E-04  0.11779867477973E-02
  0.13196694476252E-04 -0.42224197112690E-04  0.12417612407568E-02
  0.27585588717601E-04 -0.45880478408822E-04  0.12367488321602E-02
 -0.91281401796284E-04 -0.43161085777300E-04  0.11794424187944E-02
  0.42683812279242E-04 -0.40180961011124E-04  0.12234695850984E-02
 -0.10537691876825E-03 -0.32026810830477E-04  0.11850099290426E-02
  0.56412725380076E-04 -0.25143616123852E-04  0.12055023593709E-02
  0.65947995257681E-04 -0.48104791460450E-05  0.11892534256748E-02
 -0.11709798799952E-03 -0.20635683556055E-04  0.11944374156482E-02
  0.71544569907456E-04  0.16350688574912E-04  0.11809392473173E-02
 -0.46331431379813E-04  0.20193403753678E-05  0.12124140816840E-02
 -0.18558903859154E-04 -0.97788192382943E-04  0.11814125559746E-02
 -0.59674453390666E-04  0.13443438535732E-04  0.12017733466174E-02
 -0.70594007161677E-04  0.24868567025442E-04  0.11915093731419E-02
 -0.85821661041178E-04 -0.27273010721188E-05  0.11666777863984E-02
  0.29917879665360E-04 -0.74243029888089E-04  0.12205725487470E-02
  0.26413659588277E-04 -0.92320541088757E-04  0.12095529721862E-02
 -0.89597839335027E-04 -0.30450724878486E-04  0.11801702172657E-02
  0.19675809100599E-04 -0.10684237701125E-03  0.11999608072432E-02
 -0.89440703343129E-04 -0.55564860692878E-04  0.11933111749258E-02
  0.83890764879909E-05 -0.11786577365048E-03  0.11921150037900E-02
 -0.59142796844051E-04  0.61581168260564E-04  0.10632369614918E-02
 -0.53789311506999E-05 -0.12556627510249E-03  0.11850524432326E-02
 -0.90460540402615E-04  0.61125300592396E-04  0.11043736181670E-02
 -0.69823650314315E-04 -0.86382072997982E-04  0.11989910641236E-02
 -0.91787915566665E-04  0.55762348886650E-04  0.11391790906505E-02
 -0.87803037883584E-04  0.46518034805106E-04  0.11637911501558E-02
 -0.53636730407760E-04 -0.94194478961296E-04  0.11937125183703E-02
 -0.80469515738426E-04  0.35653945191983E-04  0.11797365453555E-02
 -0.36320456227233E-04 -0.97919686273974E-04  0.11872173122108E-02
 -0.82517893706894E-04 -0.73964650894621E-04  0.11998311462210E-02
  0.17178990226639E-04 -0.71116956122066E-04  0.11775303804423E-02
 -0.53521270586210E-04  0.51983243966498E-04  0.10145623589366E-02
 -0.52638440532355E-06 -0.76768714364551E-04  0.11806370447858E-02
 -0.16483484967112E-04  0.39389437381804E-04  0.98276342542750E-03
 -0.78628051957492E-04 -0.84501600521160E-04  0.11927010126452E-02
 -0.23192199953341E-04  0.52384710345231E-04  0.10303486031878E-02
 -0.29990295388301E-04  0.58374938098899E-04  0.10804810714271E-02
 -0.89691864012554E-04 -0.73193076013349E-04  0.12027101639167E-02
 -0.36244935967085E-04  0.57560652046274E-04  0.11261206051099E-02
 -0.96325010969696E-04 -0.59703131201223E-04  0.12141661924706E-02
 -0.38826565772058E-04  0.51128901155072E-04  0.11634634407432E-02
 -0.38174839888556E-04  0.41904558212964E-04  0.11913966245298E-02
 -0.98789221314101E-04 -0.43815013481926E-04  0.12265674454480E-02
 -0.35313347130316E-04  0.32138717410478E-04  0.12119770070069E-02
 -0.98270020016269E-04 -0.27004050117372E-04  0.12387217499497E-02
 -0.30768390682810E-04  0.21736190939545E-04  0.12268030338398E-02
 -0.26409711766799E-04  0.10013730322953E-04  0.12379121258422E-02
 -0.94846538788510E-04 -0.89286097826815E-05  0.12475551995865E-02
 -0.65422535858671E-04 -0.94697090796249E-04  0.11824526539103E-02
 -0.10871331353609E-04  0.18556477576567E-04  0.94595737945118E-03
 -0.72391212458334E-05 -0.92750373640878E-05  0.92781809342434E-03
 -0.48387247839973E-04 -0.10315026099467E-03  0.11691708794618E-02
 -0.13576163884699E-05 -0.18769642032186E-04  0.12585988602482E-02
  0.14113353272640E-06 -0.56589121601375E-04  0.11881085345663E-02
 -0.94456038666867E-06 -0.40114754902486E-04  0.12562287559683E-02
 -0.16005035490871E-06 -0.60738044313234E-04  0.12507559900875E-02
  0.18366735615154E-04 -0.51220218867984E-04  0.11821954296940E-02
 -0.74439313161789E-06 -0.81603227078246E-04  0.12431357446284E-02
  0.35146364280538E-04 -0.43627317581911E-04  0.11789359357306E-02
 -0.22306142630116E-04 -0.26138565195536E-05  0.12458446148146E-02
 -0.25221304974165E-05 -0.10119825929689E-03  0.12338899300219E-02
  0.49026846303339E-04 -0.33847165257058E-04  0.11781073927905E-02
 -0.11500125669404E-04 -0.13325969386624E-03  0.12087221275589E-02
 -0.40741389873904E-05 -0.10874609044580E-03  0.11192403688088E-02
 -0.21403435858126E-04 -0.14369514277174E-03  0.11920518137010E-02
 -0.34584862210367E-04 -0.14851540850265E-03  0.11705009479167E-02
 -0.27535771357047E-04 -0.10853853987785E-03  0.11488865018590E-02
 -0.49229469335811E-04 -0.14597122515212E-03  0.11426803174604E-02
 -0.53065805821335E-05 -0.11836637127697E-03  0.12226751248192E-02
 -0.21300700937633E-06  0.37602024449089E-05  0.12557908081425E-02
 -0.89863538886885E-04  0.10662976813582E-04  0.12492610920693E-02
 -0.12320859191177E-04 -0.27444783444454E-04  0.12538174601119E-02
 -0.80336581444065E-04 -0.52477499801492E-04  0.12152284821466E-02
  0.17201282663983E-04 -0.35335912363340E-04  0.12499954865853E-02
 -0.75884489044334E-04 -0.65763835931249E-04  0.12179609143030E-02
  0.17080400297724E-04 -0.57060714111701E-04  0.12421508694721E-02
  0.15910191610701E-04 -0.78402693806085E-04  0.12327450746002E-02
 -0.66102010725452E-04 -0.73652655129982E-04  0.12138826993048E-02
  0.13823139034950E-04 -0.97803300621214E-04  0.12229918090659E-02
 -0.52818820021449E-04 -0.78287569209995E-04  0.12055994618947E-02
  0.93459065304098E-05 -0.11440578395324E-03  0.12126657981341E-02
  0.38442938117140E-06 -0.12793344908827E-03  0.12019418577244E-02
 -0.36977043386277E-04 -0.80597594808515E-04  0.11958734374158E-02
 -0.12149099759237E-04 -0.13670023733498E-03  0.11903198730217E-02
 -0.19210687043591E-04 -0.80015432475121E-04  0.11870593208417E-02
 -0.27764142053662E-04 -0.14057750337800E-03  0.11773348087210E-02
 -0.47625949785483E-04  0.34144869225121E-04  0.97127581255133E-03
  0.17238802376685E-04 -0.12733789851163E-04  0.12541062419492E-02
  0.19419546464981E-04  0.10828995822473E-04  0.12511214569622E-02
 -0.78369123583086E-04 -0.32230481025923E-04  0.12041155945891E-02
  0.25579735284016E-04  0.32421422671308E-04  0.12381866302468E-02
 -0.83233072674279E-04  0.31275987394604E-04  0.12404246181733E-02
 -0.64864651172473E-05 -0.36715978221907E-04  0.12519462522204E-02
 -0.75471223185736E-04  0.48175094063285E-04  0.12225715040277E-02
  0.25718894200871E-05 -0.39577017296703E-04  0.12443743244753E-02
  0.14471961353048E-04 -0.33393322025129E-04  0.12300479410666E-02
 -0.68949979599482E-04  0.55584767439173E-04  0.12008000529091E-02
  0.26909560065860E-04 -0.18596451203200E-04  0.12116161501396E-02
 -0.17078879807392E-04 -0.15489215868907E-04  0.12513448525407E-02
 -0.65362010912395E-04  0.52054239071286E-04  0.11826285997822E-02
  0.40573558115717E-04  0.23162002429361E-04  0.11837644517606E-02
 -0.64850327931978E-04  0.38775447303624E-04  0.11737295010207E-02
  0.41441550381550E-04  0.39694995411839E-04  0.11850136470810E-02
 -0.67057714349456E-04  0.18260921064392E-04  0.11766093373893E-02
  0.39356258102020E-04  0.48784727706565E-04  0.11979416802526E-02
  0.33732466670476E-04  0.46885627372935E-04  0.12179795382507E-02
 -0.71932027716272E-04 -0.70819859260306E-05  0.11888694287825E-02
  0.36065425423828E-04  0.21764453747903E-05  0.11940330152443E-02
  0.29533585069674E-04 -0.24769258126683E-04  0.94400976420772E-03
